Workbook

Sheet 115+740
B1: 1 | C1: =+B1+1 -> 2 | D1: =+C1+1 -> 3 | E1: =+D1+1 -> 4 | F1: =+E1+1 -> 5 | G1: =+F1+1 -> 6 | H1: =+G1+1 -> 7 | I1: =+H1+1 -> 8 | J1: =+I1+1 -> 9 | ... W1: =+V1+1 -> 22 | Y1: =+W1+1 -> 23 | Z1: =+Y1+1 -> 24 | AA1: =+Z1+1 -> 25 | AB1: =+AA1+1 -> 26
A2: DỰ ÁN THÀNH PHẦN ĐOẠN HẬU GIANG - CÀ MAU
A3: THUỘC DỰ ÁN XÂY DỰNG CÔNG TRÌNH ĐƯỜNG BỘ CAO TỐC BẮC - NAM PHÍA ĐÔNG GIAI ĐOẠN 2021 - 2025
A4: =UPPER("GÓI THẦU XL03 :Thi Công Xây Dựng Đoạn Tuyến Km114+200 - Km126+223 Bao Gồm Tuyến Nối Nút Giao IC12 Với QL1 (bao gồm khảo sát, thiết kế BVTC)") -> GÓI THẦU XL03 :THI CÔNG XÂY DỰNG ĐOẠN TUYẾN KM114+200 - KM126+223 BAO GỒM TUYẾN NỐI NÚT GIAO IC12 VỚI QL1 (BAO GỒM KHẢO SÁT, THIẾT KẾ BVTC)
A5: CHỦ ĐẦU TƯ | I5: TƯ VẤN GIÁM SÁT | S5: NHÀ THẦU
A6: BAN QUẢN LÝ DỰ ÁN MỸ THUẬN | I6: =UPPER("Liên danh Phân viện KHCN GTVT phía Nam - Công ty Cổ phần Tư vấn kỹ thuật và xây dựng Hồng Hà") -> LIÊN DANH PHÂN VIỆN KHCN GTVT PHÍA NAM - CÔNG TY CỔ PHẦN TƯ VẤN KỸ THUẬT VÀ XÂY DỰNG HỒNG HÀ | S6: LIÊN DANH CC1 - HẢI ĐĂNG - VẠN CƯỜNG - 492 - BẮC TRUNG NAM
A7: BIỂU GHI ĐO QUAN TRẮC LÚN
A8: Người lập: | K8: Tên mốc:
A9: Thời tiết: | C9: Nắng | K9: Cao độ mốc: | M9: =C14 -> 1069
A10: Lý trình: | C10: Km115+740 | K10: Ngày đặt bàn: | M10: =B14 -> 45072
A12: Stt | B12: Ngày quan trắc | C12: Cao độ mốc (mm) | D12: Số đọc tại mốc (mm) | E12: Số đọc mia (mm) | H12: Cao độ quan trắc (mm) | K12: Chiều dài cần nối (mm) | N12: Cao độ bàn đo lún (mm) | Q12: Tốc độ lún (mm) | T12: Số đọc mia tại nền đắp tại tâm (mm) | U12: Cao độ nền đắp (mm) | X12: Chiều dày lớp đắp (m) | Y12: Đội quan trắc | Z12: Nhà thầu | AA12: Tư Vấn Giám Sát | AB12: Ghi chú
E13: Trái | F13: Giữa | G13: Phải | H13: Trái | I13: Giữa | J13: Phải | K13: Trái | L13: Giữa | M13: Phải | N13: Trái | O13: Giữa | P13: Phải | Q13: Trái | R13: Giữa | S13: Phải | U13: Trái | V13: Giữa | W13: Phải
A14: 0 | B14: 45072 | C14: 1069 | D14: 1620 | E14: =C14+D14-H14 -> 649 | F14: =C14+D14-I14 -> 699 | G14: =D14+C14-J14 -> 729 | H14: =K14+N14 -> 2040 | I14: =L14+O14 -> 1990 | J14: =M14+P14 -> 1960 | K14: 2000 | L14: 2000 | M14: 2000 | N14: 40 | O14: -10 | P14: -40 | Q14: =RANDBETWEEN(0,0) -> 0 | R14: =RANDBETWEEN(0,0) -> 0 | S14: =RANDBETWEEN(0,0) -> 0 | T14: =D14+C14-V14 -> 2699 | U14: =N14 -> 40 | V14: =O14 -> -10 | W14: =P14 -> -40 | AB14: Lắp đặt ban đầu
A15: 1 | B15: =B14+1 -> 45073 | C15: =C14 -> 1069 | D15: =D14-2 -> 1618 | E15: =C15+D15-H15 -> 647 | F15: =C15+D15-I15 -> 697 | G15: =D15+C15-J15 -> 727 | H15: =K15+N15 -> 2040 | I15: =L15+O15 -> 1990 | J15: =M15+P15 -> 1960 | K15: =K14 -> 2000 | L15: =L14 -> 2000 | M15: =M14 -> 2000 | N15: =N14-Q15 -> 40 | O15: =O14-R15 -> -10 | P15: =P14-S15 -> -40 | Q15: =RANDBETWEEN(0,0) -> 0 | R15: =RANDBETWEEN(0,0) -> 0 | S15: =RANDBETWEEN(0,0) -> 0 | T15: =D15+C15-V15 -> 2697 | U15: =U14+$X15*1000-Q15 -> 40 | V15: =V14+$X15*1000-R15 -> -10 | W15: =W14+$X15*1000-S15 -> -40
A16: 2 | B16: =B15+1 -> 45074 | C16: =C15 -> 1069 | D16: =D15-2 -> 1616 | E16: =C16+D16-H16 -> 645 | F16: =C16+D16-I16 -> 695 | G16: =D16+C16-J16 -> 725 | H16: =K16+N16 -> 2040 | I16: =L16+O16 -> 1990 | J16: =M16+P16 -> 1960 | K16: =K15 -> 2000 | L16: =L15 -> 2000 | M16: =M15 -> 2000 | N16: =N15-Q16 -> 40 | O16: =O15-R16 -> -10 | P16: =P15-S16 -> -40 | Q16: =RANDBETWEEN(0,0) -> 0 | R16: =RANDBETWEEN(0,0) -> 0 | S16: =RANDBETWEEN(0,0) -> 0 | T16: =D16+C16-V16 -> 2695 | U16: =U15+$X16*1000-Q16 -> 40 | V16: =V15+$X16*1000-R16 -> -10 | W16: =W15+$X16*1000-S16 -> -40
A17: 3 | B17: =B16+1 -> 45075 | C17: =C16 -> 1069 | D17: =D16-2 -> 1614 | E17: =C17+D17-H17 -> 643 | F17: =C17+D17-I17 -> 693 | G17: =D17+C17-J17 -> 723 | H17: =K17+N17 -> 2040 | I17: =L17+O17 -> 1990 | J17: =M17+P17 -> 1960 | K17: =K16 -> 2000 | L17: =L16 -> 2000 | M17: =M16 -> 2000 | N17: =N16-Q17 -> 40 | O17: =O16-R17 -> -10 | P17: =P16-S17 -> -40 | Q17: =RANDBETWEEN(0,0) -> 0 | R17: =RANDBETWEEN(0,0) -> 0 | S17: =RANDBETWEEN(0,0) -> 0 | T17: =D17+C17-V17 -> 2693 | U17: =U16+$X17*1000-Q17 -> 40 | V17: =V16+$X17*1000-R17 -> -10 | W17: =W16+$X17*1000-S17 -> -40
A18: 4 | B18: =B17+1 -> 45076 | C18: =C17 -> 1069 | D18: =D17-2 -> 1612 | E18: =C18+D18-H18 -> 641 | F18: =C18+D18-I18 -> 691 | G18: =D18+C18-J18 -> 721 | H18: =K18+N18 -> 2040 | I18: =L18+O18 -> 1990 | J18: =M18+P18 -> 1960 | K18: =K17 -> 2000 | L18: =L17 -> 2000 | M18: =M17 -> 2000 | N18: =N17-Q18 -> 40 | O18: =O17-R18 -> -10 | P18: =P17-S18 -> -40 | Q18: =RANDBETWEEN(0,0) -> 0 | R18: =RANDBETWEEN(0,0) -> 0 | S18: =RANDBETWEEN(0,0) -> 0 | T18: =D18+C18-V18 -> 2691 | U18: =U17+$X18*1000-Q18 -> 40 | V18: =V17+$X18*1000-R18 -> -10 | W18: =W17+$X18*1000-S18 -> -40
A19: 5 | B19: =B18+1 -> 45077 | C19: =C18 -> 1069 | D19: =D18-2 -> 1610 | E19: =C19+D19-H19 -> 639 | F19: =C19+D19-I19 -> 689 | G19: =D19+C19-J19 -> 719 | H19: =K19+N19 -> 2040 | I19: =L19+O19 -> 1990 | J19: =M19+P19 -> 1960 | K19: =K18 -> 2000 | L19: =L18 -> 2000 | M19: =M18 -> 2000 | N19: =N18-Q19 -> 40 | O19: =O18-R19 -> -10 | P19: =P18-S19 -> -40 | Q19: =RANDBETWEEN(0,0) -> 0 | R19: =RANDBETWEEN(0,0) -> 0 | S19: =RANDBETWEEN(0,0) -> 0 | T19: =D19+C19-V19 -> 2689 | U19: =U18+$X19*1000-Q19 -> 40 | V19: =V18+$X19*1000-R19 -> -10 | W19: =W18+$X19*1000-S19 -> -40
A20: 6 | B20: =B19+1 -> 45078 | C20: =C19 -> 1069 | D20: =D19-2 -> 1608 | E20: =C20+D20-H20 -> 637 | F20: =C20+D20-I20 -> 687 | G20: =D20+C20-J20 -> 717 | H20: =K20+N20 -> 2040 | I20: =L20+O20 -> 1990 | J20: =M20+P20 -> 1960 | K20: =K19 -> 2000 | L20: =L19 -> 2000 | M20: =M19 -> 2000 | N20: =N19-Q20 -> 40 | O20: =O19-R20 -> -10 | P20: =P19-S20 -> -40 | Q20: =RANDBETWEEN(0,0) -> 0 | R20: =RANDBETWEEN(0,0) -> 0 | S20: =RANDBETWEEN(0,0) -> 0 | T20: =D20+C20-V20 -> 2687 | U20: =U19+$X20*1000-Q20 -> 40 | V20: =V19+$X20*1000-R20 -> -10 | W20: =W19+$X20*1000-S20 -> -40
A21: 7 | B21: =B20+1 -> 45079 | C21: =C20 -> 1069 | D21: =D20-2 -> 1606 | E21: =C21+D21-H21 -> 635 | F21: =C21+D21-I21 -> 685 | G21: =D21+C21-J21 -> 715 | H21: =K21+N21 -> 2040 | I21: =L21+O21 -> 1990 | J21: =M21+P21 -> 1960 | K21: =K20 -> 2000 | L21: =L20 -> 2000 | M21: =M20 -> 2000 | N21: =N20-Q21 -> 40 | O21: =O20-R21 -> -10 | P21: =P20-S21 -> -40 | Q21: =RANDBETWEEN(0,0) -> 0 | R21: =RANDBETWEEN(0,0) -> 0 | S21: =RANDBETWEEN(0,0) -> 0 | T21: =D21+C21-V21 -> 2685 | U21: =U20+$X21*1000-Q21 -> 40 | V21: =V20+$X21*1000-R21 -> -10 | W21: =W20+$X21*1000-S21 -> -40
A22: 8 | B22: =B21+1 -> 45080 | C22: =C21 -> 1069 | D22: =D21-2 -> 1604 | E22: =C22+D22-H22 -> 633 | F22: =C22+D22-I22 -> 683 | G22: =D22+C22-J22 -> 713 | H22: =K22+N22 -> 2040 | I22: =L22+O22 -> 1990 | J22: =M22+P22 -> 1960 | K22: =K21 -> 2000 | L22: =L21 -> 2000 | M22: =M21 -> 2000 | N22: =N21-Q22 -> 40 | O22: =O21-R22 -> -10 | P22: =P21-S22 -> -40 | Q22: =RANDBETWEEN(0,0) -> 0 | R22: =RANDBETWEEN(0,0) -> 0 | S22: =RANDBETWEEN(0,0) -> 0 | T22: =D22+C22-V22 -> 2683 | U22: =U21+$X22*1000-Q22 -> 40 | V22: =V21+$X22*1000-R22 -> -10 | W22: =W21+$X22*1000-S22 -> -40
A23: 9 | B23: =B22+1 -> 45081 | C23: =C22 -> 1069 | D23: =D22-2 -> 1602 | E23: =C23+D23-H23 -> 631 | F23: =C23+D23-I23 -> 681 | G23: =D23+C23-J23 -> 711 | H23: =K23+N23 -> 2040 | I23: =L23+O23 -> 1990 | J23: =M23+P23 -> 1960 | K23: =K22 -> 2000 | L23: =L22 -> 2000 | M23: =M22 -> 2000 | N23: =N22-Q23 -> 40 | O23: =O22-R23 -> -10 | P23: =P22-S23 -> -40 | Q23: =RANDBETWEEN(0,0) -> 0 | R23: =RANDBETWEEN(0,0) -> 0 | S23: =RANDBETWEEN(0,0) -> 0 | T23: =D23+C23-V23 -> 2681 | U23: =U22+$X23*1000-Q23 -> 40 | V23: =V22+$X23*1000-R23 -> -10 | W23: =W22+$X23*1000-S23 -> -40
A24: 10 | B24: =B23+1 -> 45082 | C24: =C23 -> 1069 | D24: =D23-2 -> 1600 | E24: =C24+D24-H24 -> 629 | F24: =C24+D24-I24 -> 679 | G24: =D24+C24-J24 -> 709 | H24: =K24+N24 -> 2040 | I24: =L24+O24 -> 1990 | J24: =M24+P24 -> 1960 | K24: =K23 -> 2000 | L24: =L23 -> 2000 | M24: =M23 -> 2000 | N24: =N23-Q24 -> 40 | O24: =O23-R24 -> -10 | P24: =P23-S24 -> -40 | Q24: =RANDBETWEEN(0,0) -> 0 | R24: =RANDBETWEEN(0,0) -> 0 | S24: =RANDBETWEEN(0,0) -> 0 | T24: =D24+C24-V24 -> 2679 | U24: =U23+$X24*1000-Q24 -> 40 | V24: =V23+$X24*1000-R24 -> -10 | W24: =W23+$X24*1000-S24 -> -40
A25: 11 | B25: =B24+1 -> 45083 | C25: =C24 -> 1069 | D25: =D24-2 -> 1598 | E25: =C25+D25-H25 -> 627 | F25: =C25+D25-I25 -> 677 | G25: =D25+C25-J25 -> 707 | H25: =K25+N25 -> 2040 | I25: =L25+O25 -> 1990 | J25: =M25+P25 -> 1960 | K25: =K24 -> 2000 | L25: =L24 -> 2000 | M25: =M24 -> 2000 | N25: =N24-Q25 -> 40 | O25: =O24-R25 -> -10 | P25: =P24-S25 -> -40 | Q25: =RANDBETWEEN(0,0) -> 0 | R25: =RANDBETWEEN(0,0) -> 0 | S25: =RANDBETWEEN(0,0) -> 0 | T25: =D25+C25-V25 -> 2677 | U25: =U24+$X25*1000-Q25 -> 40 | V25: =V24+$X25*1000-R25 -> -10 | W25: =W24+$X25*1000-S25 -> -40
A26: 12 | B26: =B25+1 -> 45084 | C26: =C25 -> 1069 | D26: =D25-2 -> 1596 | E26: =C26+D26-H26 -> 625 | F26: =C26+D26-I26 -> 675 | G26: =D26+C26-J26 -> 705 | H26: =K26+N26 -> 2040 | I26: =L26+O26 -> 1990 | J26: =M26+P26 -> 1960 | K26: =K25 -> 2000 | L26: =L25 -> 2000 | M26: =M25 -> 2000 | N26: =N25-Q26 -> 40 | O26: =O25-R26 -> -10 | P26: =P25-S26 -> -40 | Q26: =RANDBETWEEN(0,0) -> 0 | R26: =RANDBETWEEN(0,0) -> 0 | S26: =RANDBETWEEN(0,0) -> 0 | T26: =D26+C26-V26 -> 2675 | U26: =U25+$X26*1000-Q26 -> 40 | V26: =V25+$X26*1000-R26 -> -10 | W26: =W25+$X26*1000-S26 -> -40
A27: 13 | B27: =B26+1 -> 45085 | C27: =C26 -> 1069 | D27: =D26-2 -> 1594 | E27: =C27+D27-H27 -> 630 | F27: =C27+D27-I27 -> 680 | G27: =D27+C27-J27 -> 712 | H27: =K27+N27 -> 2033 | I27: =L27+O27 -> 1983 | J27: =M27+P27 -> 1951 | K27: =K26 -> 2000 | L27: =L26 -> 2000 | M27: =M26 -> 2000 | N27: =N26-Q27 -> 33 | O27: =O26-R27 -> -17 | P27: =P26-S27 -> -49 | Q27: 7 | R27: 7 | S27: 9 | T27: =D27+C27-V27 -> 2570 | U27: =U26+0.06*1000-Q27 -> 93 | V27: =V26+$X27*1000-R27 -> 93 | W27: =W26+0.14*1000-S27 -> 91 | X27: 0.11 | Y27: 100 | Z27: 100 | AA27: 100 | AB27: 9
A28: 14 | B28: =B27+1 -> 45086 | C28: =C27 -> 1069 | D28: =D27-2 -> 1592 | E28: =C28+D28-H28 -> 634 | F28: =C28+D28-I28 -> 682 | G28: =D28+C28-J28 -> 716 | H28: =K28+N28 -> 2027 | I28: =L28+O28 -> 1979 | J28: =M28+P28 -> 1945 | K28: =K27 -> 2000 | L28: =L27 -> 2000 | M28: =M27 -> 2000 | N28: =N27-Q28 -> 27 | O28: =O27-R28 -> -21 | P28: =P27-S28 -> -55 | Q28: 6 | R28: 4 | S28: 6 | T28: =D28+C28-V28 -> 2572 | U28: =U27+$X28*1000-Q28 -> 87 | V28: =V27+$X28*1000-R28 -> 89 | W28: =W27+$X28*1000-S28 -> 85
A29: 15 | B29: =B28+1 -> 45087 | C29: =C28 -> 1069 | D29: =D28-2 -> 1590 | E29: =C29+D29-H29 -> 635 | F29: =C29+D29-I29 -> 682 | G29: =D29+C29-J29 -> 718 | H29: =K29+N29 -> 2024 | I29: =L29+O29 -> 1977 | J29: =M29+P29 -> 1941 | K29: =K28 -> 2000 | L29: =L28 -> 2000 | M29: =M28 -> 2000 | N29: =N28-Q29 -> 24 | O29: =O28-R29 -> -23 | P29: =P28-S29 -> -59 | Q29: 3 | R29: 2 | S29: 4 | T29: =D29+C29-V29 -> 2572 | U29: =U28+$X29*1000-Q29 -> 84 | V29: =V28+$X29*1000-R29 -> 87 | W29: =W28+$X29*1000-S29 -> 81
A30: 16 | B30: =B29+1 -> 45088 | C30: =C29 -> 1069 | D30: =D29-2 -> 1588 | E30: =C30+D30-H30 -> 633 | F30: =C30+D30-I30 -> 681 | G30: =D30+C30-J30 -> 716 | H30: =K30+N30 -> 2024 | I30: =L30+O30 -> 1976 | J30: =M30+P30 -> 1941 | K30: =K29 -> 2000 | L30: =L29 -> 2000 | M30: =M29 -> 2000 | N30: =N29-Q30 -> 24 | O30: =O29-R30 -> -24 | P30: =P29-S30 -> -59 | Q30: 0 | R30: 1 | S30: 0 | T30: =D30+C30-V30 -> 2571 | U30: =U29+$X30*1000-Q30 -> 84 | V30: =V29+$X30*1000-R30 -> 86 | W30: =W29+$X30*1000-S30 -> 81
A31: 17 | B31: =B30+1 -> 45089 | C31: =C30 -> 1069 | D31: =D30-2 -> 1586 | E31: =C31+D31-H31 -> 639 | F31: =C31+D31-I31 -> 685 | G31: =D31+C31-J31 -> 721 | H31: =K31+N31 -> 2016 | I31: =L31+O31 -> 1970 | J31: =M31+P31 -> 1934 | K31: =K30 -> 2000 | L31: =L30 -> 2000 | M31: =M30 -> 2000 | N31: =N30-Q31 -> 16 | O31: =O30-R31 -> -30 | P31: =P30-S31 -> -66 | Q31: 8 | R31: 6 | S31: 7 | T31: =D31+C31-V31 -> 2275 | U31: =U30+$X31*1000-Q31 -> 376 | V31: =V30+$X31*1000-R31 -> 380 | W31: =W30+$X31*1000-S31 -> 374 | X31: 0.3 | AB31: 8
A32: 18 | B32: =B31+1 -> 45090 | C32: =C31 -> 1069 | D32: =D31-2 -> 1584 | E32: =C32+D32-H32 -> 646 | F32: =C32+D32-I32 -> 690 | G32: =D32+C32-J32 -> 725 | H32: =K32+N32 -> 2007 | I32: =L32+O32 -> 1963 | J32: =M32+P32 -> 1928 | K32: =K31 -> 2000 | L32: =L31 -> 2000 | M32: =M31 -> 2000 | N32: =N31-Q32 -> 7 | O32: =O31-R32 -> -37 | P32: =P31-S32 -> -72 | Q32: 9 | R32: 7 | S32: 6 | T32: =D32+C32-V32 -> 2280 | U32: =U31+$X32*1000-Q32 -> 367 | V32: =V31+$X32*1000-R32 -> 373 | W32: =W31+$X32*1000-S32 -> 368
A33: 19 | B33: =B32+1 -> 45091 | C33: =C32 -> 1069 | D33: =D32-2 -> 1582 | E33: =C33+D33-H33 -> 651 | F33: =C33+D33-I33 -> 697 | G33: =D33+C33-J33 -> 730 | H33: =K33+N33 -> 2000 | I33: =L33+O33 -> 1954 | J33: =M33+P33 -> 1921 | K33: =K32 -> 2000 | L33: =L32 -> 2000 | M33: =M32 -> 2000 | N33: =N32-Q33 -> 0 | O33: =O32-R33 -> -46 | P33: =P32-S33 -> -79 | Q33: 7 | R33: 9 | S33: 7 | T33: =D33+C33-V33 -> 2287 | U33: =U32+$X33*1000-Q33 -> 360 | V33: =V32+$X33*1000-R33 -> 364 | W33: =W32+$X33*1000-S33 -> 361
A34: 20 | B34: =B33+1 -> 45092 | C34: =C33 -> 1069 | D34: =D33-2 -> 1580 | E34: =C34+D34-H34 -> 658 | F34: =C34+D34-I34 -> 703 | G34: =D34+C34-J34 -> 736 | H34: =K34+N34 -> 1991 | I34: =L34+O34 -> 1946 | J34: =M34+P34 -> 1913 | K34: =K33 -> 2000 | L34: =L33 -> 2000 | M34: =M33 -> 2000 | N34: =N33-Q34 -> -9 | O34: =O33-R34 -> -54 | P34: =P33-S34 -> -87 | Q34: 9 | R34: 8 | S34: 8 | T34: =D34+C34-V34 -> 2293 | U34: =U33+$X34*1000-Q34 -> 351 | V34: =V33+$X34*1000-R34 -> 356 | W34: =W33+$X34*1000-S34 -> 353
A35: 21 | B35: =B34+1 -> 45093 | C35: =C34 -> 1069 | D35: =D34-2 -> 1578 | E35: =C35+D35-H35 -> 665 | F35: =C35+D35-I35 -> 709 | G35: =D35+C35-J35 -> 743 | H35: =K35+N35 -> 1982 | I35: =L35+O35 -> 1938 | J35: =M35+P35 -> 1904 | K35: =K34 -> 2000 | L35: =L34 -> 2000 | M35: =M34 -> 2000 | N35: =N34-Q35 -> -18 | O35: =O34-R35 -> -62 | P35: =P34-S35 -> -96 | Q35: 9 | R35: 8 | S35: 9 | T35: =D35+C35-V35 -> 1999 | U35: =U34+$X35*1000-Q35 -> 642 | V35: =V34+$X35*1000-R35 -> 648 | W35: =W34+$X35*1000-S35 -> 644 | X35: 0.3 | AB35: 7
A36: 22 | B36: =B35+1 -> 45094 | C36: =C35 -> 1069 | D36: =D35-2 -> 1576 | E36: =C36+D36-H36 -> 665 | F36: =C36+D36-I36 -> 712 | G36: =D36+C36-J36 -> 743 | H36: =K36+N36 -> 1980 | I36: =L36+O36 -> 1933 | J36: =M36+P36 -> 1902 | K36: =K35 -> 2000 | L36: =L35 -> 2000 | M36: =M35 -> 2000 | N36: =N35-Q36 -> -20 | O36: =O35-R36 -> -67 | P36: =P35-S36 -> -98 | Q36: 2 | R36: 5 | S36: 2 | T36: =D36+C36-V36 -> 2002 | U36: =U35+$X36*1000-Q36 -> 640 | V36: =V35+$X36*1000-R36 -> 643 | W36: =W35+$X36*1000-S36 -> 642
A37: 23 | B37: =B36+1 -> 45095 | C37: =C36 -> 1069 | D37: =D36-2 -> 1574 | E37: =C37+D37-H37 -> 667 | F37: =C37+D37-I37 -> 715 | G37: =D37+C37-J37 -> 743 | H37: =K37+N37 -> 1976 | I37: =L37+O37 -> 1928 | J37: =M37+P37 -> 1900 | K37: =K36 -> 2000 | L37: =L36 -> 2000 | M37: =M36 -> 2000 | N37: =N36-Q37 -> -24 | O37: =O36-R37 -> -72 | P37: =P36-S37 -> -100 | Q37: 4 | R37: 5 | S37: 2 | T37: =D37+C37-V37 -> 2005 | U37: =U36+$X37*1000-Q37 -> 636 | V37: =V36+$X37*1000-R37 -> 638 | W37: =W36+$X37*1000-S37 -> 640
A38: 24 | B38: =B37+1 -> 45096 | C38: =C37 -> 1069 | D38: =D37-2 -> 1572 | E38: =C38+D38-H38 -> 669 | F38: =C38+D38-I38 -> 718 | G38: =D38+C38-J38 -> 746 | H38: =K38+N38 -> 1972 | I38: =L38+O38 -> 1923 | J38: =M38+P38 -> 1895 | K38: =K37 -> 2000 | L38: =L37 -> 2000 | M38: =M37 -> 2000 | N38: =N37-Q38 -> -28 | O38: =O37-R38 -> -77 | P38: =P37-S38 -> -105 | Q38: 4 | R38: 5 | S38: 5 | T38: =D38+C38-V38 -> 2008 | U38: =U37+$X38*1000-Q38 -> 632 | V38: =V37+$X38*1000-R38 -> 633 | W38: =W37+$X38*1000-S38 -> 635
A39: 25 | B39: =B38+1 -> 45097 | C39: =C38 -> 1069 | D39: =D38-2 -> 1570 | E39: =C39+D39-H39 -> 675 | F39: =C39+D39-I39 -> 724 | G39: =D39+C39-J39 -> 752 | H39: =K39+N39 -> 1964 | I39: =L39+O39 -> 1915 | J39: =M39+P39 -> 1887 | K39: =K38 -> 2000 | L39: =L38 -> 2000 | M39: =M38 -> 2000 | N39: =N38-Q39 -> -36 | O39: =O38-R39 -> -85 | P39: =P38-S39 -> -113 | Q39: 8 | R39: 8 | S39: 8 | T39: =D39+C39-V39 -> 1714 | U39: =U38+$X39*1000-Q39 -> 924 | V39: =V38+$X39*1000-R39 -> 925 | W39: =W38+$X39*1000-S39 -> 927 | X39: 0.3 | AB39: 6
A40: 26 | B40: =B39+1 -> 45098 | C40: =C39 -> 1069 | D40: =D39-2 -> 1568 | E40: =C40+D40-H40 -> 678 | F40: =C40+D40-I40 -> 724 | G40: =D40+C40-J40 -> 752 | H40: =K40+N40 -> 1959 | I40: =L40+O40 -> 1913 | J40: =M40+P40 -> 1885 | K40: =K39 -> 2000 | L40: =L39 -> 2000 | M40: =M39 -> 2000 | N40: =N39-Q40 -> -41 | O40: =O39-R40 -> -87 | P40: =P39-S40 -> -115 | Q40: 5 | R40: 2 | S40: 2 | T40: =D40+C40-V40 -> 1714 | U40: =U39+$X40*1000-Q40 -> 919 | V40: =V39+$X40*1000-R40 -> 923 | W40: =W39+$X40*1000-S40 -> 925
A41: 27 | B41: =B40+1 -> 45099 | C41: =C40 -> 1069 | D41: =D40-2 -> 1566 | E41: =C41+D41-H41 -> 680 | F41: =C41+D41-I41 -> 726 | G41: =D41+C41-J41 -> 752 | H41: =K41+N41 -> 1955 | I41: =L41+O41 -> 1909 | J41: =M41+P41 -> 1883 | K41: =K40 -> 2000 | L41: =L40 -> 2000 | M41: =M40 -> 2000 | N41: =N40-Q41 -> -45 | O41: =O40-R41 -> -91 | P41: =P40-S41 -> -117 | Q41: 4 | R41: 4 | S41: 2 | T41: =D41+C41-V41 -> 1716 | U41: =U40+$X41*1000-Q41 -> 915 | V41: =V40+$X41*1000-R41 -> 919 | W41: =W40+$X41*1000-S41 -> 923
A42: 28 | B42: =B41+1 -> 45100 | C42: =C41 -> 1069 | D42: =D41-2 -> 1564 | E42: =C42+D42-H42 -> 681 | F42: =C42+D42-I42 -> 726 | G42: =D42+C42-J42 -> 752 | H42: =K42+N42 -> 1952 | I42: =L42+O42 -> 1907 | J42: =M42+P42 -> 1881 | K42: =K41 -> 2000 | L42: =L41 -> 2000 | M42: =M41 -> 2000 | N42: =N41-Q42 -> -48 | O42: =O41-R42 -> -93 | P42: =P41-S42 -> -119 | Q42: 3 | R42: 2 | S42: 2 | T42: =D42+C42-V42 -> 1716 | U42: =U41+$X42*1000-Q42 -> 912 | V42: =V41+$X42*1000-R42 -> 917 | W42: =W41+$X42*1000-S42 -> 921
A43: 29 | B43: =B42+1 -> 45101 | C43: =C42 -> 1069 | D43: =D42-2 -> 1562 | E43: =C43+D43-H43 -> 682 | F43: =C43+D43-I43 -> 725 | G43: =D43+C43-J43 -> 752 | H43: =K43+N43 -> 1949 | I43: =L43+O43 -> 1906 | J43: =M43+P43 -> 1879 | K43: =K42 -> 2000 | L43: =L42 -> 2000 | M43: =M42 -> 2000 | N43: =N42-Q43 -> -51 | O43: =O42-R43 -> -94 | P43: =P42-S43 -> -121 | Q43: 3 | R43: 1 | S43: 2 | T43: =D43+C43-V43 -> 1715 | U43: =U42+$X43*1000-Q43 -> 909 | V43: =V42+$X43*1000-R43 -> 916 | W43: =W42+$X43*1000-S43 -> 919
A44: 30 | B44: =B43+1 -> 45102 | C44: =C43 -> 1069 | D44: =D43-2 -> 1560 | E44: =C44+D44-H44 -> 683 | F44: =C44+D44-I44 -> 726 | G44: =D44+C44-J44 -> 753 | H44: =K44+N44 -> 1946 | I44: =L44+O44 -> 1903 | J44: =M44+P44 -> 1876 | K44: =K43 -> 2000 | L44: =L43 -> 2000 | M44: =M43 -> 2000 | N44: =N43-Q44 -> -54 | O44: =O43-R44 -> -97 | P44: =P43-S44 -> -124 | Q44: 3 | R44: 3 | S44: 3 | T44: =D44+C44-V44 -> 1716 | U44: =U43+$X44*1000-Q44 -> 906 | V44: =V43+$X44*1000-R44 -> 913 | W44: =W43+$X44*1000-S44 -> 916
A45: 31 | B45: =B44+1 -> 45103 | C45: =C44 -> 1069 | D45: =D44-2 -> 1558 | E45: =C45+D45-H45 -> 686 | F45: =C45+D45-I45 -> 726 | G45: =D45+C45-J45 -> 755 | H45: =K45+N45 -> 1941 | I45: =L45+O45 -> 1901 | J45: =M45+P45 -> 1872 | K45: =K44 -> 2000 | L45: =L44 -> 2000 | M45: =M44 -> 2000 | N45: =N44-Q45 -> -59 | O45: =O44-R45 -> -99 | P45: =P44-S45 -> -128 | Q45: 5 | R45: 2 | S45: 4 | T45: =D45+C45-V45 -> 1716 | U45: =U44+$X45*1000-Q45 -> 901 | V45: =V44+$X45*1000-R45 -> 911 | W45: =W44+$X45*1000-S45 -> 912
A46: 32 | B46: =B45+1 -> 45104 | C46: =C45 -> 1069 | D46: =D45-2 -> 1556 | E46: =C46+D46-H46 -> 689 | F46: =C46+D46-I46 -> 727 | G46: =D46+C46-J46 -> 757 | H46: =K46+N46 -> 1936 | I46: =L46+O46 -> 1898 | J46: =M46+P46 -> 1868 | K46: =K45 -> 2000 | L46: =L45 -> 2000 | M46: =M45 -> 2000 | N46: =N45-Q46 -> -64 | O46: =O45-R46 -> -102 | P46: =P45-S46 -> -132 | Q46: 5 | R46: 3 | S46: 4 | T46: =D46+C46-V46 -> 1717 | U46: =U45+$X46*1000-Q46 -> 896 | V46: =V45+$X46*1000-R46 -> 908 | W46: =W45+$X46*1000-S46 -> 908
A47: 33 | B47: =B46+1 -> 45105 | C47: =C46 -> 1069 | D47: =D46-2 -> 1554 | E47: =C47+D47-H47 -> 691 | F47: =C47+D47-I47 -> 727 | G47: =D47+C47-J47 -> 758 | H47: =K47+N47 -> 1932 | I47: =L47+O47 -> 1896 | J47: =M47+P47 -> 1865 | K47: =K46 -> 2000 | L47: =L46 -> 2000 | M47: =M46 -> 2000 | N47: =N46-Q47 -> -68 | O47: =O46-R47 -> -104 | P47: =P46-S47 -> -135 | Q47: 4 | R47: 2 | S47: 3 | T47: =D47+C47-V47 -> 1717 | U47: =U46+$X47*1000-Q47 -> 892 | V47: =V46+$X47*1000-R47 -> 906 | W47: =W46+$X47*1000-S47 -> 905
A48: 34 | B48: =B47+1 -> 45106 | C48: =C47 -> 1069 | D48: =D47-2 -> 1552 | E48: =C48+D48-H48 -> 692 | F48: =C48+D48-I48 -> 726 | G48: =D48+C48-J48 -> 759 | H48: =K48+N48 -> 1929 | I48: =L48+O48 -> 1895 | J48: =M48+P48 -> 1862 | K48: =K47 -> 2000 | L48: =L47 -> 2000 | M48: =M47 -> 2000 | N48: =N47-Q48 -> -71 | O48: =O47-R48 -> -105 | P48: =P47-S48 -> -138 | Q48: 3 | R48: 1 | S48: 3 | T48: =D48+C48-V48 -> 1716 | U48: =U47+$X48*1000-Q48 -> 889 | V48: =V47+$X48*1000-R48 -> 905 | W48: =W47+$X48*1000-S48 -> 902
A49: 35 | B49: =B48+1 -> 45107 | C49: =C48 -> 1069 | D49: =D48-2 -> 1550 | E49: =C49+D49-H49 -> 695 | F49: =C49+D49-I49 -> 726 | G49: =D49+C49-J49 -> 759 | H49: =K49+N49 -> 1924 | I49: =L49+O49 -> 1893 | J49: =M49+P49 -> 1860 | K49: =K48 -> 2000 | L49: =L48 -> 2000 | M49: =M48 -> 2000 | N49: =N48-Q49 -> -76 | O49: =O48-R49 -> -107 | P49: =P48-S49 -> -140 | Q49: 5 | R49: 2 | S49: 2 | T49: =D49+C49-V49 -> 1716 | U49: =U48+$X49*1000-Q49 -> 884 | V49: =V48+$X49*1000-R49 -> 903 | W49: =W48+$X49*1000-S49 -> 900
A50: 36 | B50: =B49+1 -> 45108 | C50: =C49 -> 1069 | D50: =D49-2 -> 1548 | E50: =C50+D50-H50 -> 695 | F50: =C50+D50-I50 -> 726 | G50: =D50+C50-J50 -> 761 | H50: =K50+N50 -> 1922 | I50: =L50+O50 -> 1891 | J50: =M50+P50 -> 1856 | K50: =K49 -> 2000 | L50: =L49 -> 2000 | M50: =M49 -> 2000 | N50: =N49-Q50 -> -78 | O50: =O49-R50 -> -109 | P50: =P49-S50 -> -144 | Q50: 2 | R50: 2 | S50: 4 | T50: =D50+C50-V50 -> 1716 | U50: =U49+$X50*1000-Q50 -> 882 | V50: =V49+$X50*1000-R50 -> 901 | W50: =W49+$X50*1000-S50 -> 896
A51: 37 | B51: =B50+1 -> 45109 | C51: =C50 -> 1069 | D51: =D50-2 -> 1546 | E51: =C51+D51-H51 -> 695 | F51: =C51+D51-I51 -> 726 | G51: =D51+C51-J51 -> 761 | H51: =K51+N51 -> 1920 | I51: =L51+O51 -> 1889 | J51: =M51+P51 -> 1854 | K51: =K50 -> 2000 | L51: =L50 -> 2000 | M51: =M50 -> 2000 | N51: =N50-Q51 -> -80 | O51: =O50-R51 -> -111 | P51: =P50-S51 -> -146 | Q51: 2 | R51: 2 | S51: 2 | T51: =D51+C51-V51 -> 1716 | U51: =U50+$X51*1000-Q51 -> 880 | V51: =V50+$X51*1000-R51 -> 899 | W51: =W50+$X51*1000-S51 -> 894
... A126: 112 | B126: =B125+1 -> 45184 | C126: =C125 -> 1069 | D126: =D125-2 -> 1396 | E126: =C126+D126-H126 -> 565 | F126: =C126+D126-I126 -> 578 | G126: =D126+C126-J126 -> 631 | H126: =K126+N126 -> 1900 | I126: =L126+O126 -> 1887 | J126: =M126+P126 -> 1834 | K126: =K125 -> 2000 | L126: =L125 -> 2000 | M126: =M125 -> 2000 | N126: =N125-Q126 -> -100 | O126: =O125-R126 -> -113 | P126: =P125-S126 -> -166 | Q126: 0 | R126: 0 | S126: 0 | T126: =D126+C126-V126 -> 1568 | U126: =U125+$X126*1000-Q126 -> 860 | V126: =V125+$X126*1000-R126 -> 897 | W126: =W125+$X126*1000-S126 -> 874
A127: 113 | B127: =B126+1 -> 45185 | C127: =C126 -> 1069 | D127: =D126+2 -> 1398 | E127: =C127+D127-H127 -> 567 | F127: =C127+D127-I127 -> 580 | G127: =D127+C127-J127 -> 633 | H127: =K127+N127 -> 1900 | I127: =L127+O127 -> 1887 | J127: =M127+P127 -> 1834 | K127: =K126 -> 2000 | L127: =L126 -> 2000 | M127: =M126 -> 2000 | N127: =N126-Q127 -> -100 | O127: =O126-R127 -> -113 | P127: =P126-S127 -> -166 | Q127: 0 | R127: 0 | S127: 0 | T127: =D127+C127-V127 -> 1570 | U127: =U126+$X127*1000-Q127 -> 860 | V127: =V126+$X127*1000-R127 -> 897 | W127: =W126+$X127*1000-S127 -> 874
A128: 114 | B128: =B127+1 -> 45186 | C128: =C127 -> 1069 | D128: =D127+2 -> 1400 | E128: =C128+D128-H128 -> 569 | F128: =C128+D128-I128 -> 582 | G128: =D128+C128-J128 -> 635 | H128: =K128+N128 -> 1900 | I128: =L128+O128 -> 1887 | J128: =M128+P128 -> 1834 | K128: =K127 -> 2000 | L128: =L127 -> 2000 | M128: =M127 -> 2000 | N128: =N127-Q128 -> -100 | O128: =O127-R128 -> -113 | P128: =P127-S128 -> -166 | Q128: 0 | R128: 0 | S128: 0 | T128: =D128+C128-V128 -> 1572 | U128: =U127+$X128*1000-Q128 -> 860 | V128: =V127+$X128*1000-R128 -> 897 | W128: =W127+$X128*1000-S128 -> 874
A129: 115 | B129: =B128+1 -> 45187 | C129: =C128 -> 1069 | D129: =D128+2 -> 1402 | E129: =C129+D129-H129 -> 571 | F129: =C129+D129-I129 -> 584 | G129: =D129+C129-J129 -> 637 | H129: =K129+N129 -> 1900 | I129: =L129+O129 -> 1887 | J129: =M129+P129 -> 1834 | K129: =K128 -> 2000 | L129: =L128 -> 2000 | M129: =M128 -> 2000 | N129: =N128-Q129 -> -100 | O129: =O128-R129 -> -113 | P129: =P128-S129 -> -166 | Q129: 0 | R129: 0 | S129: 0 | T129: =D129+C129-V129 -> 1574 | U129: =U128+$X129*1000-Q129 -> 860 | V129: =V128+$X129*1000-R129 -> 897 | W129: =W128+$X129*1000-S129 -> 874
A130: 116 | B130: =B129+1 -> 45188 | C130: =C129 -> 1069 | D130: =D129+2 -> 1404 | E130: =C130+D130-H130 -> 573 | F130: =C130+D130-I130 -> 586 | G130: =D130+C130-J130 -> 639 | H130: =K130+N130 -> 1900 | I130: =L130+O130 -> 1887 | J130: =M130+P130 -> 1834 | K130: =K129 -> 2000 | L130: =L129 -> 2000 | M130: =M129 -> 2000 | N130: =N129-Q130 -> -100 | O130: =O129-R130 -> -113 | P130: =P129-S130 -> -166 | Q130: 0 | R130: 0 | S130: 0 | T130: =D130+C130-V130 -> 1576 | U130: =U129+$X130*1000-Q130 -> 860 | V130: =V129+$X130*1000-R130 -> 897 | W130: =W129+$X130*1000-S130 -> 874
A131: 117 | B131: =B130+1 -> 45189 | C131: =C130 -> 1069 | D131: =D130+2 -> 1406 | E131: =C131+D131-H131 -> 575 | F131: =C131+D131-I131 -> 588 | G131: =D131+C131-J131 -> 641 | H131: =K131+N131 -> 1900 | I131: =L131+O131 -> 1887 | J131: =M131+P131 -> 1834 | K131: =K130 -> 2000 | L131: =L130 -> 2000 | M131: =M130 -> 2000 | N131: =N130-Q131 -> -100 | O131: =O130-R131 -> -113 | P131: =P130-S131 -> -166 | Q131: 0 | R131: 0 | S131: 0 | T131: =D131+C131-V131 -> 1578 | U131: =U130+$X131*1000-Q131 -> 860 | V131: =V130+$X131*1000-R131 -> 897 | W131: =W130+$X131*1000-S131 -> 874
A132: 118 | B132: =B131+1 -> 45190 | C132: =C131 -> 1069 | D132: =D131+2 -> 1408 | E132: =C132+D132-H132 -> 577 | F132: =C132+D132-I132 -> 590 | G132: =D132+C132-J132 -> 643 | H132: =K132+N132 -> 1900 | I132: =L132+O132 -> 1887 | J132: =M132+P132 -> 1834 | K132: =K131 -> 2000 | L132: =L131 -> 2000 | M132: =M131 -> 2000 | N132: =N131-Q132 -> -100 | O132: =O131-R132 -> -113 | P132: =P131-S132 -> -166 | Q132: 0 | R132: 0 | S132: 0 | T132: =D132+C132-V132 -> 1580 | U132: =U131+$X132*1000-Q132 -> 860 | V132: =V131+$X132*1000-R132 -> 897 | W132: =W131+$X132*1000-S132 -> 874
A133: 119 | B133: =B132+1 -> 45191 | C133: =C132 -> 1069 | D133: =D132+2 -> 1410 | E133: =C133+D133-H133 -> 579 | F133: =C133+D133-I133 -> 592 | G133: =D133+C133-J133 -> 645 | H133: =K133+N133 -> 1900 | I133: =L133+O133 -> 1887 | J133: =M133+P133 -> 1834 | K133: =K132 -> 2000 | L133: =L132 -> 2000 | M133: =M132 -> 2000 | N133: =N132-Q133 -> -100 | O133: =O132-R133 -> -113 | P133: =P132-S133 -> -166 | Q133: 0 | R133: 0 | S133: 0 | T133: =D133+C133-V133 -> 1582 | U133: =U132+$X133*1000-Q133 -> 860 | V133: =V132+$X133*1000-R133 -> 897 | W133: =W132+$X133*1000-S133 -> 874
A134: 120 | B134: =B133+1 -> 45192 | C134: =C133 -> 1069 | D134: =D133+2 -> 1412 | E134: =C134+D134-H134 -> 581 | F134: =C134+D134-I134 -> 594 | G134: =D134+C134-J134 -> 647 | H134: =K134+N134 -> 1900 | I134: =L134+O134 -> 1887 | J134: =M134+P134 -> 1834 | K134: =K133 -> 2000 | L134: =L133 -> 2000 | M134: =M133 -> 2000 | N134: =N133-Q134 -> -100 | O134: =O133-R134 -> -113 | P134: =P133-S134 -> -166 | Q134: 0 | R134: 0 | S134: 0 | T134: =D134+C134-V134 -> 1584 | U134: =U133+$X134*1000-Q134 -> 860 | V134: =V133+$X134*1000-R134 -> 897 | W134: =W133+$X134*1000-S134 -> 874
A135: 121 | B135: =B134+1 -> 45193 | C135: =C134 -> 1069 | D135: =D134+2 -> 1414 | E135: =C135+D135-H135 -> 583 | F135: =C135+D135-I135 -> 596 | G135: =D135+C135-J135 -> 649 | H135: =K135+N135 -> 1900 | I135: =L135+O135 -> 1887 | J135: =M135+P135 -> 1834 | K135: =K134 -> 2000 | L135: =L134 -> 2000 | M135: =M134 -> 2000 | N135: =N134-Q135 -> -100 | O135: =O134-R135 -> -113 | P135: =P134-S135 -> -166 | Q135: 0 | R135: 0 | S135: 0 | T135: =D135+C135-V135 -> 1586 | U135: =U134+$X135*1000-Q135 -> 860 | V135: =V134+$X135*1000-R135 -> 897 | W135: =W134+$X135*1000-S135 -> 874
A136: 122 | B136: =B135+1 -> 45194 | C136: =C135 -> 1069 | D136: =D135+2 -> 1416 | E136: =C136+D136-H136 -> 585 | F136: =C136+D136-I136 -> 598 | G136: =D136+C136-J136 -> 651 | H136: =K136+N136 -> 1900 | I136: =L136+O136 -> 1887 | J136: =M136+P136 -> 1834 | K136: =K135 -> 2000 | L136: =L135 -> 2000 | M136: =M135 -> 2000 | N136: =N135-Q136 -> -100 | O136: =O135-R136 -> -113 | P136: =P135-S136 -> -166 | Q136: 0 | R136: 0 | S136: 0 | T136: =D136+C136-V136 -> 1588 | U136: =U135+$X136*1000-Q136 -> 860 | V136: =V135+$X136*1000-R136 -> 897 | W136: =W135+$X136*1000-S136 -> 874
A137: 123 | B137: =B136+1 -> 45195 | C137: =C136 -> 1069 | D137: =D136+2 -> 1418 | E137: =C137+D137-H137 -> 587 | F137: =C137+D137-I137 -> 600 | G137: =D137+C137-J137 -> 653 | H137: =K137+N137 -> 1900 | I137: =L137+O137 -> 1887 | J137: =M137+P137 -> 1834 | K137: =K136 -> 2000 | L137: =L136 -> 2000 | M137: =M136 -> 2000 | N137: =N136-Q137 -> -100 | O137: =O136-R137 -> -113 | P137: =P136-S137 -> -166 | Q137: 0 | R137: 0 | S137: 0 | T137: =D137+C137-V137 -> 1590 | U137: =U136+$X137*1000-Q137 -> 860 | V137: =V136+$X137*1000-R137 -> 897 | W137: =W136+$X137*1000-S137 -> 874
A138: 124 | B138: =B137+1 -> 45196 | C138: =C137 -> 1069 | D138: =D137+2 -> 1420 | E138: =C138+D138-H138 -> 589 | F138: =C138+D138-I138 -> 602 | G138: =D138+C138-J138 -> 655 | H138: =K138+N138 -> 1900 | I138: =L138+O138 -> 1887 | J138: =M138+P138 -> 1834 | K138: =K137 -> 2000 | L138: =L137 -> 2000 | M138: =M137 -> 2000 | N138: =N137-Q138 -> -100 | O138: =O137-R138 -> -113 | P138: =P137-S138 -> -166 | Q138: 0 | R138: 0 | S138: 0 | T138: =D138+C138-V138 -> 1592 | U138: =U137+$X138*1000-Q138 -> 860 | V138: =V137+$X138*1000-R138 -> 897 | W138: =W137+$X138*1000-S138 -> 874
... A306: 292 | B306: =B305+1 -> 45364 | C306: =C305 -> 1069 | D306: =D305+2 -> 1756 | E306: =C306+D306-H306 -> 925 | F306: =C306+D306-I306 -> 938 | G306: =D306+C306-J306 -> 991 | H306: =K306+N306 -> 1900 | I306: =L306+O306 -> 1887 | J306: =M306+P306 -> 1834 | K306: =K305 -> 2000 | L306: =L305 -> 2000 | M306: =M305 -> 2000 | N306: =N305-Q306 -> -100 | O306: =O305-R306 -> -113 | P306: =P305-S306 -> -166 | Q306: 0 | R306: 0 | S306: 0 | T306: =D306+C306-V306 -> 1928 | U306: =U305+$X306*1000-Q306 -> 860 | V306: =V305+$X306*1000-R306 -> 897 | W306: =W305+$X306*1000-S306 -> 874
A307: 293 | B307: =B306+1 -> 45365 | C307: =C306 -> 1069 | D307: =D306+2 -> 1758 | E307: =C307+D307-H307 -> 936 | F307: =C307+D307-I307 -> 949 | G307: =D307+C307-J307 -> 1001 | H307: =K307+N307 -> 1891 | I307: =L307+O307 -> 1878 | J307: =M307+P307 -> 1826 | K307: =K306 -> 2000 | L307: =L306 -> 2000 | M307: =M306 -> 2000 | N307: =N306-Q307 -> -109 | O307: =O306-R307 -> -122 | P307: =P306-S307 -> -174 | Q307: 9 | R307: 9 | S307: 8 | T307: =D307+C307-V307 -> 1639 | U307: =U306+$X307*1000-Q307 -> 1151 | V307: =V306+$X307*1000-R307 -> 1188 | W307: =W306+$X307*1000-S307 -> 1166 | X307: 0.3 | AB307: 5
A308: 294 | B308: =B307+1 -> 45366 | C308: =C307 -> 1069 | D308: =D307+2 -> 1760 | E308: =C308+D308-H308 -> 944 | F308: =C308+D308-I308 -> 957 | G308: =D308+C308-J308 -> 1006 | H308: =K308+N308 -> 1885 | I308: =L308+O308 -> 1872 | J308: =M308+P308 -> 1823 | K308: =K307 -> 2000 | L308: =L307 -> 2000 | M308: =M307 -> 2000 | N308: =N307-Q308 -> -115 | O308: =O307-R308 -> -128 | P308: =P307-S308 -> -177 | Q308: 6 | R308: 6 | S308: 3 | T308: =D308+C308-V308 -> 1647 | U308: =U307+$X308*1000-Q308 -> 1145 | V308: =V307+$X308*1000-R308 -> 1182 | W308: =W307+$X308*1000-S308 -> 1163
A309: 295 | B309: =B308+1 -> 45367 | C309: =C308 -> 1069 | D309: =D308+2 -> 1762 | E309: =C309+D309-H309 -> 951 | F309: =C309+D309-I309 -> 964 | G309: =D309+C309-J309 -> 1012 | H309: =K309+N309 -> 1880 | I309: =L309+O309 -> 1867 | J309: =M309+P309 -> 1819 | K309: =K308 -> 2000 | L309: =L308 -> 2000 | M309: =M308 -> 2000 | N309: =N308-Q309 -> -120 | O309: =O308-R309 -> -133 | P309: =P308-S309 -> -181 | Q309: 5 | R309: 5 | S309: 4 | T309: =D309+C309-V309 -> 1654 | U309: =U308+$X309*1000-Q309 -> 1140 | V309: =V308+$X309*1000-R309 -> 1177 | W309: =W308+$X309*1000-S309 -> 1159
A310: 296 | B310: =B309+1 -> 45368 | C310: =C309 -> 1069 | D310: =D309+2 -> 1764 | E310: =C310+D310-H310 -> 958 | F310: =C310+D310-I310 -> 972 | G310: =D310+C310-J310 -> 1018 | H310: =K310+N310 -> 1875 | I310: =L310+O310 -> 1861 | J310: =M310+P310 -> 1815 | K310: =K309 -> 2000 | L310: =L309 -> 2000 | M310: =M309 -> 2000 | N310: =N309-Q310 -> -125 | O310: =O309-R310 -> -139 | P310: =P309-S310 -> -185 | Q310: 5 | R310: 6 | S310: 4 | T310: =D310+C310-V310 -> 1662 | U310: =U309+$X310*1000-Q310 -> 1135 | V310: =V309+$X310*1000-R310 -> 1171 | W310: =W309+$X310*1000-S310 -> 1155
A311: 297 | B311: =B310+1 -> 45369 | C311: =C310 -> 1069 | D311: =D310+2 -> 1766 | E311: =C311+D311-H311 -> 969 | F311: =C311+D311-I311 -> 983 | G311: =D311+C311-J311 -> 1028 | H311: =K311+N311 -> 1866 | I311: =L311+O311 -> 1852 | J311: =M311+P311 -> 1807 | K311: =K310 -> 2000 | L311: =L310 -> 2000 | M311: =M310 -> 2000 | N311: =N310-Q311 -> -134 | O311: =O310-R311 -> -148 | P311: =P310-S311 -> -193 | Q311: 9 | R311: 9 | S311: 8 | T311: =D311+C311-V311 -> 1373 | U311: =U310+$X311*1000-Q311 -> 1426 | V311: =V310+$X311*1000-R311 -> 1462 | W311: =W310+$X311*1000-S311 -> 1447 | X311: 0.3 | AB311: 4
A312: 298 | B312: =B311+1 -> 45370 | C312: =C311 -> 1069 | D312: =D311+2 -> 1768 | E312: =C312+D312-H312 -> 977 | F312: =C312+D312-I312 -> 991 | G312: =D312+C312-J312 -> 1033 | H312: =K312+N312 -> 1860 | I312: =L312+O312 -> 1846 | J312: =M312+P312 -> 1804 | K312: =K311 -> 2000 | L312: =L311 -> 2000 | M312: =M311 -> 2000 | N312: =N311-Q312 -> -140 | O312: =O311-R312 -> -154 | P312: =P311-S312 -> -196 | Q312: 6 | R312: 6 | S312: 3 | T312: =D312+C312-V312 -> 1381 | U312: =U311+$X312*1000-Q312 -> 1420 | V312: =V311+$X312*1000-R312 -> 1456 | W312: =W311+$X312*1000-S312 -> 1444
A313: 299 | B313: =B312+1 -> 45371 | C313: =C312 -> 1069 | D313: =D312+2 -> 1770 | E313: =C313+D313-H313 -> 984 | F313: =C313+D313-I313 -> 998 | G313: =D313+C313-J313 -> 1039 | H313: =K313+N313 -> 1855 | I313: =L313+O313 -> 1841 | J313: =M313+P313 -> 1800 | K313: =K312 -> 2000 | L313: =L312 -> 2000 | M313: =M312 -> 2000 | N313: =N312-Q313 -> -145 | O313: =O312-R313 -> -159 | P313: =P312-S313 -> -200 | Q313: 5 | R313: 5 | S313: 4 | T313: =D313+C313-V313 -> 1388 | U313: =U312+$X313*1000-Q313 -> 1415 | V313: =V312+$X313*1000-R313 -> 1451 | W313: =W312+$X313*1000-S313 -> 1440
A314: 300 | B314: =B313+1 -> 45372 | C314: =C313 -> 1069 | D314: =D313+2 -> 1772 | E314: =C314+D314-H314 -> 991 | F314: =C314+D314-I314 -> 1006 | G314: =D314+C314-J314 -> 1045 | H314: =K314+N314 -> 1850 | I314: =L314+O314 -> 1835 | J314: =M314+P314 -> 1796 | K314: =K313 -> 2000 | L314: =L313 -> 2000 | M314: =M313 -> 2000 | N314: =N313-Q314 -> -150 | O314: =O313-R314 -> -165 | P314: =P313-S314 -> -204 | Q314: 5 | R314: 6 | S314: 4 | T314: =D314+C314-V314 -> 1396 | U314: =U313+$X314*1000-Q314 -> 1410 | V314: =V313+$X314*1000-R314 -> 1445 | W314: =W313+$X314*1000-S314 -> 1436
A315: 301 | B315: =B314+1 -> 45373 | C315: =C314 -> 1069 | D315: =D314+2 -> 1774 | E315: =C315+D315-H315 -> 998 | F315: =C315+D315-I315 -> 1014 | G315: =D315+C315-J315 -> 1051 | H315: =K315+N315 -> 1845 | I315: =L315+O315 -> 1829 | J315: =M315+P315 -> 1792 | K315: =K314 -> 2000 | L315: =L314 -> 2000 | M315: =M314 -> 2000 | N315: =N314-Q315 -> -155 | O315: =O314-R315 -> -171 | P315: =P314-S315 -> -208 | Q315: 5 | R315: 6 | S315: 4 | T315: =D315+C315-V315 -> 1404 | U315: =U314+$X315*1000-Q315 -> 1405 | V315: =V314+$X315*1000-R315 -> 1439 | W315: =W314+$X315*1000-S315 -> 1432
A316: 302 | B316: =B315+1 -> 45374 | C316: =C315 -> 1069 | D316: =D315+2 -> 1776 | E316: =C316+D316-H316 -> 1009 | F316: =C316+D316-I316 -> 1025 | G316: =D316+C316-J316 -> 1062 | H316: =K316+N316 -> 1836 | I316: =L316+O316 -> 1820 | J316: =M316+P316 -> 1783 | K316: =K315 -> 2000 | L316: =L315 -> 2000 | M316: =M315 -> 2000 | N316: =N315-Q316 -> -164 | O316: =O315-R316 -> -180 | P316: =P315-S316 -> -217 | Q316: 9 | R316: 9 | S316: 9 | T316: =D316+C316-V316 -> 1115 | U316: =U315+$X316*1000-Q316 -> 1696 | V316: =V315+$X316*1000-R316 -> 1730 | W316: =W315+$X316*1000-S316 -> 1723 | X316: 0.3 | AB316: 3
A317: 303 | B317: =B316+1 -> 45375 | C317: =C316 -> 1069 | D317: =D316+2 -> 1778 | E317: =C317+D317-H317 -> 1014 | F317: =C317+D317-I317 -> 1031 | G317: =D317+C317-J317 -> 1068 | H317: =K317+N317 -> 1833 | I317: =L317+O317 -> 1816 | J317: =M317+P317 -> 1779 | K317: =K316 -> 2000 | L317: =L316 -> 2000 | M317: =M316 -> 2000 | N317: =N316-Q317 -> -167 | O317: =O316-R317 -> -184 | P317: =P316-S317 -> -221 | Q317: 3 | R317: 4 | S317: 4 | T317: =D317+C317-V317 -> 1121 | U317: =U316+$X317*1000-Q317 -> 1693 | V317: =V316+$X317*1000-R317 -> 1726 | W317: =W316+$X317*1000-S317 -> 1719
A318: 304 | B318: =B317+1 -> 45376 | C318: =C317 -> 1069 | D318: =D317+2 -> 1780 | E318: =C318+D318-H318 -> 1018 | F318: =C318+D318-I318 -> 1038 | G318: =D318+C318-J318 -> 1072 | H318: =K318+N318 -> 1831 | I318: =L318+O318 -> 1811 | J318: =M318+P318 -> 1777 | K318: =K317 -> 2000 | L318: =L317 -> 2000 | M318: =M317 -> 2000 | N318: =N317-Q318 -> -169 | O318: =O317-R318 -> -189 | P318: =P317-S318 -> -223 | Q318: 2 | R318: 5 | S318: 2 | T318: =D318+C318-V318 -> 1128 | U318: =U317+$X318*1000-Q318 -> 1691 | V318: =V317+$X318*1000-R318 -> 1721 | W318: =W317+$X318*1000-S318 -> 1717
A319: 305 | B319: =B318+1 -> 45377 | C319: =C318 -> 1069 | D319: =D318+2 -> 1782 | E319: =C319+D319-H319 -> 1024 | F319: =C319+D319-I319 -> 1045 | G319: =D319+C319-J319 -> 1079 | H319: =K319+N319 -> 1827 | I319: =L319+O319 -> 1806 | J319: =M319+P319 -> 1772 | K319: =K318 -> 2000 | L319: =L318 -> 2000 | M319: =M318 -> 2000 | N319: =N318-Q319 -> -173 | O319: =O318-R319 -> -194 | P319: =P318-S319 -> -228 | Q319: 4 | R319: 5 | S319: 5 | T319: =D319+C319-V319 -> 1135 | U319: =U318+$X319*1000-Q319 -> 1687 | V319: =V318+$X319*1000-R319 -> 1716 | W319: =W318+$X319*1000-S319 -> 1712
A320: 306 | B320: =B319+1 -> 45378 | C320: =C319 -> 1069 | D320: =D319+2 -> 1784 | E320: =C320+D320-H320 -> 1034 | F320: =C320+D320-I320 -> 1056 | G320: =D320+C320-J320 -> 1089 | H320: =K320+N320 -> 1819 | I320: =L320+O320 -> 1797 | J320: =M320+P320 -> 1764 | K320: =K319 -> 2000 | L320: =L319 -> 2000 | M320: =M319 -> 2000 | N320: =N319-Q320 -> -181 | O320: =O319-R320 -> -203 | P320: =P319-S320 -> -236 | Q320: 8 | R320: 9 | S320: 8 | T320: =D320+C320-V320 -> 846 | U320: =U319+$X320*1000-Q320 -> 1979 | V320: =V319+$X320*1000-R320 -> 2007 | W320: =W319+$X320*1000-S320 -> 2004 | X320: 0.3 | AB320: 2
A321: 307 | B321: =B320+1 -> 45379 | C321: =C320 -> 1069 | D321: =D320+2 -> 1786 | E321: =C321+D321-H321 -> 1041 | F321: =C321+D321-I321 -> 1063 | G321: =D321+C321-J321 -> 1095 | H321: =K321+N321 -> 1814 | I321: =L321+O321 -> 1792 | J321: =M321+P321 -> 1760 | K321: =K320 -> 2000 | L321: =L320 -> 2000 | M321: =M320 -> 2000 | N321: =N320-Q321 -> -186 | O321: =O320-R321 -> -208 | P321: =P320-S321 -> -240 | Q321: 5 | R321: 5 | S321: 4 | T321: =D321+C321-V321 -> 853 | U321: =U320+$X321*1000-Q321 -> 1974 | V321: =V320+$X321*1000-R321 -> 2002 | W321: =W320+$X321*1000-S321 -> 2000
A322: 308 | B322: =B321+1 -> 45380 | C322: =C321 -> 1069 | D322: =D321+2 -> 1788 | E322: =C322+D322-H322 -> 1048 | F322: =C322+D322-I322 -> 1069 | G322: =D322+C322-J322 -> 1100 | H322: =K322+N322 -> 1809 | I322: =L322+O322 -> 1788 | J322: =M322+P322 -> 1757 | K322: =K321 -> 2000 | L322: =L321 -> 2000 | M322: =M321 -> 2000 | N322: =N321-Q322 -> -191 | O322: =O321-R322 -> -212 | P322: =P321-S322 -> -243 | Q322: 5 | R322: 4 | S322: 3 | T322: =D322+C322-V322 -> 859 | U322: =U321+$X322*1000-Q322 -> 1969 | V322: =V321+$X322*1000-R322 -> 1998 | W322: =W321+$X322*1000-S322 -> 1997
A323: 309 | B323: =B322+1 -> 45381 | C323: =C322 -> 1069 | D323: =D322+2 -> 1790 | E323: =C323+D323-H323 -> 1054 | F323: =C323+D323-I323 -> 1075 | G323: =D323+C323-J323 -> 1103 | H323: =K323+N323 -> 1805 | I323: =L323+O323 -> 1784 | J323: =M323+P323 -> 1756 | K323: =K322 -> 2000 | L323: =L322 -> 2000 | M323: =M322 -> 2000 | N323: =N322-Q323 -> -195 | O323: =O322-R323 -> -216 | P323: =P322-S323 -> -244 | Q323: 4 | R323: 4 | S323: 1 | T323: =D323+C323-V323 -> 865 | U323: =U322+$X323*1000-Q323 -> 1965 | V323: =V322+$X323*1000-R323 -> 1994 | W323: =W322+$X323*1000-S323 -> 1996 | AB323: Trước nối cần
A324: 310 | B324: =B323+1 -> 45382 | C324: =C323 -> 1069 | D324: =D323+2 -> 1792 | E324: =C324+D324-H324 -> 59 | F324: =C324+D324-I324 -> 80 | G324: =D324+C324-J324 -> 106 | H324: =K324+N324 -> 2802 | I324: =L324+O324 -> 2781 | J324: =M324+P324 -> 2755 | K324: =K323+1000 -> 3000 | L324: =L323+1000 -> 3000 | M324: =M323+1000 -> 3000 | N324: =N323-Q324 -> -198 | O324: =O323-R324 -> -219 | P324: =P323-S324 -> -245 | Q324: 3 | R324: 3 | S324: 1 | T324: =D324+C324-V324 -> 870 | U324: =U323+$X324*1000-Q324 -> 1962 | V324: =V323+$X324*1000-R324 -> 1991 | W324: =W323+$X324*1000-S324 -> 1995 | AB324: Sau nối cần
A325: 311 | B325: =B324+1 -> 45383 | C325: =C324 -> 1069 | D325: =D324+2 -> 1794 | E325: =C325+D325-H325 -> 63 | F325: =C325+D325-I325 -> 87 | G325: =D325+C325-J325 -> 109 | H325: =K325+N325 -> 2800 | I325: =L325+O325 -> 2776 | J325: =M325+P325 -> 2754 | K325: =K324 -> 3000 | L325: =L324 -> 3000 | M325: =M324 -> 3000 | N325: =N324-Q325 -> -200 | O325: =O324-R325 -> -224 | P325: =P324-S325 -> -246 | Q325: 2 | R325: 5 | S325: 1 | T325: =D325+C325-V325 -> 877 | U325: =U324+$X325*1000-Q325 -> 1960 | V325: =V324+$X325*1000-R325 -> 1986 | W325: =W324+$X325*1000-S325 -> 1994
A326: 312 | B326: =B325+1 -> 45384 | C326: =C325 -> 1069 | D326: =D325+2 -> 1796 | E326: =C326+D326-H326 -> 72 | F326: =C326+D326-I326 -> 97 | G326: =D326+C326-J326 -> 117 | H326: =K326+N326 -> 2793 | I326: =L326+O326 -> 2768 | J326: =M326+P326 -> 2748 | K326: =K325 -> 3000 | L326: =L325 -> 3000 | M326: =M325 -> 3000 | N326: =N325-Q326 -> -207 | O326: =O325-R326 -> -232 | P326: =P325-S326 -> -252 | Q326: 7 | R326: 8 | S326: 6 | T326: =D326+C326-V326 -> 587 | U326: =U325+$X326*1000-Q326 -> 2253 | V326: =V325+$X326*1000-R326 -> 2278 | W326: =W325+$X326*1000-S326 -> 2288 | X326: 0.3 | AB326: ĐẮP LỚP 1
A327: 313 | B327: =B326+1 -> 45385 | C327: =C326 -> 1069 | D327: =D326+2 -> 1798 | E327: =C327+D327-H327 -> 76 | F327: =C327+D327-I327 -> 103 | G327: =D327+C327-J327 -> 121 | H327: =K327+N327 -> 2791 | I327: =L327+O327 -> 2764 | J327: =M327+P327 -> 2746 | K327: =K326 -> 3000 | L327: =L326 -> 3000 | M327: =M326 -> 3000 | N327: =N326-Q327 -> -209 | O327: =O326-R327 -> -236 | P327: =P326-S327 -> -254 | Q327: 2 | R327: 4 | S327: 2 | T327: =D327+C327-V327 -> 593 | U327: =U326+$X327*1000-Q327 -> 2251 | V327: =V326+$X327*1000-R327 -> 2274 | W327: =W326+$X327*1000-S327 -> 2286
A328: 314 | B328: =B327+1 -> 45386 | C328: =C327 -> 1069 | D328: =D327+2 -> 1800 | E328: =C328+D328-H328 -> 79 | F328: =C328+D328-I328 -> 107 | G328: =D328+C328-J328 -> 125 | H328: =K328+N328 -> 2790 | I328: =L328+O328 -> 2762 | J328: =M328+P328 -> 2744 | K328: =K327 -> 3000 | L328: =L327 -> 3000 | M328: =M327 -> 3000 | N328: =N327-Q328 -> -210 | O328: =O327-R328 -> -238 | P328: =P327-S328 -> -256 | Q328: 1 | R328: 2 | S328: 2 | T328: =D328+C328-V328 -> 597 | U328: =U327+$X328*1000-Q328 -> 2250 | V328: =V327+$X328*1000-R328 -> 2272 | W328: =W327+$X328*1000-S328 -> 2284
A329: 315 | B329: =B328+1 -> 45387 | C329: =C328 -> 1069 | D329: =D328+2 -> 1802 | E329: =C329+D329-H329 -> 82 | F329: =C329+D329-I329 -> 110 | G329: =D329+C329-J329 -> 129 | H329: =K329+N329 -> 2789 | I329: =L329+O329 -> 2761 | J329: =M329+P329 -> 2742 | K329: =K328 -> 3000 | L329: =L328 -> 3000 | M329: =M328 -> 3000 | N329: =N328-Q329 -> -211 | O329: =O328-R329 -> -239 | P329: =P328-S329 -> -258 | Q329: 1 | R329: 1 | S329: 2 | T329: =D329+C329-V329 -> 600 | U329: =U328+$X329*1000-Q329 -> 2249 | V329: =V328+$X329*1000-R329 -> 2271 | W329: =W328+$X329*1000-S329 -> 2282
A330: 316 | B330: =B329+1 -> 45388 | C330: =C329 -> 1069 | D330: =D329+2 -> 1804 | E330: =C330+D330-H330 -> 84 | F330: =C330+D330-I330 -> 114 | G330: =D330+C330-J330 -> 133 | H330: =K330+N330 -> 2789 | I330: =L330+O330 -> 2759 | J330: =M330+P330 -> 2740 | K330: =K329 -> 3000 | L330: =L329 -> 3000 | M330: =M329 -> 3000 | N330: =N329-Q330 -> -211 | O330: =O329-R330 -> -241 | P330: =P329-S330 -> -260 | Q330: 0 | R330: 2 | S330: 2 | T330: =D330+C330-V330 -> 604 | U330: =U329+$X330*1000-Q330 -> 2249 | V330: =V329+$X330*1000-R330 -> 2269 | W330: =W329+$X330*1000-S330 -> 2280
A331: 317 | B331: =B330+1 -> 45389 | C331: =C330 -> 1069 | D331: =D330+2 -> 1806 | E331: =C331+D331-H331 -> 88 | F331: =C331+D331-I331 -> 118 | G331: =D331+C331-J331 -> 135 | H331: =K331+N331 -> 2787 | I331: =L331+O331 -> 2757 | J331: =M331+P331 -> 2740 | K331: =K330 -> 3000 | L331: =L330 -> 3000 | M331: =M330 -> 3000 | N331: =N330-Q331 -> -213 | O331: =O330-R331 -> -243 | P331: =P330-S331 -> -260 | Q331: 2 | R331: 2 | S331: 0 | T331: =D331+C331-V331 -> 608 | U331: =U330+$X331*1000-Q331 -> 2247 | V331: =V330+$X331*1000-R331 -> 2267 | W331: =W330+$X331*1000-S331 -> 2280
A332: 318 | B332: =B331+1 -> 45390 | C332: =C331 -> 1069 | D332: =D331+2 -> 1808 | E332: =C332+D332-H332 -> 91 | F332: =C332+D332-I332 -> 120 | G332: =D332+C332-J332 -> 139 | H332: =K332+N332 -> 2786 | I332: =L332+O332 -> 2757 | J332: =M332+P332 -> 2738 | K332: =K331 -> 3000 | L332: =L331 -> 3000 | M332: =M331 -> 3000 | N332: =N331-Q332 -> -214 | O332: =O331-R332 -> -243 | P332: =P331-S332 -> -262 | Q332: 1 | R332: 0 | S332: 2 | T332: =D332+C332-V332 -> 610 | U332: =U331+$X332*1000-Q332 -> 2246 | V332: =V331+$X332*1000-R332 -> 2267 | W332: =W331+$X332*1000-S332 -> 2278
A333: 319 | B333: =B332+1 -> 45391 | C333: =C332 -> 1069 | D333: =D332+2 -> 1810 | E333: =C333+D333-H333 -> 93 | F333: =C333+D333-I333 -> 123 | G333: =D333+C333-J333 -> 141 | H333: =K333+N333 -> 2786 | I333: =L333+O333 -> 2756 | J333: =M333+P333 -> 2738 | K333: =K332 -> 3000 | L333: =L332 -> 3000 | M333: =M332 -> 3000 | N333: =N332-Q333 -> -214 | O333: =O332-R333 -> -244 | P333: =P332-S333 -> -262 | Q333: 0 | R333: 1 | S333: 0 | T333: =D333+C333-V333 -> 613 | U333: =U332+$X333*1000-Q333 -> 2246 | V333: =V332+$X333*1000-R333 -> 2266 | W333: =W332+$X333*1000-S333 -> 2278
A334: 320 | B334: =B333+1 -> 45392 | C334: =C333 -> 1069 | D334: =D333+2 -> 1812 | E334: =C334+D334-H334 -> 96 | F334: =C334+D334-I334 -> 126 | G334: =D334+C334-J334 -> 144 | H334: =K334+N334 -> 2785 | I334: =L334+O334 -> 2755 | J334: =M334+P334 -> 2737 | K334: =K333 -> 3000 | L334: =L333 -> 3000 | M334: =M333 -> 3000 | N334: =N333-Q334 -> -215 | O334: =O333-R334 -> -245 | P334: =P333-S334 -> -263 | Q334: 1 | R334: 1 | S334: 1 | T334: =D334+C334-V334 -> 616 | U334: =U333+$X334*1000-Q334 -> 2245 | V334: =V333+$X334*1000-R334 -> 2265 | W334: =W333+$X334*1000-S334 -> 2277
A335: 321 | B335: =B334+1 -> 45393 | C335: =C334 -> 1069 | D335: =D334+2 -> 1814 | E335: =C335+D335-H335 -> 98 | F335: =C335+D335-I335 -> 128 | G335: =D335+C335-J335 -> 146 | H335: =K335+N335 -> 2785 | I335: =L335+O335 -> 2755 | J335: =M335+P335 -> 2737 | K335: =K334 -> 3000 | L335: =L334 -> 3000 | M335: =M334 -> 3000 | N335: =N334-Q335 -> -215 | O335: =O334-R335 -> -245 | P335: =P334-S335 -> -263 | Q335: 0 | R335: 0 | S335: 0 | T335: =D335+C335-V335 -> 618 | U335: =U334+$X335*1000-Q335 -> 2245 | V335: =V334+$X335*1000-R335 -> 2265 | W335: =W334+$X335*1000-S335 -> 2277
A336: 322 | B336: =B335+1 -> 45394 | C336: =C335 -> 1069 | D336: =D335+2 -> 1816 | E336: =C336+D336-H336 -> 100 | F336: =C336+D336-I336 -> 131 | G336: =D336+C336-J336 -> 148 | H336: =K336+N336 -> 2785 | I336: =L336+O336 -> 2754 | J336: =M336+P336 -> 2737 | K336: =K335 -> 3000 | L336: =L335 -> 3000 | M336: =M335 -> 3000 | N336: =N335-Q336 -> -215 | O336: =O335-R336 -> -246 | P336: =P335-S336 -> -263 | Q336: 0 | R336: 1 | S336: 0 | T336: =D336+C336-V336 -> 621 | U336: =U335+$X336*1000-Q336 -> 2245 | V336: =V335+$X336*1000-R336 -> 2264 | W336: =W335+$X336*1000-S336 -> 2277
A337: 323 | B337: =B336+1 -> 45395 | C337: =C336 -> 1069 | D337: =D336+2 -> 1818 | E337: =C337+D337-H337 -> 102 | F337: =C337+D337-I337 -> 134 | G337: =D337+C337-J337 -> 151 | H337: =K337+N337 -> 2785 | I337: =L337+O337 -> 2753 | J337: =M337+P337 -> 2736 | K337: =K336 -> 3000 | L337: =L336 -> 3000 | M337: =M336 -> 3000 | N337: =N336-Q337 -> -215 | O337: =O336-R337 -> -247 | P337: =P336-S337 -> -264 | Q337: 0 | R337: 1 | S337: 1 | T337: =D337+C337-V337 -> 624 | U337: =U336+$X337*1000-Q337 -> 2245 | V337: =V336+$X337*1000-R337 -> 2263 | W337: =W336+$X337*1000-S337 -> 2276
A338: 324 | B338: =B337+1 -> 45396 | C338: =C337 -> 1069 | D338: =D337+2 -> 1820 | E338: =C338+D338-H338 -> 104 | F338: =C338+D338-I338 -> 136 | G338: =D338+C338-J338 -> 153 | H338: =K338+N338 -> 2785 | I338: =L338+O338 -> 2753 | J338: =M338+P338 -> 2736 | K338: =K337 -> 3000 | L338: =L337 -> 3000 | M338: =M337 -> 3000 | N338: =N337-Q338 -> -215 | O338: =O337-R338 -> -247 | P338: =P337-S338 -> -264 | Q338: 0 | R338: 0 | S338: 0 | T338: =D338+C338-V338 -> 626 | U338: =U337+$X338*1000-Q338 -> 2245 | V338: =V337+$X338*1000-R338 -> 2263 | W338: =W337+$X338*1000-S338 -> 2276
... A362: 348 | B362: =B361+1 -> 45420 | C362: =C361 -> 1069 | D362: =D361+2 -> 1868 | E362: =C362+D362-H362 -> 152 | F362: =C362+D362-I362 -> 184 | G362: =D362+C362-J362 -> 201 | H362: =K362+N362 -> 2785 | I362: =L362+O362 -> 2753 | J362: =M362+P362 -> 2736 | K362: =K361 -> 3000 | L362: =L361 -> 3000 | M362: =M361 -> 3000 | N362: =N361-Q362 -> -215 | O362: =O361-R362 -> -247 | P362: =P361-S362 -> -264 | Q362: 0 | R362: 0 | S362: 0 | T362: =D362+C362-V362 -> 674 | U362: =U361+$X362*1000-Q362 -> 2245 | V362: =V361+$X362*1000-R362 -> 2263 | W362: =W361+$X362*1000-S362 -> 2276
A363: 349 | B363: =B362+1 -> 45421 | C363: =C362 -> 1069 | D363: =D362+2 -> 1870 | E363: =C363+D363-H363 -> -846 | F363: =C363+D363-I363 -> -814 | G363: =D363+C363-J363 -> -797 | H363: =K363+N363 -> 3785 | I363: =L363+O363 -> 3753 | J363: =M363+P363 -> 3736 | K363: =K362+1000 -> 4000 | L363: =L362+1000 -> 4000 | M363: =M362+1000 -> 4000 | N363: =N362-Q363 -> -215 | O363: =O362-R363 -> -247 | P363: =P362-S363 -> -264 | Q363: 0 | R363: 0 | S363: 0 | T363: =D363+C363-V363 -> 676 | U363: =U362+$X363*1000-Q363 -> 2245 | V363: =V362+$X363*1000-R363 -> 2263 | W363: =W362+$X363*1000-S363 -> 2276
A364: 350 | B364: =B363+1 -> 45422 | C364: =C363 -> 1069 | D364: =D363+2 -> 1872 | E364: =C364+D364-H364 -> -844 | F364: =C364+D364-I364 -> -812 | G364: =D364+C364-J364 -> -795 | H364: =K364+N364 -> 3785 | I364: =L364+O364 -> 3753 | J364: =M364+P364 -> 3736 | K364: =K363 -> 4000 | L364: =L363 -> 4000 | M364: =M363 -> 4000 | N364: =N363-Q364 -> -215 | O364: =O363-R364 -> -247 | P364: =P363-S364 -> -264 | Q364: 0 | R364: 0 | S364: 0 | T364: =D364+C364-V364 -> 678 | U364: =U363+$X364*1000-Q364 -> 2245 | V364: =V363+$X364*1000-R364 -> 2263 | W364: =W363+$X364*1000-S364 -> 2276
A365: 351 | B365: =B364+1 -> 45423 | C365: =C364 -> 1069 | D365: =D364+2 -> 1874 | E365: =C365+D365-H365 -> -842 | F365: =C365+D365-I365 -> -810 | G365: =D365+C365-J365 -> -793 | H365: =K365+N365 -> 3785 | I365: =L365+O365 -> 3753 | J365: =M365+P365 -> 3736 | K365: =K364 -> 4000 | L365: =L364 -> 4000 | M365: =M364 -> 4000 | N365: =N364-Q365 -> -215 | O365: =O364-R365 -> -247 | P365: =P364-S365 -> -264 | Q365: 0 | R365: 0 | S365: 0 | T365: =D365+C365-V365 -> 680 | U365: =U364+$X365*1000-Q365 -> 2245 | V365: =V364+$X365*1000-R365 -> 2263 | W365: =W364+$X365*1000-S365 -> 2276
...

Sheet BC.115+740
A1: 13 | B1: DỰ ÁN THÀNH PHẦN ĐOẠN HẬU GIANG - CÀ MAU
B2: THUỘC DỰ ÁN XÂY DỰNG CÔNG TRÌNH ĐƯỜNG BỘ CAO TỐC BẮC - NAM PHÍA ĐÔNG GIAI ĐOẠN 2021 - 2025
B3: =UPPER("GÓI THẦU XL03 :Thi Công Xây Dựng Đoạn Tuyến Km114+200 - Km126+223 Bao Gồm Tuyến Nối Nút Giao IC12 Với QL1 (bao gồm khảo sát, thiết kế BVTC)") -> GÓI THẦU XL03 :THI CÔNG XÂY DỰNG ĐOẠN TUYẾN KM114+200 - KM126+223 BAO GỒM TUYẾN NỐI NÚT GIAO IC12 VỚI QL1 (BAO GỒM KHẢO SÁT, THIẾT KẾ BVTC)
B4: CHỦ ĐẦU TƯ | J4: TƯ VẤN GIÁM SÁT | T4: NHÀ THẦU
B5: BAN QUẢN LÝ DỰ ÁN MỸ THUẬN | J5: =UPPER("Liên danh Phân viện KHCN GTVT phía Nam - Công ty Cổ phần Tư vấn kỹ thuật và xây dựng Hồng Hà") -> LIÊN DANH PHÂN VIỆN KHCN GTVT PHÍA NAM - CÔNG TY CỔ PHẦN TƯ VẤN KỸ THUẬT VÀ XÂY DỰNG HỒNG HÀ | T5: LIÊN DANH CC1 - HẢI ĐĂNG - VẠN CƯỜNG - 492 - BẮC TRUNG NAM
B6: BIỂU GHI ĐO QUAN TRẮC LÚN
B7: Người lập: | C7: ='115+740'!C8 -> 0 | L7: Tên mốc: | N7: ='115+740'!M8 -> 0
B8: Thời tiết: | C8: ='115+740'!C9 -> Nắng | L8: Cao độ mốc: | N8: ='115+740'!M9 -> 1069
B9: Lý trình: | C9: ='115+740'!C10 -> Km115+740 | L9: Ngày đặt bàn: | N9: ='115+740'!M10 -> 45072
B11: Ngày | C11: Ngày cộng dồn | D11: Cao độ mốc | E11: Số đọc mia của mốc | F11: Cao độ đường ngắm | G11: Trái | M11: Tim | S11: Phải | Z11: Chiều dày lớp đắp (m) | AA11: Chiều dày nền đắp (m) | AB11: Chiều Cao nền đắp (m)
G12: Cao độ đắp (mm) | H12: Số đọc mia | I12: Cao độ quan trắc (mm) | J12: Cao độ bàn đo lún (mm) | K12: Độ lún (mm) | L12: Độ lún tích lũy (mm) | M12: Cao độ đắp (mm) | N12: Số đọc mia | O12: Cao độ quan trắc (mm) | P12: Cao độ bàn đo lún (mm) | Q12: Độ lún (mm) | R12: Độ lún tích lũy (mm) | S12: Cao độ đắp (mm) | T12: Số đọc mia | U12: Cao độ quan trắc (mm) | V12: Cao độ bàn đo lún (mm) | W12: Độ lún (mm) | X12: Độ lún tích lũy (mm)
B13: ='115+740'!B14 -> 45072 | C13: 0 | D13: =VLOOKUP(B13,'115+740'!B14:AB115,2,FALSE) -> 1069 | E13: =VLOOKUP(B13,'115+740'!B14:AB115,3,FALSE) -> 1620 | F13: =D13+E13 -> 2689 | G13: =VLOOKUP(B13,'115+740'!$B$14:$AB$115,20,FALSE) -> 40 | H13: =VLOOKUP(B13,'115+740'!$B$14:$AB$115,4,FALSE) -> 649 | I13: =F13-H13 -> 2040 | J13: =VLOOKUP(B13,'115+740'!$B$14:$AB$115,13,FALSE) -> 40 | K13: ='115+740'!Q14 -> 0 | L13: 0 | M13: =VLOOKUP(B13,'115+740'!$B$14:$AB$115,21,FALSE) -> -10 | N13: =VLOOKUP(B13,'115+740'!$B$14:$AB$115,5,FALSE) -> 699 | O13: =F13-N13 -> 1990 | P13: =VLOOKUP(B13,'115+740'!$B$14:$AB$115,14,FALSE) -> -10 | Q13: 0 | R13: 0 | S13: =VLOOKUP(B13,'115+740'!$B$14:$AB$115,22,FALSE) -> -40 | T13: =VLOOKUP(B13,'115+740'!$B$13:$AB$115,6,FALSE) -> 729 | U13: =F13-T13 -> 1960 | V13: =VLOOKUP(B13,'115+740'!$B$14:$AB$115,15,FALSE) -> -40 | W13: 0 | X13: 0 | Y13: 0 | Z13: =IF(Y13>0,Y13,0) -> 0 | AA13: =Z13 -> 0 | AB13: 0
B14: ='115+740'!B15 -> 45073 | C14: =B14-B13 -> 1 | D14: =D13 -> 1069 | E14: =VLOOKUP(B14,'115+740'!B15:AB116,3,FALSE) -> 1618 | F14: =D14+E14 -> 2687 | G14: =VLOOKUP(B14,'115+740'!$B$15:$AB$115,20,FALSE) -> 40 | H14: =VLOOKUP(B14,'115+740'!$B$15:$AB$115,4,FALSE) -> 647 | I14: =F14-H14 -> 2040 | J14: =VLOOKUP(B14,'115+740'!$B$15:$AB$115,13,FALSE) -> 40 | K14: ='115+740'!Q15 -> 0 | L14: =+K14+L13 -> 0 | M14: =VLOOKUP(B14,'115+740'!$B$14:$AB$115,21,FALSE) -> -10 | N14: =VLOOKUP(B14,'115+740'!$B$15:$AB$115,5,FALSE) -> 697 | O14: =F14-N14 -> 1990 | P14: =VLOOKUP(B14,'115+740'!$B$15:$AB$115,14,FALSE) -> -10 | Q14: ='115+740'!R15 -> 0 | R14: =+Q14+R13 -> 0 | S14: =VLOOKUP(B14,'115+740'!$B$14:$AB$115,22,FALSE) -> -40 | T14: =VLOOKUP(B14,'115+740'!$B$15:$AB$115,6,FALSE) -> 727 | U14: =F14-T14 -> 1960 | V14: =VLOOKUP(B14,'115+740'!$B$15:$AB$115,15,FALSE) -> -40 | W14: ='115+740'!S15 -> 0 | X14: =+W14+X13 -> 0 | Y14: =S14-S13 -> 0 | Z14: =IF(Y14>0,Y14,0)/1000 -> 0 | AA14: =AA13+Z14 -> 0 | AB14: =(M14-$M$13-R14)/1000 -> 0
A15: 1 | B15: ='115+740'!B16 -> 45074 | C15: =B15-B14 -> 1 | D15: =D14 -> 1069 | E15: =VLOOKUP(B15,'115+740'!B16:AB117,3,FALSE) -> 1616 | F15: =D15+E15 -> 2685 | G15: =VLOOKUP(B15,'115+740'!$B$15:$AB$115,20,FALSE) -> 40 | H15: =VLOOKUP(B15,'115+740'!$B$15:$AB$115,4,FALSE) -> 645 | I15: =F15-H15 -> 2040 | J15: =VLOOKUP(B15,'115+740'!$B$15:$AB$115,13,FALSE) -> 40 | K15: ='115+740'!Q16 -> 0 | L15: =+K15+L14 -> 0 | M15: =VLOOKUP(B15,'115+740'!$B$14:$AB$115,21,FALSE) -> -10 | N15: =VLOOKUP(B15,'115+740'!$B$15:$AB$115,5,FALSE) -> 695 | O15: =F15-N15 -> 1990 | P15: =VLOOKUP(B15,'115+740'!$B$15:$AB$115,14,FALSE) -> -10 | Q15: ='115+740'!R16 -> 0 | R15: =+Q15+R14 -> 0 | S15: =VLOOKUP(B15,'115+740'!$B$14:$AB$115,22,FALSE) -> -40 | T15: =VLOOKUP(B15,'115+740'!$B$15:$AB$115,6,FALSE) -> 725 | U15: =F15-T15 -> 1960 | V15: =VLOOKUP(B15,'115+740'!$B$15:$AB$115,15,FALSE) -> -40 | W15: ='115+740'!S16 -> 0 | X15: =+W15+X14 -> 0 | Y15: =S15-S14 -> 0 | Z15: =IF(Y15>0,Y15,0)/1000 -> 0 | AA15: =AA14+Z15 -> 0 | AB15: =(M15-$M$13-R15)/1000 -> 0
A16: =A15+1 -> 2 | B16: ='115+740'!B17 -> 45075 | C16: =B16-B15 -> 1 | D16: =D15 -> 1069 | E16: =VLOOKUP(B16,'115+740'!B17:AB118,3,FALSE) -> 1614 | F16: =D16+E16 -> 2683 | G16: =VLOOKUP(B16,'115+740'!$B$15:$AB$115,20,FALSE) -> 40 | H16: =VLOOKUP(B16,'115+740'!$B$15:$AB$115,4,FALSE) -> 643 | I16: =F16-H16 -> 2040 | J16: =VLOOKUP(B16,'115+740'!$B$15:$AB$115,13,FALSE) -> 40 | K16: ='115+740'!Q17 -> 0 | L16: =+K16+L15 -> 0 | M16: =VLOOKUP(B16,'115+740'!$B$14:$AB$115,21,FALSE) -> -10 | N16: =VLOOKUP(B16,'115+740'!$B$15:$AB$115,5,FALSE) -> 693 | O16: =F16-N16 -> 1990 | P16: =VLOOKUP(B16,'115+740'!$B$15:$AB$115,14,FALSE) -> -10 | Q16: ='115+740'!R17 -> 0 | R16: =+Q16+R15 -> 0 | S16: =VLOOKUP(B16,'115+740'!$B$14:$AB$115,22,FALSE) -> -40 | T16: =VLOOKUP(B16,'115+740'!$B$15:$AB$115,6,FALSE) -> 723 | U16: =F16-T16 -> 1960 | V16: =VLOOKUP(B16,'115+740'!$B$15:$AB$115,15,FALSE) -> -40 | W16: ='115+740'!S17 -> 0 | X16: =+W16+X15 -> 0 | Y16: =S16-S15 -> 0 | Z16: =IF(Y16>0,Y16,0)/1000 -> 0 | AA16: =AA15+Z16 -> 0 | AB16: =(M16-$M$13-R16)/1000 -> 0
A17: =A16+1 -> 3 | B17: ='115+740'!B18 -> 45076 | C17: =B17-B16 -> 1 | D17: =D16 -> 1069 | E17: =VLOOKUP(B17,'115+740'!B18:AB119,3,FALSE) -> 1612 | F17: =D17+E17 -> 2681 | G17: =VLOOKUP(B17,'115+740'!$B$15:$AB$115,20,FALSE) -> 40 | H17: =VLOOKUP(B17,'115+740'!$B$15:$AB$115,4,FALSE) -> 641 | I17: =F17-H17 -> 2040 | J17: =VLOOKUP(B17,'115+740'!$B$15:$AB$115,13,FALSE) -> 40 | K17: ='115+740'!Q18 -> 0 | L17: =+K17+L16 -> 0 | M17: =VLOOKUP(B17,'115+740'!$B$14:$AB$115,21,FALSE) -> -10 | N17: =VLOOKUP(B17,'115+740'!$B$15:$AB$115,5,FALSE) -> 691 | O17: =F17-N17 -> 1990 | P17: =VLOOKUP(B17,'115+740'!$B$15:$AB$115,14,FALSE) -> -10 | Q17: ='115+740'!R18 -> 0 | R17: =+Q17+R16 -> 0 | S17: =VLOOKUP(B17,'115+740'!$B$14:$AB$115,22,FALSE) -> -40 | T17: =VLOOKUP(B17,'115+740'!$B$15:$AB$115,6,FALSE) -> 721 | U17: =F17-T17 -> 1960 | V17: =VLOOKUP(B17,'115+740'!$B$15:$AB$115,15,FALSE) -> -40 | W17: ='115+740'!S18 -> 0 | X17: =+W17+X16 -> 0 | Y17: =S17-S16 -> 0 | Z17: =IF(Y17>0,Y17,0)/1000 -> 0 | AA17: =AA16+Z17 -> 0 | AB17: =(M17-$M$13-R17)/1000 -> 0
A18: =A17+1 -> 4 | B18: ='115+740'!B19 -> 45077 | C18: =B18-B17 -> 1 | D18: =D17 -> 1069 | E18: =VLOOKUP(B18,'115+740'!B19:AB120,3,FALSE) -> 1610 | F18: =D18+E18 -> 2679 | G18: =VLOOKUP(B18,'115+740'!$B$15:$AB$115,20,FALSE) -> 40 | H18: =VLOOKUP(B18,'115+740'!$B$15:$AB$115,4,FALSE) -> 639 | I18: =F18-H18 -> 2040 | J18: =VLOOKUP(B18,'115+740'!$B$15:$AB$115,13,FALSE) -> 40 | K18: ='115+740'!Q19 -> 0 | L18: =+K18+L17 -> 0 | M18: =VLOOKUP(B18,'115+740'!$B$14:$AB$115,21,FALSE) -> -10 | N18: =VLOOKUP(B18,'115+740'!$B$15:$AB$115,5,FALSE) -> 689 | O18: =F18-N18 -> 1990 | P18: =VLOOKUP(B18,'115+740'!$B$15:$AB$115,14,FALSE) -> -10 | Q18: ='115+740'!R19 -> 0 | R18: =+Q18+R17 -> 0 | S18: =VLOOKUP(B18,'115+740'!$B$14:$AB$115,22,FALSE) -> -40 | T18: =VLOOKUP(B18,'115+740'!$B$15:$AB$115,6,FALSE) -> 719 | U18: =F18-T18 -> 1960 | V18: =VLOOKUP(B18,'115+740'!$B$15:$AB$115,15,FALSE) -> -40 | W18: ='115+740'!S19 -> 0 | X18: =+W18+X17 -> 0 | Y18: =S18-S17 -> 0 | Z18: =IF(Y18>0,Y18,0)/1000 -> 0 | AA18: =AA17+Z18 -> 0 | AB18: =(M18-$M$13-R18)/1000 -> 0
A19: =A18+1 -> 5 | B19: ='115+740'!B20 -> 45078 | C19: =B19-B18 -> 1 | D19: =D18 -> 1069 | E19: =VLOOKUP(B19,'115+740'!B20:AB121,3,FALSE) -> 1608 | F19: =D19+E19 -> 2677 | G19: =VLOOKUP(B19,'115+740'!$B$15:$AB$115,20,FALSE) -> 40 | H19: =VLOOKUP(B19,'115+740'!$B$15:$AB$115,4,FALSE) -> 637 | I19: =F19-H19 -> 2040 | J19: =VLOOKUP(B19,'115+740'!$B$15:$AB$115,13,FALSE) -> 40 | K19: ='115+740'!Q20 -> 0 | L19: =+K19+L18 -> 0 | M19: =VLOOKUP(B19,'115+740'!$B$14:$AB$115,21,FALSE) -> -10 | N19: =VLOOKUP(B19,'115+740'!$B$15:$AB$115,5,FALSE) -> 687 | O19: =F19-N19 -> 1990 | P19: =VLOOKUP(B19,'115+740'!$B$15:$AB$115,14,FALSE) -> -10 | Q19: ='115+740'!R20 -> 0 | R19: =+Q19+R18 -> 0 | S19: =VLOOKUP(B19,'115+740'!$B$14:$AB$115,22,FALSE) -> -40 | T19: =VLOOKUP(B19,'115+740'!$B$15:$AB$115,6,FALSE) -> 717 | U19: =F19-T19 -> 1960 | V19: =VLOOKUP(B19,'115+740'!$B$15:$AB$115,15,FALSE) -> -40 | W19: ='115+740'!S20 -> 0 | X19: =+W19+X18 -> 0 | Y19: =S19-S18 -> 0 | Z19: =IF(Y19>0,Y19,0)/1000 -> 0 | AA19: =AA18+Z19 -> 0 | AB19: =(M19-$M$13-R19)/1000 -> 0
A20: =A19+1 -> 6 | B20: ='115+740'!B21 -> 45079 | C20: =B20-B19 -> 1 | D20: =D19 -> 1069 | E20: =VLOOKUP(B20,'115+740'!B21:AB122,3,FALSE) -> 1606 | F20: =D20+E20 -> 2675 | G20: =VLOOKUP(B20,'115+740'!$B$15:$AB$115,20,FALSE) -> 40 | H20: =VLOOKUP(B20,'115+740'!$B$15:$AB$115,4,FALSE) -> 635 | I20: =F20-H20 -> 2040 | J20: =VLOOKUP(B20,'115+740'!$B$15:$AB$115,13,FALSE) -> 40 | K20: ='115+740'!Q21 -> 0 | L20: =+K20+L19 -> 0 | M20: =VLOOKUP(B20,'115+740'!$B$14:$AB$115,21,FALSE) -> -10 | N20: =VLOOKUP(B20,'115+740'!$B$15:$AB$115,5,FALSE) -> 685 | O20: =F20-N20 -> 1990 | P20: =VLOOKUP(B20,'115+740'!$B$15:$AB$115,14,FALSE) -> -10 | Q20: ='115+740'!R21 -> 0 | R20: =+Q20+R19 -> 0 | S20: =VLOOKUP(B20,'115+740'!$B$14:$AB$115,22,FALSE) -> -40 | T20: =VLOOKUP(B20,'115+740'!$B$15:$AB$115,6,FALSE) -> 715 | U20: =F20-T20 -> 1960 | V20: =VLOOKUP(B20,'115+740'!$B$15:$AB$115,15,FALSE) -> -40 | W20: ='115+740'!S21 -> 0 | X20: =+W20+X19 -> 0 | Y20: =S20-S19 -> 0 | Z20: =IF(Y20>0,Y20,0)/1000 -> 0 | AA20: =AA19+Z20 -> 0 | AB20: =(M20-$M$13-R20)/1000 -> 0
A21: =A20+1 -> 7 | B21: ='115+740'!B22 -> 45080 | C21: =B21-B20 -> 1 | D21: =D20 -> 1069 | E21: =VLOOKUP(B21,'115+740'!B22:AB123,3,FALSE) -> 1604 | F21: =D21+E21 -> 2673 | G21: =VLOOKUP(B21,'115+740'!$B$15:$AB$115,20,FALSE) -> 40 | H21: =VLOOKUP(B21,'115+740'!$B$15:$AB$115,4,FALSE) -> 633 | I21: =F21-H21 -> 2040 | J21: =VLOOKUP(B21,'115+740'!$B$15:$AB$115,13,FALSE) -> 40 | K21: ='115+740'!Q22 -> 0 | L21: =+K21+L20 -> 0 | M21: =VLOOKUP(B21,'115+740'!$B$14:$AB$115,21,FALSE) -> -10 | N21: =VLOOKUP(B21,'115+740'!$B$15:$AB$115,5,FALSE) -> 683 | O21: =F21-N21 -> 1990 | P21: =VLOOKUP(B21,'115+740'!$B$15:$AB$115,14,FALSE) -> -10 | Q21: ='115+740'!R22 -> 0 | R21: =+Q21+R20 -> 0 | S21: =VLOOKUP(B21,'115+740'!$B$14:$AB$115,22,FALSE) -> -40 | T21: =VLOOKUP(B21,'115+740'!$B$15:$AB$115,6,FALSE) -> 713 | U21: =F21-T21 -> 1960 | V21: =VLOOKUP(B21,'115+740'!$B$15:$AB$115,15,FALSE) -> -40 | W21: ='115+740'!S22 -> 0 | X21: =+W21+X20 -> 0 | Y21: =S21-S20 -> 0 | Z21: =IF(Y21>0,Y21,0)/1000 -> 0 | AA21: =AA20+Z21 -> 0 | AB21: =(M21-$M$13-R21)/1000 -> 0
B22: ='115+740'!B23 -> 45081 | C22: =B22-B21 -> 1 | D22: =D21 -> 1069 | E22: =VLOOKUP(B22,'115+740'!B23:AB124,3,FALSE) -> 1602 | F22: =D22+E22 -> 2671 | G22: =VLOOKUP(B22,'115+740'!$B$15:$AB$115,20,FALSE) -> 40 | H22: =VLOOKUP(B22,'115+740'!$B$15:$AB$115,4,FALSE) -> 631 | I22: =F22-H22 -> 2040 | J22: =VLOOKUP(B22,'115+740'!$B$15:$AB$115,13,FALSE) -> 40 | K22: ='115+740'!Q23 -> 0 | L22: =+K22+L21 -> 0 | M22: =VLOOKUP(B22,'115+740'!$B$14:$AB$115,21,FALSE) -> -10 | N22: =VLOOKUP(B22,'115+740'!$B$15:$AB$115,5,FALSE) -> 681 | O22: =F22-N22 -> 1990 | P22: =VLOOKUP(B22,'115+740'!$B$15:$AB$115,14,FALSE) -> -10 | Q22: ='115+740'!R23 -> 0 | R22: =+Q22+R21 -> 0 | S22: =VLOOKUP(B22,'115+740'!$B$14:$AB$115,22,FALSE) -> -40 | T22: =VLOOKUP(B22,'115+740'!$B$15:$AB$115,6,FALSE) -> 711 | U22: =F22-T22 -> 1960 | V22: =VLOOKUP(B22,'115+740'!$B$15:$AB$115,15,FALSE) -> -40 | W22: ='115+740'!S23 -> 0 | X22: =+W22+X21 -> 0 | Y22: =S22-S21 -> 0 | Z22: =IF(Y22>0,Y22,0)/1000 -> 0 | AA22: =AA21+Z22 -> 0 | AB22: =(M22-$M$13-R22)/1000 -> 0
B23: ='115+740'!B24 -> 45082 | C23: =B23-B22 -> 1 | D23: =D22 -> 1069 | E23: =VLOOKUP(B23,'115+740'!B24:AB125,3,FALSE) -> 1600 | F23: =D23+E23 -> 2669 | G23: =VLOOKUP(B23,'115+740'!$B$15:$AB$115,20,FALSE) -> 40 | H23: =VLOOKUP(B23,'115+740'!$B$15:$AB$115,4,FALSE) -> 629 | I23: =F23-H23 -> 2040 | J23: =VLOOKUP(B23,'115+740'!$B$15:$AB$115,13,FALSE) -> 40 | K23: ='115+740'!Q24 -> 0 | L23: =+K23+L22 -> 0 | M23: =VLOOKUP(B23,'115+740'!$B$14:$AB$115,21,FALSE) -> -10 | N23: =VLOOKUP(B23,'115+740'!$B$15:$AB$115,5,FALSE) -> 679 | O23: =F23-N23 -> 1990 | P23: =VLOOKUP(B23,'115+740'!$B$15:$AB$115,14,FALSE) -> -10 | Q23: ='115+740'!R24 -> 0 | R23: =+Q23+R22 -> 0 | S23: =VLOOKUP(B23,'115+740'!$B$14:$AB$115,22,FALSE) -> -40 | T23: =VLOOKUP(B23,'115+740'!$B$15:$AB$115,6,FALSE) -> 709 | U23: =F23-T23 -> 1960 | V23: =VLOOKUP(B23,'115+740'!$B$15:$AB$115,15,FALSE) -> -40 | W23: ='115+740'!S24 -> 0 | X23: =+W23+X22 -> 0 | Y23: =S23-S22 -> 0 | Z23: =IF(Y23>0,Y23,0)/1000 -> 0 | AA23: =AA22+Z23 -> 0 | AB23: =(M23-$M$13-R23)/1000 -> 0
B24: ='115+740'!B25 -> 45083 | C24: =B24-B23 -> 1 | D24: =D23 -> 1069 | E24: =VLOOKUP(B24,'115+740'!B25:AB126,3,FALSE) -> 1598 | F24: =D24+E24 -> 2667 | G24: =VLOOKUP(B24,'115+740'!$B$15:$AB$115,20,FALSE) -> 40 | H24: =VLOOKUP(B24,'115+740'!$B$15:$AB$115,4,FALSE) -> 627 | I24: =F24-H24 -> 2040 | J24: =VLOOKUP(B24,'115+740'!$B$15:$AB$115,13,FALSE) -> 40 | K24: ='115+740'!Q25 -> 0 | L24: =+K24+L23 -> 0 | M24: =VLOOKUP(B24,'115+740'!$B$14:$AB$115,21,FALSE) -> -10 | N24: =VLOOKUP(B24,'115+740'!$B$15:$AB$115,5,FALSE) -> 677 | O24: =F24-N24 -> 1990 | P24: =VLOOKUP(B24,'115+740'!$B$15:$AB$115,14,FALSE) -> -10 | Q24: ='115+740'!R25 -> 0 | R24: =+Q24+R23 -> 0 | S24: =VLOOKUP(B24,'115+740'!$B$14:$AB$115,22,FALSE) -> -40 | T24: =VLOOKUP(B24,'115+740'!$B$15:$AB$115,6,FALSE) -> 707 | U24: =F24-T24 -> 1960 | V24: =VLOOKUP(B24,'115+740'!$B$15:$AB$115,15,FALSE) -> -40 | W24: ='115+740'!S25 -> 0 | X24: =+W24+X23 -> 0 | Y24: =S24-S23 -> 0 | Z24: =IF(Y24>0,Y24,0)/1000 -> 0 | AA24: =AA23+Z24 -> 0 | AB24: =(M24-$M$13-R24)/1000 -> 0
B25: ='115+740'!B26 -> 45084 | C25: =B25-B24 -> 1 | D25: =D24 -> 1069 | E25: =VLOOKUP(B25,'115+740'!B26:AB127,3,FALSE) -> 1596 | F25: =D25+E25 -> 2665 | G25: =VLOOKUP(B25,'115+740'!$B$15:$AB$115,20,FALSE) -> 40 | H25: =VLOOKUP(B25,'115+740'!$B$15:$AB$115,4,FALSE) -> 625 | I25: =F25-H25 -> 2040 | J25: =VLOOKUP(B25,'115+740'!$B$15:$AB$115,13,FALSE) -> 40 | K25: ='115+740'!Q26 -> 0 | L25: =+K25+L24 -> 0 | M25: =VLOOKUP(B25,'115+740'!$B$14:$AB$115,21,FALSE) -> -10 | N25: =VLOOKUP(B25,'115+740'!$B$15:$AB$115,5,FALSE) -> 675 | O25: =F25-N25 -> 1990 | P25: =VLOOKUP(B25,'115+740'!$B$15:$AB$115,14,FALSE) -> -10 | Q25: ='115+740'!R26 -> 0 | R25: =+Q25+R24 -> 0 | S25: =VLOOKUP(B25,'115+740'!$B$14:$AB$115,22,FALSE) -> -40 | T25: =VLOOKUP(B25,'115+740'!$B$15:$AB$115,6,FALSE) -> 705 | U25: =F25-T25 -> 1960 | V25: =VLOOKUP(B25,'115+740'!$B$15:$AB$115,15,FALSE) -> -40 | W25: ='115+740'!S26 -> 0 | X25: =+W25+X24 -> 0 | Y25: =S25-S24 -> 0 | Z25: =IF(Y25>0,Y25,0)/1000 -> 0 | AA25: =AA24+Z25 -> 0 | AB25: =(M25-$M$13-R25)/1000 -> 0
B26: ='115+740'!B27 -> 45085 | C26: =B26-B25 -> 1 | D26: =D25 -> 1069 | E26: =VLOOKUP(B26,'115+740'!B27:AB128,3,FALSE) -> 1594 | F26: =D26+E26 -> 2663 | G26: =VLOOKUP(B26,'115+740'!$B$15:$AB$115,20,FALSE) -> 93 | H26: =VLOOKUP(B26,'115+740'!$B$15:$AB$115,4,FALSE) -> 630 | I26: =F26-H26 -> 2033 | J26: =VLOOKUP(B26,'115+740'!$B$15:$AB$115,13,FALSE) -> 33 | K26: ='115+740'!Q27 -> 7 | L26: =+K26+L25 -> 7 | M26: =VLOOKUP(B26,'115+740'!$B$14:$AB$115,21,FALSE) -> 93 | N26: =VLOOKUP(B26,'115+740'!$B$15:$AB$115,5,FALSE) -> 680 | O26: =F26-N26 -> 1983 | P26: =VLOOKUP(B26,'115+740'!$B$15:$AB$115,14,FALSE) -> -17 | Q26: ='115+740'!R27 -> 7 | R26: =+Q26+R25 -> 7 | S26: =VLOOKUP(B26,'115+740'!$B$14:$AB$115,22,FALSE) -> 91 | T26: =VLOOKUP(B26,'115+740'!$B$15:$AB$115,6,FALSE) -> 712 | U26: =F26-T26 -> 1951 | V26: =VLOOKUP(B26,'115+740'!$B$15:$AB$115,15,FALSE) -> -49 | W26: ='115+740'!S27 -> 9 | X26: =+W26+X25 -> 9 | Y26: =S26-S25 -> 131 | Z26: =IF(Y26>0,Y26,0)/1000 -> 0.131 | AA26: =AA25+Z26 -> 0.131 | AB26: =(M26-$M$13-R26)/1000 -> 0.096
B27: ='115+740'!B28 -> 45086 | C27: =B27-B26 -> 1 | D27: =D26 -> 1069 | E27: =VLOOKUP(B27,'115+740'!B28:AB129,3,FALSE) -> 1592 | F27: =D27+E27 -> 2661 | G27: =VLOOKUP(B27,'115+740'!$B$15:$AB$115,20,FALSE) -> 87 | H27: =VLOOKUP(B27,'115+740'!$B$15:$AB$115,4,FALSE) -> 634 | I27: =F27-H27 -> 2027 | J27: =VLOOKUP(B27,'115+740'!$B$15:$AB$115,13,FALSE) -> 27 | K27: ='115+740'!Q28 -> 6 | L27: =+K27+L26 -> 13 | M27: =VLOOKUP(B27,'115+740'!$B$14:$AB$115,21,FALSE) -> 89 | N27: =VLOOKUP(B27,'115+740'!$B$15:$AB$115,5,FALSE) -> 682 | O27: =F27-N27 -> 1979 | P27: =VLOOKUP(B27,'115+740'!$B$15:$AB$115,14,FALSE) -> -21 | Q27: ='115+740'!R28 -> 4 | R27: =+Q27+R26 -> 11 | S27: =VLOOKUP(B27,'115+740'!$B$14:$AB$115,22,FALSE) -> 85 | T27: =VLOOKUP(B27,'115+740'!$B$15:$AB$115,6,FALSE) -> 716 | U27: =F27-T27 -> 1945 | V27: =VLOOKUP(B27,'115+740'!$B$15:$AB$115,15,FALSE) -> -55 | W27: ='115+740'!S28 -> 6 | X27: =+W27+X26 -> 15 | Y27: =S27-S26 -> -6 | Z27: =IF(Y27>0,Y27,0)/1000 -> 0 | AA27: =AA26+Z27 -> 0.131 | AB27: =(M27-$M$13-R27)/1000 -> 0.088
B28: ='115+740'!B29 -> 45087 | C28: =B28-B27 -> 1 | D28: =D27 -> 1069 | E28: =VLOOKUP(B28,'115+740'!B29:AB130,3,FALSE) -> 1590 | F28: =D28+E28 -> 2659 | G28: =VLOOKUP(B28,'115+740'!$B$15:$AB$115,20,FALSE) -> 84 | H28: =VLOOKUP(B28,'115+740'!$B$15:$AB$115,4,FALSE) -> 635 | I28: =F28-H28 -> 2024 | J28: =VLOOKUP(B28,'115+740'!$B$15:$AB$115,13,FALSE) -> 24 | K28: ='115+740'!Q29 -> 3 | L28: =+K28+L27 -> 16 | M28: =VLOOKUP(B28,'115+740'!$B$14:$AB$115,21,FALSE) -> 87 | N28: =VLOOKUP(B28,'115+740'!$B$15:$AB$115,5,FALSE) -> 682 | O28: =F28-N28 -> 1977 | P28: =VLOOKUP(B28,'115+740'!$B$15:$AB$115,14,FALSE) -> -23 | Q28: ='115+740'!R29 -> 2 | R28: =+Q28+R27 -> 13 | S28: =VLOOKUP(B28,'115+740'!$B$14:$AB$115,22,FALSE) -> 81 | T28: =VLOOKUP(B28,'115+740'!$B$15:$AB$115,6,FALSE) -> 718 | U28: =F28-T28 -> 1941 | V28: =VLOOKUP(B28,'115+740'!$B$15:$AB$115,15,FALSE) -> -59 | W28: ='115+740'!S29 -> 4 | X28: =+W28+X27 -> 19 | Y28: =S28-S27 -> -4 | Z28: =IF(Y28>0,Y28,0)/1000 -> 0 | AA28: =AA27+Z28 -> 0.131 | AB28: =(M28-$M$13-R28)/1000 -> 0.084
B29: ='115+740'!B30 -> 45088 | C29: =B29-B28 -> 1 | D29: =D28 -> 1069 | E29: =VLOOKUP(B29,'115+740'!B30:AB131,3,FALSE) -> 1588 | F29: =D29+E29 -> 2657 | G29: =VLOOKUP(B29,'115+740'!$B$15:$AB$115,20,FALSE) -> 84 | H29: =VLOOKUP(B29,'115+740'!$B$15:$AB$115,4,FALSE) -> 633 | I29: =F29-H29 -> 2024 | J29: =VLOOKUP(B29,'115+740'!$B$15:$AB$115,13,FALSE) -> 24 | K29: ='115+740'!Q30 -> 0 | L29: =+K29+L28 -> 16 | M29: =VLOOKUP(B29,'115+740'!$B$14:$AB$115,21,FALSE) -> 86 | N29: =VLOOKUP(B29,'115+740'!$B$15:$AB$115,5,FALSE) -> 681 | O29: =F29-N29 -> 1976 | P29: =VLOOKUP(B29,'115+740'!$B$15:$AB$115,14,FALSE) -> -24 | Q29: ='115+740'!R30 -> 1 | R29: =+Q29+R28 -> 14 | S29: =VLOOKUP(B29,'115+740'!$B$14:$AB$115,22,FALSE) -> 81 | T29: =VLOOKUP(B29,'115+740'!$B$15:$AB$115,6,FALSE) -> 716 | U29: =F29-T29 -> 1941 | V29: =VLOOKUP(B29,'115+740'!$B$15:$AB$115,15,FALSE) -> -59 | W29: ='115+740'!S30 -> 0 | X29: =+W29+X28 -> 19 | Y29: =S29-S28 -> 0 | Z29: =IF(Y29>0,Y29,0)/1000 -> 0 | AA29: =AA28+Z29 -> 0.131 | AB29: =(M29-$M$13-R29)/1000 -> 0.082
B30: ='115+740'!B31 -> 45089 | C30: =B30-B29 -> 1 | D30: =D29 -> 1069 | E30: =VLOOKUP(B30,'115+740'!B31:AB132,3,FALSE) -> 1586 | F30: =D30+E30 -> 2655 | G30: =VLOOKUP(B30,'115+740'!$B$15:$AB$115,20,FALSE) -> 376 | H30: =VLOOKUP(B30,'115+740'!$B$15:$AB$115,4,FALSE) -> 639 | I30: =F30-H30 -> 2016 | J30: =VLOOKUP(B30,'115+740'!$B$15:$AB$115,13,FALSE) -> 16 | K30: ='115+740'!Q31 -> 8 | L30: =+K30+L29 -> 24 | M30: =VLOOKUP(B30,'115+740'!$B$14:$AB$115,21,FALSE) -> 380 | N30: =VLOOKUP(B30,'115+740'!$B$15:$AB$115,5,FALSE) -> 685 | O30: =F30-N30 -> 1970 | P30: =VLOOKUP(B30,'115+740'!$B$15:$AB$115,14,FALSE) -> -30 | Q30: ='115+740'!R31 -> 6 | R30: =+Q30+R29 -> 20 | S30: =VLOOKUP(B30,'115+740'!$B$14:$AB$115,22,FALSE) -> 374 | T30: =VLOOKUP(B30,'115+740'!$B$15:$AB$115,6,FALSE) -> 721 | U30: =F30-T30 -> 1934 | V30: =VLOOKUP(B30,'115+740'!$B$15:$AB$115,15,FALSE) -> -66 | W30: ='115+740'!S31 -> 7 | X30: =+W30+X29 -> 26 | Y30: =S30-S29 -> 293 | Z30: =IF(Y30>0,Y30,0)/1000 -> 0.293 | AA30: =AA29+Z30 -> 0.424 | AB30: =(M30-$M$13-R30)/1000 -> 0.37
B31: ='115+740'!B32 -> 45090 | C31: =B31-B30 -> 1 | D31: =D30 -> 1069 | E31: =VLOOKUP(B31,'115+740'!B32:AB133,3,FALSE) -> 1584 | F31: =D31+E31 -> 2653 | G31: =VLOOKUP(B31,'115+740'!$B$15:$AB$115,20,FALSE) -> 367 | H31: =VLOOKUP(B31,'115+740'!$B$15:$AB$115,4,FALSE) -> 646 | I31: =F31-H31 -> 2007 | J31: =VLOOKUP(B31,'115+740'!$B$15:$AB$115,13,FALSE) -> 7 | K31: ='115+740'!Q32 -> 9 | L31: =+K31+L30 -> 33 | M31: =VLOOKUP(B31,'115+740'!$B$14:$AB$115,21,FALSE) -> 373 | N31: =VLOOKUP(B31,'115+740'!$B$15:$AB$115,5,FALSE) -> 690 | O31: =F31-N31 -> 1963 | P31: =VLOOKUP(B31,'115+740'!$B$15:$AB$115,14,FALSE) -> -37 | Q31: ='115+740'!R32 -> 7 | R31: =+Q31+R30 -> 27 | S31: =VLOOKUP(B31,'115+740'!$B$14:$AB$115,22,FALSE) -> 368 | T31: =VLOOKUP(B31,'115+740'!$B$15:$AB$115,6,FALSE) -> 725 | U31: =F31-T31 -> 1928 | V31: =VLOOKUP(B31,'115+740'!$B$15:$AB$115,15,FALSE) -> -72 | W31: ='115+740'!S32 -> 6 | X31: =+W31+X30 -> 32 | Y31: =S31-S30 -> -6 | Z31: =IF(Y31>0,Y31,0)/1000 -> 0 | AA31: =AA30+Z31 -> 0.424 | AB31: =(M31-$M$13-R31)/1000 -> 0.356
B32: ='115+740'!B33 -> 45091 | C32: =B32-B31 -> 1 | D32: =D31 -> 1069 | E32: =VLOOKUP(B32,'115+740'!B33:AB134,3,FALSE) -> 1582 | F32: =D32+E32 -> 2651 | G32: =VLOOKUP(B32,'115+740'!$B$15:$AB$115,20,FALSE) -> 360 | H32: =VLOOKUP(B32,'115+740'!$B$15:$AB$115,4,FALSE) -> 651 | I32: =F32-H32 -> 2000 | J32: =VLOOKUP(B32,'115+740'!$B$15:$AB$115,13,FALSE) -> 0 | K32: ='115+740'!Q33 -> 7 | L32: =+K32+L31 -> 40 | M32: =VLOOKUP(B32,'115+740'!$B$14:$AB$115,21,FALSE) -> 364 | N32: =VLOOKUP(B32,'115+740'!$B$15:$AB$115,5,FALSE) -> 697 | O32: =F32-N32 -> 1954 | P32: =VLOOKUP(B32,'115+740'!$B$15:$AB$115,14,FALSE) -> -46 | Q32: ='115+740'!R33 -> 9 | R32: =+Q32+R31 -> 36 | S32: =VLOOKUP(B32,'115+740'!$B$14:$AB$115,22,FALSE) -> 361 | T32: =VLOOKUP(B32,'115+740'!$B$15:$AB$115,6,FALSE) -> 730 | U32: =F32-T32 -> 1921 | V32: =VLOOKUP(B32,'115+740'!$B$15:$AB$115,15,FALSE) -> -79 | W32: ='115+740'!S33 -> 7 | X32: =+W32+X31 -> 39 | Y32: =S32-S31 -> -7 | Z32: =IF(Y32>0,Y32,0)/1000 -> 0 | AA32: =AA31+Z32 -> 0.424 | AB32: =(M32-$M$13-R32)/1000 -> 0.338
B33: ='115+740'!B34 -> 45092 | C33: =B33-B32 -> 1 | D33: =D32 -> 1069 | E33: =VLOOKUP(B33,'115+740'!B34:AB135,3,FALSE) -> 1580 | F33: =D33+E33 -> 2649 | G33: =VLOOKUP(B33,'115+740'!$B$15:$AB$115,20,FALSE) -> 351 | H33: =VLOOKUP(B33,'115+740'!$B$15:$AB$115,4,FALSE) -> 658 | I33: =F33-H33 -> 1991 | J33: =VLOOKUP(B33,'115+740'!$B$15:$AB$115,13,FALSE) -> -9 | K33: ='115+740'!Q34 -> 9 | L33: =+K33+L32 -> 49 | M33: =VLOOKUP(B33,'115+740'!$B$14:$AB$115,21,FALSE) -> 356 | N33: =VLOOKUP(B33,'115+740'!$B$15:$AB$115,5,FALSE) -> 703 | O33: =F33-N33 -> 1946 | P33: =VLOOKUP(B33,'115+740'!$B$15:$AB$115,14,FALSE) -> -54 | Q33: ='115+740'!R34 -> 8 | R33: =+Q33+R32 -> 44 | S33: =VLOOKUP(B33,'115+740'!$B$14:$AB$115,22,FALSE) -> 353 | T33: =VLOOKUP(B33,'115+740'!$B$15:$AB$115,6,FALSE) -> 736 | U33: =F33-T33 -> 1913 | V33: =VLOOKUP(B33,'115+740'!$B$15:$AB$115,15,FALSE) -> -87 | W33: ='115+740'!S34 -> 8 | X33: =+W33+X32 -> 47 | Y33: =S33-S32 -> -8 | Z33: =IF(Y33>0,Y33,0)/1000 -> 0 | AA33: =AA32+Z33 -> 0.424 | AB33: =(M33-$M$13-R33)/1000 -> 0.322
... B76: ='115+740'!B77 -> 45135 | C76: =B76-B75 -> 1 | D76: =D75 -> 1069 | E76: =VLOOKUP(B76,'115+740'!B77:AB178,3,FALSE) -> 1494 | F76: =D76+E76 -> 2563 | G76: =VLOOKUP(B76,'115+740'!$B$15:$AB$115,20,FALSE) -> 860 | H76: =VLOOKUP(B76,'115+740'!$B$15:$AB$115,4,FALSE) -> 663 | I76: =F76-H76 -> 1900 | J76: =VLOOKUP(B76,'115+740'!$B$15:$AB$115,13,FALSE) -> -100 | K76: ='115+740'!Q77 -> 0 | L76: =+K76+L75 -> 140 | M76: =VLOOKUP(B76,'115+740'!$B$14:$AB$115,21,FALSE) -> 897 | N76: =VLOOKUP(B76,'115+740'!$B$15:$AB$115,5,FALSE) -> 676 | O76: =F76-N76 -> 1887 | P76: =VLOOKUP(B76,'115+740'!$B$15:$AB$115,14,FALSE) -> -113 | Q76: ='115+740'!R77 -> 0 | R76: =+Q76+R75 -> 103 | S76: =VLOOKUP(B76,'115+740'!$B$14:$AB$115,22,FALSE) -> 874 | T76: =VLOOKUP(B76,'115+740'!$B$15:$AB$115,6,FALSE) -> 729 | U76: =F76-T76 -> 1834 | V76: =VLOOKUP(B76,'115+740'!$B$15:$AB$115,15,FALSE) -> -166 | W76: ='115+740'!S77 -> 0 | X76: =+W76+X75 -> 126 | Y76: =S76-S75 -> 0 | Z76: =IF(Y76>0,Y76,0)/1000 -> 0 | AA76: =AA75+Z76 -> 1.007 | AB76: =(M76-$M$13-R76)/1000 -> 0.804
A77: 42307 | B77: ='115+740'!B78 -> 45136 | C77: =B77-B76 -> 1 | D77: =D76 -> 1069 | E77: =VLOOKUP(B77,'115+740'!B78:AB179,3,FALSE) -> 1492 | F77: =D77+E77 -> 2561 | G77: =VLOOKUP(B77,'115+740'!$B$15:$AB$115,20,FALSE) -> 860 | H77: =VLOOKUP(B77,'115+740'!$B$15:$AB$115,4,FALSE) -> 661 | I77: =F77-H77 -> 1900 | J77: =VLOOKUP(B77,'115+740'!$B$15:$AB$115,13,FALSE) -> -100 | K77: ='115+740'!Q78 -> 0 | L77: =+K77+L76 -> 140 | M77: =VLOOKUP(B77,'115+740'!$B$14:$AB$115,21,FALSE) -> 897 | N77: =VLOOKUP(B77,'115+740'!$B$15:$AB$115,5,FALSE) -> 674 | O77: =F77-N77 -> 1887 | P77: =VLOOKUP(B77,'115+740'!$B$15:$AB$115,14,FALSE) -> -113 | Q77: ='115+740'!R78 -> 0 | R77: =+Q77+R76 -> 103 | S77: =VLOOKUP(B77,'115+740'!$B$14:$AB$115,22,FALSE) -> 874 | T77: =VLOOKUP(B77,'115+740'!$B$15:$AB$115,6,FALSE) -> 727 | U77: =F77-T77 -> 1834 | V77: =VLOOKUP(B77,'115+740'!$B$15:$AB$115,15,FALSE) -> -166 | W77: ='115+740'!S78 -> 0 | X77: =+W77+X76 -> 126 | Y77: =S77-S76 -> 0 | Z77: =IF(Y77>0,Y77,0)/1000 -> 0 | AA77: =AA76+Z77 -> 1.007 | AB77: =(M77-$M$13-R77)/1000 -> 0.804
A78: 02/11/015 | B78: ='115+740'!B79 -> 45137 | C78: =B78-B77 -> 1 | D78: =D77 -> 1069 | E78: =VLOOKUP(B78,'115+740'!B79:AB180,3,FALSE) -> 1490 | F78: =D78+E78 -> 2559 | G78: =VLOOKUP(B78,'115+740'!$B$15:$AB$115,20,FALSE) -> 860 | H78: =VLOOKUP(B78,'115+740'!$B$15:$AB$115,4,FALSE) -> 659 | I78: =F78-H78 -> 1900 | J78: =VLOOKUP(B78,'115+740'!$B$15:$AB$115,13,FALSE) -> -100 | K78: ='115+740'!Q79 -> 0 | L78: =+K78+L77 -> 140 | M78: =VLOOKUP(B78,'115+740'!$B$14:$AB$115,21,FALSE) -> 897 | N78: =VLOOKUP(B78,'115+740'!$B$15:$AB$115,5,FALSE) -> 672 | O78: =F78-N78 -> 1887 | P78: =VLOOKUP(B78,'115+740'!$B$15:$AB$115,14,FALSE) -> -113 | Q78: ='115+740'!R79 -> 0 | R78: =+Q78+R77 -> 103 | S78: =VLOOKUP(B78,'115+740'!$B$14:$AB$115,22,FALSE) -> 874 | T78: =VLOOKUP(B78,'115+740'!$B$15:$AB$115,6,FALSE) -> 725 | U78: =F78-T78 -> 1834 | V78: =VLOOKUP(B78,'115+740'!$B$15:$AB$115,15,FALSE) -> -166 | W78: ='115+740'!S79 -> 0 | X78: =+W78+X77 -> 126 | Y78: =S78-S77 -> 0 | Z78: =IF(Y78>0,Y78,0)/1000 -> 0 | AA78: =AA77+Z78 -> 1.007 | AB78: =(M78-$M$13-R78)/1000 -> 0.804
A79: 42313 | B79: ='115+740'!B80 -> 45138 | C79: =B79-B78 -> 1 | D79: =D78 -> 1069 | E79: =VLOOKUP(B79,'115+740'!B80:AB181,3,FALSE) -> 1488 | F79: =D79+E79 -> 2557 | G79: =VLOOKUP(B79,'115+740'!$B$15:$AB$115,20,FALSE) -> 860 | H79: =VLOOKUP(B79,'115+740'!$B$15:$AB$115,4,FALSE) -> 657 | I79: =F79-H79 -> 1900 | J79: =VLOOKUP(B79,'115+740'!$B$15:$AB$115,13,FALSE) -> -100 | K79: ='115+740'!Q80 -> 0 | L79: =+K79+L78 -> 140 | M79: =VLOOKUP(B79,'115+740'!$B$14:$AB$115,21,FALSE) -> 897 | N79: =VLOOKUP(B79,'115+740'!$B$15:$AB$115,5,FALSE) -> 670 | O79: =F79-N79 -> 1887 | P79: =VLOOKUP(B79,'115+740'!$B$15:$AB$115,14,FALSE) -> -113 | Q79: ='115+740'!R80 -> 0 | R79: =+Q79+R78 -> 103 | S79: =VLOOKUP(B79,'115+740'!$B$14:$AB$115,22,FALSE) -> 874 | T79: =VLOOKUP(B79,'115+740'!$B$15:$AB$115,6,FALSE) -> 723 | U79: =F79-T79 -> 1834 | V79: =VLOOKUP(B79,'115+740'!$B$15:$AB$115,15,FALSE) -> -166 | W79: ='115+740'!S80 -> 0 | X79: =+W79+X78 -> 126 | Y79: =S79-S78 -> 0 | Z79: =IF(Y79>0,Y79,0)/1000 -> 0 | AA79: =AA78+Z79 -> 1.007 | AB79: =(M79-$M$13-R79)/1000 -> 0.804
A80: 42319 | B80: ='115+740'!B81 -> 45139 | C80: =B80-B79 -> 1 | D80: =D79 -> 1069 | E80: =VLOOKUP(B80,'115+740'!B81:AB182,3,FALSE) -> 1486 | F80: =D80+E80 -> 2555 | G80: =VLOOKUP(B80,'115+740'!$B$15:$AB$115,20,FALSE) -> 860 | H80: =VLOOKUP(B80,'115+740'!$B$15:$AB$115,4,FALSE) -> 655 | I80: =F80-H80 -> 1900 | J80: =VLOOKUP(B80,'115+740'!$B$15:$AB$115,13,FALSE) -> -100 | K80: ='115+740'!Q81 -> 0 | L80: =+K80+L79 -> 140 | M80: =VLOOKUP(B80,'115+740'!$B$14:$AB$115,21,FALSE) -> 897 | N80: =VLOOKUP(B80,'115+740'!$B$15:$AB$115,5,FALSE) -> 668 | O80: =F80-N80 -> 1887 | P80: =VLOOKUP(B80,'115+740'!$B$15:$AB$115,14,FALSE) -> -113 | Q80: ='115+740'!R81 -> 0 | R80: =+Q80+R79 -> 103 | S80: =VLOOKUP(B80,'115+740'!$B$14:$AB$115,22,FALSE) -> 874 | T80: =VLOOKUP(B80,'115+740'!$B$15:$AB$115,6,FALSE) -> 721 | U80: =F80-T80 -> 1834 | V80: =VLOOKUP(B80,'115+740'!$B$15:$AB$115,15,FALSE) -> -166 | W80: ='115+740'!S81 -> 0 | X80: =+W80+X79 -> 126 | Y80: =S80-S79 -> 0 | Z80: =IF(Y80>0,Y80,0)/1000 -> 0 | AA80: =AA79+Z80 -> 1.007 | AB80: =(M80-$M$13-R80)/1000 -> 0.804
A81: 42322 | B81: ='115+740'!B82 -> 45140 | C81: =B81-B80 -> 1 | D81: =D80 -> 1069 | E81: =VLOOKUP(B81,'115+740'!B82:AB183,3,FALSE) -> 1484 | F81: =D81+E81 -> 2553 | G81: =VLOOKUP(B81,'115+740'!$B$15:$AB$115,20,FALSE) -> 860 | H81: =VLOOKUP(B81,'115+740'!$B$15:$AB$115,4,FALSE) -> 653 | I81: =F81-H81 -> 1900 | J81: =VLOOKUP(B81,'115+740'!$B$15:$AB$115,13,FALSE) -> -100 | K81: ='115+740'!Q82 -> 0 | L81: =+K81+L80 -> 140 | M81: =VLOOKUP(B81,'115+740'!$B$14:$AB$115,21,FALSE) -> 897 | N81: =VLOOKUP(B81,'115+740'!$B$15:$AB$115,5,FALSE) -> 666 | O81: =F81-N81 -> 1887 | P81: =VLOOKUP(B81,'115+740'!$B$15:$AB$115,14,FALSE) -> -113 | Q81: ='115+740'!R82 -> 0 | R81: =+Q81+R80 -> 103 | S81: =VLOOKUP(B81,'115+740'!$B$14:$AB$115,22,FALSE) -> 874 | T81: =VLOOKUP(B81,'115+740'!$B$15:$AB$115,6,FALSE) -> 719 | U81: =F81-T81 -> 1834 | V81: =VLOOKUP(B81,'115+740'!$B$15:$AB$115,15,FALSE) -> -166 | W81: ='115+740'!S82 -> 0 | X81: =+W81+X80 -> 126 | Y81: =S81-S80 -> 0 | Z81: =IF(Y81>0,Y81,0)/1000 -> 0 | AA81: =AA80+Z81 -> 1.007 | AB81: =(M81-$M$13-R81)/1000 -> 0.804
A82: 17/11/015 | B82: ='115+740'!B83 -> 45141 | C82: =B82-B81 -> 1 | D82: =D81 -> 1069 | E82: =VLOOKUP(B82,'115+740'!B83:AB184,3,FALSE) -> 1482 | F82: =D82+E82 -> 2551 | G82: =VLOOKUP(B82,'115+740'!$B$15:$AB$115,20,FALSE) -> 860 | H82: =VLOOKUP(B82,'115+740'!$B$15:$AB$115,4,FALSE) -> 651 | I82: =F82-H82 -> 1900 | J82: =VLOOKUP(B82,'115+740'!$B$15:$AB$115,13,FALSE) -> -100 | K82: ='115+740'!Q83 -> 0 | L82: =+K82+L81 -> 140 | M82: =VLOOKUP(B82,'115+740'!$B$14:$AB$115,21,FALSE) -> 897 | N82: =VLOOKUP(B82,'115+740'!$B$15:$AB$115,5,FALSE) -> 664 | O82: =F82-N82 -> 1887 | P82: =VLOOKUP(B82,'115+740'!$B$15:$AB$115,14,FALSE) -> -113 | Q82: ='115+740'!R83 -> 0 | R82: =+Q82+R81 -> 103 | S82: =VLOOKUP(B82,'115+740'!$B$14:$AB$115,22,FALSE) -> 874 | T82: =VLOOKUP(B82,'115+740'!$B$15:$AB$115,6,FALSE) -> 717 | U82: =F82-T82 -> 1834 | V82: =VLOOKUP(B82,'115+740'!$B$15:$AB$115,15,FALSE) -> -166 | W82: ='115+740'!S83 -> 0 | X82: =+W82+X81 -> 126 | Y82: =S82-S81 -> 0 | Z82: =IF(Y82>0,Y82,0)/1000 -> 0 | AA82: =AA81+Z82 -> 1.007 | AB82: =(M82-$M$13-R82)/1000 -> 0.804
A83: 42328 | B83: ='115+740'!B84 -> 45142 | C83: =B83-B82 -> 1 | D83: =D82 -> 1069 | E83: =VLOOKUP(B83,'115+740'!B84:AB185,3,FALSE) -> 1480 | F83: =D83+E83 -> 2549 | G83: =VLOOKUP(B83,'115+740'!$B$15:$AB$115,20,FALSE) -> 860 | H83: =VLOOKUP(B83,'115+740'!$B$15:$AB$115,4,FALSE) -> 649 | I83: =F83-H83 -> 1900 | J83: =VLOOKUP(B83,'115+740'!$B$15:$AB$115,13,FALSE) -> -100 | K83: ='115+740'!Q84 -> 0 | L83: =+K83+L82 -> 140 | M83: =VLOOKUP(B83,'115+740'!$B$14:$AB$115,21,FALSE) -> 897 | N83: =VLOOKUP(B83,'115+740'!$B$15:$AB$115,5,FALSE) -> 662 | O83: =F83-N83 -> 1887 | P83: =VLOOKUP(B83,'115+740'!$B$15:$AB$115,14,FALSE) -> -113 | Q83: ='115+740'!R84 -> 0 | R83: =+Q83+R82 -> 103 | S83: =VLOOKUP(B83,'115+740'!$B$14:$AB$115,22,FALSE) -> 874 | T83: =VLOOKUP(B83,'115+740'!$B$15:$AB$115,6,FALSE) -> 715 | U83: =F83-T83 -> 1834 | V83: =VLOOKUP(B83,'115+740'!$B$15:$AB$115,15,FALSE) -> -166 | W83: ='115+740'!S84 -> 0 | X83: =+W83+X82 -> 126 | Y83: =S83-S82 -> 0 | Z83: =IF(Y83>0,Y83,0)/1000 -> 0 | AA83: =AA82+Z83 -> 1.007 | AB83: =(M83-$M$13-R83)/1000 -> 0.804
A84: 42331 | B84: ='115+740'!B85 -> 45143 | C84: =B84-B83 -> 1 | D84: =D83 -> 1069 | E84: =VLOOKUP(B84,'115+740'!B85:AB186,3,FALSE) -> 1478 | F84: =D84+E84 -> 2547 | G84: =VLOOKUP(B84,'115+740'!$B$15:$AB$115,20,FALSE) -> 860 | H84: =VLOOKUP(B84,'115+740'!$B$15:$AB$115,4,FALSE) -> 647 | I84: =F84-H84 -> 1900 | J84: =VLOOKUP(B84,'115+740'!$B$15:$AB$115,13,FALSE) -> -100 | K84: ='115+740'!Q85 -> 0 | L84: =+K84+L83 -> 140 | M84: =VLOOKUP(B84,'115+740'!$B$14:$AB$115,21,FALSE) -> 897 | N84: =VLOOKUP(B84,'115+740'!$B$15:$AB$115,5,FALSE) -> 660 | O84: =F84-N84 -> 1887 | P84: =VLOOKUP(B84,'115+740'!$B$15:$AB$115,14,FALSE) -> -113 | Q84: ='115+740'!R85 -> 0 | R84: =+Q84+R83 -> 103 | S84: =VLOOKUP(B84,'115+740'!$B$14:$AB$115,22,FALSE) -> 874 | T84: =VLOOKUP(B84,'115+740'!$B$15:$AB$115,6,FALSE) -> 713 | U84: =F84-T84 -> 1834 | V84: =VLOOKUP(B84,'115+740'!$B$15:$AB$115,15,FALSE) -> -166 | W84: ='115+740'!S85 -> 0 | X84: =+W84+X83 -> 126 | Y84: =S84-S83 -> 0 | Z84: =IF(Y84>0,Y84,0)/1000 -> 0 | AA84: =AA83+Z84 -> 1.007 | AB84: =(M84-$M$13-R84)/1000 -> 0.804
A85: 26/11/015 | B85: ='115+740'!B86 -> 45144 | C85: =B85-B84 -> 1 | D85: =D84 -> 1069 | E85: =VLOOKUP(B85,'115+740'!B86:AB187,3,FALSE) -> 1476 | F85: =D85+E85 -> 2545 | G85: =VLOOKUP(B85,'115+740'!$B$15:$AB$115,20,FALSE) -> 860 | H85: =VLOOKUP(B85,'115+740'!$B$15:$AB$115,4,FALSE) -> 645 | I85: =F85-H85 -> 1900 | J85: =VLOOKUP(B85,'115+740'!$B$15:$AB$115,13,FALSE) -> -100 | K85: ='115+740'!Q86 -> 0 | L85: =+K85+L84 -> 140 | M85: =VLOOKUP(B85,'115+740'!$B$14:$AB$115,21,FALSE) -> 897 | N85: =VLOOKUP(B85,'115+740'!$B$15:$AB$115,5,FALSE) -> 658 | O85: =F85-N85 -> 1887 | P85: =VLOOKUP(B85,'115+740'!$B$15:$AB$115,14,FALSE) -> -113 | Q85: ='115+740'!R86 -> 0 | R85: =+Q85+R84 -> 103 | S85: =VLOOKUP(B85,'115+740'!$B$14:$AB$115,22,FALSE) -> 874 | T85: =VLOOKUP(B85,'115+740'!$B$15:$AB$115,6,FALSE) -> 711 | U85: =F85-T85 -> 1834 | V85: =VLOOKUP(B85,'115+740'!$B$15:$AB$115,15,FALSE) -> -166 | W85: ='115+740'!S86 -> 0 | X85: =+W85+X84 -> 126 | Y85: =S85-S84 -> 0 | Z85: =IF(Y85>0,Y85,0)/1000 -> 0 | AA85: =AA84+Z85 -> 1.007 | AB85: =(M85-$M$13-R85)/1000 -> 0.804
A86: 42337 | B86: ='115+740'!B87 -> 45145 | C86: =B86-B85 -> 1 | D86: =D85 -> 1069 | E86: =VLOOKUP(B86,'115+740'!B87:AB188,3,FALSE) -> 1474 | F86: =D86+E86 -> 2543 | G86: =VLOOKUP(B86,'115+740'!$B$15:$AB$115,20,FALSE) -> 860 | H86: =VLOOKUP(B86,'115+740'!$B$15:$AB$115,4,FALSE) -> 643 | I86: =F86-H86 -> 1900 | J86: =VLOOKUP(B86,'115+740'!$B$15:$AB$115,13,FALSE) -> -100 | K86: ='115+740'!Q87 -> 0 | L86: =+K86+L85 -> 140 | M86: =VLOOKUP(B86,'115+740'!$B$14:$AB$115,21,FALSE) -> 897 | N86: =VLOOKUP(B86,'115+740'!$B$15:$AB$115,5,FALSE) -> 656 | O86: =F86-N86 -> 1887 | P86: =VLOOKUP(B86,'115+740'!$B$15:$AB$115,14,FALSE) -> -113 | Q86: ='115+740'!R87 -> 0 | R86: =+Q86+R85 -> 103 | S86: =VLOOKUP(B86,'115+740'!$B$14:$AB$115,22,FALSE) -> 874 | T86: =VLOOKUP(B86,'115+740'!$B$15:$AB$115,6,FALSE) -> 709 | U86: =F86-T86 -> 1834 | V86: =VLOOKUP(B86,'115+740'!$B$15:$AB$115,15,FALSE) -> -166 | W86: ='115+740'!S87 -> 0 | X86: =+W86+X85 -> 126 | Y86: =S86-S85 -> 0 | Z86: =IF(Y86>0,Y86,0)/1000 -> 0 | AA86: =AA85+Z86 -> 1.007 | AB86: =(M86-$M$13-R86)/1000 -> 0.804
A87: 42340 | B87: ='115+740'!B88 -> 45146 | C87: =B87-B86 -> 1 | D87: =D86 -> 1069 | E87: =VLOOKUP(B87,'115+740'!B88:AB189,3,FALSE) -> 1472 | F87: =D87+E87 -> 2541 | G87: =VLOOKUP(B87,'115+740'!$B$15:$AB$115,20,FALSE) -> 860 | H87: =VLOOKUP(B87,'115+740'!$B$15:$AB$115,4,FALSE) -> 641 | I87: =F87-H87 -> 1900 | J87: =VLOOKUP(B87,'115+740'!$B$15:$AB$115,13,FALSE) -> -100 | K87: ='115+740'!Q88 -> 0 | L87: =+K87+L86 -> 140 | M87: =VLOOKUP(B87,'115+740'!$B$14:$AB$115,21,FALSE) -> 897 | N87: =VLOOKUP(B87,'115+740'!$B$15:$AB$115,5,FALSE) -> 654 | O87: =F87-N87 -> 1887 | P87: =VLOOKUP(B87,'115+740'!$B$15:$AB$115,14,FALSE) -> -113 | Q87: ='115+740'!R88 -> 0 | R87: =+Q87+R86 -> 103 | S87: =VLOOKUP(B87,'115+740'!$B$14:$AB$115,22,FALSE) -> 874 | T87: =VLOOKUP(B87,'115+740'!$B$15:$AB$115,6,FALSE) -> 707 | U87: =F87-T87 -> 1834 | V87: =VLOOKUP(B87,'115+740'!$B$15:$AB$115,15,FALSE) -> -166 | W87: ='115+740'!S88 -> 0 | X87: =+W87+X86 -> 126 | Y87: =S87-S86 -> 0 | Z87: =IF(Y87>0,Y87,0)/1000 -> 0 | AA87: =AA86+Z87 -> 1.007 | AB87: =(M87-$M$13-R87)/1000 -> 0.804
A88: 42343 | B88: ='115+740'!B89 -> 45147 | C88: =B88-B87 -> 1 | D88: =D87 -> 1069 | E88: =VLOOKUP(B88,'115+740'!B89:AB190,3,FALSE) -> 1470 | F88: =D88+E88 -> 2539 | G88: =VLOOKUP(B88,'115+740'!$B$15:$AB$115,20,FALSE) -> 860 | H88: =VLOOKUP(B88,'115+740'!$B$15:$AB$115,4,FALSE) -> 639 | I88: =F88-H88 -> 1900 | J88: =VLOOKUP(B88,'115+740'!$B$15:$AB$115,13,FALSE) -> -100 | K88: ='115+740'!Q89 -> 0 | L88: =+K88+L87 -> 140 | M88: =VLOOKUP(B88,'115+740'!$B$14:$AB$115,21,FALSE) -> 897 | N88: =VLOOKUP(B88,'115+740'!$B$15:$AB$115,5,FALSE) -> 652 | O88: =F88-N88 -> 1887 | P88: =VLOOKUP(B88,'115+740'!$B$15:$AB$115,14,FALSE) -> -113 | Q88: ='115+740'!R89 -> 0 | R88: =+Q88+R87 -> 103 | S88: =VLOOKUP(B88,'115+740'!$B$14:$AB$115,22,FALSE) -> 874 | T88: =VLOOKUP(B88,'115+740'!$B$15:$AB$115,6,FALSE) -> 705 | U88: =F88-T88 -> 1834 | V88: =VLOOKUP(B88,'115+740'!$B$15:$AB$115,15,FALSE) -> -166 | W88: ='115+740'!S89 -> 0 | X88: =+W88+X87 -> 126 | Y88: =S88-S87 -> 0 | Z88: =IF(Y88>0,Y88,0)/1000 -> 0 | AA88: =AA87+Z88 -> 1.007 | AB88: =(M88-$M$13-R88)/1000 -> 0.804
A89: 08/12/015 | B89: ='115+740'!B90 -> 45148 | C89: =B89-B88 -> 1 | D89: =D88 -> 1069 | E89: =VLOOKUP(B89,'115+740'!B90:AB191,3,FALSE) -> 1468 | F89: =D89+E89 -> 2537 | G89: =VLOOKUP(B89,'115+740'!$B$15:$AB$115,20,FALSE) -> 860 | H89: =VLOOKUP(B89,'115+740'!$B$15:$AB$115,4,FALSE) -> 637 | I89: =F89-H89 -> 1900 | J89: =VLOOKUP(B89,'115+740'!$B$15:$AB$115,13,FALSE) -> -100 | K89: ='115+740'!Q90 -> 0 | L89: =+K89+L88 -> 140 | M89: =VLOOKUP(B89,'115+740'!$B$14:$AB$115,21,FALSE) -> 897 | N89: =VLOOKUP(B89,'115+740'!$B$15:$AB$115,5,FALSE) -> 650 | O89: =F89-N89 -> 1887 | P89: =VLOOKUP(B89,'115+740'!$B$15:$AB$115,14,FALSE) -> -113 | Q89: ='115+740'!R90 -> 0 | R89: =+Q89+R88 -> 103 | S89: =VLOOKUP(B89,'115+740'!$B$14:$AB$115,22,FALSE) -> 874 | T89: =VLOOKUP(B89,'115+740'!$B$15:$AB$115,6,FALSE) -> 703 | U89: =F89-T89 -> 1834 | V89: =VLOOKUP(B89,'115+740'!$B$15:$AB$115,15,FALSE) -> -166 | W89: ='115+740'!S90 -> 0 | X89: =+W89+X88 -> 126 | Y89: =S89-S88 -> 0 | Z89: =IF(Y89>0,Y89,0)/1000 -> 0 | AA89: =AA88+Z89 -> 1.007 | AB89: =(M89-$M$13-R89)/1000 -> 0.804
A90: 42349 | B90: ='115+740'!B91 -> 45149 | C90: =B90-B89 -> 1 | D90: =D89 -> 1069 | E90: =VLOOKUP(B90,'115+740'!B91:AB192,3,FALSE) -> 1466 | F90: =D90+E90 -> 2535 | G90: =VLOOKUP(B90,'115+740'!$B$15:$AB$115,20,FALSE) -> 860 | H90: =VLOOKUP(B90,'115+740'!$B$15:$AB$115,4,FALSE) -> 635 | I90: =F90-H90 -> 1900 | J90: =VLOOKUP(B90,'115+740'!$B$15:$AB$115,13,FALSE) -> -100 | K90: ='115+740'!Q91 -> 0 | L90: =+K90+L89 -> 140 | M90: =VLOOKUP(B90,'115+740'!$B$14:$AB$115,21,FALSE) -> 897 | N90: =VLOOKUP(B90,'115+740'!$B$15:$AB$115,5,FALSE) -> 648 | O90: =F90-N90 -> 1887 | P90: =VLOOKUP(B90,'115+740'!$B$15:$AB$115,14,FALSE) -> -113 | Q90: ='115+740'!R91 -> 0 | R90: =+Q90+R89 -> 103 | S90: =VLOOKUP(B90,'115+740'!$B$14:$AB$115,22,FALSE) -> 874 | T90: =VLOOKUP(B90,'115+740'!$B$15:$AB$115,6,FALSE) -> 701 | U90: =F90-T90 -> 1834 | V90: =VLOOKUP(B90,'115+740'!$B$15:$AB$115,15,FALSE) -> -166 | W90: ='115+740'!S91 -> 0 | X90: =+W90+X89 -> 126 | Y90: =S90-S89 -> 0 | Z90: =IF(Y90>0,Y90,0)/1000 -> 0 | AA90: =AA89+Z90 -> 1.007 | AB90: =(M90-$M$13-R90)/1000 -> 0.804
A91: 42352 | B91: ='115+740'!B92 -> 45150 | C91: =B91-B90 -> 1 | D91: =D90 -> 1069 | E91: =VLOOKUP(B91,'115+740'!B92:AB193,3,FALSE) -> 1464 | F91: =D91+E91 -> 2533 | G91: =VLOOKUP(B91,'115+740'!$B$15:$AB$115,20,FALSE) -> 860 | H91: =VLOOKUP(B91,'115+740'!$B$15:$AB$115,4,FALSE) -> 633 | I91: =F91-H91 -> 1900 | J91: =VLOOKUP(B91,'115+740'!$B$15:$AB$115,13,FALSE) -> -100 | K91: ='115+740'!Q92 -> 0 | L91: =+K91+L90 -> 140 | M91: =VLOOKUP(B91,'115+740'!$B$14:$AB$115,21,FALSE) -> 897 | N91: =VLOOKUP(B91,'115+740'!$B$15:$AB$115,5,FALSE) -> 646 | O91: =F91-N91 -> 1887 | P91: =VLOOKUP(B91,'115+740'!$B$15:$AB$115,14,FALSE) -> -113 | Q91: ='115+740'!R92 -> 0 | R91: =+Q91+R90 -> 103 | S91: =VLOOKUP(B91,'115+740'!$B$14:$AB$115,22,FALSE) -> 874 | T91: =VLOOKUP(B91,'115+740'!$B$15:$AB$115,6,FALSE) -> 699 | U91: =F91-T91 -> 1834 | V91: =VLOOKUP(B91,'115+740'!$B$15:$AB$115,15,FALSE) -> -166 | W91: ='115+740'!S92 -> 0 | X91: =+W91+X90 -> 126 | Y91: =S91-S90 -> 0 | Z91: =IF(Y91>0,Y91,0)/1000 -> 0 | AA91: =AA90+Z91 -> 1.007 | AB91: =(M91-$M$13-R91)/1000 -> 0.804
A92: 42353 | B92: ='115+740'!B93 -> 45151 | C92: =B92-B91 -> 1 | D92: =D91 -> 1069 | E92: =VLOOKUP(B92,'115+740'!B93:AB194,3,FALSE) -> 1462 | F92: =D92+E92 -> 2531 | G92: =VLOOKUP(B92,'115+740'!$B$15:$AB$115,20,FALSE) -> 860 | H92: =VLOOKUP(B92,'115+740'!$B$15:$AB$115,4,FALSE) -> 631 | I92: =F92-H92 -> 1900 | J92: =VLOOKUP(B92,'115+740'!$B$15:$AB$115,13,FALSE) -> -100 | K92: ='115+740'!Q93 -> 0 | L92: =+K92+L91 -> 140 | M92: =VLOOKUP(B92,'115+740'!$B$14:$AB$115,21,FALSE) -> 897 | N92: =VLOOKUP(B92,'115+740'!$B$15:$AB$115,5,FALSE) -> 644 | O92: =F92-N92 -> 1887 | P92: =VLOOKUP(B92,'115+740'!$B$15:$AB$115,14,FALSE) -> -113 | Q92: ='115+740'!R93 -> 0 | R92: =+Q92+R91 -> 103 | S92: =VLOOKUP(B92,'115+740'!$B$14:$AB$115,22,FALSE) -> 874 | T92: =VLOOKUP(B92,'115+740'!$B$15:$AB$115,6,FALSE) -> 697 | U92: =F92-T92 -> 1834 | V92: =VLOOKUP(B92,'115+740'!$B$15:$AB$115,15,FALSE) -> -166 | W92: ='115+740'!S93 -> 0 | X92: =+W92+X91 -> 126 | Y92: =S92-S91 -> 0 | Z92: =IF(Y92>0,Y92,0)/1000 -> 0 | AA92: =AA91+Z92 -> 1.007 | AB92: =(M92-$M$13-R92)/1000 -> 0.804
A93: 42353 | B93: ='115+740'!B94 -> 45152 | C93: =B93-B92 -> 1 | D93: =D92 -> 1069 | E93: =VLOOKUP(B93,'115+740'!B94:AB195,3,FALSE) -> 1460 | F93: =D93+E93 -> 2529 | G93: =VLOOKUP(B93,'115+740'!$B$15:$AB$115,20,FALSE) -> 860 | H93: =VLOOKUP(B93,'115+740'!$B$15:$AB$115,4,FALSE) -> 629 | I93: =F93-H93 -> 1900 | J93: =VLOOKUP(B93,'115+740'!$B$15:$AB$115,13,FALSE) -> -100 | K93: ='115+740'!Q94 -> 0 | L93: =+K93+L92 -> 140 | M93: =VLOOKUP(B93,'115+740'!$B$14:$AB$115,21,FALSE) -> 897 | N93: =VLOOKUP(B93,'115+740'!$B$15:$AB$115,5,FALSE) -> 642 | O93: =F93-N93 -> 1887 | P93: =VLOOKUP(B93,'115+740'!$B$15:$AB$115,14,FALSE) -> -113 | Q93: ='115+740'!R94 -> 0 | R93: =+Q93+R92 -> 103 | S93: =VLOOKUP(B93,'115+740'!$B$14:$AB$115,22,FALSE) -> 874 | T93: =VLOOKUP(B93,'115+740'!$B$15:$AB$115,6,FALSE) -> 695 | U93: =F93-T93 -> 1834 | V93: =VLOOKUP(B93,'115+740'!$B$15:$AB$115,15,FALSE) -> -166 | W93: ='115+740'!S94 -> 0 | X93: =+W93+X92 -> 126 | Y93: =S93-S92 -> 0 | Z93: =IF(Y93>0,Y93,0)/1000 -> 0 | AA93: =AA92+Z93 -> 1.007 | AB93: =(M93-$M$13-R93)/1000 -> 0.804
B94: ='115+740'!B95 -> 45153 | C94: =B94-B93 -> 1 | D94: =D93 -> 1069 | E94: =VLOOKUP(B94,'115+740'!B95:AB196,3,FALSE) -> 1458 | F94: =D94+E94 -> 2527 | G94: =VLOOKUP(B94,'115+740'!$B$15:$AB$115,20,FALSE) -> 860 | H94: =VLOOKUP(B94,'115+740'!$B$15:$AB$115,4,FALSE) -> 627 | I94: =F94-H94 -> 1900 | J94: =VLOOKUP(B94,'115+740'!$B$15:$AB$115,13,FALSE) -> -100 | K94: ='115+740'!Q95 -> 0 | L94: =+K94+L93 -> 140 | M94: =VLOOKUP(B94,'115+740'!$B$14:$AB$115,21,FALSE) -> 897 | N94: =VLOOKUP(B94,'115+740'!$B$15:$AB$115,5,FALSE) -> 640 | O94: =F94-N94 -> 1887 | P94: =VLOOKUP(B94,'115+740'!$B$15:$AB$115,14,FALSE) -> -113 | Q94: ='115+740'!R95 -> 0 | R94: =+Q94+R93 -> 103 | S94: =VLOOKUP(B94,'115+740'!$B$14:$AB$115,22,FALSE) -> 874 | T94: =VLOOKUP(B94,'115+740'!$B$15:$AB$115,6,FALSE) -> 693 | U94: =F94-T94 -> 1834 | V94: =VLOOKUP(B94,'115+740'!$B$15:$AB$115,15,FALSE) -> -166 | W94: ='115+740'!S95 -> 0 | X94: =+W94+X93 -> 126 | Y94: =S94-S93 -> 0 | Z94: =IF(Y94>0,Y94,0)/1000 -> 0 | AA94: =AA93+Z94 -> 1.007 | AB94: =(M94-$M$13-R94)/1000 -> 0.804
B95: ='115+740'!B96 -> 45154 | C95: =B95-B94 -> 1 | D95: =D94 -> 1069 | E95: =VLOOKUP(B95,'115+740'!B96:AB197,3,FALSE) -> 1456 | F95: =D95+E95 -> 2525 | G95: =VLOOKUP(B95,'115+740'!$B$15:$AB$115,20,FALSE) -> 860 | H95: =VLOOKUP(B95,'115+740'!$B$15:$AB$115,4,FALSE) -> 625 | I95: =F95-H95 -> 1900 | J95: =VLOOKUP(B95,'115+740'!$B$15:$AB$115,13,FALSE) -> -100 | K95: ='115+740'!Q96 -> 0 | L95: =+K95+L94 -> 140 | M95: =VLOOKUP(B95,'115+740'!$B$14:$AB$115,21,FALSE) -> 897 | N95: =VLOOKUP(B95,'115+740'!$B$15:$AB$115,5,FALSE) -> 638 | O95: =F95-N95 -> 1887 | P95: =VLOOKUP(B95,'115+740'!$B$15:$AB$115,14,FALSE) -> -113 | Q95: ='115+740'!R96 -> 0 | R95: =+Q95+R94 -> 103 | S95: =VLOOKUP(B95,'115+740'!$B$14:$AB$115,22,FALSE) -> 874 | T95: =VLOOKUP(B95,'115+740'!$B$15:$AB$115,6,FALSE) -> 691 | U95: =F95-T95 -> 1834 | V95: =VLOOKUP(B95,'115+740'!$B$15:$AB$115,15,FALSE) -> -166 | W95: ='115+740'!S96 -> 0 | X95: =+W95+X94 -> 126 | Y95: =S95-S94 -> 0 | Z95: =IF(Y95>0,Y95,0)/1000 -> 0 | AA95: =AA94+Z95 -> 1.007 | AB95: =(M95-$M$13-R95)/1000 -> 0.804
B96: ='115+740'!B97 -> 45155 | C96: =B96-B95 -> 1 | D96: =D95 -> 1069 | E96: =VLOOKUP(B96,'115+740'!B97:AB198,3,FALSE) -> 1454 | F96: =D96+E96 -> 2523 | G96: =VLOOKUP(B96,'115+740'!$B$15:$AB$115,20,FALSE) -> 860 | H96: =VLOOKUP(B96,'115+740'!$B$15:$AB$115,4,FALSE) -> 623 | I96: =F96-H96 -> 1900 | J96: =VLOOKUP(B96,'115+740'!$B$15:$AB$115,13,FALSE) -> -100 | K96: ='115+740'!Q97 -> 0 | L96: =+K96+L95 -> 140 | M96: =VLOOKUP(B96,'115+740'!$B$14:$AB$115,21,FALSE) -> 897 | N96: =VLOOKUP(B96,'115+740'!$B$15:$AB$115,5,FALSE) -> 636 | O96: =F96-N96 -> 1887 | P96: =VLOOKUP(B96,'115+740'!$B$15:$AB$115,14,FALSE) -> -113 | Q96: ='115+740'!R97 -> 0 | R96: =+Q96+R95 -> 103 | S96: =VLOOKUP(B96,'115+740'!$B$14:$AB$115,22,FALSE) -> 874 | T96: =VLOOKUP(B96,'115+740'!$B$15:$AB$115,6,FALSE) -> 689 | U96: =F96-T96 -> 1834 | V96: =VLOOKUP(B96,'115+740'!$B$15:$AB$115,15,FALSE) -> -166 | W96: ='115+740'!S97 -> 0 | X96: =+W96+X95 -> 126 | Y96: =S96-S95 -> 0 | Z96: =IF(Y96>0,Y96,0)/1000 -> 0 | AA96: =AA95+Z96 -> 1.007 | AB96: =(M96-$M$13-R96)/1000 -> 0.804
B97: ='115+740'!B98 -> 45156 | C97: =B97-B96 -> 1 | D97: =D96 -> 1069 | E97: =VLOOKUP(B97,'115+740'!B98:AB199,3,FALSE) -> 1452 | F97: =D97+E97 -> 2521 | G97: =VLOOKUP(B97,'115+740'!$B$15:$AB$115,20,FALSE) -> 860 | H97: =VLOOKUP(B97,'115+740'!$B$15:$AB$115,4,FALSE) -> 621 | I97: =F97-H97 -> 1900 | J97: =VLOOKUP(B97,'115+740'!$B$15:$AB$115,13,FALSE) -> -100 | K97: ='115+740'!Q98 -> 0 | L97: =+K97+L96 -> 140 | M97: =VLOOKUP(B97,'115+740'!$B$14:$AB$115,21,FALSE) -> 897 | N97: =VLOOKUP(B97,'115+740'!$B$15:$AB$115,5,FALSE) -> 634 | O97: =F97-N97 -> 1887 | P97: =VLOOKUP(B97,'115+740'!$B$15:$AB$115,14,FALSE) -> -113 | Q97: ='115+740'!R98 -> 0 | R97: =+Q97+R96 -> 103 | S97: =VLOOKUP(B97,'115+740'!$B$14:$AB$115,22,FALSE) -> 874 | T97: =VLOOKUP(B97,'115+740'!$B$15:$AB$115,6,FALSE) -> 687 | U97: =F97-T97 -> 1834 | V97: =VLOOKUP(B97,'115+740'!$B$15:$AB$115,15,FALSE) -> -166 | W97: ='115+740'!S98 -> 0 | X97: =+W97+X96 -> 126 | Y97: =S97-S96 -> 0 | Z97: =IF(Y97>0,Y97,0)/1000 -> 0 | AA97: =AA96+Z97 -> 1.007 | AB97: =(M97-$M$13-R97)/1000 -> 0.804
B98: ='115+740'!B99 -> 45157 | C98: =B98-B97 -> 1 | D98: =D97 -> 1069 | E98: =VLOOKUP(B98,'115+740'!B99:AB200,3,FALSE) -> 1450 | F98: =D98+E98 -> 2519 | G98: =VLOOKUP(B98,'115+740'!$B$15:$AB$115,20,FALSE) -> 860 | H98: =VLOOKUP(B98,'115+740'!$B$15:$AB$115,4,FALSE) -> 619 | I98: =F98-H98 -> 1900 | J98: =VLOOKUP(B98,'115+740'!$B$15:$AB$115,13,FALSE) -> -100 | K98: ='115+740'!Q99 -> 0 | L98: =+K98+L97 -> 140 | M98: =VLOOKUP(B98,'115+740'!$B$14:$AB$115,21,FALSE) -> 897 | N98: =VLOOKUP(B98,'115+740'!$B$15:$AB$115,5,FALSE) -> 632 | O98: =F98-N98 -> 1887 | P98: =VLOOKUP(B98,'115+740'!$B$15:$AB$115,14,FALSE) -> -113 | Q98: ='115+740'!R99 -> 0 | R98: =+Q98+R97 -> 103 | S98: =VLOOKUP(B98,'115+740'!$B$14:$AB$115,22,FALSE) -> 874 | T98: =VLOOKUP(B98,'115+740'!$B$15:$AB$115,6,FALSE) -> 685 | U98: =F98-T98 -> 1834 | V98: =VLOOKUP(B98,'115+740'!$B$15:$AB$115,15,FALSE) -> -166 | W98: ='115+740'!S99 -> 0 | X98: =+W98+X97 -> 126 | Y98: =S98-S97 -> 0 | Z98: =IF(Y98>0,Y98,0)/1000 -> 0 | AA98: =AA97+Z98 -> 1.007 | AB98: =(M98-$M$13-R98)/1000 -> 0.804
B99: ='115+740'!B100 -> 45158 | C99: =B99-B98 -> 1 | D99: =D98 -> 1069 | E99: =VLOOKUP(B99,'115+740'!B100:AB201,3,FALSE) -> 1448 | F99: =D99+E99 -> 2517 | G99: =VLOOKUP(B99,'115+740'!$B$15:$AB$115,20,FALSE) -> 860 | H99: =VLOOKUP(B99,'115+740'!$B$15:$AB$115,4,FALSE) -> 617 | I99: =F99-H99 -> 1900 | J99: =VLOOKUP(B99,'115+740'!$B$15:$AB$115,13,FALSE) -> -100 | K99: ='115+740'!Q100 -> 0 | L99: =+K99+L98 -> 140 | M99: =VLOOKUP(B99,'115+740'!$B$14:$AB$115,21,FALSE) -> 897 | N99: =VLOOKUP(B99,'115+740'!$B$15:$AB$115,5,FALSE) -> 630 | O99: =F99-N99 -> 1887 | P99: =VLOOKUP(B99,'115+740'!$B$15:$AB$115,14,FALSE) -> -113 | Q99: ='115+740'!R100 -> 0 | R99: =+Q99+R98 -> 103 | S99: =VLOOKUP(B99,'115+740'!$B$14:$AB$115,22,FALSE) -> 874 | T99: =VLOOKUP(B99,'115+740'!$B$15:$AB$115,6,FALSE) -> 683 | U99: =F99-T99 -> 1834 | V99: =VLOOKUP(B99,'115+740'!$B$15:$AB$115,15,FALSE) -> -166 | W99: ='115+740'!S100 -> 0 | X99: =+W99+X98 -> 126 | Y99: =S99-S98 -> 0 | Z99: =IF(Y99>0,Y99,0)/1000 -> 0 | AA99: =AA98+Z99 -> 1.007 | AB99: =(M99-$M$13-R99)/1000 -> 0.804
B100: ='115+740'!B101 -> 45159 | C100: =B100-B99 -> 1 | D100: =D99 -> 1069 | E100: =VLOOKUP(B100,'115+740'!B101:AB202,3,FALSE) -> 1446 | F100: =D100+E100 -> 2515 | G100: =VLOOKUP(B100,'115+740'!$B$15:$AB$115,20,FALSE) -> 860 | H100: =VLOOKUP(B100,'115+740'!$B$15:$AB$115,4,FALSE) -> 615 | I100: =F100-H100 -> 1900 | J100: =VLOOKUP(B100,'115+740'!$B$15:$AB$115,13,FALSE) -> -100 | K100: ='115+740'!Q101 -> 0 | L100: =+K100+L99 -> 140 | M100: =VLOOKUP(B100,'115+740'!$B$14:$AB$115,21,FALSE) -> 897 | N100: =VLOOKUP(B100,'115+740'!$B$15:$AB$115,5,FALSE) -> 628 | O100: =F100-N100 -> 1887 | P100: =VLOOKUP(B100,'115+740'!$B$15:$AB$115,14,FALSE) -> -113 | Q100: ='115+740'!R101 -> 0 | R100: =+Q100+R99 -> 103 | S100: =VLOOKUP(B100,'115+740'!$B$14:$AB$115,22,FALSE) -> 874 | T100: =VLOOKUP(B100,'115+740'!$B$15:$AB$115,6,FALSE) -> 681 | U100: =F100-T100 -> 1834 | V100: =VLOOKUP(B100,'115+740'!$B$15:$AB$115,15,FALSE) -> -166 | W100: ='115+740'!S101 -> 0 | X100: =+W100+X99 -> 126 | Y100: =S100-S99 -> 0 | Z100: =IF(Y100>0,Y100,0)/1000 -> 0 | AA100: =AA99+Z100 -> 1.007 | AB100: =(M100-$M$13-R100)/1000 -> 0.804
B101: ='115+740'!B102 -> 45160 | C101: =B101-B100 -> 1 | D101: =D100 -> 1069 | E101: =VLOOKUP(B101,'115+740'!B102:AB203,3,FALSE) -> 1444 | F101: =D101+E101 -> 2513 | G101: =VLOOKUP(B101,'115+740'!$B$15:$AB$115,20,FALSE) -> 860 | H101: =VLOOKUP(B101,'115+740'!$B$15:$AB$115,4,FALSE) -> 613 | I101: =F101-H101 -> 1900 | J101: =VLOOKUP(B101,'115+740'!$B$15:$AB$115,13,FALSE) -> -100 | K101: ='115+740'!Q102 -> 0 | L101: =+K101+L100 -> 140 | M101: =VLOOKUP(B101,'115+740'!$B$14:$AB$115,21,FALSE) -> 897 | N101: =VLOOKUP(B101,'115+740'!$B$15:$AB$115,5,FALSE) -> 626 | O101: =F101-N101 -> 1887 | P101: =VLOOKUP(B101,'115+740'!$B$15:$AB$115,14,FALSE) -> -113 | Q101: ='115+740'!R102 -> 0 | R101: =+Q101+R100 -> 103 | S101: =VLOOKUP(B101,'115+740'!$B$14:$AB$115,22,FALSE) -> 874 | T101: =VLOOKUP(B101,'115+740'!$B$15:$AB$115,6,FALSE) -> 679 | U101: =F101-T101 -> 1834 | V101: =VLOOKUP(B101,'115+740'!$B$15:$AB$115,15,FALSE) -> -166 | W101: ='115+740'!S102 -> 0 | X101: =+W101+X100 -> 126 | Y101: =S101-S100 -> 0 | Z101: =IF(Y101>0,Y101,0)/1000 -> 0 | AA101: =AA100+Z101 -> 1.007 | AB101: =(M101-$M$13-R101)/1000 -> 0.804
B102: ='115+740'!B103 -> 45161 | C102: =B102-B101 -> 1 | D102: =D101 -> 1069 | E102: =VLOOKUP(B102,'115+740'!B103:AB204,3,FALSE) -> 1442 | F102: =D102+E102 -> 2511 | G102: =VLOOKUP(B102,'115+740'!$B$15:$AB$115,20,FALSE) -> 860 | H102: =VLOOKUP(B102,'115+740'!$B$15:$AB$115,4,FALSE) -> 611 | I102: =F102-H102 -> 1900 | J102: =VLOOKUP(B102,'115+740'!$B$15:$AB$115,13,FALSE) -> -100 | K102: ='115+740'!Q103 -> 0 | L102: =+K102+L101 -> 140 | M102: =VLOOKUP(B102,'115+740'!$B$14:$AB$115,21,FALSE) -> 897 | N102: =VLOOKUP(B102,'115+740'!$B$15:$AB$115,5,FALSE) -> 624 | O102: =F102-N102 -> 1887 | P102: =VLOOKUP(B102,'115+740'!$B$15:$AB$115,14,FALSE) -> -113 | Q102: ='115+740'!R103 -> 0 | R102: =+Q102+R101 -> 103 | S102: =VLOOKUP(B102,'115+740'!$B$14:$AB$115,22,FALSE) -> 874 | T102: =VLOOKUP(B102,'115+740'!$B$15:$AB$115,6,FALSE) -> 677 | U102: =F102-T102 -> 1834 | V102: =VLOOKUP(B102,'115+740'!$B$15:$AB$115,15,FALSE) -> -166 | W102: ='115+740'!S103 -> 0 | X102: =+W102+X101 -> 126 | Y102: =S102-S101 -> 0 | Z102: =IF(Y102>0,Y102,0)/1000 -> 0 | AA102: =AA101+Z102 -> 1.007 | AB102: =(M102-$M$13-R102)/1000 -> 0.804
B103: ='115+740'!B104 -> 45162 | C103: =B103-B102 -> 1 | D103: =D102 -> 1069 | E103: =VLOOKUP(B103,'115+740'!B104:AB205,3,FALSE) -> 1440 | F103: =D103+E103 -> 2509 | G103: =VLOOKUP(B103,'115+740'!$B$15:$AB$115,20,FALSE) -> 860 | H103: =VLOOKUP(B103,'115+740'!$B$15:$AB$115,4,FALSE) -> 609 | I103: =F103-H103 -> 1900 | J103: =VLOOKUP(B103,'115+740'!$B$15:$AB$115,13,FALSE) -> -100 | K103: ='115+740'!Q104 -> 0 | L103: =+K103+L102 -> 140 | M103: =VLOOKUP(B103,'115+740'!$B$14:$AB$115,21,FALSE) -> 897 | N103: =VLOOKUP(B103,'115+740'!$B$15:$AB$115,5,FALSE) -> 622 | O103: =F103-N103 -> 1887 | P103: =VLOOKUP(B103,'115+740'!$B$15:$AB$115,14,FALSE) -> -113 | Q103: ='115+740'!R104 -> 0 | R103: =+Q103+R102 -> 103 | S103: =VLOOKUP(B103,'115+740'!$B$14:$AB$115,22,FALSE) -> 874 | T103: =VLOOKUP(B103,'115+740'!$B$15:$AB$115,6,FALSE) -> 675 | U103: =F103-T103 -> 1834 | V103: =VLOOKUP(B103,'115+740'!$B$15:$AB$115,15,FALSE) -> -166 | W103: ='115+740'!S104 -> 0 | X103: =+W103+X102 -> 126 | Y103: =S103-S102 -> 0 | Z103: =IF(Y103>0,Y103,0)/1000 -> 0 | AA103: =AA102+Z103 -> 1.007 | AB103: =(M103-$M$13-R103)/1000 -> 0.804
B104: ='115+740'!B105 -> 45163 | C104: =B104-B103 -> 1 | D104: =D103 -> 1069 | E104: =VLOOKUP(B104,'115+740'!B105:AB206,3,FALSE) -> 1438 | F104: =D104+E104 -> 2507 | G104: =VLOOKUP(B104,'115+740'!$B$15:$AB$115,20,FALSE) -> 860 | H104: =VLOOKUP(B104,'115+740'!$B$15:$AB$115,4,FALSE) -> 607 | I104: =F104-H104 -> 1900 | J104: =VLOOKUP(B104,'115+740'!$B$15:$AB$115,13,FALSE) -> -100 | K104: ='115+740'!Q105 -> 0 | L104: =+K104+L103 -> 140 | M104: =VLOOKUP(B104,'115+740'!$B$14:$AB$115,21,FALSE) -> 897 | N104: =VLOOKUP(B104,'115+740'!$B$15:$AB$115,5,FALSE) -> 620 | O104: =F104-N104 -> 1887 | P104: =VLOOKUP(B104,'115+740'!$B$15:$AB$115,14,FALSE) -> -113 | Q104: ='115+740'!R105 -> 0 | R104: =+Q104+R103 -> 103 | S104: =VLOOKUP(B104,'115+740'!$B$14:$AB$115,22,FALSE) -> 874 | T104: =VLOOKUP(B104,'115+740'!$B$15:$AB$115,6,FALSE) -> 673 | U104: =F104-T104 -> 1834 | V104: =VLOOKUP(B104,'115+740'!$B$15:$AB$115,15,FALSE) -> -166 | W104: ='115+740'!S105 -> 0 | X104: =+W104+X103 -> 126 | Y104: =S104-S103 -> 0 | Z104: =IF(Y104>0,Y104,0)/1000 -> 0 | AA104: =AA103+Z104 -> 1.007 | AB104: =(M104-$M$13-R104)/1000 -> 0.804
B105: ='115+740'!B106 -> 45164 | C105: =B105-B104 -> 1 | D105: =D104 -> 1069 | E105: =VLOOKUP(B105,'115+740'!B106:AB207,3,FALSE) -> 1436 | F105: =D105+E105 -> 2505 | G105: =VLOOKUP(B105,'115+740'!$B$15:$AB$115,20,FALSE) -> 860 | H105: =VLOOKUP(B105,'115+740'!$B$15:$AB$115,4,FALSE) -> 605 | I105: =F105-H105 -> 1900 | J105: =VLOOKUP(B105,'115+740'!$B$15:$AB$115,13,FALSE) -> -100 | K105: ='115+740'!Q106 -> 0 | L105: =+K105+L104 -> 140 | M105: =VLOOKUP(B105,'115+740'!$B$14:$AB$115,21,FALSE) -> 897 | N105: =VLOOKUP(B105,'115+740'!$B$15:$AB$115,5,FALSE) -> 618 | O105: =F105-N105 -> 1887 | P105: =VLOOKUP(B105,'115+740'!$B$15:$AB$115,14,FALSE) -> -113 | Q105: ='115+740'!R106 -> 0 | R105: =+Q105+R104 -> 103 | S105: =VLOOKUP(B105,'115+740'!$B$14:$AB$115,22,FALSE) -> 874 | T105: =VLOOKUP(B105,'115+740'!$B$15:$AB$115,6,FALSE) -> 671 | U105: =F105-T105 -> 1834 | V105: =VLOOKUP(B105,'115+740'!$B$15:$AB$115,15,FALSE) -> -166 | W105: ='115+740'!S106 -> 0 | X105: =+W105+X104 -> 126 | Y105: =S105-S104 -> 0 | Z105: =IF(Y105>0,Y105,0)/1000 -> 0 | AA105: =AA104+Z105 -> 1.007 | AB105: =(M105-$M$13-R105)/1000 -> 0.804
... B114: ='115+740'!B115 -> 45173 | C114: =B114-B113 -> 1 | D114: =D113 -> 1069 | E114: =VLOOKUP(B114,'115+740'!B115:AB216,3,FALSE) -> 1418 | F114: =D114+E114 -> 2487 | G114: =VLOOKUP(B114,'115+740'!$B$15:$AB$115,20,FALSE) -> 860 | H114: =VLOOKUP(B114,'115+740'!$B$15:$AB$115,4,FALSE) -> 587 | I114: =F114-H114 -> 1900 | J114: =VLOOKUP(B114,'115+740'!$B$15:$AB$115,13,FALSE) -> -100 | K114: ='115+740'!Q115 -> 0 | L114: =+K114+L113 -> 140 | M114: =VLOOKUP(B114,'115+740'!$B$14:$AB$115,21,FALSE) -> 897 | N114: =VLOOKUP(B114,'115+740'!$B$15:$AB$115,5,FALSE) -> 600 | O114: =F114-N114 -> 1887 | P114: =VLOOKUP(B114,'115+740'!$B$15:$AB$115,14,FALSE) -> -113 | Q114: ='115+740'!R115 -> 0 | R114: =+Q114+R113 -> 103 | S114: =VLOOKUP(B114,'115+740'!$B$14:$AB$115,22,FALSE) -> 874 | T114: =VLOOKUP(B114,'115+740'!$B$15:$AB$115,6,FALSE) -> 653 | U114: =F114-T114 -> 1834 | V114: =VLOOKUP(B114,'115+740'!$B$15:$AB$115,15,FALSE) -> -166 | W114: ='115+740'!S115 -> 0 | X114: =+W114+X113 -> 126 | Y114: =S114-S113 -> 0 | Z114: =IF(Y114>0,Y114,0)/1000 -> 0 | AA114: =AA113+Z114 -> 1.007 | AB114: =(M114-$M$13-R114)/1000 -> 0.804
B115: ='115+740'!B116 -> 45174 | C115: =B115-B114 -> 1 | D115: =D114 -> 1069 | E115: =VLOOKUP(B115,'115+740'!B116:AB217,3,FALSE) -> 1416 | F115: =D115+E115 -> 2485 | G115: =VLOOKUP(B115,'115+740'!$B$15:$AB$757,20,FALSE) -> 860 | H115: =VLOOKUP(B115,'115+740'!$B$15:$AB$757,4,FALSE) -> 585 | I115: =F115-H115 -> 1900 | J115: =VLOOKUP(B115,'115+740'!$B$15:$AB$757,13,FALSE) -> -100 | K115: ='115+740'!Q116 -> 0 | L115: =+K115+L114 -> 140 | M115: =VLOOKUP(B115,'115+740'!$B$14:$AB$757,21,FALSE) -> 897 | N115: =VLOOKUP(B115,'115+740'!$B$15:$AB$757,5,FALSE) -> 598 | O115: =F115-N115 -> 1887 | P115: =VLOOKUP(B115,'115+740'!$B$15:$AB$757,14,FALSE) -> -113 | Q115: ='115+740'!R116 -> 0 | R115: =+Q115+R114 -> 103 | S115: =VLOOKUP(B115,'115+740'!$B$14:$AB$757,22,FALSE) -> 874 | T115: =VLOOKUP(B115,'115+740'!$B$15:$AB$757,6,FALSE) -> 651 | U115: =F115-T115 -> 1834 | V115: =VLOOKUP(B115,'115+740'!$B$15:$AB$757,15,FALSE) -> -166 | W115: ='115+740'!S116 -> 0 | X115: =+W115+X114 -> 126 | Y115: =S115-S114 -> 0 | Z115: =IF(Y115>0,Y115,0)/1000 -> 0 | AA115: =AA114+Z115 -> 1.007 | AB115: =(M115-$M$13-R115)/1000 -> 0.804
B116: ='115+740'!B117 -> 45175 | C116: =B116-B115 -> 1 | D116: =D115 -> 1069 | E116: =VLOOKUP(B116,'115+740'!B117:AB218,3,FALSE) -> 1414 | F116: =D116+E116 -> 2483 | G116: =VLOOKUP(B116,'115+740'!$B$15:$AB$757,20,FALSE) -> 860 | H116: =VLOOKUP(B116,'115+740'!$B$15:$AB$757,4,FALSE) -> 583 | I116: =F116-H116 -> 1900 | J116: =VLOOKUP(B116,'115+740'!$B$15:$AB$757,13,FALSE) -> -100 | K116: ='115+740'!Q117 -> 0 | L116: =+K116+L115 -> 140 | M116: =VLOOKUP(B116,'115+740'!$B$14:$AB$757,21,FALSE) -> 897 | N116: =VLOOKUP(B116,'115+740'!$B$15:$AB$757,5,FALSE) -> 596 | O116: =F116-N116 -> 1887 | P116: =VLOOKUP(B116,'115+740'!$B$15:$AB$757,14,FALSE) -> -113 | Q116: ='115+740'!R117 -> 0 | R116: =+Q116+R115 -> 103 | S116: =VLOOKUP(B116,'115+740'!$B$14:$AB$757,22,FALSE) -> 874 | T116: =VLOOKUP(B116,'115+740'!$B$15:$AB$757,6,FALSE) -> 649 | U116: =F116-T116 -> 1834 | V116: =VLOOKUP(B116,'115+740'!$B$15:$AB$757,15,FALSE) -> -166 | W116: ='115+740'!S117 -> 0 | X116: =+W116+X115 -> 126 | Y116: =S116-S115 -> 0 | Z116: =IF(Y116>0,Y116,0)/1000 -> 0 | AA116: =AA115+Z116 -> 1.007 | AB116: =(M116-$M$13-R116)/1000 -> 0.804
B117: ='115+740'!B118 -> 45176 | C117: =B117-B116 -> 1 | D117: =D116 -> 1069 | E117: =VLOOKUP(B117,'115+740'!B118:AB219,3,FALSE) -> 1412 | F117: =D117+E117 -> 2481 | G117: =VLOOKUP(B117,'115+740'!$B$15:$AB$757,20,FALSE) -> 860 | H117: =VLOOKUP(B117,'115+740'!$B$15:$AB$757,4,FALSE) -> 581 | I117: =F117-H117 -> 1900 | J117: =VLOOKUP(B117,'115+740'!$B$15:$AB$757,13,FALSE) -> -100 | K117: ='115+740'!Q118 -> 0 | L117: =+K117+L116 -> 140 | M117: =VLOOKUP(B117,'115+740'!$B$14:$AB$757,21,FALSE) -> 897 | N117: =VLOOKUP(B117,'115+740'!$B$15:$AB$757,5,FALSE) -> 594 | O117: =F117-N117 -> 1887 | P117: =VLOOKUP(B117,'115+740'!$B$15:$AB$757,14,FALSE) -> -113 | Q117: ='115+740'!R118 -> 0 | R117: =+Q117+R116 -> 103 | S117: =VLOOKUP(B117,'115+740'!$B$14:$AB$757,22,FALSE) -> 874 | T117: =VLOOKUP(B117,'115+740'!$B$15:$AB$757,6,FALSE) -> 647 | U117: =F117-T117 -> 1834 | V117: =VLOOKUP(B117,'115+740'!$B$15:$AB$757,15,FALSE) -> -166 | W117: ='115+740'!S118 -> 0 | X117: =+W117+X116 -> 126 | Y117: =S117-S116 -> 0 | Z117: =IF(Y117>0,Y117,0)/1000 -> 0 | AA117: =AA116+Z117 -> 1.007 | AB117: =(M117-$M$13-R117)/1000 -> 0.804
B118: ='115+740'!B119 -> 45177 | C118: =B118-B117 -> 1 | D118: =D117 -> 1069 | E118: =VLOOKUP(B118,'115+740'!B119:AB220,3,FALSE) -> 1410 | F118: =D118+E118 -> 2479 | G118: =VLOOKUP(B118,'115+740'!$B$15:$AB$757,20,FALSE) -> 860 | H118: =VLOOKUP(B118,'115+740'!$B$15:$AB$757,4,FALSE) -> 579 | I118: =F118-H118 -> 1900 | J118: =VLOOKUP(B118,'115+740'!$B$15:$AB$757,13,FALSE) -> -100 | K118: ='115+740'!Q119 -> 0 | L118: =+K118+L117 -> 140 | M118: =VLOOKUP(B118,'115+740'!$B$14:$AB$757,21,FALSE) -> 897 | N118: =VLOOKUP(B118,'115+740'!$B$15:$AB$757,5,FALSE) -> 592 | O118: =F118-N118 -> 1887 | P118: =VLOOKUP(B118,'115+740'!$B$15:$AB$757,14,FALSE) -> -113 | Q118: ='115+740'!R119 -> 0 | R118: =+Q118+R117 -> 103 | S118: =VLOOKUP(B118,'115+740'!$B$14:$AB$757,22,FALSE) -> 874 | T118: =VLOOKUP(B118,'115+740'!$B$15:$AB$757,6,FALSE) -> 645 | U118: =F118-T118 -> 1834 | V118: =VLOOKUP(B118,'115+740'!$B$15:$AB$757,15,FALSE) -> -166 | W118: ='115+740'!S119 -> 0 | X118: =+W118+X117 -> 126 | Y118: =S118-S117 -> 0 | Z118: =IF(Y118>0,Y118,0)/1000 -> 0 | AA118: =AA117+Z118 -> 1.007 | AB118: =(M118-$M$13-R118)/1000 -> 0.804
B119: ='115+740'!B120 -> 45178 | C119: =B119-B118 -> 1 | D119: =D118 -> 1069 | E119: =VLOOKUP(B119,'115+740'!B120:AB221,3,FALSE) -> 1408 | F119: =D119+E119 -> 2477 | G119: =VLOOKUP(B119,'115+740'!$B$15:$AB$757,20,FALSE) -> 860 | H119: =VLOOKUP(B119,'115+740'!$B$15:$AB$757,4,FALSE) -> 577 | I119: =F119-H119 -> 1900 | J119: =VLOOKUP(B119,'115+740'!$B$15:$AB$757,13,FALSE) -> -100 | K119: ='115+740'!Q120 -> 0 | L119: =+K119+L118 -> 140 | M119: =VLOOKUP(B119,'115+740'!$B$14:$AB$757,21,FALSE) -> 897 | N119: =VLOOKUP(B119,'115+740'!$B$15:$AB$757,5,FALSE) -> 590 | O119: =F119-N119 -> 1887 | P119: =VLOOKUP(B119,'115+740'!$B$15:$AB$757,14,FALSE) -> -113 | Q119: ='115+740'!R120 -> 0 | R119: =+Q119+R118 -> 103 | S119: =VLOOKUP(B119,'115+740'!$B$14:$AB$757,22,FALSE) -> 874 | T119: =VLOOKUP(B119,'115+740'!$B$15:$AB$757,6,FALSE) -> 643 | U119: =F119-T119 -> 1834 | V119: =VLOOKUP(B119,'115+740'!$B$15:$AB$757,15,FALSE) -> -166 | W119: ='115+740'!S120 -> 0 | X119: =+W119+X118 -> 126 | Y119: =S119-S118 -> 0 | Z119: =IF(Y119>0,Y119,0)/1000 -> 0 | AA119: =AA118+Z119 -> 1.007 | AB119: =(M119-$M$13-R119)/1000 -> 0.804
B120: ='115+740'!B121 -> 45179 | C120: =B120-B119 -> 1 | D120: =D119 -> 1069 | E120: =VLOOKUP(B120,'115+740'!B121:AB222,3,FALSE) -> 1406 | F120: =D120+E120 -> 2475 | G120: =VLOOKUP(B120,'115+740'!$B$15:$AB$757,20,FALSE) -> 860 | H120: =VLOOKUP(B120,'115+740'!$B$15:$AB$757,4,FALSE) -> 575 | I120: =F120-H120 -> 1900 | J120: =VLOOKUP(B120,'115+740'!$B$15:$AB$757,13,FALSE) -> -100 | K120: ='115+740'!Q121 -> 0 | L120: =+K120+L119 -> 140 | M120: =VLOOKUP(B120,'115+740'!$B$14:$AB$757,21,FALSE) -> 897 | N120: =VLOOKUP(B120,'115+740'!$B$15:$AB$757,5,FALSE) -> 588 | O120: =F120-N120 -> 1887 | P120: =VLOOKUP(B120,'115+740'!$B$15:$AB$757,14,FALSE) -> -113 | Q120: ='115+740'!R121 -> 0 | R120: =+Q120+R119 -> 103 | S120: =VLOOKUP(B120,'115+740'!$B$14:$AB$757,22,FALSE) -> 874 | T120: =VLOOKUP(B120,'115+740'!$B$15:$AB$757,6,FALSE) -> 641 | U120: =F120-T120 -> 1834 | V120: =VLOOKUP(B120,'115+740'!$B$15:$AB$757,15,FALSE) -> -166 | W120: ='115+740'!S121 -> 0 | X120: =+W120+X119 -> 126 | Y120: =S120-S119 -> 0 | Z120: =IF(Y120>0,Y120,0)/1000 -> 0 | AA120: =AA119+Z120 -> 1.007 | AB120: =(M120-$M$13-R120)/1000 -> 0.804
B121: ='115+740'!B122 -> 45180 | C121: =B121-B120 -> 1 | D121: =D120 -> 1069 | E121: =VLOOKUP(B121,'115+740'!B122:AB223,3,FALSE) -> 1404 | F121: =D121+E121 -> 2473 | G121: =VLOOKUP(B121,'115+740'!$B$15:$AB$757,20,FALSE) -> 860 | H121: =VLOOKUP(B121,'115+740'!$B$15:$AB$757,4,FALSE) -> 573 | I121: =F121-H121 -> 1900 | J121: =VLOOKUP(B121,'115+740'!$B$15:$AB$757,13,FALSE) -> -100 | K121: ='115+740'!Q122 -> 0 | L121: =+K121+L120 -> 140 | M121: =VLOOKUP(B121,'115+740'!$B$14:$AB$757,21,FALSE) -> 897 | N121: =VLOOKUP(B121,'115+740'!$B$15:$AB$757,5,FALSE) -> 586 | O121: =F121-N121 -> 1887 | P121: =VLOOKUP(B121,'115+740'!$B$15:$AB$757,14,FALSE) -> -113 | Q121: ='115+740'!R122 -> 0 | R121: =+Q121+R120 -> 103 | S121: =VLOOKUP(B121,'115+740'!$B$14:$AB$757,22,FALSE) -> 874 | T121: =VLOOKUP(B121,'115+740'!$B$15:$AB$757,6,FALSE) -> 639 | U121: =F121-T121 -> 1834 | V121: =VLOOKUP(B121,'115+740'!$B$15:$AB$757,15,FALSE) -> -166 | W121: ='115+740'!S122 -> 0 | X121: =+W121+X120 -> 126 | Y121: =S121-S120 -> 0 | Z121: =IF(Y121>0,Y121,0)/1000 -> 0 | AA121: =AA120+Z121 -> 1.007 | AB121: =(M121-$M$13-R121)/1000 -> 0.804
B122: ='115+740'!B123 -> 45181 | C122: =B122-B121 -> 1 | D122: =D121 -> 1069 | E122: =VLOOKUP(B122,'115+740'!B123:AB224,3,FALSE) -> 1402 | F122: =D122+E122 -> 2471 | G122: =VLOOKUP(B122,'115+740'!$B$15:$AB$757,20,FALSE) -> 860 | H122: =VLOOKUP(B122,'115+740'!$B$15:$AB$757,4,FALSE) -> 571 | I122: =F122-H122 -> 1900 | J122: =VLOOKUP(B122,'115+740'!$B$15:$AB$757,13,FALSE) -> -100 | K122: ='115+740'!Q123 -> 0 | L122: =+K122+L121 -> 140 | M122: =VLOOKUP(B122,'115+740'!$B$14:$AB$757,21,FALSE) -> 897 | N122: =VLOOKUP(B122,'115+740'!$B$15:$AB$757,5,FALSE) -> 584 | O122: =F122-N122 -> 1887 | P122: =VLOOKUP(B122,'115+740'!$B$15:$AB$757,14,FALSE) -> -113 | Q122: ='115+740'!R123 -> 0 | R122: =+Q122+R121 -> 103 | S122: =VLOOKUP(B122,'115+740'!$B$14:$AB$757,22,FALSE) -> 874 | T122: =VLOOKUP(B122,'115+740'!$B$15:$AB$757,6,FALSE) -> 637 | U122: =F122-T122 -> 1834 | V122: =VLOOKUP(B122,'115+740'!$B$15:$AB$757,15,FALSE) -> -166 | W122: ='115+740'!S123 -> 0 | X122: =+W122+X121 -> 126 | Y122: =S122-S121 -> 0 | Z122: =IF(Y122>0,Y122,0)/1000 -> 0 | AA122: =AA121+Z122 -> 1.007 | AB122: =(M122-$M$13-R122)/1000 -> 0.804
B123: ='115+740'!B124 -> 45182 | C123: =B123-B122 -> 1 | D123: =D122 -> 1069 | E123: =VLOOKUP(B123,'115+740'!B124:AB225,3,FALSE) -> 1400 | F123: =D123+E123 -> 2469 | G123: =VLOOKUP(B123,'115+740'!$B$15:$AB$757,20,FALSE) -> 860 | H123: =VLOOKUP(B123,'115+740'!$B$15:$AB$757,4,FALSE) -> 569 | I123: =F123-H123 -> 1900 | J123: =VLOOKUP(B123,'115+740'!$B$15:$AB$757,13,FALSE) -> -100 | K123: ='115+740'!Q124 -> 0 | L123: =+K123+L122 -> 140 | M123: =VLOOKUP(B123,'115+740'!$B$14:$AB$757,21,FALSE) -> 897 | N123: =VLOOKUP(B123,'115+740'!$B$15:$AB$757,5,FALSE) -> 582 | O123: =F123-N123 -> 1887 | P123: =VLOOKUP(B123,'115+740'!$B$15:$AB$757,14,FALSE) -> -113 | Q123: ='115+740'!R124 -> 0 | R123: =+Q123+R122 -> 103 | S123: =VLOOKUP(B123,'115+740'!$B$14:$AB$757,22,FALSE) -> 874 | T123: =VLOOKUP(B123,'115+740'!$B$15:$AB$757,6,FALSE) -> 635 | U123: =F123-T123 -> 1834 | V123: =VLOOKUP(B123,'115+740'!$B$15:$AB$757,15,FALSE) -> -166 | W123: ='115+740'!S124 -> 0 | X123: =+W123+X122 -> 126 | Y123: =S123-S122 -> 0 | Z123: =IF(Y123>0,Y123,0)/1000 -> 0 | AA123: =AA122+Z123 -> 1.007 | AB123: =(M123-$M$13-R123)/1000 -> 0.804
B124: ='115+740'!B125 -> 45183 | C124: =B124-B123 -> 1 | D124: =D123 -> 1069 | E124: =VLOOKUP(B124,'115+740'!B125:AB226,3,FALSE) -> 1398 | F124: =D124+E124 -> 2467 | G124: =VLOOKUP(B124,'115+740'!$B$15:$AB$757,20,FALSE) -> 860 | H124: =VLOOKUP(B124,'115+740'!$B$15:$AB$757,4,FALSE) -> 567 | I124: =F124-H124 -> 1900 | J124: =VLOOKUP(B124,'115+740'!$B$15:$AB$757,13,FALSE) -> -100 | K124: ='115+740'!Q125 -> 0 | L124: =+K124+L123 -> 140 | M124: =VLOOKUP(B124,'115+740'!$B$14:$AB$757,21,FALSE) -> 897 | N124: =VLOOKUP(B124,'115+740'!$B$15:$AB$757,5,FALSE) -> 580 | O124: =F124-N124 -> 1887 | P124: =VLOOKUP(B124,'115+740'!$B$15:$AB$757,14,FALSE) -> -113 | Q124: ='115+740'!R125 -> 0 | R124: =+Q124+R123 -> 103 | S124: =VLOOKUP(B124,'115+740'!$B$14:$AB$757,22,FALSE) -> 874 | T124: =VLOOKUP(B124,'115+740'!$B$15:$AB$757,6,FALSE) -> 633 | U124: =F124-T124 -> 1834 | V124: =VLOOKUP(B124,'115+740'!$B$15:$AB$757,15,FALSE) -> -166 | W124: ='115+740'!S125 -> 0 | X124: =+W124+X123 -> 126 | Y124: =S124-S123 -> 0 | Z124: =IF(Y124>0,Y124,0)/1000 -> 0 | AA124: =AA123+Z124 -> 1.007 | AB124: =(M124-$M$13-R124)/1000 -> 0.804
B125: ='115+740'!B126 -> 45184 | C125: =B125-B124 -> 1 | D125: =D124 -> 1069 | E125: =VLOOKUP(B125,'115+740'!B126:AB227,3,FALSE) -> 1396 | F125: =D125+E125 -> 2465 | G125: =VLOOKUP(B125,'115+740'!$B$15:$AB$757,20,FALSE) -> 860 | H125: =VLOOKUP(B125,'115+740'!$B$15:$AB$757,4,FALSE) -> 565 | I125: =F125-H125 -> 1900 | J125: =VLOOKUP(B125,'115+740'!$B$15:$AB$757,13,FALSE) -> -100 | K125: ='115+740'!Q126 -> 0 | L125: =+K125+L124 -> 140 | M125: =VLOOKUP(B125,'115+740'!$B$14:$AB$757,21,FALSE) -> 897 | N125: =VLOOKUP(B125,'115+740'!$B$15:$AB$757,5,FALSE) -> 578 | O125: =F125-N125 -> 1887 | P125: =VLOOKUP(B125,'115+740'!$B$15:$AB$757,14,FALSE) -> -113 | Q125: ='115+740'!R126 -> 0 | R125: =+Q125+R124 -> 103 | S125: =VLOOKUP(B125,'115+740'!$B$14:$AB$757,22,FALSE) -> 874 | T125: =VLOOKUP(B125,'115+740'!$B$15:$AB$757,6,FALSE) -> 631 | U125: =F125-T125 -> 1834 | V125: =VLOOKUP(B125,'115+740'!$B$15:$AB$757,15,FALSE) -> -166 | W125: ='115+740'!S126 -> 0 | X125: =+W125+X124 -> 126 | Y125: =S125-S124 -> 0 | Z125: =IF(Y125>0,Y125,0)/1000 -> 0 | AA125: =AA124+Z125 -> 1.007 | AB125: =(M125-$M$13-R125)/1000 -> 0.804
B126: ='115+740'!B127 -> 45185 | C126: =B126-B125 -> 1 | D126: =D125 -> 1069 | E126: =VLOOKUP(B126,'115+740'!B127:AB228,3,FALSE) -> 1398 | F126: =D126+E126 -> 2467 | G126: =VLOOKUP(B126,'115+740'!$B$15:$AB$757,20,FALSE) -> 860 | H126: =VLOOKUP(B126,'115+740'!$B$15:$AB$757,4,FALSE) -> 567 | I126: =F126-H126 -> 1900 | J126: =VLOOKUP(B126,'115+740'!$B$15:$AB$757,13,FALSE) -> -100 | K126: ='115+740'!Q127 -> 0 | L126: =+K126+L125 -> 140 | M126: =VLOOKUP(B126,'115+740'!$B$14:$AB$757,21,FALSE) -> 897 | N126: =VLOOKUP(B126,'115+740'!$B$15:$AB$757,5,FALSE) -> 580 | O126: =F126-N126 -> 1887 | P126: =VLOOKUP(B126,'115+740'!$B$15:$AB$757,14,FALSE) -> -113 | Q126: ='115+740'!R127 -> 0 | R126: =+Q126+R125 -> 103 | S126: =VLOOKUP(B126,'115+740'!$B$14:$AB$757,22,FALSE) -> 874 | T126: =VLOOKUP(B126,'115+740'!$B$15:$AB$757,6,FALSE) -> 633 | U126: =F126-T126 -> 1834 | V126: =VLOOKUP(B126,'115+740'!$B$15:$AB$757,15,FALSE) -> -166 | W126: ='115+740'!S127 -> 0 | X126: =+W126+X125 -> 126 | Y126: =S126-S125 -> 0 | Z126: =IF(Y126>0,Y126,0)/1000 -> 0 | AA126: =AA125+Z126 -> 1.007 | AB126: =(M126-$M$13-R126)/1000 -> 0.804
... B350: ='115+740'!B351 -> 45409 | C350: =B350-B349 -> 1 | D350: =D349 -> 1069 | E350: =VLOOKUP(B350,'115+740'!B351:AB452,3,FALSE) -> 1846 | F350: =D350+E350 -> 2915 | G350: =VLOOKUP(B350,'115+740'!$B$15:$AB$757,20,FALSE) -> 2245 | H350: =VLOOKUP(B350,'115+740'!$B$15:$AB$757,4,FALSE) -> 130 | I350: =F350-H350 -> 2785 | J350: =VLOOKUP(B350,'115+740'!$B$15:$AB$757,13,FALSE) -> -215 | K350: ='115+740'!Q351 -> 0 | L350: =+K350+L349 -> 255 | M350: =VLOOKUP(B350,'115+740'!$B$14:$AB$757,21,FALSE) -> 2263 | N350: =VLOOKUP(B350,'115+740'!$B$15:$AB$757,5,FALSE) -> 162 | O350: =F350-N350 -> 2753 | P350: =VLOOKUP(B350,'115+740'!$B$15:$AB$757,14,FALSE) -> -247 | Q350: ='115+740'!R351 -> 0 | R350: =+Q350+R349 -> 237 | S350: =VLOOKUP(B350,'115+740'!$B$14:$AB$757,22,FALSE) -> 2276 | T350: =VLOOKUP(B350,'115+740'!$B$15:$AB$757,6,FALSE) -> 179 | U350: =F350-T350 -> 2736 | V350: =VLOOKUP(B350,'115+740'!$B$15:$AB$757,15,FALSE) -> -264 | W350: ='115+740'!S351 -> 0 | X350: =+W350+X349 -> 224 | Y350: =S350-S349 -> 0 | Z350: =IF(Y350>0,Y350,0)/1000 -> 0 | AA350: =AA349+Z350 -> 2.468 | AB350: =(M350-$M$13-R350)/1000 -> 2.036
B351: ='115+740'!B352 -> 45410 | C351: =B351-B350 -> 1 | D351: =D350 -> 1069 | E351: =VLOOKUP(B351,'115+740'!B352:AB452,3,FALSE) -> 1848 | F351: =D351+E351 -> 2917 | G351: =VLOOKUP(B351,'115+740'!$B$15:$AB$757,20,FALSE) -> 2245 | H351: =VLOOKUP(B351,'115+740'!$B$15:$AB$757,4,FALSE) -> 132 | I351: =F351-H351 -> 2785 | J351: =VLOOKUP(B351,'115+740'!$B$15:$AB$757,13,FALSE) -> -215 | K351: ='115+740'!Q352 -> 0 | L351: =+K351+L350 -> 255 | M351: =VLOOKUP(B351,'115+740'!$B$14:$AB$757,21,FALSE) -> 2263 | N351: =VLOOKUP(B351,'115+740'!$B$15:$AB$757,5,FALSE) -> 164 | O351: =F351-N351 -> 2753 | P351: =VLOOKUP(B351,'115+740'!$B$15:$AB$757,14,FALSE) -> -247 | Q351: ='115+740'!R352 -> 0 | R351: =+Q351+R350 -> 237 | S351: =VLOOKUP(B351,'115+740'!$B$14:$AB$757,22,FALSE) -> 2276 | T351: =VLOOKUP(B351,'115+740'!$B$15:$AB$757,6,FALSE) -> 181 | U351: =F351-T351 -> 2736 | V351: =VLOOKUP(B351,'115+740'!$B$15:$AB$757,15,FALSE) -> -264 | W351: ='115+740'!S352 -> 0 | X351: =+W351+X350 -> 224 | Y351: =S351-S350 -> 0 | Z351: =IF(Y351>0,Y351,0)/1000 -> 0 | AA351: =AA350+Z351 -> 2.468 | AB351: =(M351-$M$13-R351)/1000 -> 2.036
B352: ='115+740'!B353 -> 45411 | C352: =B352-B351 -> 1 | D352: =D351 -> 1069 | E352: =VLOOKUP(B352,'115+740'!B353:AB452,3,FALSE) -> 1850 | F352: =D352+E352 -> 2919 | G352: =VLOOKUP(B352,'115+740'!$B$15:$AB$757,20,FALSE) -> 2245 | H352: =VLOOKUP(B352,'115+740'!$B$15:$AB$757,4,FALSE) -> 134 | I352: =F352-H352 -> 2785 | J352: =VLOOKUP(B352,'115+740'!$B$15:$AB$757,13,FALSE) -> -215 | K352: ='115+740'!Q353 -> 0 | L352: =+K352+L351 -> 255 | M352: =VLOOKUP(B352,'115+740'!$B$14:$AB$757,21,FALSE) -> 2263 | N352: =VLOOKUP(B352,'115+740'!$B$15:$AB$757,5,FALSE) -> 166 | O352: =F352-N352 -> 2753 | P352: =VLOOKUP(B352,'115+740'!$B$15:$AB$757,14,FALSE) -> -247 | Q352: ='115+740'!R353 -> 0 | R352: =+Q352+R351 -> 237 | S352: =VLOOKUP(B352,'115+740'!$B$14:$AB$757,22,FALSE) -> 2276 | T352: =VLOOKUP(B352,'115+740'!$B$15:$AB$757,6,FALSE) -> 183 | U352: =F352-T352 -> 2736 | V352: =VLOOKUP(B352,'115+740'!$B$15:$AB$757,15,FALSE) -> -264 | W352: ='115+740'!S353 -> 0 | X352: =+W352+X351 -> 224 | Y352: =S352-S351 -> 0 | Z352: =IF(Y352>0,Y352,0)/1000 -> 0 | AA352: =AA351+Z352 -> 2.468 | AB352: =(M352-$M$13-R352)/1000 -> 2.036
B353: ='115+740'!B354 -> 45412 | C353: =B353-B352 -> 1 | D353: =D352 -> 1069 | E353: =VLOOKUP(B353,'115+740'!B354:AB452,3,FALSE) -> 1852 | F353: =D353+E353 -> 2921 | G353: =VLOOKUP(B353,'115+740'!$B$15:$AB$757,20,FALSE) -> 2245 | H353: =VLOOKUP(B353,'115+740'!$B$15:$AB$757,4,FALSE) -> 136 | I353: =F353-H353 -> 2785 | J353: =VLOOKUP(B353,'115+740'!$B$15:$AB$757,13,FALSE) -> -215 | K353: ='115+740'!Q354 -> 0 | L353: =+K353+L352 -> 255 | M353: =VLOOKUP(B353,'115+740'!$B$14:$AB$757,21,FALSE) -> 2263 | N353: =VLOOKUP(B353,'115+740'!$B$15:$AB$757,5,FALSE) -> 168 | O353: =F353-N353 -> 2753 | P353: =VLOOKUP(B353,'115+740'!$B$15:$AB$757,14,FALSE) -> -247 | Q353: ='115+740'!R354 -> 0 | R353: =+Q353+R352 -> 237 | S353: =VLOOKUP(B353,'115+740'!$B$14:$AB$757,22,FALSE) -> 2276 | T353: =VLOOKUP(B353,'115+740'!$B$15:$AB$757,6,FALSE) -> 185 | U353: =F353-T353 -> 2736 | V353: =VLOOKUP(B353,'115+740'!$B$15:$AB$757,15,FALSE) -> -264 | W353: ='115+740'!S354 -> 0 | X353: =+W353+X352 -> 224 | Y353: =S353-S352 -> 0 | Z353: =IF(Y353>0,Y353,0)/1000 -> 0 | AA353: =AA352+Z353 -> 2.468 | AB353: =(M353-$M$13-R353)/1000 -> 2.036
B354: ='115+740'!B355 -> 45413 | C354: =B354-B353 -> 1 | D354: =D353 -> 1069 | E354: =VLOOKUP(B354,'115+740'!B355:AB452,3,FALSE) -> 1854 | F354: =D354+E354 -> 2923 | G354: =VLOOKUP(B354,'115+740'!$B$15:$AB$757,20,FALSE) -> 2245 | H354: =VLOOKUP(B354,'115+740'!$B$15:$AB$757,4,FALSE) -> 138 | I354: =F354-H354 -> 2785 | J354: =VLOOKUP(B354,'115+740'!$B$15:$AB$757,13,FALSE) -> -215 | K354: ='115+740'!Q355 -> 0 | L354: =+K354+L353 -> 255 | M354: =VLOOKUP(B354,'115+740'!$B$14:$AB$757,21,FALSE) -> 2263 | N354: =VLOOKUP(B354,'115+740'!$B$15:$AB$757,5,FALSE) -> 170 | O354: =F354-N354 -> 2753 | P354: =VLOOKUP(B354,'115+740'!$B$15:$AB$757,14,FALSE) -> -247 | Q354: ='115+740'!R355 -> 0 | R354: =+Q354+R353 -> 237 | S354: =VLOOKUP(B354,'115+740'!$B$14:$AB$757,22,FALSE) -> 2276 | T354: =VLOOKUP(B354,'115+740'!$B$15:$AB$757,6,FALSE) -> 187 | U354: =F354-T354 -> 2736 | V354: =VLOOKUP(B354,'115+740'!$B$15:$AB$757,15,FALSE) -> -264 | W354: ='115+740'!S355 -> 0 | X354: =+W354+X353 -> 224 | Y354: =S354-S353 -> 0 | Z354: =IF(Y354>0,Y354,0)/1000 -> 0 | AA354: =AA353+Z354 -> 2.468 | AB354: =(M354-$M$13-R354)/1000 -> 2.036
B355: ='115+740'!B356 -> 45414 | C355: =B355-B354 -> 1 | D355: =D354 -> 1069 | E355: =VLOOKUP(B355,'115+740'!B356:AB452,3,FALSE) -> 1856 | F355: =D355+E355 -> 2925 | G355: =VLOOKUP(B355,'115+740'!$B$15:$AB$757,20,FALSE) -> 2245 | H355: =VLOOKUP(B355,'115+740'!$B$15:$AB$757,4,FALSE) -> 140 | I355: =F355-H355 -> 2785 | J355: =VLOOKUP(B355,'115+740'!$B$15:$AB$757,13,FALSE) -> -215 | K355: ='115+740'!Q356 -> 0 | L355: =+K355+L354 -> 255 | M355: =VLOOKUP(B355,'115+740'!$B$14:$AB$757,21,FALSE) -> 2263 | N355: =VLOOKUP(B355,'115+740'!$B$15:$AB$757,5,FALSE) -> 172 | O355: =F355-N355 -> 2753 | P355: =VLOOKUP(B355,'115+740'!$B$15:$AB$757,14,FALSE) -> -247 | Q355: ='115+740'!R356 -> 0 | R355: =+Q355+R354 -> 237 | S355: =VLOOKUP(B355,'115+740'!$B$14:$AB$757,22,FALSE) -> 2276 | T355: =VLOOKUP(B355,'115+740'!$B$15:$AB$757,6,FALSE) -> 189 | U355: =F355-T355 -> 2736 | V355: =VLOOKUP(B355,'115+740'!$B$15:$AB$757,15,FALSE) -> -264 | W355: ='115+740'!S356 -> 0 | X355: =+W355+X354 -> 224 | Y355: =S355-S354 -> 0 | Z355: =IF(Y355>0,Y355,0)/1000 -> 0 | AA355: =AA354+Z355 -> 2.468 | AB355: =(M355-$M$13-R355)/1000 -> 2.036
B356: ='115+740'!B357 -> 45415 | C356: =B356-B355 -> 1 | D356: =D355 -> 1069 | E356: =VLOOKUP(B356,'115+740'!B357:AB452,3,FALSE) -> 1858 | F356: =D356+E356 -> 2927 | G356: =VLOOKUP(B356,'115+740'!$B$15:$AB$757,20,FALSE) -> 2245 | H356: =VLOOKUP(B356,'115+740'!$B$15:$AB$757,4,FALSE) -> 142 | I356: =F356-H356 -> 2785 | J356: =VLOOKUP(B356,'115+740'!$B$15:$AB$757,13,FALSE) -> -215 | K356: ='115+740'!Q357 -> 0 | L356: =+K356+L355 -> 255 | M356: =VLOOKUP(B356,'115+740'!$B$14:$AB$757,21,FALSE) -> 2263 | N356: =VLOOKUP(B356,'115+740'!$B$15:$AB$757,5,FALSE) -> 174 | O356: =F356-N356 -> 2753 | P356: =VLOOKUP(B356,'115+740'!$B$15:$AB$757,14,FALSE) -> -247 | Q356: ='115+740'!R357 -> 0 | R356: =+Q356+R355 -> 237 | S356: =VLOOKUP(B356,'115+740'!$B$14:$AB$757,22,FALSE) -> 2276 | T356: =VLOOKUP(B356,'115+740'!$B$15:$AB$757,6,FALSE) -> 191 | U356: =F356-T356 -> 2736 | V356: =VLOOKUP(B356,'115+740'!$B$15:$AB$757,15,FALSE) -> -264 | W356: ='115+740'!S357 -> 0 | X356: =+W356+X355 -> 224 | Y356: =S356-S355 -> 0 | Z356: =IF(Y356>0,Y356,0)/1000 -> 0 | AA356: =AA355+Z356 -> 2.468 | AB356: =(M356-$M$13-R356)/1000 -> 2.036
B357: ='115+740'!B358 -> 45416 | C357: =B357-B356 -> 1 | D357: =D356 -> 1069 | E357: =VLOOKUP(B357,'115+740'!B358:AB452,3,FALSE) -> 1860 | F357: =D357+E357 -> 2929 | G357: =VLOOKUP(B357,'115+740'!$B$15:$AB$757,20,FALSE) -> 2245 | H357: =VLOOKUP(B357,'115+740'!$B$15:$AB$757,4,FALSE) -> 144 | I357: =F357-H357 -> 2785 | J357: =VLOOKUP(B357,'115+740'!$B$15:$AB$757,13,FALSE) -> -215 | K357: ='115+740'!Q358 -> 0 | L357: =+K357+L356 -> 255 | M357: =VLOOKUP(B357,'115+740'!$B$14:$AB$757,21,FALSE) -> 2263 | N357: =VLOOKUP(B357,'115+740'!$B$15:$AB$757,5,FALSE) -> 176 | O357: =F357-N357 -> 2753 | P357: =VLOOKUP(B357,'115+740'!$B$15:$AB$757,14,FALSE) -> -247 | Q357: ='115+740'!R358 -> 0 | R357: =+Q357+R356 -> 237 | S357: =VLOOKUP(B357,'115+740'!$B$14:$AB$757,22,FALSE) -> 2276 | T357: =VLOOKUP(B357,'115+740'!$B$15:$AB$757,6,FALSE) -> 193 | U357: =F357-T357 -> 2736 | V357: =VLOOKUP(B357,'115+740'!$B$15:$AB$757,15,FALSE) -> -264 | W357: ='115+740'!S358 -> 0 | X357: =+W357+X356 -> 224 | Y357: =S357-S356 -> 0 | Z357: =IF(Y357>0,Y357,0)/1000 -> 0 | AA357: =AA356+Z357 -> 2.468 | AB357: =(M357-$M$13-R357)/1000 -> 2.036
B358: ='115+740'!B359 -> 45417 | C358: =B358-B357 -> 1 | D358: =D357 -> 1069 | E358: =VLOOKUP(B358,'115+740'!B359:AB452,3,FALSE) -> 1862 | F358: =D358+E358 -> 2931 | G358: =VLOOKUP(B358,'115+740'!$B$15:$AB$757,20,FALSE) -> 2245 | H358: =VLOOKUP(B358,'115+740'!$B$15:$AB$757,4,FALSE) -> 146 | I358: =F358-H358 -> 2785 | J358: =VLOOKUP(B358,'115+740'!$B$15:$AB$757,13,FALSE) -> -215 | K358: ='115+740'!Q359 -> 0 | L358: =+K358+L357 -> 255 | M358: =VLOOKUP(B358,'115+740'!$B$14:$AB$757,21,FALSE) -> 2263 | N358: =VLOOKUP(B358,'115+740'!$B$15:$AB$757,5,FALSE) -> 178 | O358: =F358-N358 -> 2753 | P358: =VLOOKUP(B358,'115+740'!$B$15:$AB$757,14,FALSE) -> -247 | Q358: ='115+740'!R359 -> 0 | R358: =+Q358+R357 -> 237 | S358: =VLOOKUP(B358,'115+740'!$B$14:$AB$757,22,FALSE) -> 2276 | T358: =VLOOKUP(B358,'115+740'!$B$15:$AB$757,6,FALSE) -> 195 | U358: =F358-T358 -> 2736 | V358: =VLOOKUP(B358,'115+740'!$B$15:$AB$757,15,FALSE) -> -264 | W358: ='115+740'!S359 -> 0 | X358: =+W358+X357 -> 224 | Y358: =S358-S357 -> 0 | Z358: =IF(Y358>0,Y358,0)/1000 -> 0 | AA358: =AA357+Z358 -> 2.468 | AB358: =(M358-$M$13-R358)/1000 -> 2.036
B359: ='115+740'!B360 -> 45418 | C359: =B359-B358 -> 1 | D359: =D358 -> 1069 | E359: =VLOOKUP(B359,'115+740'!B360:AB452,3,FALSE) -> 1864 | F359: =D359+E359 -> 2933 | G359: =VLOOKUP(B359,'115+740'!$B$15:$AB$757,20,FALSE) -> 2245 | H359: =VLOOKUP(B359,'115+740'!$B$15:$AB$757,4,FALSE) -> 148 | I359: =F359-H359 -> 2785 | J359: =VLOOKUP(B359,'115+740'!$B$15:$AB$757,13,FALSE) -> -215 | K359: ='115+740'!Q360 -> 0 | L359: =+K359+L358 -> 255 | M359: =VLOOKUP(B359,'115+740'!$B$14:$AB$757,21,FALSE) -> 2263 | N359: =VLOOKUP(B359,'115+740'!$B$15:$AB$757,5,FALSE) -> 180 | O359: =F359-N359 -> 2753 | P359: =VLOOKUP(B359,'115+740'!$B$15:$AB$757,14,FALSE) -> -247 | Q359: ='115+740'!R360 -> 0 | R359: =+Q359+R358 -> 237 | S359: =VLOOKUP(B359,'115+740'!$B$14:$AB$757,22,FALSE) -> 2276 | T359: =VLOOKUP(B359,'115+740'!$B$15:$AB$757,6,FALSE) -> 197 | U359: =F359-T359 -> 2736 | V359: =VLOOKUP(B359,'115+740'!$B$15:$AB$757,15,FALSE) -> -264 | W359: ='115+740'!S360 -> 0 | X359: =+W359+X358 -> 224 | Y359: =S359-S358 -> 0 | Z359: =IF(Y359>0,Y359,0)/1000 -> 0 | AA359: =AA358+Z359 -> 2.468 | AB359: =(M359-$M$13-R359)/1000 -> 2.036
B360: ='115+740'!B361 -> 45419 | C360: =B360-B359 -> 1 | D360: =D359 -> 1069 | E360: =VLOOKUP(B360,'115+740'!B361:AB452,3,FALSE) -> 1866 | F360: =D360+E360 -> 2935 | G360: =VLOOKUP(B360,'115+740'!$B$15:$AB$757,20,FALSE) -> 2245 | H360: =VLOOKUP(B360,'115+740'!$B$15:$AB$757,4,FALSE) -> 150 | I360: =F360-H360 -> 2785 | J360: =VLOOKUP(B360,'115+740'!$B$15:$AB$757,13,FALSE) -> -215 | K360: ='115+740'!Q361 -> 0 | L360: =+K360+L359 -> 255 | M360: =VLOOKUP(B360,'115+740'!$B$14:$AB$757,21,FALSE) -> 2263 | N360: =VLOOKUP(B360,'115+740'!$B$15:$AB$757,5,FALSE) -> 182 | O360: =F360-N360 -> 2753 | P360: =VLOOKUP(B360,'115+740'!$B$15:$AB$757,14,FALSE) -> -247 | Q360: ='115+740'!R361 -> 0 | R360: =+Q360+R359 -> 237 | S360: =VLOOKUP(B360,'115+740'!$B$14:$AB$757,22,FALSE) -> 2276 | T360: =VLOOKUP(B360,'115+740'!$B$15:$AB$757,6,FALSE) -> 199 | U360: =F360-T360 -> 2736 | V360: =VLOOKUP(B360,'115+740'!$B$15:$AB$757,15,FALSE) -> -264 | W360: ='115+740'!S361 -> 0 | X360: =+W360+X359 -> 224 | Y360: =S360-S359 -> 0 | Z360: =IF(Y360>0,Y360,0)/1000 -> 0 | AA360: =AA359+Z360 -> 2.468 | AB360: =(M360-$M$13-R360)/1000 -> 2.036
B361: ='115+740'!B362 -> 45420 | C361: =B361-B360 -> 1 | D361: =D360 -> 1069 | E361: =VLOOKUP(B361,'115+740'!B362:AB452,3,FALSE) -> 1868 | F361: =D361+E361 -> 2937 | G361: =VLOOKUP(B361,'115+740'!$B$15:$AB$757,20,FALSE) -> 2245 | H361: =VLOOKUP(B361,'115+740'!$B$15:$AB$757,4,FALSE) -> 152 | I361: =F361-H361 -> 2785 | J361: =VLOOKUP(B361,'115+740'!$B$15:$AB$757,13,FALSE) -> -215 | K361: ='115+740'!Q362 -> 0 | L361: =+K361+L360 -> 255 | M361: =VLOOKUP(B361,'115+740'!$B$14:$AB$757,21,FALSE) -> 2263 | N361: =VLOOKUP(B361,'115+740'!$B$15:$AB$757,5,FALSE) -> 184 | O361: =F361-N361 -> 2753 | P361: =VLOOKUP(B361,'115+740'!$B$15:$AB$757,14,FALSE) -> -247 | Q361: ='115+740'!R362 -> 0 | R361: =+Q361+R360 -> 237 | S361: =VLOOKUP(B361,'115+740'!$B$14:$AB$757,22,FALSE) -> 2276 | T361: =VLOOKUP(B361,'115+740'!$B$15:$AB$757,6,FALSE) -> 201 | U361: =F361-T361 -> 2736 | V361: =VLOOKUP(B361,'115+740'!$B$15:$AB$757,15,FALSE) -> -264 | W361: ='115+740'!S362 -> 0 | X361: =+W361+X360 -> 224 | Y361: =S361-S360 -> 0 | Z361: =IF(Y361>0,Y361,0)/1000 -> 0 | AA361: =AA360+Z361 -> 2.468 | AB361: =(M361-$M$13-R361)/1000 -> 2.036
B362: ='115+740'!B363 -> 45421 | C362: =B362-B361 -> 1 | D362: =D361 -> 1069 | E362: =VLOOKUP(B362,'115+740'!B363:AB452,3,FALSE) -> 1870 | F362: =D362+E362 -> 2939 | G362: =VLOOKUP(B362,'115+740'!$B$15:$AB$757,20,FALSE) -> 2245 | H362: =VLOOKUP(B362,'115+740'!$B$15:$AB$757,4,FALSE) -> -846 | I362: =F362-H362 -> 3785 | J362: =VLOOKUP(B362,'115+740'!$B$15:$AB$757,13,FALSE) -> -215 | K362: ='115+740'!Q363 -> 0 | L362: =+K362+L361 -> 255 | M362: =VLOOKUP(B362,'115+740'!$B$14:$AB$757,21,FALSE) -> 2263 | N362: =VLOOKUP(B362,'115+740'!$B$15:$AB$757,5,FALSE) -> -814 | O362: =F362-N362 -> 3753 | P362: =VLOOKUP(B362,'115+740'!$B$15:$AB$757,14,FALSE) -> -247 | Q362: ='115+740'!R363 -> 0 | R362: =+Q362+R361 -> 237 | S362: =VLOOKUP(B362,'115+740'!$B$14:$AB$757,22,FALSE) -> 2276 | T362: =VLOOKUP(B362,'115+740'!$B$15:$AB$757,6,FALSE) -> -797 | U362: =F362-T362 -> 3736 | V362: =VLOOKUP(B362,'115+740'!$B$15:$AB$757,15,FALSE) -> -264 | W362: ='115+740'!S363 -> 0 | X362: =+W362+X361 -> 224 | Y362: =S362-S361 -> 0 | Z362: =IF(Y362>0,Y362,0)/1000 -> 0 | AA362: =AA361+Z362 -> 2.468 | AB362: =(M362-$M$13-R362)/1000 -> 2.036
B363: ='115+740'!B364 -> 45422 | C363: =B363-B362 -> 1 | D363: =D362 -> 1069 | E363: =VLOOKUP(B363,'115+740'!B364:AB452,3,FALSE) -> 1872 | F363: =D363+E363 -> 2941 | G363: =VLOOKUP(B363,'115+740'!$B$15:$AB$757,20,FALSE) -> 2245 | H363: =VLOOKUP(B363,'115+740'!$B$15:$AB$757,4,FALSE) -> -844 | I363: =F363-H363 -> 3785 | J363: =VLOOKUP(B363,'115+740'!$B$15:$AB$757,13,FALSE) -> -215 | K363: ='115+740'!Q364 -> 0 | L363: =+K363+L362 -> 255 | M363: =VLOOKUP(B363,'115+740'!$B$14:$AB$757,21,FALSE) -> 2263 | N363: =VLOOKUP(B363,'115+740'!$B$15:$AB$757,5,FALSE) -> -812 | O363: =F363-N363 -> 3753 | P363: =VLOOKUP(B363,'115+740'!$B$15:$AB$757,14,FALSE) -> -247 | Q363: ='115+740'!R364 -> 0 | R363: =+Q363+R362 -> 237 | S363: =VLOOKUP(B363,'115+740'!$B$14:$AB$757,22,FALSE) -> 2276 | T363: =VLOOKUP(B363,'115+740'!$B$15:$AB$757,6,FALSE) -> -795 | U363: =F363-T363 -> 3736 | V363: =VLOOKUP(B363,'115+740'!$B$15:$AB$757,15,FALSE) -> -264 | W363: ='115+740'!S364 -> 0 | X363: =+W363+X362 -> 224 | Y363: =S363-S362 -> 0 | Z363: =IF(Y363>0,Y363,0)/1000 -> 0 | AA363: =AA362+Z363 -> 2.468 | AB363: =(M363-$M$13-R363)/1000 -> 2.036
B364: ='115+740'!B365 -> 45423 | C364: =B364-B363 -> 1 | D364: =D363 -> 1069 | E364: =VLOOKUP(B364,'115+740'!B365:AB452,3,FALSE) -> 1874 | F364: =D364+E364 -> 2943 | G364: =VLOOKUP(B364,'115+740'!$B$15:$AB$757,20,FALSE) -> 2245 | H364: =VLOOKUP(B364,'115+740'!$B$15:$AB$757,4,FALSE) -> -842 | I364: =F364-H364 -> 3785 | J364: =VLOOKUP(B364,'115+740'!$B$15:$AB$757,13,FALSE) -> -215 | K364: ='115+740'!Q365 -> 0 | L364: =+K364+L363 -> 255 | M364: =VLOOKUP(B364,'115+740'!$B$14:$AB$757,21,FALSE) -> 2263 | N364: =VLOOKUP(B364,'115+740'!$B$15:$AB$757,5,FALSE) -> -810 | O364: =F364-N364 -> 3753 | P364: =VLOOKUP(B364,'115+740'!$B$15:$AB$757,14,FALSE) -> -247 | Q364: ='115+740'!R365 -> 0 | R364: =+Q364+R363 -> 237 | S364: =VLOOKUP(B364,'115+740'!$B$14:$AB$757,22,FALSE) -> 2276 | T364: =VLOOKUP(B364,'115+740'!$B$15:$AB$757,6,FALSE) -> -793 | U364: =F364-T364 -> 3736 | V364: =VLOOKUP(B364,'115+740'!$B$15:$AB$757,15,FALSE) -> -264 | W364: ='115+740'!S365 -> 0 | X364: =+W364+X363 -> 224 | Y364: =S364-S363 -> 0 | Z364: =IF(Y364>0,Y364,0)/1000 -> 0 | AA364: =AA363+Z364 -> 2.468 | AB364: =(M364-$M$13-R364)/1000 -> 2.036
B365: ='115+740'!B366 -> 45424 | C365: =B365-B364 -> 1 | D365: =D364 -> 1069 | E365: =VLOOKUP(B365,'115+740'!B366:AB452,3,FALSE) -> 1876 | F365: =D365+E365 -> 2945 | G365: =VLOOKUP(B365,'115+740'!$B$15:$AB$757,20,FALSE) -> 2245 | H365: =VLOOKUP(B365,'115+740'!$B$15:$AB$757,4,FALSE) -> -840 | I365: =F365-H365 -> 3785 | J365: =VLOOKUP(B365,'115+740'!$B$15:$AB$757,13,FALSE) -> -215 | K365: ='115+740'!Q366 -> 0 | L365: =+K365+L364 -> 255 | M365: =VLOOKUP(B365,'115+740'!$B$14:$AB$757,21,FALSE) -> 2263 | N365: =VLOOKUP(B365,'115+740'!$B$15:$AB$757,5,FALSE) -> -808 | O365: =F365-N365 -> 3753 | P365: =VLOOKUP(B365,'115+740'!$B$15:$AB$757,14,FALSE) -> -247 | Q365: ='115+740'!R366 -> 0 | R365: =+Q365+R364 -> 237 | S365: =VLOOKUP(B365,'115+740'!$B$14:$AB$757,22,FALSE) -> 2276 | T365: =VLOOKUP(B365,'115+740'!$B$15:$AB$757,6,FALSE) -> -791 | U365: =F365-T365 -> 3736 | V365: =VLOOKUP(B365,'115+740'!$B$15:$AB$757,15,FALSE) -> -264 | W365: ='115+740'!S366 -> 0 | X365: =+W365+X364 -> 224 | Y365: =S365-S364 -> 0 | Z365: =IF(Y365>0,Y365,0)/1000 -> 0 | AA365: =AA364+Z365 -> 2.468 | AB365: =(M365-$M$13-R365)/1000 -> 2.036
B366: ='115+740'!B367 -> 45425 | C366: =B366-B365 -> 1 | D366: =D365 -> 1069 | E366: =VLOOKUP(B366,'115+740'!B367:AB452,3,FALSE) -> 1878 | F366: =D366+E366 -> 2947 | G366: =VLOOKUP(B366,'115+740'!$B$15:$AB$757,20,FALSE) -> 2245 | H366: =VLOOKUP(B366,'115+740'!$B$15:$AB$757,4,FALSE) -> -838 | I366: =F366-H366 -> 3785 | J366: =VLOOKUP(B366,'115+740'!$B$15:$AB$757,13,FALSE) -> -215 | K366: ='115+740'!Q367 -> 0 | L366: =+K366+L365 -> 255 | M366: =VLOOKUP(B366,'115+740'!$B$14:$AB$757,21,FALSE) -> 2263 | N366: =VLOOKUP(B366,'115+740'!$B$15:$AB$757,5,FALSE) -> -806 | O366: =F366-N366 -> 3753 | P366: =VLOOKUP(B366,'115+740'!$B$15:$AB$757,14,FALSE) -> -247 | Q366: ='115+740'!R367 -> 0 | R366: =+Q366+R365 -> 237 | S366: =VLOOKUP(B366,'115+740'!$B$14:$AB$757,22,FALSE) -> 2276 | T366: =VLOOKUP(B366,'115+740'!$B$15:$AB$757,6,FALSE) -> -789 | U366: =F366-T366 -> 3736 | V366: =VLOOKUP(B366,'115+740'!$B$15:$AB$757,15,FALSE) -> -264 | W366: ='115+740'!S367 -> 0 | X366: =+W366+X365 -> 224 | Y366: =S366-S365 -> 0 | Z366: =IF(Y366>0,Y366,0)/1000 -> 0 | AA366: =AA365+Z366 -> 2.468 | AB366: =(M366-$M$13-R366)/1000 -> 2.036
B367: ='115+740'!B368 -> 45426 | C367: =B367-B366 -> 1 | D367: =D366 -> 1069 | E367: =VLOOKUP(B367,'115+740'!B368:AB452,3,FALSE) -> 1880 | F367: =D367+E367 -> 2949 | G367: =VLOOKUP(B367,'115+740'!$B$15:$AB$757,20,FALSE) -> 2245 | H367: =VLOOKUP(B367,'115+740'!$B$15:$AB$757,4,FALSE) -> -836 | I367: =F367-H367 -> 3785 | J367: =VLOOKUP(B367,'115+740'!$B$15:$AB$757,13,FALSE) -> -215 | K367: ='115+740'!Q368 -> 0 | L367: =+K367+L366 -> 255 | M367: =VLOOKUP(B367,'115+740'!$B$14:$AB$757,21,FALSE) -> 2263 | N367: =VLOOKUP(B367,'115+740'!$B$15:$AB$757,5,FALSE) -> -804 | O367: =F367-N367 -> 3753 | P367: =VLOOKUP(B367,'115+740'!$B$15:$AB$757,14,FALSE) -> -247 | Q367: ='115+740'!R368 -> 0 | R367: =+Q367+R366 -> 237 | S367: =VLOOKUP(B367,'115+740'!$B$14:$AB$757,22,FALSE) -> 2276 | T367: =VLOOKUP(B367,'115+740'!$B$15:$AB$757,6,FALSE) -> -787 | U367: =F367-T367 -> 3736 | V367: =VLOOKUP(B367,'115+740'!$B$15:$AB$757,15,FALSE) -> -264 | W367: ='115+740'!S368 -> 0 | X367: =+W367+X366 -> 224 | Y367: =S367-S366 -> 0 | Z367: =IF(Y367>0,Y367,0)/1000 -> 0 | AA367: =AA366+Z367 -> 2.468 | AB367: =(M367-$M$13-R367)/1000 -> 2.036
B368: ='115+740'!B369 -> 45427 | C368: =B368-B367 -> 1 | D368: =D367 -> 1069 | E368: =VLOOKUP(B368,'115+740'!B369:AB452,3,FALSE) -> 1882 | F368: =D368+E368 -> 2951 | G368: =VLOOKUP(B368,'115+740'!$B$15:$AB$757,20,FALSE) -> 2245 | H368: =VLOOKUP(B368,'115+740'!$B$15:$AB$757,4,FALSE) -> -834 | I368: =F368-H368 -> 3785 | J368: =VLOOKUP(B368,'115+740'!$B$15:$AB$757,13,FALSE) -> -215 | K368: ='115+740'!Q369 -> 0 | L368: =+K368+L367 -> 255 | M368: =VLOOKUP(B368,'115+740'!$B$14:$AB$757,21,FALSE) -> 2263 | N368: =VLOOKUP(B368,'115+740'!$B$15:$AB$757,5,FALSE) -> -802 | O368: =F368-N368 -> 3753 | P368: =VLOOKUP(B368,'115+740'!$B$15:$AB$757,14,FALSE) -> -247 | Q368: ='115+740'!R369 -> 0 | R368: =+Q368+R367 -> 237 | S368: =VLOOKUP(B368,'115+740'!$B$14:$AB$757,22,FALSE) -> 2276 | T368: =VLOOKUP(B368,'115+740'!$B$15:$AB$757,6,FALSE) -> -785 | U368: =F368-T368 -> 3736 | V368: =VLOOKUP(B368,'115+740'!$B$15:$AB$757,15,FALSE) -> -264 | W368: ='115+740'!S369 -> 0 | X368: =+W368+X367 -> 224 | Y368: =S368-S367 -> 0 | Z368: =IF(Y368>0,Y368,0)/1000 -> 0 | AA368: =AA367+Z368 -> 2.468 | AB368: =(M368-$M$13-R368)/1000 -> 2.036
B369: ='115+740'!B370 -> 45428 | C369: =B369-B368 -> 1 | D369: =D368 -> 1069 | E369: =VLOOKUP(B369,'115+740'!B370:AB452,3,FALSE) -> 1884 | F369: =D369+E369 -> 2953 | G369: =VLOOKUP(B369,'115+740'!$B$15:$AB$757,20,FALSE) -> 2245 | H369: =VLOOKUP(B369,'115+740'!$B$15:$AB$757,4,FALSE) -> -832 | I369: =F369-H369 -> 3785 | J369: =VLOOKUP(B369,'115+740'!$B$15:$AB$757,13,FALSE) -> -215 | K369: ='115+740'!Q370 -> 0 | L369: =+K369+L368 -> 255 | M369: =VLOOKUP(B369,'115+740'!$B$14:$AB$757,21,FALSE) -> 2263 | N369: =VLOOKUP(B369,'115+740'!$B$15:$AB$757,5,FALSE) -> -800 | O369: =F369-N369 -> 3753 | P369: =VLOOKUP(B369,'115+740'!$B$15:$AB$757,14,FALSE) -> -247 | Q369: ='115+740'!R370 -> 0 | R369: =+Q369+R368 -> 237 | S369: =VLOOKUP(B369,'115+740'!$B$14:$AB$757,22,FALSE) -> 2276 | T369: =VLOOKUP(B369,'115+740'!$B$15:$AB$757,6,FALSE) -> -783 | U369: =F369-T369 -> 3736 | V369: =VLOOKUP(B369,'115+740'!$B$15:$AB$757,15,FALSE) -> -264 | W369: ='115+740'!S370 -> 0 | X369: =+W369+X368 -> 224 | Y369: =S369-S368 -> 0 | Z369: =IF(Y369>0,Y369,0)/1000 -> 0 | AA369: =AA368+Z369 -> 2.468 | AB369: =(M369-$M$13-R369)/1000 -> 2.036
B370: ='115+740'!B371 -> 45429 | C370: =B370-B369 -> 1 | D370: =D369 -> 1069 | E370: =VLOOKUP(B370,'115+740'!B371:AB452,3,FALSE) -> 1886 | F370: =D370+E370 -> 2955 | G370: =VLOOKUP(B370,'115+740'!$B$15:$AB$757,20,FALSE) -> 2245 | H370: =VLOOKUP(B370,'115+740'!$B$15:$AB$757,4,FALSE) -> -830 | I370: =F370-H370 -> 3785 | J370: =VLOOKUP(B370,'115+740'!$B$15:$AB$757,13,FALSE) -> -215 | K370: ='115+740'!Q371 -> 0 | L370: =+K370+L369 -> 255 | M370: =VLOOKUP(B370,'115+740'!$B$14:$AB$757,21,FALSE) -> 2263 | N370: =VLOOKUP(B370,'115+740'!$B$15:$AB$757,5,FALSE) -> -798 | O370: =F370-N370 -> 3753 | P370: =VLOOKUP(B370,'115+740'!$B$15:$AB$757,14,FALSE) -> -247 | Q370: ='115+740'!R371 -> 0 | R370: =+Q370+R369 -> 237 | S370: =VLOOKUP(B370,'115+740'!$B$14:$AB$757,22,FALSE) -> 2276 | T370: =VLOOKUP(B370,'115+740'!$B$15:$AB$757,6,FALSE) -> -781 | U370: =F370-T370 -> 3736 | V370: =VLOOKUP(B370,'115+740'!$B$15:$AB$757,15,FALSE) -> -264 | W370: ='115+740'!S371 -> 0 | X370: =+W370+X369 -> 224 | Y370: =S370-S369 -> 0 | Z370: =IF(Y370>0,Y370,0)/1000 -> 0 | AA370: =AA369+Z370 -> 2.468 | AB370: =(M370-$M$13-R370)/1000 -> 2.036
B371: ='115+740'!B372 -> 45430 | C371: =B371-B370 -> 1 | D371: =D370 -> 1069 | E371: =VLOOKUP(B371,'115+740'!B372:AB452,3,FALSE) -> 1888 | F371: =D371+E371 -> 2957 | G371: =VLOOKUP(B371,'115+740'!$B$15:$AB$757,20,FALSE) -> 2245 | H371: =VLOOKUP(B371,'115+740'!$B$15:$AB$757,4,FALSE) -> -828 | I371: =F371-H371 -> 3785 | J371: =VLOOKUP(B371,'115+740'!$B$15:$AB$757,13,FALSE) -> -215 | K371: ='115+740'!Q372 -> 0 | L371: =+K371+L370 -> 255 | M371: =VLOOKUP(B371,'115+740'!$B$14:$AB$757,21,FALSE) -> 2263 | N371: =VLOOKUP(B371,'115+740'!$B$15:$AB$757,5,FALSE) -> -796 | O371: =F371-N371 -> 3753 | P371: =VLOOKUP(B371,'115+740'!$B$15:$AB$757,14,FALSE) -> -247 | Q371: ='115+740'!R372 -> 0 | R371: =+Q371+R370 -> 237 | S371: =VLOOKUP(B371,'115+740'!$B$14:$AB$757,22,FALSE) -> 2276 | T371: =VLOOKUP(B371,'115+740'!$B$15:$AB$757,6,FALSE) -> -779 | U371: =F371-T371 -> 3736 | V371: =VLOOKUP(B371,'115+740'!$B$15:$AB$757,15,FALSE) -> -264 | W371: ='115+740'!S372 -> 0 | X371: =+W371+X370 -> 224 | Y371: =S371-S370 -> 0 | Z371: =IF(Y371>0,Y371,0)/1000 -> 0 | AA371: =AA370+Z371 -> 2.468 | AB371: =(M371-$M$13-R371)/1000 -> 2.036
B372: ='115+740'!B373 -> 45431 | C372: =B372-B371 -> 1 | D372: =D371 -> 1069 | E372: =VLOOKUP(B372,'115+740'!B373:AB452,3,FALSE) -> 1890 | F372: =D372+E372 -> 2959 | G372: =VLOOKUP(B372,'115+740'!$B$15:$AB$757,20,FALSE) -> 2245 | H372: =VLOOKUP(B372,'115+740'!$B$15:$AB$757,4,FALSE) -> -826 | I372: =F372-H372 -> 3785 | J372: =VLOOKUP(B372,'115+740'!$B$15:$AB$757,13,FALSE) -> -215 | K372: ='115+740'!Q373 -> 0 | L372: =+K372+L371 -> 255 | M372: =VLOOKUP(B372,'115+740'!$B$14:$AB$757,21,FALSE) -> 2263 | N372: =VLOOKUP(B372,'115+740'!$B$15:$AB$757,5,FALSE) -> -794 | O372: =F372-N372 -> 3753 | P372: =VLOOKUP(B372,'115+740'!$B$15:$AB$757,14,FALSE) -> -247 | Q372: ='115+740'!R373 -> 0 | R372: =+Q372+R371 -> 237 | S372: =VLOOKUP(B372,'115+740'!$B$14:$AB$757,22,FALSE) -> 2276 | T372: =VLOOKUP(B372,'115+740'!$B$15:$AB$757,6,FALSE) -> -777 | U372: =F372-T372 -> 3736 | V372: =VLOOKUP(B372,'115+740'!$B$15:$AB$757,15,FALSE) -> -264 | W372: ='115+740'!S373 -> 0 | X372: =+W372+X371 -> 224 | Y372: =S372-S371 -> 0 | Z372: =IF(Y372>0,Y372,0)/1000 -> 0 | AA372: =AA371+Z372 -> 2.468 | AB372: =(M372-$M$13-R372)/1000 -> 2.036
B373: ='115+740'!B374 -> 45432 | C373: =B373-B372 -> 1 | D373: =D372 -> 1069 | E373: =VLOOKUP(B373,'115+740'!B374:AB452,3,FALSE) -> 1892 | F373: =D373+E373 -> 2961 | G373: =VLOOKUP(B373,'115+740'!$B$15:$AB$757,20,FALSE) -> 2245 | H373: =VLOOKUP(B373,'115+740'!$B$15:$AB$757,4,FALSE) -> -824 | I373: =F373-H373 -> 3785 | J373: =VLOOKUP(B373,'115+740'!$B$15:$AB$757,13,FALSE) -> -215 | K373: ='115+740'!Q374 -> 0 | L373: =+K373+L372 -> 255 | M373: =VLOOKUP(B373,'115+740'!$B$14:$AB$757,21,FALSE) -> 2263 | N373: =VLOOKUP(B373,'115+740'!$B$15:$AB$757,5,FALSE) -> -792 | O373: =F373-N373 -> 3753 | P373: =VLOOKUP(B373,'115+740'!$B$15:$AB$757,14,FALSE) -> -247 | Q373: ='115+740'!R374 -> 0 | R373: =+Q373+R372 -> 237 | S373: =VLOOKUP(B373,'115+740'!$B$14:$AB$757,22,FALSE) -> 2276 | T373: =VLOOKUP(B373,'115+740'!$B$15:$AB$757,6,FALSE) -> -775 | U373: =F373-T373 -> 3736 | V373: =VLOOKUP(B373,'115+740'!$B$15:$AB$757,15,FALSE) -> -264 | W373: ='115+740'!S374 -> 0 | X373: =+W373+X372 -> 224 | Y373: =S373-S372 -> 0 | Z373: =IF(Y373>0,Y373,0)/1000 -> 0 | AA373: =AA372+Z373 -> 2.468 | AB373: =(M373-$M$13-R373)/1000 -> 2.036
B374: ='115+740'!B375 -> 45433 | C374: =B374-B373 -> 1 | D374: =D373 -> 1069 | E374: =VLOOKUP(B374,'115+740'!B375:AB452,3,FALSE) -> 1894 | F374: =D374+E374 -> 2963 | G374: =VLOOKUP(B374,'115+740'!$B$15:$AB$757,20,FALSE) -> 2245 | H374: =VLOOKUP(B374,'115+740'!$B$15:$AB$757,4,FALSE) -> -822 | I374: =F374-H374 -> 3785 | J374: =VLOOKUP(B374,'115+740'!$B$15:$AB$757,13,FALSE) -> -215 | K374: ='115+740'!Q375 -> 0 | L374: =+K374+L373 -> 255 | M374: =VLOOKUP(B374,'115+740'!$B$14:$AB$757,21,FALSE) -> 2263 | N374: =VLOOKUP(B374,'115+740'!$B$15:$AB$757,5,FALSE) -> -790 | O374: =F374-N374 -> 3753 | P374: =VLOOKUP(B374,'115+740'!$B$15:$AB$757,14,FALSE) -> -247 | Q374: ='115+740'!R375 -> 0 | R374: =+Q374+R373 -> 237 | S374: =VLOOKUP(B374,'115+740'!$B$14:$AB$757,22,FALSE) -> 2276 | T374: =VLOOKUP(B374,'115+740'!$B$15:$AB$757,6,FALSE) -> -773 | U374: =F374-T374 -> 3736 | V374: =VLOOKUP(B374,'115+740'!$B$15:$AB$757,15,FALSE) -> -264 | W374: ='115+740'!S375 -> 0 | X374: =+W374+X373 -> 224 | Y374: =S374-S373 -> 0 | Z374: =IF(Y374>0,Y374,0)/1000 -> 0 | AA374: =AA373+Z374 -> 2.468 | AB374: =(M374-$M$13-R374)/1000 -> 2.036
...

Sheet SL.115+740
A4: CHỦ ĐẦU TƯ | F4: TƯ VẤN GIÁM SÁT | K4: NHÀ THẦU
A6: BIỂU GHI ĐO QUAN TRẮC LÚN
A7: Người lập: | B7: ='[4]BC.95+020'!C7 -> 0 | K7: Tên mốc: | M7: ='[4]BC.95+020'!N7 -> 0
A8: Thời tiết: | B8: ='[4]BC.95+020'!C8 -> năng | K8: Cao độ mốc: | M8: ='115+740'!M9 -> 1069
A9: Lý trình: | B9: ='115+740'!C10 -> Km115+740 | K9: Ngày đặt bàn: | M9: ='115+740'!M10 -> 45072
A11: ="BÀN QUAN TRẮC: "&B9 -> BÀN QUAN TRẮC: Km115+740
A12: Ngày đo | B12: Số ngày | C12: Cao độ đắp(m) | D12: Chiều dày nền đắp (m) | E12: Chiều cao nền đắp (m) | F12: Trái | H12: Giữa | J12: Phải | L12: Độ lún (trái) (mm) | M12: Độ lún (giữa) (mm) | N12: Độ lún (phải) (mm) | O12: Ghi chú
F13: Cao độ quan trắc | G13: Cao độ bàn đo lún | H13: Cao độ quan trắc | I13: Cao độ bàn đo lún | J13: Cao độ quan trắc | K13: Cao độ bàn đo lún
A14: ='BC.115+740'!B13 -> 45072 | B14: 0 | C14: ='BC.115+740'!M13/1000 -> -0.01 | D14: ='BC.115+740'!AA13 -> 0 | E14: ='BC.115+740'!AB13 -> 0 | F14: =VLOOKUP($A14,'BC.115+740'!$B$13:$X$489,8,0)/1000 -> 2.04 | G14: =VLOOKUP($A14,'BC.115+740'!$B$13:$X$489,9,0)/1000 -> 0.04 | H14: =VLOOKUP($A14,'BC.115+740'!$B$13:$X$489,14,0)/1000 -> 1.99 | I14: =VLOOKUP($A14,'BC.115+740'!$B$13:$X$489,15,0)/1000 -> -0.01 | J14: =VLOOKUP($A14,'BC.115+740'!$B$13:$X$489,20,0)/1000 -> 1.96 | K14: =VLOOKUP($A14,'BC.115+740'!$B$13:$X$489,21,0)/1000 -> -0.04 | L14: =(G14-$G$14)*1000 -> 0 | M14: =(I14-$I$14)*1000 -> 0 | N14: 0
A15: ='BC.115+740'!B14 -> 45073 | B15: 1 | C15: ='BC.115+740'!M14/1000 -> -0.01 | D15: ='BC.115+740'!AA14 -> 0 | E15: ='BC.115+740'!AB14 -> 0 | F15: =VLOOKUP($A15,'BC.115+740'!$B$13:$X$489,8,0)/1000 -> 2.04 | G15: =VLOOKUP($A15,'BC.115+740'!$B$13:$X$489,9,0)/1000 -> 0.04 | H15: =VLOOKUP($A15,'BC.115+740'!$B$13:$X$489,14,0)/1000 -> 1.99 | I15: =VLOOKUP($A15,'BC.115+740'!$B$13:$X$489,15,0)/1000 -> -0.01 | J15: =VLOOKUP($A15,'BC.115+740'!$B$13:$X$489,20,0)/1000 -> 1.96 | K15: =VLOOKUP($A15,'BC.115+740'!$B$13:$X$489,21,0)/1000 -> -0.04 | L15: =(G15-$G$14)*1000 -> 0 | M15: =(I15-$I$14)*1000 -> 0 | N15: =(K15-$K$14)*1000 -> 0
A16: ='BC.115+740'!B15 -> 45074 | B16: 2 | C16: ='BC.115+740'!M15/1000 -> -0.01 | D16: ='BC.115+740'!AA15 -> 0 | E16: ='BC.115+740'!AB15 -> 0 | F16: =VLOOKUP($A16,'BC.115+740'!$B$13:$X$489,8,0)/1000 -> 2.04 | G16: =VLOOKUP($A16,'BC.115+740'!$B$13:$X$489,9,0)/1000 -> 0.04 | H16: =VLOOKUP($A16,'BC.115+740'!$B$13:$X$489,14,0)/1000 -> 1.99 | I16: =VLOOKUP($A16,'BC.115+740'!$B$13:$X$489,15,0)/1000 -> -0.01 | J16: =VLOOKUP($A16,'BC.115+740'!$B$13:$X$489,20,0)/1000 -> 1.96 | K16: =VLOOKUP($A16,'BC.115+740'!$B$13:$X$489,21,0)/1000 -> -0.04 | L16: =(G16-$G$14)*1000 -> 0 | M16: =(I16-$I$14)*1000 -> 0 | N16: =(K16-$K$14)*1000 -> 0
A17: ='BC.115+740'!B16 -> 45075 | B17: 3 | C17: ='BC.115+740'!M16/1000 -> -0.01 | D17: ='BC.115+740'!AA16 -> 0 | E17: ='BC.115+740'!AB16 -> 0 | F17: =VLOOKUP($A17,'BC.115+740'!$B$13:$X$489,8,0)/1000 -> 2.04 | G17: =VLOOKUP($A17,'BC.115+740'!$B$13:$X$489,9,0)/1000 -> 0.04 | H17: =VLOOKUP($A17,'BC.115+740'!$B$13:$X$489,14,0)/1000 -> 1.99 | I17: =VLOOKUP($A17,'BC.115+740'!$B$13:$X$489,15,0)/1000 -> -0.01 | J17: =VLOOKUP($A17,'BC.115+740'!$B$13:$X$489,20,0)/1000 -> 1.96 | K17: =VLOOKUP($A17,'BC.115+740'!$B$13:$X$489,21,0)/1000 -> -0.04 | L17: =(G17-$G$14)*1000 -> 0 | M17: =(I17-$I$14)*1000 -> 0 | N17: =(K17-$K$14)*1000 -> 0
A18: ='BC.115+740'!B17 -> 45076 | B18: 4 | C18: ='BC.115+740'!M17/1000 -> -0.01 | D18: ='BC.115+740'!AA17 -> 0 | E18: ='BC.115+740'!AB17 -> 0 | F18: =VLOOKUP($A18,'BC.115+740'!$B$13:$X$489,8,0)/1000 -> 2.04 | G18: =VLOOKUP($A18,'BC.115+740'!$B$13:$X$489,9,0)/1000 -> 0.04 | H18: =VLOOKUP($A18,'BC.115+740'!$B$13:$X$489,14,0)/1000 -> 1.99 | I18: =VLOOKUP($A18,'BC.115+740'!$B$13:$X$489,15,0)/1000 -> -0.01 | J18: =VLOOKUP($A18,'BC.115+740'!$B$13:$X$489,20,0)/1000 -> 1.96 | K18: =VLOOKUP($A18,'BC.115+740'!$B$13:$X$489,21,0)/1000 -> -0.04 | L18: =(G18-$G$14)*1000 -> 0 | M18: =(I18-$I$14)*1000 -> 0 | N18: =(K18-$K$14)*1000 -> 0
A19: ='BC.115+740'!B18 -> 45077 | B19: 5 | C19: ='BC.115+740'!M18/1000 -> -0.01 | D19: ='BC.115+740'!AA18 -> 0 | E19: ='BC.115+740'!AB18 -> 0 | F19: =VLOOKUP($A19,'BC.115+740'!$B$13:$X$489,8,0)/1000 -> 2.04 | G19: =VLOOKUP($A19,'BC.115+740'!$B$13:$X$489,9,0)/1000 -> 0.04 | H19: =VLOOKUP($A19,'BC.115+740'!$B$13:$X$489,14,0)/1000 -> 1.99 | I19: =VLOOKUP($A19,'BC.115+740'!$B$13:$X$489,15,0)/1000 -> -0.01 | J19: =VLOOKUP($A19,'BC.115+740'!$B$13:$X$489,20,0)/1000 -> 1.96 | K19: =VLOOKUP($A19,'BC.115+740'!$B$13:$X$489,21,0)/1000 -> -0.04 | L19: =(G19-$G$14)*1000 -> 0 | M19: =(I19-$I$14)*1000 -> 0 | N19: =(K19-$K$14)*1000 -> 0
A20: ='BC.115+740'!B19 -> 45078 | B20: 6 | C20: ='BC.115+740'!M19/1000 -> -0.01 | D20: ='BC.115+740'!AA19 -> 0 | E20: ='BC.115+740'!AB19 -> 0 | F20: =VLOOKUP($A20,'BC.115+740'!$B$13:$X$489,8,0)/1000 -> 2.04 | G20: =VLOOKUP($A20,'BC.115+740'!$B$13:$X$489,9,0)/1000 -> 0.04 | H20: =VLOOKUP($A20,'BC.115+740'!$B$13:$X$489,14,0)/1000 -> 1.99 | I20: =VLOOKUP($A20,'BC.115+740'!$B$13:$X$489,15,0)/1000 -> -0.01 | J20: =VLOOKUP($A20,'BC.115+740'!$B$13:$X$489,20,0)/1000 -> 1.96 | K20: =VLOOKUP($A20,'BC.115+740'!$B$13:$X$489,21,0)/1000 -> -0.04 | L20: =(G20-$G$14)*1000 -> 0 | M20: =(I20-$I$14)*1000 -> 0 | N20: =(K20-$K$14)*1000 -> 0
A21: ='BC.115+740'!B20 -> 45079 | B21: 7 | C21: ='BC.115+740'!M20/1000 -> -0.01 | D21: ='BC.115+740'!AA20 -> 0 | E21: ='BC.115+740'!AB20 -> 0 | F21: =VLOOKUP($A21,'BC.115+740'!$B$13:$X$489,8,0)/1000 -> 2.04 | G21: =VLOOKUP($A21,'BC.115+740'!$B$13:$X$489,9,0)/1000 -> 0.04 | H21: =VLOOKUP($A21,'BC.115+740'!$B$13:$X$489,14,0)/1000 -> 1.99 | I21: =VLOOKUP($A21,'BC.115+740'!$B$13:$X$489,15,0)/1000 -> -0.01 | J21: =VLOOKUP($A21,'BC.115+740'!$B$13:$X$489,20,0)/1000 -> 1.96 | K21: =VLOOKUP($A21,'BC.115+740'!$B$13:$X$489,21,0)/1000 -> -0.04 | L21: =(G21-$G$14)*1000 -> 0 | M21: =(I21-$I$14)*1000 -> 0 | N21: =(K21-$K$14)*1000 -> 0
A22: ='BC.115+740'!B21 -> 45080 | B22: 8 | C22: ='BC.115+740'!M21/1000 -> -0.01 | D22: ='BC.115+740'!AA21 -> 0 | E22: ='BC.115+740'!AB21 -> 0 | F22: =VLOOKUP($A22,'BC.115+740'!$B$13:$X$489,8,0)/1000 -> 2.04 | G22: =VLOOKUP($A22,'BC.115+740'!$B$13:$X$489,9,0)/1000 -> 0.04 | H22: =VLOOKUP($A22,'BC.115+740'!$B$13:$X$489,14,0)/1000 -> 1.99 | I22: =VLOOKUP($A22,'BC.115+740'!$B$13:$X$489,15,0)/1000 -> -0.01 | J22: =VLOOKUP($A22,'BC.115+740'!$B$13:$X$489,20,0)/1000 -> 1.96 | K22: =VLOOKUP($A22,'BC.115+740'!$B$13:$X$489,21,0)/1000 -> -0.04 | L22: =(G22-$G$14)*1000 -> 0 | M22: =(I22-$I$14)*1000 -> 0 | N22: =(K22-$K$14)*1000 -> 0
A23: ='BC.115+740'!B22 -> 45081 | B23: 9 | C23: ='BC.115+740'!M22/1000 -> -0.01 | D23: ='BC.115+740'!AA22 -> 0 | E23: ='BC.115+740'!AB22 -> 0 | F23: =VLOOKUP($A23,'BC.115+740'!$B$13:$X$489,8,0)/1000 -> 2.04 | G23: =VLOOKUP($A23,'BC.115+740'!$B$13:$X$489,9,0)/1000 -> 0.04 | H23: =VLOOKUP($A23,'BC.115+740'!$B$13:$X$489,14,0)/1000 -> 1.99 | I23: =VLOOKUP($A23,'BC.115+740'!$B$13:$X$489,15,0)/1000 -> -0.01 | J23: =VLOOKUP($A23,'BC.115+740'!$B$13:$X$489,20,0)/1000 -> 1.96 | K23: =VLOOKUP($A23,'BC.115+740'!$B$13:$X$489,21,0)/1000 -> -0.04 | L23: =(G23-$G$14)*1000 -> 0 | M23: =(I23-$I$14)*1000 -> 0 | N23: =(K23-$K$14)*1000 -> 0
A24: ='BC.115+740'!B23 -> 45082 | B24: 10 | C24: ='BC.115+740'!M23/1000 -> -0.01 | D24: ='BC.115+740'!AA23 -> 0 | E24: ='BC.115+740'!AB23 -> 0 | F24: =VLOOKUP($A24,'BC.115+740'!$B$13:$X$489,8,0)/1000 -> 2.04 | G24: =VLOOKUP($A24,'BC.115+740'!$B$13:$X$489,9,0)/1000 -> 0.04 | H24: =VLOOKUP($A24,'BC.115+740'!$B$13:$X$489,14,0)/1000 -> 1.99 | I24: =VLOOKUP($A24,'BC.115+740'!$B$13:$X$489,15,0)/1000 -> -0.01 | J24: =VLOOKUP($A24,'BC.115+740'!$B$13:$X$489,20,0)/1000 -> 1.96 | K24: =VLOOKUP($A24,'BC.115+740'!$B$13:$X$489,21,0)/1000 -> -0.04 | L24: =(G24-$G$14)*1000 -> 0 | M24: =(I24-$I$14)*1000 -> 0 | N24: =(K24-$K$14)*1000 -> 0
A25: ='BC.115+740'!B24 -> 45083 | B25: 11 | C25: ='BC.115+740'!M24/1000 -> -0.01 | D25: ='BC.115+740'!AA24 -> 0 | E25: ='BC.115+740'!AB24 -> 0 | F25: =VLOOKUP($A25,'BC.115+740'!$B$13:$X$489,8,0)/1000 -> 2.04 | G25: =VLOOKUP($A25,'BC.115+740'!$B$13:$X$489,9,0)/1000 -> 0.04 | H25: =VLOOKUP($A25,'BC.115+740'!$B$13:$X$489,14,0)/1000 -> 1.99 | I25: =VLOOKUP($A25,'BC.115+740'!$B$13:$X$489,15,0)/1000 -> -0.01 | J25: =VLOOKUP($A25,'BC.115+740'!$B$13:$X$489,20,0)/1000 -> 1.96 | K25: =VLOOKUP($A25,'BC.115+740'!$B$13:$X$489,21,0)/1000 -> -0.04 | L25: =(G25-$G$14)*1000 -> 0 | M25: =(I25-$I$14)*1000 -> 0 | N25: =(K25-$K$14)*1000 -> 0
A26: ='BC.115+740'!B25 -> 45084 | B26: 12 | C26: ='BC.115+740'!M25/1000 -> -0.01 | D26: ='BC.115+740'!AA25 -> 0 | E26: ='BC.115+740'!AB25 -> 0 | F26: =VLOOKUP($A26,'BC.115+740'!$B$13:$X$489,8,0)/1000 -> 2.04 | G26: =VLOOKUP($A26,'BC.115+740'!$B$13:$X$489,9,0)/1000 -> 0.04 | H26: =VLOOKUP($A26,'BC.115+740'!$B$13:$X$489,14,0)/1000 -> 1.99 | I26: =VLOOKUP($A26,'BC.115+740'!$B$13:$X$489,15,0)/1000 -> -0.01 | J26: =VLOOKUP($A26,'BC.115+740'!$B$13:$X$489,20,0)/1000 -> 1.96 | K26: =VLOOKUP($A26,'BC.115+740'!$B$13:$X$489,21,0)/1000 -> -0.04 | L26: =(G26-$G$14)*1000 -> 0 | M26: =(I26-$I$14)*1000 -> 0 | N26: =(K26-$K$14)*1000 -> 0
... A91: ='BC.115+740'!B90 -> 45149 | B91: 77 | C91: ='BC.115+740'!M90/1000 -> 0.897 | D91: ='BC.115+740'!AA90 -> 1.007 | E91: ='BC.115+740'!AB90 -> 0.804 | F91: =VLOOKUP($A91,'BC.115+740'!$B$13:$X$489,8,0)/1000 -> 1.9 | G91: =VLOOKUP($A91,'BC.115+740'!$B$13:$X$489,9,0)/1000 -> -0.1 | H91: =VLOOKUP($A91,'BC.115+740'!$B$13:$X$489,14,0)/1000 -> 1.887 | I91: =VLOOKUP($A91,'BC.115+740'!$B$13:$X$489,15,0)/1000 -> -0.113 | J91: =VLOOKUP($A91,'BC.115+740'!$B$13:$X$489,20,0)/1000 -> 1.834 | K91: =VLOOKUP($A91,'BC.115+740'!$B$13:$X$489,21,0)/1000 -> -0.166 | L91: =(G91-$G$14)*1000 -> -140 | M91: =(I91-$I$14)*1000 -> -103 | N91: =(K91-$K$14)*1000 -> -126
A92: ='BC.115+740'!B91 -> 45150 | B92: 78 | C92: ='BC.115+740'!M91/1000 -> 0.897 | D92: ='BC.115+740'!AA91 -> 1.007 | E92: ='BC.115+740'!AB91 -> 0.804 | F92: =VLOOKUP($A92,'BC.115+740'!$B$13:$X$489,8,0)/1000 -> 1.9 | G92: =VLOOKUP($A92,'BC.115+740'!$B$13:$X$489,9,0)/1000 -> -0.1 | H92: =VLOOKUP($A92,'BC.115+740'!$B$13:$X$489,14,0)/1000 -> 1.887 | I92: =VLOOKUP($A92,'BC.115+740'!$B$13:$X$489,15,0)/1000 -> -0.113 | J92: =VLOOKUP($A92,'BC.115+740'!$B$13:$X$489,20,0)/1000 -> 1.834 | K92: =VLOOKUP($A92,'BC.115+740'!$B$13:$X$489,21,0)/1000 -> -0.166 | L92: =(G92-$G$14)*1000 -> -140 | M92: =(I92-$I$14)*1000 -> -103 | N92: =(K92-$K$14)*1000 -> -126 | Y92: =A21-A14 -> 7
A93: ='BC.115+740'!B92 -> 45151 | B93: 79 | C93: ='BC.115+740'!M92/1000 -> 0.897 | D93: ='BC.115+740'!AA92 -> 1.007 | E93: ='BC.115+740'!AB92 -> 0.804 | F93: =VLOOKUP($A93,'BC.115+740'!$B$13:$X$489,8,0)/1000 -> 1.9 | G93: =VLOOKUP($A93,'BC.115+740'!$B$13:$X$489,9,0)/1000 -> -0.1 | H93: =VLOOKUP($A93,'BC.115+740'!$B$13:$X$489,14,0)/1000 -> 1.887 | I93: =VLOOKUP($A93,'BC.115+740'!$B$13:$X$489,15,0)/1000 -> -0.113 | J93: =VLOOKUP($A93,'BC.115+740'!$B$13:$X$489,20,0)/1000 -> 1.834 | K93: =VLOOKUP($A93,'BC.115+740'!$B$13:$X$489,21,0)/1000 -> -0.166 | L93: =(G93-$G$14)*1000 -> -140 | M93: =(I93-$I$14)*1000 -> -103 | N93: =(K93-$K$14)*1000 -> -126
A94: ='BC.115+740'!B93 -> 45152 | B94: 80 | C94: ='BC.115+740'!M93/1000 -> 0.897 | D94: ='BC.115+740'!AA93 -> 1.007 | E94: ='BC.115+740'!AB93 -> 0.804 | F94: =VLOOKUP($A94,'BC.115+740'!$B$13:$X$489,8,0)/1000 -> 1.9 | G94: =VLOOKUP($A94,'BC.115+740'!$B$13:$X$489,9,0)/1000 -> -0.1 | H94: =VLOOKUP($A94,'BC.115+740'!$B$13:$X$489,14,0)/1000 -> 1.887 | I94: =VLOOKUP($A94,'BC.115+740'!$B$13:$X$489,15,0)/1000 -> -0.113 | J94: =VLOOKUP($A94,'BC.115+740'!$B$13:$X$489,20,0)/1000 -> 1.834 | K94: =VLOOKUP($A94,'BC.115+740'!$B$13:$X$489,21,0)/1000 -> -0.166 | L94: =(G94-$G$14)*1000 -> -140 | M94: =(I94-$I$14)*1000 -> -103 | N94: =(K94-$K$14)*1000 -> -126
A95: ='BC.115+740'!B94 -> 45153 | B95: 81 | C95: ='BC.115+740'!M94/1000 -> 0.897 | D95: ='BC.115+740'!AA94 -> 1.007 | E95: ='BC.115+740'!AB94 -> 0.804 | F95: =VLOOKUP($A95,'BC.115+740'!$B$13:$X$489,8,0)/1000 -> 1.9 | G95: =VLOOKUP($A95,'BC.115+740'!$B$13:$X$489,9,0)/1000 -> -0.1 | H95: =VLOOKUP($A95,'BC.115+740'!$B$13:$X$489,14,0)/1000 -> 1.887 | I95: =VLOOKUP($A95,'BC.115+740'!$B$13:$X$489,15,0)/1000 -> -0.113 | J95: =VLOOKUP($A95,'BC.115+740'!$B$13:$X$489,20,0)/1000 -> 1.834 | K95: =VLOOKUP($A95,'BC.115+740'!$B$13:$X$489,21,0)/1000 -> -0.166 | L95: =(G95-$G$14)*1000 -> -140 | M95: =(I95-$I$14)*1000 -> -103 | N95: =(K95-$K$14)*1000 -> -126
A96: ='BC.115+740'!B95 -> 45154 | B96: 82 | C96: ='BC.115+740'!M95/1000 -> 0.897 | D96: ='BC.115+740'!AA95 -> 1.007 | E96: ='BC.115+740'!AB95 -> 0.804 | F96: =VLOOKUP($A96,'BC.115+740'!$B$13:$X$489,8,0)/1000 -> 1.9 | G96: =VLOOKUP($A96,'BC.115+740'!$B$13:$X$489,9,0)/1000 -> -0.1 | H96: =VLOOKUP($A96,'BC.115+740'!$B$13:$X$489,14,0)/1000 -> 1.887 | I96: =VLOOKUP($A96,'BC.115+740'!$B$13:$X$489,15,0)/1000 -> -0.113 | J96: =VLOOKUP($A96,'BC.115+740'!$B$13:$X$489,20,0)/1000 -> 1.834 | K96: =VLOOKUP($A96,'BC.115+740'!$B$13:$X$489,21,0)/1000 -> -0.166 | L96: =(G96-$G$14)*1000 -> -140 | M96: =(I96-$I$14)*1000 -> -103 | N96: =(K96-$K$14)*1000 -> -126
A97: ='BC.115+740'!B96 -> 45155 | B97: 83 | C97: ='BC.115+740'!M96/1000 -> 0.897 | D97: ='BC.115+740'!AA96 -> 1.007 | E97: ='BC.115+740'!AB96 -> 0.804 | F97: =VLOOKUP($A97,'BC.115+740'!$B$13:$X$489,8,0)/1000 -> 1.9 | G97: =VLOOKUP($A97,'BC.115+740'!$B$13:$X$489,9,0)/1000 -> -0.1 | H97: =VLOOKUP($A97,'BC.115+740'!$B$13:$X$489,14,0)/1000 -> 1.887 | I97: =VLOOKUP($A97,'BC.115+740'!$B$13:$X$489,15,0)/1000 -> -0.113 | J97: =VLOOKUP($A97,'BC.115+740'!$B$13:$X$489,20,0)/1000 -> 1.834 | K97: =VLOOKUP($A97,'BC.115+740'!$B$13:$X$489,21,0)/1000 -> -0.166 | L97: =(G97-$G$14)*1000 -> -140 | M97: =(I97-$I$14)*1000 -> -103 | N97: =(K97-$K$14)*1000 -> -126
A98: ='BC.115+740'!B97 -> 45156 | B98: 84 | C98: ='BC.115+740'!M97/1000 -> 0.897 | D98: ='BC.115+740'!AA97 -> 1.007 | E98: ='BC.115+740'!AB97 -> 0.804 | F98: =VLOOKUP($A98,'BC.115+740'!$B$13:$X$489,8,0)/1000 -> 1.9 | G98: =VLOOKUP($A98,'BC.115+740'!$B$13:$X$489,9,0)/1000 -> -0.1 | H98: =VLOOKUP($A98,'BC.115+740'!$B$13:$X$489,14,0)/1000 -> 1.887 | I98: =VLOOKUP($A98,'BC.115+740'!$B$13:$X$489,15,0)/1000 -> -0.113 | J98: =VLOOKUP($A98,'BC.115+740'!$B$13:$X$489,20,0)/1000 -> 1.834 | K98: =VLOOKUP($A98,'BC.115+740'!$B$13:$X$489,21,0)/1000 -> -0.166 | L98: =(G98-$G$14)*1000 -> -140 | M98: =(I98-$I$14)*1000 -> -103 | N98: =(K98-$K$14)*1000 -> -126
A99: ='BC.115+740'!B98 -> 45157 | B99: 85 | C99: ='BC.115+740'!M98/1000 -> 0.897 | D99: ='BC.115+740'!AA98 -> 1.007 | E99: ='BC.115+740'!AB98 -> 0.804 | F99: =VLOOKUP($A99,'BC.115+740'!$B$13:$X$489,8,0)/1000 -> 1.9 | G99: =VLOOKUP($A99,'BC.115+740'!$B$13:$X$489,9,0)/1000 -> -0.1 | H99: =VLOOKUP($A99,'BC.115+740'!$B$13:$X$489,14,0)/1000 -> 1.887 | I99: =VLOOKUP($A99,'BC.115+740'!$B$13:$X$489,15,0)/1000 -> -0.113 | J99: =VLOOKUP($A99,'BC.115+740'!$B$13:$X$489,20,0)/1000 -> 1.834 | K99: =VLOOKUP($A99,'BC.115+740'!$B$13:$X$489,21,0)/1000 -> -0.166 | L99: =(G99-$G$14)*1000 -> -140 | M99: =(I99-$I$14)*1000 -> -103 | N99: =(K99-$K$14)*1000 -> -126
A100: ='BC.115+740'!B99 -> 45158 | B100: 86 | C100: ='BC.115+740'!M99/1000 -> 0.897 | D100: ='BC.115+740'!AA99 -> 1.007 | E100: ='BC.115+740'!AB99 -> 0.804 | F100: =VLOOKUP($A100,'BC.115+740'!$B$13:$X$489,8,0)/1000 -> 1.9 | G100: =VLOOKUP($A100,'BC.115+740'!$B$13:$X$489,9,0)/1000 -> -0.1 | H100: =VLOOKUP($A100,'BC.115+740'!$B$13:$X$489,14,0)/1000 -> 1.887 | I100: =VLOOKUP($A100,'BC.115+740'!$B$13:$X$489,15,0)/1000 -> -0.113 | J100: =VLOOKUP($A100,'BC.115+740'!$B$13:$X$489,20,0)/1000 -> 1.834 | K100: =VLOOKUP($A100,'BC.115+740'!$B$13:$X$489,21,0)/1000 -> -0.166 | L100: =(G100-$G$14)*1000 -> -140 | M100: =(I100-$I$14)*1000 -> -103 | N100: =(K100-$K$14)*1000 -> -126
A101: ='BC.115+740'!B100 -> 45159 | B101: 87 | C101: ='BC.115+740'!M100/1000 -> 0.897 | D101: ='BC.115+740'!AA100 -> 1.007 | E101: ='BC.115+740'!AB100 -> 0.804 | F101: =VLOOKUP($A101,'BC.115+740'!$B$13:$X$489,8,0)/1000 -> 1.9 | G101: =VLOOKUP($A101,'BC.115+740'!$B$13:$X$489,9,0)/1000 -> -0.1 | H101: =VLOOKUP($A101,'BC.115+740'!$B$13:$X$489,14,0)/1000 -> 1.887 | I101: =VLOOKUP($A101,'BC.115+740'!$B$13:$X$489,15,0)/1000 -> -0.113 | J101: =VLOOKUP($A101,'BC.115+740'!$B$13:$X$489,20,0)/1000 -> 1.834 | K101: =VLOOKUP($A101,'BC.115+740'!$B$13:$X$489,21,0)/1000 -> -0.166 | L101: =(G101-$G$14)*1000 -> -140 | M101: =(I101-$I$14)*1000 -> -103 | N101: =(K101-$K$14)*1000 -> -126
A102: ='BC.115+740'!B101 -> 45160 | B102: 88 | C102: ='BC.115+740'!M101/1000 -> 0.897 | D102: ='BC.115+740'!AA101 -> 1.007 | E102: ='BC.115+740'!AB101 -> 0.804 | F102: =VLOOKUP($A102,'BC.115+740'!$B$13:$X$489,8,0)/1000 -> 1.9 | G102: =VLOOKUP($A102,'BC.115+740'!$B$13:$X$489,9,0)/1000 -> -0.1 | H102: =VLOOKUP($A102,'BC.115+740'!$B$13:$X$489,14,0)/1000 -> 1.887 | I102: =VLOOKUP($A102,'BC.115+740'!$B$13:$X$489,15,0)/1000 -> -0.113 | J102: =VLOOKUP($A102,'BC.115+740'!$B$13:$X$489,20,0)/1000 -> 1.834 | K102: =VLOOKUP($A102,'BC.115+740'!$B$13:$X$489,21,0)/1000 -> -0.166 | L102: =(G102-$G$14)*1000 -> -140 | M102: =(I102-$I$14)*1000 -> -103 | N102: =(K102-$K$14)*1000 -> -126
A103: ='BC.115+740'!B102 -> 45161 | B103: 89 | C103: ='BC.115+740'!M102/1000 -> 0.897 | D103: ='BC.115+740'!AA102 -> 1.007 | E103: ='BC.115+740'!AB102 -> 0.804 | F103: =VLOOKUP($A103,'BC.115+740'!$B$13:$X$489,8,0)/1000 -> 1.9 | G103: =VLOOKUP($A103,'BC.115+740'!$B$13:$X$489,9,0)/1000 -> -0.1 | H103: =VLOOKUP($A103,'BC.115+740'!$B$13:$X$489,14,0)/1000 -> 1.887 | I103: =VLOOKUP($A103,'BC.115+740'!$B$13:$X$489,15,0)/1000 -> -0.113 | J103: =VLOOKUP($A103,'BC.115+740'!$B$13:$X$489,20,0)/1000 -> 1.834 | K103: =VLOOKUP($A103,'BC.115+740'!$B$13:$X$489,21,0)/1000 -> -0.166 | L103: =(G103-$G$14)*1000 -> -140 | M103: =(I103-$I$14)*1000 -> -103 | N103: =(K103-$K$14)*1000 -> -126
A104: ='BC.115+740'!B103 -> 45162 | B104: 90 | C104: ='BC.115+740'!M103/1000 -> 0.897 | D104: ='BC.115+740'!AA103 -> 1.007 | E104: ='BC.115+740'!AB103 -> 0.804 | F104: =VLOOKUP($A104,'BC.115+740'!$B$13:$X$489,8,0)/1000 -> 1.9 | G104: =VLOOKUP($A104,'BC.115+740'!$B$13:$X$489,9,0)/1000 -> -0.1 | H104: =VLOOKUP($A104,'BC.115+740'!$B$13:$X$489,14,0)/1000 -> 1.887 | I104: =VLOOKUP($A104,'BC.115+740'!$B$13:$X$489,15,0)/1000 -> -0.113 | J104: =VLOOKUP($A104,'BC.115+740'!$B$13:$X$489,20,0)/1000 -> 1.834 | K104: =VLOOKUP($A104,'BC.115+740'!$B$13:$X$489,21,0)/1000 -> -0.166 | L104: =(G104-$G$14)*1000 -> -140 | M104: =(I104-$I$14)*1000 -> -103 | N104: =(K104-$K$14)*1000 -> -126
... A451: ='BC.115+740'!B450 -> 45509 | B451: 437 | C451: ='BC.115+740'!M450/1000 -> 3.23 | D451: ='BC.115+740'!AA450 -> 3.528 | E451: ='BC.115+740'!AB450 -> 2.87 | F451: =VLOOKUP($A451,'BC.115+740'!$B$13:$X$489,8,0)/1000 -> 3.676 | G451: =VLOOKUP($A451,'BC.115+740'!$B$13:$X$489,9,0)/1000 -> -0.324 | H451: =VLOOKUP($A451,'BC.115+740'!$B$13:$X$489,14,0)/1000 -> 3.62 | I451: =VLOOKUP($A451,'BC.115+740'!$B$13:$X$489,15,0)/1000 -> -0.38 | J451: =VLOOKUP($A451,'BC.115+740'!$B$13:$X$489,20,0)/1000 -> 3.607 | K451: =VLOOKUP($A451,'BC.115+740'!$B$13:$X$489,21,0)/1000 -> -0.393 | L451: =(G451-$G$14)*1000 -> -364 | M451: =(I451-$I$14)*1000 -> -370 | N451: =(K451-$K$14)*1000 -> -353
A452: ='BC.115+740'!B451 -> 45510 | B452: =+B451+1 -> 438 | C452: ='BC.115+740'!M451/1000 -> 3.222 | D452: ='BC.115+740'!AA451 -> 3.528 | E452: ='BC.115+740'!AB451 -> 2.854 | F452: =VLOOKUP($A452,'BC.115+740'!$B$13:$X$489,8,0)/1000 -> 3.669 | G452: =VLOOKUP($A452,'BC.115+740'!$B$13:$X$489,9,0)/1000 -> -0.331 | H452: =VLOOKUP($A452,'BC.115+740'!$B$13:$X$489,14,0)/1000 -> 3.612 | I452: =VLOOKUP($A452,'BC.115+740'!$B$13:$X$489,15,0)/1000 -> -0.388 | J452: =VLOOKUP($A452,'BC.115+740'!$B$13:$X$489,20,0)/1000 -> 3.599 | K452: =VLOOKUP($A452,'BC.115+740'!$B$13:$X$489,21,0)/1000 -> -0.401 | L452: =(G452-$G$14)*1000 -> -371 | M452: =(I452-$I$14)*1000 -> -378 | N452: =(K452-$K$14)*1000 -> -361
A453: ='BC.115+740'!B452 -> 45511 | B453: =+B452+1 -> 439 | C453: ='BC.115+740'!M452/1000 -> 3.213 | D453: ='BC.115+740'!AA452 -> 3.528 | E453: ='BC.115+740'!AB452 -> 2.836 | F453: =VLOOKUP($A453,'BC.115+740'!$B$13:$X$489,8,0)/1000 -> 3.661 | G453: =VLOOKUP($A453,'BC.115+740'!$B$13:$X$489,9,0)/1000 -> -0.339 | H453: =VLOOKUP($A453,'BC.115+740'!$B$13:$X$489,14,0)/1000 -> 3.603 | I453: =VLOOKUP($A453,'BC.115+740'!$B$13:$X$489,15,0)/1000 -> -0.397 | J453: =VLOOKUP($A453,'BC.115+740'!$B$13:$X$489,20,0)/1000 -> 3.591 | K453: =VLOOKUP($A453,'BC.115+740'!$B$13:$X$489,21,0)/1000 -> -0.409 | L453: =(G453-$G$14)*1000 -> -379 | M453: =(I453-$I$14)*1000 -> -387 | N453: =(K453-$K$14)*1000 -> -369
A454: ='BC.115+740'!B453 -> 45512 | B454: =+B453+1 -> 440 | C454: ='BC.115+740'!M453/1000 -> 3.205 | D454: ='BC.115+740'!AA453 -> 3.528 | E454: ='BC.115+740'!AB453 -> 2.82 | F454: =VLOOKUP($A454,'BC.115+740'!$B$13:$X$489,8,0)/1000 -> 3.652 | G454: =VLOOKUP($A454,'BC.115+740'!$B$13:$X$489,9,0)/1000 -> -0.348 | H454: =VLOOKUP($A454,'BC.115+740'!$B$13:$X$489,14,0)/1000 -> 3.595 | I454: =VLOOKUP($A454,'BC.115+740'!$B$13:$X$489,15,0)/1000 -> -0.405 | J454: =VLOOKUP($A454,'BC.115+740'!$B$13:$X$489,20,0)/1000 -> 3.582 | K454: =VLOOKUP($A454,'BC.115+740'!$B$13:$X$489,21,0)/1000 -> -0.418 | L454: =(G454-$G$14)*1000 -> -388 | M454: =(I454-$I$14)*1000 -> -395 | N454: =(K454-$K$14)*1000 -> -378
A455: ='BC.115+740'!B454 -> 45513 | B455: =+B454+1 -> 441 | C455: ='BC.115+740'!M454/1000 -> 3.496 | D455: ='BC.115+740'!AA454 -> 3.818 | E455: ='BC.115+740'!AB454 -> 3.102 | F455: =VLOOKUP($A455,'BC.115+740'!$B$13:$X$489,8,0)/1000 -> 3.642 | G455: =VLOOKUP($A455,'BC.115+740'!$B$13:$X$489,9,0)/1000 -> -0.358 | H455: =VLOOKUP($A455,'BC.115+740'!$B$13:$X$489,14,0)/1000 -> 3.586 | I455: =VLOOKUP($A455,'BC.115+740'!$B$13:$X$489,15,0)/1000 -> -0.414 | J455: =VLOOKUP($A455,'BC.115+740'!$B$13:$X$489,20,0)/1000 -> 3.572 | K455: =VLOOKUP($A455,'BC.115+740'!$B$13:$X$489,21,0)/1000 -> -0.428 | L455: =(G455-$G$14)*1000 -> -398 | M455: =(I455-$I$14)*1000 -> -404 | N455: =(K455-$K$14)*1000 -> -388
A456: ='BC.115+740'!B455 -> 45514 | B456: =+B455+1 -> 442 | C456: ='BC.115+740'!M455/1000 -> 3.488 | D456: ='BC.115+740'!AA455 -> 3.818 | E456: ='BC.115+740'!AB455 -> 3.086 | F456: =VLOOKUP($A456,'BC.115+740'!$B$13:$X$489,8,0)/1000 -> 3.633 | G456: =VLOOKUP($A456,'BC.115+740'!$B$13:$X$489,9,0)/1000 -> -0.367 | H456: =VLOOKUP($A456,'BC.115+740'!$B$13:$X$489,14,0)/1000 -> 3.578 | I456: =VLOOKUP($A456,'BC.115+740'!$B$13:$X$489,15,0)/1000 -> -0.422 | J456: =VLOOKUP($A456,'BC.115+740'!$B$13:$X$489,20,0)/1000 -> 3.563 | K456: =VLOOKUP($A456,'BC.115+740'!$B$13:$X$489,21,0)/1000 -> -0.437 | L456: =(G456-$G$14)*1000 -> -407 | M456: =(I456-$I$14)*1000 -> -412 | N456: =(K456-$K$14)*1000 -> -397
A457: ='BC.115+740'!B456 -> 45515 | B457: =+B456+1 -> 443 | C457: ='BC.115+740'!M456/1000 -> 3.479 | D457: ='BC.115+740'!AA456 -> 3.818 | E457: ='BC.115+740'!AB456 -> 3.068 | F457: =VLOOKUP($A457,'BC.115+740'!$B$13:$X$489,8,0)/1000 -> 3.625 | G457: =VLOOKUP($A457,'BC.115+740'!$B$13:$X$489,9,0)/1000 -> -0.375 | H457: =VLOOKUP($A457,'BC.115+740'!$B$13:$X$489,14,0)/1000 -> 3.569 | I457: =VLOOKUP($A457,'BC.115+740'!$B$13:$X$489,15,0)/1000 -> -0.431 | J457: =VLOOKUP($A457,'BC.115+740'!$B$13:$X$489,20,0)/1000 -> 3.555 | K457: =VLOOKUP($A457,'BC.115+740'!$B$13:$X$489,21,0)/1000 -> -0.445 | L457: =(G457-$G$14)*1000 -> -415 | M457: =(I457-$I$14)*1000 -> -421 | N457: =(K457-$K$14)*1000 -> -405
A458: ='BC.115+740'!B457 -> 45516 | B458: =+B457+1 -> 444 | C458: ='BC.115+740'!M457/1000 -> 3.471 | D458: ='BC.115+740'!AA457 -> 3.818 | E458: ='BC.115+740'!AB457 -> 3.052 | F458: =VLOOKUP($A458,'BC.115+740'!$B$13:$X$489,8,0)/1000 -> 3.616 | G458: =VLOOKUP($A458,'BC.115+740'!$B$13:$X$489,9,0)/1000 -> -0.384 | H458: =VLOOKUP($A458,'BC.115+740'!$B$13:$X$489,14,0)/1000 -> 3.561 | I458: =VLOOKUP($A458,'BC.115+740'!$B$13:$X$489,15,0)/1000 -> -0.439 | J458: =VLOOKUP($A458,'BC.115+740'!$B$13:$X$489,20,0)/1000 -> 3.546 | K458: =VLOOKUP($A458,'BC.115+740'!$B$13:$X$489,21,0)/1000 -> -0.454 | L458: =(G458-$G$14)*1000 -> -424 | M458: =(I458-$I$14)*1000 -> -429 | N458: =(K458-$K$14)*1000 -> -414
A459: ='BC.115+740'!B458 -> 45517 | B459: =+B458+1 -> 445 | C459: ='BC.115+740'!M458/1000 -> 3.464 | D459: ='BC.115+740'!AA458 -> 3.818 | E459: ='BC.115+740'!AB458 -> 3.038 | F459: =VLOOKUP($A459,'BC.115+740'!$B$13:$X$489,8,0)/1000 -> 3.608 | G459: =VLOOKUP($A459,'BC.115+740'!$B$13:$X$489,9,0)/1000 -> -0.392 | H459: =VLOOKUP($A459,'BC.115+740'!$B$13:$X$489,14,0)/1000 -> 3.554 | I459: =VLOOKUP($A459,'BC.115+740'!$B$13:$X$489,15,0)/1000 -> -0.446 | J459: =VLOOKUP($A459,'BC.115+740'!$B$13:$X$489,20,0)/1000 -> 3.538 | K459: =VLOOKUP($A459,'BC.115+740'!$B$13:$X$489,21,0)/1000 -> -0.462 | L459: =(G459-$G$14)*1000 -> -432 | M459: =(I459-$I$14)*1000 -> -436 | N459: =(K459-$K$14)*1000 -> -422
A460: ='BC.115+740'!B459 -> 45518 | B460: =+B459+1 -> 446 | C460: ='BC.115+740'!M459/1000 -> 3.755 | D460: ='BC.115+740'!AA459 -> 4.109 | E460: ='BC.115+740'!AB459 -> 3.32 | F460: =VLOOKUP($A460,'BC.115+740'!$B$13:$X$489,8,0)/1000 -> 3.599 | G460: =VLOOKUP($A460,'BC.115+740'!$B$13:$X$489,9,0)/1000 -> -0.401 | H460: =VLOOKUP($A460,'BC.115+740'!$B$13:$X$489,14,0)/1000 -> 3.545 | I460: =VLOOKUP($A460,'BC.115+740'!$B$13:$X$489,15,0)/1000 -> -0.455 | J460: =VLOOKUP($A460,'BC.115+740'!$B$13:$X$489,20,0)/1000 -> 3.529 | K460: =VLOOKUP($A460,'BC.115+740'!$B$13:$X$489,21,0)/1000 -> -0.471 | L460: =(G460-$G$14)*1000 -> -441 | M460: =(I460-$I$14)*1000 -> -445 | N460: =(K460-$K$14)*1000 -> -431
A461: ='BC.115+740'!B460 -> 45519 | B461: =+B460+1 -> 447 | C461: ='BC.115+740'!M460/1000 -> 3.747 | D461: ='BC.115+740'!AA460 -> 4.109 | E461: ='BC.115+740'!AB460 -> 3.304 | F461: =VLOOKUP($A461,'BC.115+740'!$B$13:$X$489,8,0)/1000 -> 3.59 | G461: =VLOOKUP($A461,'BC.115+740'!$B$13:$X$489,9,0)/1000 -> -0.41 | H461: =VLOOKUP($A461,'BC.115+740'!$B$13:$X$489,14,0)/1000 -> 3.537 | I461: =VLOOKUP($A461,'BC.115+740'!$B$13:$X$489,15,0)/1000 -> -0.463 | J461: =VLOOKUP($A461,'BC.115+740'!$B$13:$X$489,20,0)/1000 -> 3.521 | K461: =VLOOKUP($A461,'BC.115+740'!$B$13:$X$489,21,0)/1000 -> -0.479 | L461: =(G461-$G$14)*1000 -> -450 | M461: =(I461-$I$14)*1000 -> -453 | N461: =(K461-$K$14)*1000 -> -439
A462: ='BC.115+740'!B461 -> 45520 | B462: =+B461+1 -> 448 | C462: ='BC.115+740'!M461/1000 -> 3.74 | D462: ='BC.115+740'!AA461 -> 4.109 | E462: ='BC.115+740'!AB461 -> 3.29 | F462: =VLOOKUP($A462,'BC.115+740'!$B$13:$X$489,8,0)/1000 -> 3.582 | G462: =VLOOKUP($A462,'BC.115+740'!$B$13:$X$489,9,0)/1000 -> -0.418 | H462: =VLOOKUP($A462,'BC.115+740'!$B$13:$X$489,14,0)/1000 -> 3.53 | I462: =VLOOKUP($A462,'BC.115+740'!$B$13:$X$489,15,0)/1000 -> -0.47 | J462: =VLOOKUP($A462,'BC.115+740'!$B$13:$X$489,20,0)/1000 -> 3.514 | K462: =VLOOKUP($A462,'BC.115+740'!$B$13:$X$489,21,0)/1000 -> -0.486 | L462: =(G462-$G$14)*1000 -> -458 | M462: =(I462-$I$14)*1000 -> -460 | N462: =(K462-$K$14)*1000 -> -446
A463: ='BC.115+740'!B462 -> 45521 | B463: =+B462+1 -> 449 | C463: ='BC.115+740'!M462/1000 -> 3.731 | D463: ='BC.115+740'!AA462 -> 4.109 | E463: ='BC.115+740'!AB462 -> 3.272 | F463: =VLOOKUP($A463,'BC.115+740'!$B$13:$X$489,8,0)/1000 -> 3.575 | G463: =VLOOKUP($A463,'BC.115+740'!$B$13:$X$489,9,0)/1000 -> -0.425 | H463: =VLOOKUP($A463,'BC.115+740'!$B$13:$X$489,14,0)/1000 -> 3.521 | I463: =VLOOKUP($A463,'BC.115+740'!$B$13:$X$489,15,0)/1000 -> -0.479 | J463: =VLOOKUP($A463,'BC.115+740'!$B$13:$X$489,20,0)/1000 -> 3.505 | K463: =VLOOKUP($A463,'BC.115+740'!$B$13:$X$489,21,0)/1000 -> -0.495 | L463: =(G463-$G$14)*1000 -> -465 | M463: =(I463-$I$14)*1000 -> -469 | N463: =(K463-$K$14)*1000 -> -455
... A489: ='BC.115+740'!B488 -> 45547 | B489: =+B488+1 -> 475 | C489: ='BC.115+740'!M488/1000 -> 3.541 | D489: ='BC.115+740'!AA488 -> 4.109 | E489: ='BC.115+740'!AB488 -> 2.892 | F489: =VLOOKUP($A489,'BC.115+740'!$B$13:$X$489,8,0)/1000 -> 3.403 | G489: =VLOOKUP($A489,'BC.115+740'!$B$13:$X$489,9,0)/1000 -> -0.597 | H489: =VLOOKUP($A489,'BC.115+740'!$B$13:$X$489,14,0)/1000 -> 3.331 | I489: =VLOOKUP($A489,'BC.115+740'!$B$13:$X$489,15,0)/1000 -> -0.669 | J489: =VLOOKUP($A489,'BC.115+740'!$B$13:$X$489,20,0)/1000 -> 3.322 | K489: =VLOOKUP($A489,'BC.115+740'!$B$13:$X$489,21,0)/1000 -> -0.678 | L489: =(G489-$G$14)*1000 -> -637 | M489: =(I489-$I$14)*1000 -> -659 | N489: =(K489-$K$14)*1000 -> -638
A490: ='BC.115+740'!B489 -> 45548 | B490: =+B489+1 -> 476 | C490: ='BC.115+740'!M489/1000 -> 3.539 | D490: ='BC.115+740'!AA489 -> 4.109 | E490: ='BC.115+740'!AB489 -> 2.888 | F490: =VLOOKUP($A490,'BC.115+740'!$B$13:$X$4969,8,0)/1000 -> 3.401 | G490: =VLOOKUP($A490,'BC.115+740'!$B$13:$X$4969,9,0)/1000 -> -0.599 | H490: =VLOOKUP($A490,'BC.115+740'!$B$13:$X$4969,14,0)/1000 -> 3.329 | I490: =VLOOKUP($A490,'BC.115+740'!$B$13:$X$4969,15,0)/1000 -> -0.671 | J490: =VLOOKUP($A490,'BC.115+740'!$B$13:$X$4969,20,0)/1000 -> 3.322 | K490: =VLOOKUP($A490,'BC.115+740'!$B$13:$X$4969,21,0)/1000 -> -0.678 | L490: =(G490-$G$14)*1000 -> -639 | M490: =(I490-$I$14)*1000 -> -661 | N490: =(K490-$K$14)*1000 -> -638
A491: ='BC.115+740'!B490 -> 45549 | B491: =+B490+1 -> 477 | C491: ='BC.115+740'!M490/1000 -> 3.531 | D491: ='BC.115+740'!AA490 -> 4.109 | E491: ='BC.115+740'!AB490 -> 2.872 | F491: =VLOOKUP($A491,'BC.115+740'!$B$13:$X$4969,8,0)/1000 -> 3.398 | G491: =VLOOKUP($A491,'BC.115+740'!$B$13:$X$4969,9,0)/1000 -> -0.602 | H491: =VLOOKUP($A491,'BC.115+740'!$B$13:$X$4969,14,0)/1000 -> 3.321 | I491: =VLOOKUP($A491,'BC.115+740'!$B$13:$X$4969,15,0)/1000 -> -0.679 | J491: =VLOOKUP($A491,'BC.115+740'!$B$13:$X$4969,20,0)/1000 -> 3.322 | K491: =VLOOKUP($A491,'BC.115+740'!$B$13:$X$4969,21,0)/1000 -> -0.678 | L491: =(G491-$G$14)*1000 -> -642 | M491: =(I491-$I$14)*1000 -> -669 | N491: =(K491-$K$14)*1000 -> -638
A492: ='BC.115+740'!B491 -> 45550 | B492: =+B491+1 -> 478 | C492: ='BC.115+740'!M491/1000 -> 3.522 | D492: ='BC.115+740'!AA491 -> 4.109 | E492: ='BC.115+740'!AB491 -> 2.854 | F492: =VLOOKUP($A492,'BC.115+740'!$B$13:$X$4969,8,0)/1000 -> 3.396 | G492: =VLOOKUP($A492,'BC.115+740'!$B$13:$X$4969,9,0)/1000 -> -0.604 | H492: =VLOOKUP($A492,'BC.115+740'!$B$13:$X$4969,14,0)/1000 -> 3.312 | I492: =VLOOKUP($A492,'BC.115+740'!$B$13:$X$4969,15,0)/1000 -> -0.688 | J492: =VLOOKUP($A492,'BC.115+740'!$B$13:$X$4969,20,0)/1000 -> 3.322 | K492: =VLOOKUP($A492,'BC.115+740'!$B$13:$X$4969,21,0)/1000 -> -0.678 | L492: =(G492-$G$14)*1000 -> -644 | M492: =(I492-$I$14)*1000 -> -678 | N492: =(K492-$K$14)*1000 -> -638
A493: ='BC.115+740'!B492 -> 45551 | B493: =+B492+1 -> 479 | C493: ='BC.115+740'!M492/1000 -> 3.514 | D493: ='BC.115+740'!AA492 -> 4.109 | E493: ='BC.115+740'!AB492 -> 2.838 | F493: =VLOOKUP($A493,'BC.115+740'!$B$13:$X$4969,8,0)/1000 -> 3.395 | G493: =VLOOKUP($A493,'BC.115+740'!$B$13:$X$4969,9,0)/1000 -> -0.605 | H493: =VLOOKUP($A493,'BC.115+740'!$B$13:$X$4969,14,0)/1000 -> 3.304 | I493: =VLOOKUP($A493,'BC.115+740'!$B$13:$X$4969,15,0)/1000 -> -0.696 | J493: =VLOOKUP($A493,'BC.115+740'!$B$13:$X$4969,20,0)/1000 -> 3.32 | K493: =VLOOKUP($A493,'BC.115+740'!$B$13:$X$4969,21,0)/1000 -> -0.68 | L493: =(G493-$G$14)*1000 -> -645 | M493: =(I493-$I$14)*1000 -> -686 | N493: =(K493-$K$14)*1000 -> -640
A494: ='BC.115+740'!B493 -> 45552 | B494: =+B493+1 -> 480 | C494: ='BC.115+740'!M493/1000 -> 3.507 | D494: ='BC.115+740'!AA493 -> 4.109 | E494: ='BC.115+740'!AB493 -> 2.824 | F494: =VLOOKUP($A494,'BC.115+740'!$B$13:$X$4969,8,0)/1000 -> 3.393 | G494: =VLOOKUP($A494,'BC.115+740'!$B$13:$X$4969,9,0)/1000 -> -0.607 | H494: =VLOOKUP($A494,'BC.115+740'!$B$13:$X$4969,14,0)/1000 -> 3.297 | I494: =VLOOKUP($A494,'BC.115+740'!$B$13:$X$4969,15,0)/1000 -> -0.703 | J494: =VLOOKUP($A494,'BC.115+740'!$B$13:$X$4969,20,0)/1000 -> 3.32 | K494: =VLOOKUP($A494,'BC.115+740'!$B$13:$X$4969,21,0)/1000 -> -0.68 | L494: =(G494-$G$14)*1000 -> -647 | M494: =(I494-$I$14)*1000 -> -693 | N494: =(K494-$K$14)*1000 -> -640
A495: ='BC.115+740'!B494 -> 45553 | B495: =+B494+1 -> 481 | C495: ='BC.115+740'!M494/1000 -> 3.498 | D495: ='BC.115+740'!AA494 -> 4.109 | E495: ='BC.115+740'!AB494 -> 2.806 | F495: =VLOOKUP($A495,'BC.115+740'!$B$13:$X$4969,8,0)/1000 -> 3.391 | G495: =VLOOKUP($A495,'BC.115+740'!$B$13:$X$4969,9,0)/1000 -> -0.609 | H495: =VLOOKUP($A495,'BC.115+740'!$B$13:$X$4969,14,0)/1000 -> 3.288 | I495: =VLOOKUP($A495,'BC.115+740'!$B$13:$X$4969,15,0)/1000 -> -0.712 | J495: =VLOOKUP($A495,'BC.115+740'!$B$13:$X$4969,20,0)/1000 -> 3.32 | K495: =VLOOKUP($A495,'BC.115+740'!$B$13:$X$4969,21,0)/1000 -> -0.68 | L495: =(G495-$G$14)*1000 -> -649 | M495: =(I495-$I$14)*1000 -> -702 | N495: =(K495-$K$14)*1000 -> -640
A496: ='BC.115+740'!B495 -> 45554 | B496: =+B495+1 -> 482 | C496: ='BC.115+740'!M495/1000 -> 3.49 | D496: ='BC.115+740'!AA495 -> 4.109 | E496: ='BC.115+740'!AB495 -> 2.79 | F496: =VLOOKUP($A496,'BC.115+740'!$B$13:$X$4969,8,0)/1000 -> 3.389 | G496: =VLOOKUP($A496,'BC.115+740'!$B$13:$X$4969,9,0)/1000 -> -0.611 | H496: =VLOOKUP($A496,'BC.115+740'!$B$13:$X$4969,14,0)/1000 -> 3.28 | I496: =VLOOKUP($A496,'BC.115+740'!$B$13:$X$4969,15,0)/1000 -> -0.72 | J496: =VLOOKUP($A496,'BC.115+740'!$B$13:$X$4969,20,0)/1000 -> 3.32 | K496: =VLOOKUP($A496,'BC.115+740'!$B$13:$X$4969,21,0)/1000 -> -0.68 | L496: =(G496-$G$14)*1000 -> -651 | M496: =(I496-$I$14)*1000 -> -710 | N496: =(K496-$K$14)*1000 -> -640
A497: ='BC.115+740'!B496 -> 45555 | B497: =+B496+1 -> 483 | C497: ='BC.115+740'!M496/1000 -> 3.481 | D497: ='BC.115+740'!AA496 -> 4.109 | E497: ='BC.115+740'!AB496 -> 2.772 | F497: =VLOOKUP($A497,'BC.115+740'!$B$13:$X$4969,8,0)/1000 -> 3.387 | G497: =VLOOKUP($A497,'BC.115+740'!$B$13:$X$4969,9,0)/1000 -> -0.613 | H497: =VLOOKUP($A497,'BC.115+740'!$B$13:$X$4969,14,0)/1000 -> 3.271 | I497: =VLOOKUP($A497,'BC.115+740'!$B$13:$X$4969,15,0)/1000 -> -0.729 | J497: =VLOOKUP($A497,'BC.115+740'!$B$13:$X$4969,20,0)/1000 -> 3.32 | K497: =VLOOKUP($A497,'BC.115+740'!$B$13:$X$4969,21,0)/1000 -> -0.68 | L497: =(G497-$G$14)*1000 -> -653 | M497: =(I497-$I$14)*1000 -> -719 | N497: =(K497-$K$14)*1000 -> -640
A498: ='BC.115+740'!B497 -> 45556 | B498: =+B497+1 -> 484 | C498: ='BC.115+740'!M497/1000 -> 3.473 | D498: ='BC.115+740'!AA497 -> 4.109 | E498: ='BC.115+740'!AB497 -> 2.756 | F498: =VLOOKUP($A498,'BC.115+740'!$B$13:$X$4969,8,0)/1000 -> 3.387 | G498: =VLOOKUP($A498,'BC.115+740'!$B$13:$X$4969,9,0)/1000 -> -0.613 | H498: =VLOOKUP($A498,'BC.115+740'!$B$13:$X$4969,14,0)/1000 -> 3.263 | I498: =VLOOKUP($A498,'BC.115+740'!$B$13:$X$4969,15,0)/1000 -> -0.737 | J498: =VLOOKUP($A498,'BC.115+740'!$B$13:$X$4969,20,0)/1000 -> 3.32 | K498: =VLOOKUP($A498,'BC.115+740'!$B$13:$X$4969,21,0)/1000 -> -0.68 | L498: =(G498-$G$14)*1000 -> -653 | M498: =(I498-$I$14)*1000 -> -727 | N498: =(K498-$K$14)*1000 -> -640
A499: ='BC.115+740'!B498 -> 45557 | B499: =+B498+1 -> 485 | C499: ='BC.115+740'!M498/1000 -> 3.466 | D499: ='BC.115+740'!AA498 -> 4.109 | E499: ='BC.115+740'!AB498 -> 2.742 | F499: =VLOOKUP($A499,'BC.115+740'!$B$13:$X$4969,8,0)/1000 -> 3.385 | G499: =VLOOKUP($A499,'BC.115+740'!$B$13:$X$4969,9,0)/1000 -> -0.615 | H499: =VLOOKUP($A499,'BC.115+740'!$B$13:$X$4969,14,0)/1000 -> 3.256 | I499: =VLOOKUP($A499,'BC.115+740'!$B$13:$X$4969,15,0)/1000 -> -0.744 | J499: =VLOOKUP($A499,'BC.115+740'!$B$13:$X$4969,20,0)/1000 -> 3.32 | K499: =VLOOKUP($A499,'BC.115+740'!$B$13:$X$4969,21,0)/1000 -> -0.68 | L499: =(G499-$G$14)*1000 -> -655 | M499: =(I499-$I$14)*1000 -> -734 | N499: =(K499-$K$14)*1000 -> -640
A500: ='BC.115+740'!B499 -> 45558 | B500: =+B499+1 -> 486 | C500: ='BC.115+740'!M499/1000 -> 3.462 | D500: ='BC.115+740'!AA499 -> 4.109 | E500: ='BC.115+740'!AB499 -> 2.734 | F500: =VLOOKUP($A500,'BC.115+740'!$B$13:$X$4969,8,0)/1000 -> 3.385 | G500: =VLOOKUP($A500,'BC.115+740'!$B$13:$X$4969,9,0)/1000 -> -0.615 | H500: =VLOOKUP($A500,'BC.115+740'!$B$13:$X$4969,14,0)/1000 -> 3.252 | I500: =VLOOKUP($A500,'BC.115+740'!$B$13:$X$4969,15,0)/1000 -> -0.748 | J500: =VLOOKUP($A500,'BC.115+740'!$B$13:$X$4969,20,0)/1000 -> 3.319 | K500: =VLOOKUP($A500,'BC.115+740'!$B$13:$X$4969,21,0)/1000 -> -0.681 | L500: =(G500-$G$14)*1000 -> -655 | M500: =(I500-$I$14)*1000 -> -738 | N500: =(K500-$K$14)*1000 -> -641
A501: ='BC.115+740'!B500 -> 45559 | B501: =+B500+1 -> 487 | C501: ='BC.115+740'!M500/1000 -> 3.459 | D501: ='BC.115+740'!AA500 -> 4.109 | E501: ='BC.115+740'!AB500 -> 2.728 | F501: =VLOOKUP($A501,'BC.115+740'!$B$13:$X$4969,8,0)/1000 -> 3.383 | G501: =VLOOKUP($A501,'BC.115+740'!$B$13:$X$4969,9,0)/1000 -> -0.617 | H501: =VLOOKUP($A501,'BC.115+740'!$B$13:$X$4969,14,0)/1000 -> 3.249 | I501: =VLOOKUP($A501,'BC.115+740'!$B$13:$X$4969,15,0)/1000 -> -0.751 | J501: =VLOOKUP($A501,'BC.115+740'!$B$13:$X$4969,20,0)/1000 -> 3.319 | K501: =VLOOKUP($A501,'BC.115+740'!$B$13:$X$4969,21,0)/1000 -> -0.681 | L501: =(G501-$G$14)*1000 -> -657 | M501: =(I501-$I$14)*1000 -> -741 | N501: =(K501-$K$14)*1000 -> -641
... A693: ='BC.115+740'!B692 -> 45751 | B693: =+B692+1 -> 679 | C693: ='BC.115+740'!M692/1000 -> 5.032 | D693: ='BC.115+740'!AA692 -> 6.234 | E693: ='BC.115+740'!AB692 -> 3.694 | F693: =VLOOKUP($A693,'BC.115+740'!$B$13:$X$4969,8,0)/1000 -> 2.866 | G693: =VLOOKUP($A693,'BC.115+740'!$B$13:$X$4969,9,0)/1000 -> -1.134 | H693: =VLOOKUP($A693,'BC.115+740'!$B$13:$X$4969,14,0)/1000 -> 2.642 | I693: =VLOOKUP($A693,'BC.115+740'!$B$13:$X$4969,15,0)/1000 -> -1.358 | J693: =VLOOKUP($A693,'BC.115+740'!$B$13:$X$4969,20,0)/1000 -> 2.985 | K693: =VLOOKUP($A693,'BC.115+740'!$B$13:$X$4969,21,0)/1000 -> -1.015 | L693: =(G693-$G$14)*1000 -> -1174 | M693: =(I693-$I$14)*1000 -> -1348 | N693: =(K693-$K$14)*1000 -> -975
A694: ='BC.115+740'!B693 -> 45752 | B694: =+B693+1 -> 680 | C694: ='BC.115+740'!M693/1000 -> 5.322 | D694: ='BC.115+740'!AA693 -> 6.525 | E694: ='BC.115+740'!AB693 -> 3.974 | F694: =VLOOKUP($A694,'BC.115+740'!$B$13:$X$4969,8,0)/1000 -> 2.856 | G694: =VLOOKUP($A694,'BC.115+740'!$B$13:$X$4969,9,0)/1000 -> -1.144 | H694: =VLOOKUP($A694,'BC.115+740'!$B$13:$X$4969,14,0)/1000 -> 2.632 | I694: =VLOOKUP($A694,'BC.115+740'!$B$13:$X$4969,15,0)/1000 -> -1.368 | J694: =VLOOKUP($A694,'BC.115+740'!$B$13:$X$4969,20,0)/1000 -> 2.976 | K694: =VLOOKUP($A694,'BC.115+740'!$B$13:$X$4969,21,0)/1000 -> -1.024 | L694: =(G694-$G$14)*1000 -> -1184 | M694: =(I694-$I$14)*1000 -> -1358 | N694: =(K694-$K$14)*1000 -> -984 | O694: K.Thúc GT | P694: =C694-M694/1000 -> 6.68
A695: ='BC.115+740'!B694 -> 45755 | B695: =+B694+1 -> 681 | C695: ='BC.115+740'!M694/1000 -> 5.296 | D695: ='BC.115+740'!AA694 -> 6.525 | E695: ='BC.115+740'!AB694 -> 3.922 | F695: =VLOOKUP($A695,'BC.115+740'!$B$13:$X$4969,8,0)/1000 -> 2.832 | G695: =VLOOKUP($A695,'BC.115+740'!$B$13:$X$4969,9,0)/1000 -> -1.168 | H695: =VLOOKUP($A695,'BC.115+740'!$B$13:$X$4969,14,0)/1000 -> 2.606 | I695: =VLOOKUP($A695,'BC.115+740'!$B$13:$X$4969,15,0)/1000 -> -1.394 | J695: =VLOOKUP($A695,'BC.115+740'!$B$13:$X$4969,20,0)/1000 -> 2.95 | K695: =VLOOKUP($A695,'BC.115+740'!$B$13:$X$4969,21,0)/1000 -> -1.05 | L695: =(G695-$G$14)*1000 -> -1208 | M695: =(I695-$I$14)*1000 -> -1384 | N695: =(K695-$K$14)*1000 -> -1010
A696: ='BC.115+740'!B695 -> 45759 | B696: =+B695+1 -> 682 | C696: ='BC.115+740'!M695/1000 -> 5.266 | D696: ='BC.115+740'!AA695 -> 6.525 | E696: ='BC.115+740'!AB695 -> 3.862 | F696: =VLOOKUP($A696,'BC.115+740'!$B$13:$X$4969,8,0)/1000 -> 2.797 | G696: =VLOOKUP($A696,'BC.115+740'!$B$13:$X$4969,9,0)/1000 -> -1.203 | H696: =VLOOKUP($A696,'BC.115+740'!$B$13:$X$4969,14,0)/1000 -> 2.576 | I696: =VLOOKUP($A696,'BC.115+740'!$B$13:$X$4969,15,0)/1000 -> -1.424 | J696: =VLOOKUP($A696,'BC.115+740'!$B$13:$X$4969,20,0)/1000 -> 2.916 | K696: =VLOOKUP($A696,'BC.115+740'!$B$13:$X$4969,21,0)/1000 -> -1.084 | L696: =(G696-$G$14)*1000 -> -1243 | M696: =(I696-$I$14)*1000 -> -1414 | N696: =(K696-$K$14)*1000 -> -1044
A697: ='BC.115+740'!B696 -> 45762 | B697: =+B696+1 -> 683 | C697: ='BC.115+740'!M696/1000 -> 5.246 | D697: ='BC.115+740'!AA696 -> 6.525 | E697: ='BC.115+740'!AB696 -> 3.822 | F697: =VLOOKUP($A697,'BC.115+740'!$B$13:$X$4969,8,0)/1000 -> 2.775 | G697: =VLOOKUP($A697,'BC.115+740'!$B$13:$X$4969,9,0)/1000 -> -1.225 | H697: =VLOOKUP($A697,'BC.115+740'!$B$13:$X$4969,14,0)/1000 -> 2.556 | I697: =VLOOKUP($A697,'BC.115+740'!$B$13:$X$4969,15,0)/1000 -> -1.444 | J697: =VLOOKUP($A697,'BC.115+740'!$B$13:$X$4969,20,0)/1000 -> 2.891 | K697: =VLOOKUP($A697,'BC.115+740'!$B$13:$X$4969,21,0)/1000 -> -1.109 | L697: =(G697-$G$14)*1000 -> -1265 | M697: =(I697-$I$14)*1000 -> -1434 | N697: =(K697-$K$14)*1000 -> -1069
A698: ='BC.115+740'!B697 -> 45766 | B698: =+B697+1 -> 684 | C698: ='BC.115+740'!M697/1000 -> 5.226 | D698: ='BC.115+740'!AA697 -> 6.525 | E698: ='BC.115+740'!AB697 -> 3.782 | F698: =VLOOKUP($A698,'BC.115+740'!$B$13:$X$4969,8,0)/1000 -> 2.742 | G698: =VLOOKUP($A698,'BC.115+740'!$B$13:$X$4969,9,0)/1000 -> -1.258 | H698: =VLOOKUP($A698,'BC.115+740'!$B$13:$X$4969,14,0)/1000 -> 2.536 | I698: =VLOOKUP($A698,'BC.115+740'!$B$13:$X$4969,15,0)/1000 -> -1.464 | J698: =VLOOKUP($A698,'BC.115+740'!$B$13:$X$4969,20,0)/1000 -> 2.859 | K698: =VLOOKUP($A698,'BC.115+740'!$B$13:$X$4969,21,0)/1000 -> -1.141 | L698: =(G698-$G$14)*1000 -> -1298 | M698: =(I698-$I$14)*1000 -> -1454 | N698: =(K698-$K$14)*1000 -> -1101
A699: ='BC.115+740'!B698 -> 45769 | B699: =+B698+1 -> 685 | C699: ='BC.115+740'!M698/1000 -> 5.199 | D699: ='BC.115+740'!AA698 -> 6.525 | E699: ='BC.115+740'!AB698 -> 3.728 | F699: =VLOOKUP($A699,'BC.115+740'!$B$13:$X$4969,8,0)/1000 -> 2.72 | G699: =VLOOKUP($A699,'BC.115+740'!$B$13:$X$4969,9,0)/1000 -> -1.28 | H699: =VLOOKUP($A699,'BC.115+740'!$B$13:$X$4969,14,0)/1000 -> 2.509 | I699: =VLOOKUP($A699,'BC.115+740'!$B$13:$X$4969,15,0)/1000 -> -1.491 | J699: =VLOOKUP($A699,'BC.115+740'!$B$13:$X$4969,20,0)/1000 -> 2.846 | K699: =VLOOKUP($A699,'BC.115+740'!$B$13:$X$4969,21,0)/1000 -> -1.154 | L699: =(G699-$G$14)*1000 -> -1320 | M699: =(I699-$I$14)*1000 -> -1481 | N699: =(K699-$K$14)*1000 -> -1114
A700: ='BC.115+740'!B699 -> 45773 | B700: =+B699+1 -> 686 | C700: ='BC.115+740'!M699/1000 -> 5.169 | D700: ='BC.115+740'!AA699 -> 6.525 | E700: ='BC.115+740'!AB699 -> 3.668 | F700: =VLOOKUP($A700,'BC.115+740'!$B$13:$X$4969,8,0)/1000 -> 2.689 | G700: =VLOOKUP($A700,'BC.115+740'!$B$13:$X$4969,9,0)/1000 -> -1.311 | H700: =VLOOKUP($A700,'BC.115+740'!$B$13:$X$4969,14,0)/1000 -> 2.479 | I700: =VLOOKUP($A700,'BC.115+740'!$B$13:$X$4969,15,0)/1000 -> -1.521 | J700: =VLOOKUP($A700,'BC.115+740'!$B$13:$X$4969,20,0)/1000 -> 2.828 | K700: =VLOOKUP($A700,'BC.115+740'!$B$13:$X$4969,21,0)/1000 -> -1.172 | L700: =(G700-$G$14)*1000 -> -1351 | M700: =(I700-$I$14)*1000 -> -1511 | N700: =(K700-$K$14)*1000 -> -1132
A701: ='BC.115+740'!B700 -> 45776 | B701: =+B700+1 -> 687 | C701: ='BC.115+740'!M700/1000 -> 5.144 | D701: ='BC.115+740'!AA700 -> 6.525 | E701: ='BC.115+740'!AB700 -> 3.618 | F701: =VLOOKUP($A701,'BC.115+740'!$B$13:$X$4969,8,0)/1000 -> 2.673 | G701: =VLOOKUP($A701,'BC.115+740'!$B$13:$X$4969,9,0)/1000 -> -1.327 | H701: =VLOOKUP($A701,'BC.115+740'!$B$13:$X$4969,14,0)/1000 -> 2.454 | I701: =VLOOKUP($A701,'BC.115+740'!$B$13:$X$4969,15,0)/1000 -> -1.546 | J701: =VLOOKUP($A701,'BC.115+740'!$B$13:$X$4969,20,0)/1000 -> 2.81 | K701: =VLOOKUP($A701,'BC.115+740'!$B$13:$X$4969,21,0)/1000 -> -1.19 | L701: =(G701-$G$14)*1000 -> -1367 | M701: =(I701-$I$14)*1000 -> -1536 | N701: =(K701-$K$14)*1000 -> -1150
A702: ='BC.115+740'!B701 -> 45780 | B702: =+B701+1 -> 688 | C702: ='BC.115+740'!M701/1000 -> 5.111 | D702: ='BC.115+740'!AA701 -> 6.525 | E702: ='BC.115+740'!AB701 -> 3.552 | F702: =VLOOKUP($A702,'BC.115+740'!$B$13:$X$4969,8,0)/1000 -> 2.651 | G702: =VLOOKUP($A702,'BC.115+740'!$B$13:$X$4969,9,0)/1000 -> -1.349 | H702: =VLOOKUP($A702,'BC.115+740'!$B$13:$X$4969,14,0)/1000 -> 2.421 | I702: =VLOOKUP($A702,'BC.115+740'!$B$13:$X$4969,15,0)/1000 -> -1.579 | J702: =VLOOKUP($A702,'BC.115+740'!$B$13:$X$4969,20,0)/1000 -> 2.792 | K702: =VLOOKUP($A702,'BC.115+740'!$B$13:$X$4969,21,0)/1000 -> -1.208 | L702: =(G702-$G$14)*1000 -> -1389 | M702: =(I702-$I$14)*1000 -> -1569 | N702: =(K702-$K$14)*1000 -> -1168
A703: ='BC.115+740'!B702 -> 45787 | B703: =+B702+1 -> 689 | C703: ='BC.115+740'!M702/1000 -> 5.076 | D703: ='BC.115+740'!AA702 -> 6.525 | E703: ='BC.115+740'!AB702 -> 3.482 | F703: =VLOOKUP($A703,'BC.115+740'!$B$13:$X$4969,8,0)/1000 -> 2.626 | G703: =VLOOKUP($A703,'BC.115+740'!$B$13:$X$4969,9,0)/1000 -> -1.374 | H703: =VLOOKUP($A703,'BC.115+740'!$B$13:$X$4969,14,0)/1000 -> 2.386 | I703: =VLOOKUP($A703,'BC.115+740'!$B$13:$X$4969,15,0)/1000 -> -1.614 | J703: =VLOOKUP($A703,'BC.115+740'!$B$13:$X$4969,20,0)/1000 -> 2.77 | K703: =VLOOKUP($A703,'BC.115+740'!$B$13:$X$4969,21,0)/1000 -> -1.23 | L703: =(G703-$G$14)*1000 -> -1414 | M703: =(I703-$I$14)*1000 -> -1604 | N703: =(K703-$K$14)*1000 -> -1190
A704: ='BC.115+740'!B703 -> 45794 | B704: =+B703+1 -> 690 | C704: ='BC.115+740'!M703/1000 -> 5.046 | D704: ='BC.115+740'!AA703 -> 6.525 | E704: ='BC.115+740'!AB703 -> 3.422 | F704: =VLOOKUP($A704,'BC.115+740'!$B$13:$X$4969,8,0)/1000 -> 2.602 | G704: =VLOOKUP($A704,'BC.115+740'!$B$13:$X$4969,9,0)/1000 -> -1.398 | H704: =VLOOKUP($A704,'BC.115+740'!$B$13:$X$4969,14,0)/1000 -> 2.356 | I704: =VLOOKUP($A704,'BC.115+740'!$B$13:$X$4969,15,0)/1000 -> -1.644 | J704: =VLOOKUP($A704,'BC.115+740'!$B$13:$X$4969,20,0)/1000 -> 2.75 | K704: =VLOOKUP($A704,'BC.115+740'!$B$13:$X$4969,21,0)/1000 -> -1.25 | L704: =(G704-$G$14)*1000 -> -1438 | M704: =(I704-$I$14)*1000 -> -1634 | N704: =(K704-$K$14)*1000 -> -1210
A705: ='BC.115+740'!B704 -> 45801 | B705: =+B704+1 -> 691 | C705: ='BC.115+740'!M704/1000 -> 5.022 | D705: ='BC.115+740'!AA704 -> 6.525 | E705: ='BC.115+740'!AB704 -> 3.374 | F705: =VLOOKUP($A705,'BC.115+740'!$B$13:$X$4969,8,0)/1000 -> 2.58 | G705: =VLOOKUP($A705,'BC.115+740'!$B$13:$X$4969,9,0)/1000 -> -1.42 | H705: =VLOOKUP($A705,'BC.115+740'!$B$13:$X$4969,14,0)/1000 -> 2.332 | I705: =VLOOKUP($A705,'BC.115+740'!$B$13:$X$4969,15,0)/1000 -> -1.668 | J705: =VLOOKUP($A705,'BC.115+740'!$B$13:$X$4969,20,0)/1000 -> 2.732 | K705: =VLOOKUP($A705,'BC.115+740'!$B$13:$X$4969,21,0)/1000 -> -1.268 | L705: =(G705-$G$14)*1000 -> -1460 | M705: =(I705-$I$14)*1000 -> -1658 | N705: =(K705-$K$14)*1000 -> -1228
A706: ='BC.115+740'!B705 -> 45808 | B706: =+B705+1 -> 692 | C706: ='BC.115+740'!M705/1000 -> 5 | D706: ='BC.115+740'!AA705 -> 6.525 | E706: ='BC.115+740'!AB705 -> 3.33 | F706: =VLOOKUP($A706,'BC.115+740'!$B$13:$X$4969,8,0)/1000 -> 2.56 | G706: =VLOOKUP($A706,'BC.115+740'!$B$13:$X$4969,9,0)/1000 -> -1.44 | H706: =VLOOKUP($A706,'BC.115+740'!$B$13:$X$4969,14,0)/1000 -> 2.31 | I706: =VLOOKUP($A706,'BC.115+740'!$B$13:$X$4969,15,0)/1000 -> -1.69 | J706: =VLOOKUP($A706,'BC.115+740'!$B$13:$X$4969,20,0)/1000 -> 2.718 | K706: =VLOOKUP($A706,'BC.115+740'!$B$13:$X$4969,21,0)/1000 -> -1.282 | L706: =(G706-$G$14)*1000 -> -1480 | M706: =(I706-$I$14)*1000 -> -1680 | N706: =(K706-$K$14)*1000 -> -1242
... A714: ='BC.115+740'!B713 -> 45864 | B714: =+B713+1 -> 700 | C714: ='BC.115+740'!M713/1000 -> 4.906 | D714: ='BC.115+740'!AA713 -> 6.525 | E714: ='BC.115+740'!AB713 -> 3.142 | F714: =VLOOKUP($A714,'BC.115+740'!$B$13:$X$4969,8,0)/1000 -> 2.467 | G714: =VLOOKUP($A714,'BC.115+740'!$B$13:$X$4969,9,0)/1000 -> -1.533 | H714: =VLOOKUP($A714,'BC.115+740'!$B$13:$X$4969,14,0)/1000 -> 2.216 | I714: =VLOOKUP($A714,'BC.115+740'!$B$13:$X$4969,15,0)/1000 -> -1.784 | J714: =VLOOKUP($A714,'BC.115+740'!$B$13:$X$4969,20,0)/1000 -> 2.637 | K714: =VLOOKUP($A714,'BC.115+740'!$B$13:$X$4969,21,0)/1000 -> -1.363 | L714: =(G714-$G$14)*1000 -> -1573 | M714: =(I714-$I$14)*1000 -> -1774 | N714: =(K714-$K$14)*1000 -> -1323

Sheet Sheet1
