Workbook

Sheet 116+240
B1: 1 | C1: =+B1+1 -> 2 | D1: =+C1+1 -> 3 | E1: =+D1+1 -> 4 | F1: =+E1+1 -> 5 | G1: =+F1+1 -> 6 | H1: =+G1+1 -> 7 | I1: =+H1+1 -> 8 | J1: =+I1+1 -> 9 | ... X1: =+W1+1 -> 23 | Z1: =+X1+1 -> 24 | AA1: =+Z1+1 -> 25 | AB1: =+AA1+1 -> 26
A2: DỰ ÁN THÀNH PHẦN ĐOẠN HẬU GIANG - CÀ MAU
A3: THUỘC DỰ ÁN XÂY DỰNG CÔNG TRÌNH ĐƯỜNG BỘ CAO TỐC BẮC - NAM PHÍA ĐÔNG GIAI ĐOẠN 2021 - 2025
A4: =UPPER("GÓI THẦU XL03 :Thi Công Xây Dựng Đoạn Tuyến Km114+200 - Km126+223 Bao Gồm Tuyến Nối Nút Giao IC12 Với QL1 (bao gồm khảo sát, thiết kế BVTC)") -> GÓI THẦU XL03 :THI CÔNG XÂY DỰNG ĐOẠN TUYẾN KM114+200 - KM126+223 BAO GỒM TUYẾN NỐI NÚT GIAO IC12 VỚI QL1 (BAO GỒM KHẢO SÁT, THIẾT KẾ BVTC)
A5: CHỦ ĐẦU TƯ | I5: TƯ VẤN GIÁM SÁT | S5: NHÀ THẦU
A6: BAN QUẢN LÝ DỰ ÁN MỸ THUẬN | I6: =UPPER("Liên danh Phân viện KHCN GTVT phía Nam - Công ty Cổ phần Tư vấn kỹ thuật và xây dựng Hồng Hà") -> LIÊN DANH PHÂN VIỆN KHCN GTVT PHÍA NAM - CÔNG TY CỔ PHẦN TƯ VẤN KỸ THUẬT VÀ XÂY DỰNG HỒNG HÀ | S6: LIÊN DANH CC1 - HẢI ĐĂNG - VẠN CƯỜNG - 492 - BẮC TRUNG NAM
A7: BIỂU GHI ĐO QUAN TRẮC LÚN
A8: Người lập: | K8: Tên mốc:
A9: Thời tiết: | C9: Nắng | K9: Cao độ mốc: | M9: =C14 -> 844
A10: Lý trình: | C10: Km116+240 | K10: Ngày đặt bàn: | M10: =B14 -> 45281
A12: Stt | B12: Ngày quan trắc | C12: Cao độ mốc (mm) | D12: Số đọc tại mốc (mm) | E12: Số đọc mia (mm) | H12: Cao độ quan trắc (mm) | K12: Chiều dài cần nối (mm) | N12: Cao độ bàn đo lún (mm) | Q12: Tốc độ lún (mm) | T12: Số đọc mia tại nền đắp tại tâm (mm) | U12: Cao độ nền đắp (mm) | X12: Chiều dày lớp đắp (m) | Y12: Đội quan trắc | Z12: Nhà thầu | AA12: Tư Vấn Giám Sát | AB12: Ghi chú
E13: Trái | F13: Giữa | G13: Phải | H13: Trái | I13: Giữa | J13: Phải | K13: Trái | L13: Giữa | M13: Phải | N13: Trái | O13: Giữa | P13: Phải | Q13: Trái | R13: Giữa | S13: Phải | U13: Trái | V13: Giữa | W13: Phải
A14: 0 | B14: 45281 | C14: 844 | D14: 1625 | E14: =C14+D14-H14 -> 429 | F14: =C14+D14-I14 -> 549 | G14: =D14+C14-J14 -> 499 | H14: =K14+N14 -> 2040 | I14: =L14+O14 -> 1920 | J14: =M14+P14 -> 1970 | K14: 2000 | L14: 2000 | M14: 2000 | N14: 40 | O14: -80 | P14: -30 | Q14: 0 | R14: 0 | S14: 0 | T14: =D14+C14-V14 -> 2549 | U14: =N14 -> 40 | V14: =O14 -> -80 | W14: =P14 -> -30 | AB14: Lắp đặt ban đầu
A15: 1 | B15: =B14+1 -> 45282 | C15: =C14 -> 844 | D15: =D14-2 -> 1623 | E15: =C15+D15-H15 -> 427 | F15: =C15+D15-I15 -> 547 | G15: =D15+C15-J15 -> 497 | H15: =K15+N15 -> 2040 | I15: =L15+O15 -> 1920 | J15: =M15+P15 -> 1970 | K15: =K14 -> 2000 | L15: =L14 -> 2000 | M15: =M14 -> 2000 | N15: =N14-Q15 -> 40 | O15: =O14-R15 -> -80 | P15: =P14-S15 -> -30 | Q15: =Q14 -> 0 | R15: =R14 -> 0 | S15: =S14 -> 0 | T15: =D15+C15-V15 -> 2547 | U15: =U14-Q15 -> 40 | V15: =V14-R15 -> -80 | W15: =W14-S15 -> -30
A16: 2 | B16: =B15+1 -> 45283 | C16: =C15 -> 844 | D16: =D15-2 -> 1621 | E16: =C16+D16-H16 -> 425 | F16: =C16+D16-I16 -> 545 | G16: =D16+C16-J16 -> 495 | H16: =K16+N16 -> 2040 | I16: =L16+O16 -> 1920 | J16: =M16+P16 -> 1970 | K16: =K15 -> 2000 | L16: =L15 -> 2000 | M16: =M15 -> 2000 | N16: =N15-Q16 -> 40 | O16: =O15-R16 -> -80 | P16: =P15-S16 -> -30 | Q16: =Q15 -> 0 | R16: =R15 -> 0 | S16: =S15 -> 0 | T16: =D16+C16-V16 -> 2545 | U16: =U15-Q16 -> 40 | V16: =V15-R16 -> -80 | W16: =W15-S16 -> -30
A17: 3 | B17: =B16+1 -> 45284 | C17: =C16 -> 844 | D17: =D16-2 -> 1619 | E17: =C17+D17-H17 -> 423 | F17: =C17+D17-I17 -> 543 | G17: =D17+C17-J17 -> 493 | H17: =K17+N17 -> 2040 | I17: =L17+O17 -> 1920 | J17: =M17+P17 -> 1970 | K17: =K16 -> 2000 | L17: =L16 -> 2000 | M17: =M16 -> 2000 | N17: =N16-Q17 -> 40 | O17: =O16-R17 -> -80 | P17: =P16-S17 -> -30 | Q17: =Q16 -> 0 | R17: =R16 -> 0 | S17: =S16 -> 0 | T17: =D17+C17-V17 -> 2543 | U17: =U16-Q17 -> 40 | V17: =V16-R17 -> -80 | W17: =W16-S17 -> -30 | AD17: 45284
A18: 4 | B18: =B17+1 -> 45285 | C18: =C17 -> 844 | D18: =D17-2 -> 1617 | E18: =C18+D18-H18 -> 421 | F18: =C18+D18-I18 -> 541 | G18: =D18+C18-J18 -> 491 | H18: =K18+N18 -> 2040 | I18: =L18+O18 -> 1920 | J18: =M18+P18 -> 1970 | K18: =K17 -> 2000 | L18: =L17 -> 2000 | M18: =M17 -> 2000 | N18: =N17-Q18 -> 40 | O18: =O17-R18 -> -80 | P18: =P17-S18 -> -30 | Q18: =Q17 -> 0 | R18: =R17 -> 0 | S18: =S17 -> 0 | T18: =D18+C18-V18 -> 2541 | U18: =U17-Q18 -> 40 | V18: =V17-R18 -> -80 | W18: =W17-S18 -> -30 | AD18: 45288
A19: 5 | B19: =B18+1 -> 45286 | C19: =C18 -> 844 | D19: =D18-2 -> 1615 | E19: =C19+D19-H19 -> 419 | F19: =C19+D19-I19 -> 539 | G19: =D19+C19-J19 -> 489 | H19: =K19+N19 -> 2040 | I19: =L19+O19 -> 1920 | J19: =M19+P19 -> 1970 | K19: =K18 -> 2000 | L19: =L18 -> 2000 | M19: =M18 -> 2000 | N19: =N18-Q19 -> 40 | O19: =O18-R19 -> -80 | P19: =P18-S19 -> -30 | Q19: =Q18 -> 0 | R19: =R18 -> 0 | S19: =S18 -> 0 | T19: =D19+C19-V19 -> 2539 | U19: =U18-Q19 -> 40 | V19: =V18-R19 -> -80 | W19: =W18-S19 -> -30 | AD19: 45293
A20: 6 | B20: =B19+1 -> 45287 | C20: =C19 -> 844 | D20: =D19-2 -> 1613 | E20: =C20+D20-H20 -> 417 | F20: =C20+D20-I20 -> 537 | G20: =D20+C20-J20 -> 487 | H20: =K20+N20 -> 2040 | I20: =L20+O20 -> 1920 | J20: =M20+P20 -> 1970 | K20: =K19 -> 2000 | L20: =L19 -> 2000 | M20: =M19 -> 2000 | N20: =N19-Q20 -> 40 | O20: =O19-R20 -> -80 | P20: =P19-S20 -> -30 | Q20: =Q19 -> 0 | R20: =R19 -> 0 | S20: =S19 -> 0 | T20: =D20+C20-V20 -> 2537 | U20: =U19-Q20 -> 40 | V20: =V19-R20 -> -80 | W20: =W19-S20 -> -30 | AD20: 45296
A21: 7 | B21: =B20+1 -> 45288 | C21: =C20 -> 844 | D21: =D20-2 -> 1611 | E21: =C21+D21-H21 -> 415 | F21: =C21+D21-I21 -> 535 | G21: =D21+C21-J21 -> 485 | H21: =K21+N21 -> 2040 | I21: =L21+O21 -> 1920 | J21: =M21+P21 -> 1970 | K21: =K20 -> 2000 | L21: =L20 -> 2000 | M21: =M20 -> 2000 | N21: =N20-Q21 -> 40 | O21: =O20-R21 -> -80 | P21: =P20-S21 -> -30 | Q21: =Q20 -> 0 | R21: =R20 -> 0 | S21: =S20 -> 0 | T21: =D21+C21-V21 -> 2535 | U21: =U20-Q21 -> 40 | V21: =V20-R21 -> -80 | W21: =W20-S21 -> -30 | AD21: 45300
A22: 8 | B22: =B21+1 -> 45289 | C22: =C21 -> 844 | D22: =D21-2 -> 1609 | E22: =C22+D22-H22 -> 413 | F22: =C22+D22-I22 -> 533 | G22: =D22+C22-J22 -> 483 | H22: =K22+N22 -> 2040 | I22: =L22+O22 -> 1920 | J22: =M22+P22 -> 1970 | K22: =K21 -> 2000 | L22: =L21 -> 2000 | M22: =M21 -> 2000 | N22: =N21-Q22 -> 40 | O22: =O21-R22 -> -80 | P22: =P21-S22 -> -30 | Q22: =Q21 -> 0 | R22: =R21 -> 0 | S22: =S21 -> 0 | T22: =D22+C22-V22 -> 2533 | U22: =U21-Q22 -> 40 | V22: =V21-R22 -> -80 | W22: =W21-S22 -> -30 | AD22: 45305
A23: 9 | B23: =B22+1 -> 45290 | C23: =C22 -> 844 | D23: =D22-2 -> 1607 | E23: =C23+D23-H23 -> 411 | F23: =C23+D23-I23 -> 531 | G23: =D23+C23-J23 -> 481 | H23: =K23+N23 -> 2040 | I23: =L23+O23 -> 1920 | J23: =M23+P23 -> 1970 | K23: =K22 -> 2000 | L23: =L22 -> 2000 | M23: =M22 -> 2000 | N23: =N22-Q23 -> 40 | O23: =O22-R23 -> -80 | P23: =P22-S23 -> -30 | Q23: =Q22 -> 0 | R23: =R22 -> 0 | S23: =S22 -> 0 | T23: =D23+C23-V23 -> 2531 | U23: =U22-Q23 -> 40 | V23: =V22-R23 -> -80 | W23: =W22-S23 -> -30 | AD23: 45309
A24: 10 | B24: =B23+1 -> 45291 | C24: =C23 -> 844 | D24: =D23-2 -> 1605 | E24: =C24+D24-H24 -> 409 | F24: =C24+D24-I24 -> 529 | G24: =D24+C24-J24 -> 479 | H24: =K24+N24 -> 2040 | I24: =L24+O24 -> 1920 | J24: =M24+P24 -> 1970 | K24: =K23 -> 2000 | L24: =L23 -> 2000 | M24: =M23 -> 2000 | N24: =N23-Q24 -> 40 | O24: =O23-R24 -> -80 | P24: =P23-S24 -> -30 | Q24: =Q23 -> 0 | R24: =R23 -> 0 | S24: =S23 -> 0 | T24: =D24+C24-V24 -> 2529 | U24: =U23-Q24 -> 40 | V24: =V23-R24 -> -80 | W24: =W23-S24 -> -30 | AD24: 45313
A25: 11 | B25: =B24+1 -> 45292 | C25: =C24 -> 844 | D25: =D24-2 -> 1603 | E25: =C25+D25-H25 -> 407 | F25: =C25+D25-I25 -> 527 | G25: =D25+C25-J25 -> 477 | H25: =K25+N25 -> 2040 | I25: =L25+O25 -> 1920 | J25: =M25+P25 -> 1970 | K25: =K24 -> 2000 | L25: =L24 -> 2000 | M25: =M24 -> 2000 | N25: =N24-Q25 -> 40 | O25: =O24-R25 -> -80 | P25: =P24-S25 -> -30 | Q25: =Q24 -> 0 | R25: =R24 -> 0 | S25: =S24 -> 0 | T25: =D25+C25-V25 -> 2527 | U25: =U24-Q25 -> 40 | V25: =V24-R25 -> -80 | W25: =W24-S25 -> -30 | AD25: 45355
A26: 12 | B26: =B25+1 -> 45293 | C26: =C25 -> 844 | D26: =D25-2 -> 1601 | E26: =C26+D26-H26 -> 411 | F26: =C26+D26-I26 -> 533 | G26: =D26+C26-J26 -> 480 | H26: =K26+N26 -> 2034 | I26: =L26+O26 -> 1912 | J26: =M26+P26 -> 1965 | K26: =K25 -> 2000 | L26: =L25 -> 2000 | M26: =M25 -> 2000 | N26: =N25-Q26 -> 34 | O26: =O25-R26 -> -88 | P26: =P25-S26 -> -35 | Q26: 6 | R26: 8 | S26: 5 | T26: =D26+C26-V26 -> 2353 | U26: =U25+0.06*1000-Q26 -> 94 | V26: =V25+$X26*1000-R26 -> 92 | W26: =W25+0.13*1000-S26 -> 95 | X26: 0.18 | AB26: 9 | AD26: 45359
A27: 13 | B27: =B26+1 -> 45294 | C27: =C26 -> 844 | D27: =D26-2 -> 1599 | E27: =C27+D27-H27 -> 411 | F27: =C27+D27-I27 -> 533 | G27: =D27+C27-J27 -> 479 | H27: =K27+N27 -> 2032 | I27: =L27+O27 -> 1910 | J27: =M27+P27 -> 1964 | K27: =K26 -> 2000 | L27: =L26 -> 2000 | M27: =M26 -> 2000 | N27: =N26-Q27 -> 32 | O27: =O26-R27 -> -90 | P27: =P26-S27 -> -36 | Q27: 2 | R27: 2 | S27: 1 | T27: =D27+C27-V27 -> 2353 | U27: =U26+$X27*1000-Q27 -> 92 | V27: =V26+$X27*1000-R27 -> 90 | W27: =W26+$X27*1000-S27 -> 94 | AD27: 45364
A28: 14 | B28: =B27+1 -> 45295 | C28: =C27 -> 844 | D28: =D27-2 -> 1597 | E28: =C28+D28-H28 -> 411 | F28: =C28+D28-I28 -> 533 | G28: =D28+C28-J28 -> 478 | H28: =K28+N28 -> 2030 | I28: =L28+O28 -> 1908 | J28: =M28+P28 -> 1963 | K28: =K27 -> 2000 | L28: =L27 -> 2000 | M28: =M27 -> 2000 | N28: =N27-Q28 -> 30 | O28: =O27-R28 -> -92 | P28: =P27-S28 -> -37 | Q28: 2 | R28: 2 | S28: 1 | T28: =D28+C28-V28 -> 2353 | U28: =U27+$X28*1000-Q28 -> 90 | V28: =V27+$X28*1000-R28 -> 88 | W28: =W27+$X28*1000-S28 -> 93
A29: 15 | B29: =B28+1 -> 45296 | C29: =C28 -> 844 | D29: =D28-2 -> 1595 | E29: =C29+D29-H29 -> 411 | F29: =C29+D29-I29 -> 533 | G29: =D29+C29-J29 -> 478 | H29: =K29+N29 -> 2028 | I29: =L29+O29 -> 1906 | J29: =M29+P29 -> 1961 | K29: =K28 -> 2000 | L29: =L28 -> 2000 | M29: =M28 -> 2000 | N29: =N28-Q29 -> 28 | O29: =O28-R29 -> -94 | P29: =P28-S29 -> -39 | Q29: 2 | R29: 2 | S29: 2 | T29: =D29+C29-V29 -> 2053 | U29: =U28+$X29*1000-Q29 -> 388 | V29: =V28+$X29*1000-R29 -> 386 | W29: =W28+$X29*1000-S29 -> 391 | X29: 0.3 | AB29: 8
A30: 16 | B30: =B29+1 -> 45297 | C30: =C29 -> 844 | D30: =D29-2 -> 1593 | E30: =C30+D30-H30 -> 414 | F30: =C30+D30-I30 -> 539 | G30: =D30+C30-J30 -> 481 | H30: =K30+N30 -> 2023 | I30: =L30+O30 -> 1898 | J30: =M30+P30 -> 1956 | K30: =K29 -> 2000 | L30: =L29 -> 2000 | M30: =M29 -> 2000 | N30: =N29-Q30 -> 23 | O30: =O29-R30 -> -102 | P30: =P29-S30 -> -44 | Q30: 5 | R30: 8 | S30: 5 | T30: =D30+C30-V30 -> 2059 | U30: =U29+$X30*1000-Q30 -> 383 | V30: =V29+$X30*1000-R30 -> 378 | W30: =W29+$X30*1000-S30 -> 386
A31: 17 | B31: =B30+1 -> 45298 | C31: =C30 -> 844 | D31: =D30-2 -> 1591 | E31: =C31+D31-H31 -> 414 | F31: =C31+D31-I31 -> 539 | G31: =D31+C31-J31 -> 480 | H31: =K31+N31 -> 2021 | I31: =L31+O31 -> 1896 | J31: =M31+P31 -> 1955 | K31: =K30 -> 2000 | L31: =L30 -> 2000 | M31: =M30 -> 2000 | N31: =N30-Q31 -> 21 | O31: =O30-R31 -> -104 | P31: =P30-S31 -> -45 | Q31: 2 | R31: 2 | S31: 1 | T31: =D31+C31-V31 -> 2059 | U31: =U30+$X31*1000-Q31 -> 381 | V31: =V30+$X31*1000-R31 -> 376 | W31: =W30+$X31*1000-S31 -> 385
A32: 18 | B32: =B31+1 -> 45299 | C32: =C31 -> 844 | D32: =D31-2 -> 1589 | E32: =C32+D32-H32 -> 414 | F32: =C32+D32-I32 -> 539 | G32: =D32+C32-J32 -> 480 | H32: =K32+N32 -> 2019 | I32: =L32+O32 -> 1894 | J32: =M32+P32 -> 1953 | K32: =K31 -> 2000 | L32: =L31 -> 2000 | M32: =M31 -> 2000 | N32: =N31-Q32 -> 19 | O32: =O31-R32 -> -106 | P32: =P31-S32 -> -47 | Q32: 2 | R32: 2 | S32: 2 | T32: =D32+C32-V32 -> 2059 | U32: =U31+$X32*1000-Q32 -> 379 | V32: =V31+$X32*1000-R32 -> 374 | W32: =W31+$X32*1000-S32 -> 383
A33: 19 | B33: =B32+1 -> 45300 | C33: =C32 -> 844 | D33: =D32-2 -> 1587 | E33: =C33+D33-H33 -> 414 | F33: =C33+D33-I33 -> 539 | G33: =D33+C33-J33 -> 479 | H33: =K33+N33 -> 2017 | I33: =L33+O33 -> 1892 | J33: =M33+P33 -> 1952 | K33: =K32 -> 2000 | L33: =L32 -> 2000 | M33: =M32 -> 2000 | N33: =N32-Q33 -> 17 | O33: =O32-R33 -> -108 | P33: =P32-S33 -> -48 | Q33: 2 | R33: 2 | S33: 1 | T33: =D33+C33-V33 -> 1759 | U33: =U32+$X33*1000-Q33 -> 677 | V33: =V32+$X33*1000-R33 -> 672 | W33: =W32+$X33*1000-S33 -> 682 | X33: 0.3 | AB33: 7
A34: 20 | B34: =B33+1 -> 45301 | C34: =C33 -> 844 | D34: =D33-2 -> 1585 | E34: =C34+D34-H34 -> 417 | F34: =C34+D34-I34 -> 545 | G34: =D34+C34-J34 -> 483 | H34: =K34+N34 -> 2012 | I34: =L34+O34 -> 1884 | J34: =M34+P34 -> 1946 | K34: =K33 -> 2000 | L34: =L33 -> 2000 | M34: =M33 -> 2000 | N34: =N33-Q34 -> 12 | O34: =O33-R34 -> -116 | P34: =P33-S34 -> -54 | Q34: 5 | R34: 8 | S34: 6 | T34: =D34+C34-V34 -> 1765 | U34: =U33+$X34*1000-Q34 -> 672 | V34: =V33+$X34*1000-R34 -> 664 | W34: =W33+$X34*1000-S34 -> 676
A35: 21 | B35: =B34+1 -> 45302 | C35: =C34 -> 844 | D35: =D34-2 -> 1583 | E35: =C35+D35-H35 -> 421 | F35: =C35+D35-I35 -> 551 | G35: =D35+C35-J35 -> 486 | H35: =K35+N35 -> 2006 | I35: =L35+O35 -> 1876 | J35: =M35+P35 -> 1941 | K35: =K34 -> 2000 | L35: =L34 -> 2000 | M35: =M34 -> 2000 | N35: =N34-Q35 -> 6 | O35: =O34-R35 -> -124 | P35: =P34-S35 -> -59 | Q35: 6 | R35: 8 | S35: 5 | T35: =D35+C35-V35 -> 1771 | U35: =U34+$X35*1000-Q35 -> 666 | V35: =V34+$X35*1000-R35 -> 656 | W35: =W34+$X35*1000-S35 -> 671
A36: 22 | B36: =B35+1 -> 45303 | C36: =C35 -> 844 | D36: =D35-2 -> 1581 | E36: =C36+D36-H36 -> 421 | F36: =C36+D36-I36 -> 551 | G36: =D36+C36-J36 -> 485 | H36: =K36+N36 -> 2004 | I36: =L36+O36 -> 1874 | J36: =M36+P36 -> 1940 | K36: =K35 -> 2000 | L36: =L35 -> 2000 | M36: =M35 -> 2000 | N36: =N35-Q36 -> 4 | O36: =O35-R36 -> -126 | P36: =P35-S36 -> -60 | Q36: 2 | R36: 2 | S36: 1 | T36: =D36+C36-V36 -> 1771 | U36: =U35+$X36*1000-Q36 -> 664 | V36: =V35+$X36*1000-R36 -> 654 | W36: =W35+$X36*1000-S36 -> 670
A37: 23 | B37: =B36+1 -> 45304 | C37: =C36 -> 844 | D37: =D36-2 -> 1579 | E37: =C37+D37-H37 -> 421 | F37: =C37+D37-I37 -> 551 | G37: =D37+C37-J37 -> 484 | H37: =K37+N37 -> 2002 | I37: =L37+O37 -> 1872 | J37: =M37+P37 -> 1939 | K37: =K36 -> 2000 | L37: =L36 -> 2000 | M37: =M36 -> 2000 | N37: =N36-Q37 -> 2 | O37: =O36-R37 -> -128 | P37: =P36-S37 -> -61 | Q37: 2 | R37: 2 | S37: 1 | T37: =D37+C37-V37 -> 1771 | U37: =U36+$X37*1000-Q37 -> 662 | V37: =V36+$X37*1000-R37 -> 652 | W37: =W36+$X37*1000-S37 -> 669
A38: 24 | B38: =B37+1 -> 45305 | C38: =C37 -> 844 | D38: =D37-2 -> 1577 | E38: =C38+D38-H38 -> 421 | F38: =C38+D38-I38 -> 551 | G38: =D38+C38-J38 -> 484 | H38: =K38+N38 -> 2000 | I38: =L38+O38 -> 1870 | J38: =M38+P38 -> 1937 | K38: =K37 -> 2000 | L38: =L37 -> 2000 | M38: =M37 -> 2000 | N38: =N37-Q38 -> -7.1054274e-15 | O38: =O37-R38 -> -130 | P38: =P37-S38 -> -63 | Q38: 2 | R38: 2 | S38: 2 | T38: =D38+C38-V38 -> 1471 | U38: =U37+$X38*1000-Q38 -> 960 | V38: =V37+$X38*1000-R38 -> 950 | W38: =W37+$X38*1000-S38 -> 967 | X38: 0.3 | AB38: 6
A39: 25 | B39: =B38+1 -> 45306 | C39: =C38 -> 844 | D39: =D38-2 -> 1575 | E39: =C39+D39-H39 -> 424 | F39: =C39+D39-I39 -> 557 | G39: =D39+C39-J39 -> 487 | H39: =K39+N39 -> 1995 | I39: =L39+O39 -> 1862 | J39: =M39+P39 -> 1932 | K39: =K38 -> 2000 | L39: =L38 -> 2000 | M39: =M38 -> 2000 | N39: =N38-Q39 -> -5 | O39: =O38-R39 -> -138 | P39: =P38-S39 -> -68 | Q39: 5 | R39: 8 | S39: 5 | T39: =D39+C39-V39 -> 1477 | U39: =U38+$X39*1000-Q39 -> 955 | V39: =V38+$X39*1000-R39 -> 942 | W39: =W38+$X39*1000-S39 -> 962
A40: 26 | B40: =B39+1 -> 45307 | C40: =C39 -> 844 | D40: =D39-2 -> 1573 | E40: =C40+D40-H40 -> 424 | F40: =C40+D40-I40 -> 557 | G40: =D40+C40-J40 -> 486 | H40: =K40+N40 -> 1993 | I40: =L40+O40 -> 1860 | J40: =M40+P40 -> 1931 | K40: =K39 -> 2000 | L40: =L39 -> 2000 | M40: =M39 -> 2000 | N40: =N39-Q40 -> -7 | O40: =O39-R40 -> -140 | P40: =P39-S40 -> -69 | Q40: 2 | R40: 2 | S40: 1 | T40: =D40+C40-V40 -> 1477 | U40: =U39+$X40*1000-Q40 -> 953 | V40: =V39+$X40*1000-R40 -> 940 | W40: =W39+$X40*1000-S40 -> 961
A41: 27 | B41: =B40+1 -> 45308 | C41: =C40 -> 844 | D41: =D40-2 -> 1571 | E41: =C41+D41-H41 -> 424 | F41: =C41+D41-I41 -> 557 | G41: =D41+C41-J41 -> 486 | H41: =K41+N41 -> 1991 | I41: =L41+O41 -> 1858 | J41: =M41+P41 -> 1929 | K41: =K40 -> 2000 | L41: =L40 -> 2000 | M41: =M40 -> 2000 | N41: =N40-Q41 -> -9 | O41: =O40-R41 -> -142 | P41: =P40-S41 -> -71 | Q41: 2 | R41: 2 | S41: 2 | T41: =D41+C41-V41 -> 1477 | U41: =U40+$X41*1000-Q41 -> 951 | V41: =V40+$X41*1000-R41 -> 938 | W41: =W40+$X41*1000-S41 -> 959
A42: 28 | B42: =B41+1 -> 45309 | C42: =C41 -> 844 | D42: =D41-2 -> 1569 | E42: =C42+D42-H42 -> 424 | F42: =C42+D42-I42 -> 557 | G42: =D42+C42-J42 -> 485 | H42: =K42+N42 -> 1989 | I42: =L42+O42 -> 1856 | J42: =M42+P42 -> 1928 | K42: =K41 -> 2000 | L42: =L41 -> 2000 | M42: =M41 -> 2000 | N42: =N41-Q42 -> -11 | O42: =O41-R42 -> -144 | P42: =P41-S42 -> -72 | Q42: 2 | R42: 2 | S42: 1 | T42: =D42+C42-V42 -> 1177 | U42: =U41+$X42*1000-Q42 -> 1249 | V42: =V41+$X42*1000-R42 -> 1236 | W42: =W41+$X42*1000-S42 -> 1258 | X42: 0.3 | AB42: 5
A43: 29 | B43: =B42+1 -> 45310 | C43: =C42 -> 844 | D43: =D42-2 -> 1567 | E43: =C43+D43-H43 -> 427 | F43: =C43+D43-I43 -> 563 | G43: =D43+C43-J43 -> 489 | H43: =K43+N43 -> 1984 | I43: =L43+O43 -> 1848 | J43: =M43+P43 -> 1922 | K43: =K42 -> 2000 | L43: =L42 -> 2000 | M43: =M42 -> 2000 | N43: =N42-Q43 -> -16 | O43: =O42-R43 -> -152 | P43: =P42-S43 -> -78 | Q43: 5 | R43: 8 | S43: 6 | T43: =D43+C43-V43 -> 1183 | U43: =U42+$X43*1000-Q43 -> 1244 | V43: =V42+$X43*1000-R43 -> 1228 | W43: =W42+$X43*1000-S43 -> 1252
A44: 30 | B44: =B43+1 -> 45311 | C44: =C43 -> 844 | D44: =D43-2 -> 1565 | E44: =C44+D44-H44 -> 425 | F44: =C44+D44-I44 -> 562 | G44: =D44+C44-J44 -> 487 | H44: =K44+N44 -> 1984 | I44: =L44+O44 -> 1847 | J44: =M44+P44 -> 1922 | K44: =K43 -> 2000 | L44: =L43 -> 2000 | M44: =M43 -> 2000 | N44: =N43-Q44 -> -16 | O44: =O43-R44 -> -153 | P44: =P43-S44 -> -78 | Q44: 0 | R44: 1 | S44: 0 | T44: =D44+C44-V44 -> 1182 | U44: =U43+$X44*1000-Q44 -> 1244 | V44: =V43+$X44*1000-R44 -> 1227 | W44: =W43+$X44*1000-S44 -> 1252
A45: 31 | B45: =B44+1 -> 45312 | C45: =C44 -> 844 | D45: =D44-2 -> 1563 | E45: =C45+D45-H45 -> 429 | F45: =C45+D45-I45 -> 568 | G45: =D45+C45-J45 -> 490 | H45: =K45+N45 -> 1978 | I45: =L45+O45 -> 1839 | J45: =M45+P45 -> 1917 | K45: =K44 -> 2000 | L45: =L44 -> 2000 | M45: =M44 -> 2000 | N45: =N44-Q45 -> -22 | O45: =O44-R45 -> -161 | P45: =P44-S45 -> -83 | Q45: 6 | R45: 8 | S45: 5 | T45: =D45+C45-V45 -> 1188 | U45: =U44+$X45*1000-Q45 -> 1238 | V45: =V44+$X45*1000-R45 -> 1219 | W45: =W44+$X45*1000-S45 -> 1247
A46: 32 | B46: =B45+1 -> 45313 | C46: =C45 -> 844 | D46: =D45-2 -> 1561 | E46: =C46+D46-H46 -> 429 | F46: =C46+D46-I46 -> 568 | G46: =D46+C46-J46 -> 489 | H46: =K46+N46 -> 1976 | I46: =L46+O46 -> 1837 | J46: =M46+P46 -> 1916 | K46: =K45 -> 2000 | L46: =L45 -> 2000 | M46: =M45 -> 2000 | N46: =N45-Q46 -> -24 | O46: =O45-R46 -> -163 | P46: =P45-S46 -> -84 | Q46: 2 | R46: 2 | S46: 1 | T46: =D46+C46-V46 -> 888 | U46: =U45+$X46*1000-Q46 -> 1536 | V46: =V45+$X46*1000-R46 -> 1517 | W46: =W45+$X46*1000-S46 -> 1546 | X46: 0.3 | AB46: 4
A47: 33 | B47: =B46+1 -> 45314 | C47: =C46 -> 844 | D47: =D46-2 -> 1559 | E47: =C47+D47-H47 -> 429 | F47: =C47+D47-I47 -> 568 | G47: =D47+C47-J47 -> 488 | H47: =K47+N47 -> 1974 | I47: =L47+O47 -> 1835 | J47: =M47+P47 -> 1915 | K47: =K46 -> 2000 | L47: =L46 -> 2000 | M47: =M46 -> 2000 | N47: =N46-Q47 -> -26 | O47: =O46-R47 -> -165 | P47: =P46-S47 -> -85 | Q47: 2 | R47: 2 | S47: 1 | T47: =D47+C47-V47 -> 888 | U47: =U46+$X47*1000-Q47 -> 1534 | V47: =V46+$X47*1000-R47 -> 1515 | W47: =W46+$X47*1000-S47 -> 1545
A48: 34 | B48: =B47+1 -> 45315 | C48: =C47 -> 844 | D48: =D47-2 -> 1557 | E48: =C48+D48-H48 -> 429 | F48: =C48+D48-I48 -> 568 | G48: =D48+C48-J48 -> 488 | H48: =K48+N48 -> 1972 | I48: =L48+O48 -> 1833 | J48: =M48+P48 -> 1913 | K48: =K47 -> 2000 | L48: =L47 -> 2000 | M48: =M47 -> 2000 | N48: =N47-Q48 -> -28 | O48: =O47-R48 -> -167 | P48: =P47-S48 -> -87 | Q48: 2 | R48: 2 | S48: 2 | T48: =D48+C48-V48 -> 888 | U48: =U47+$X48*1000-Q48 -> 1532 | V48: =V47+$X48*1000-R48 -> 1513 | W48: =W47+$X48*1000-S48 -> 1543
A49: 35 | B49: =B48+1 -> 45316 | C49: =C48 -> 844 | D49: =D48-2 -> 1555 | E49: =C49+D49-H49 -> 432 | F49: =C49+D49-I49 -> 574 | G49: =D49+C49-J49 -> 491 | H49: =K49+N49 -> 1967 | I49: =L49+O49 -> 1825 | J49: =M49+P49 -> 1908 | K49: =K48 -> 2000 | L49: =L48 -> 2000 | M49: =M48 -> 2000 | N49: =N48-Q49 -> -33 | O49: =O48-R49 -> -175 | P49: =P48-S49 -> -92 | Q49: 5 | R49: 8 | S49: 5 | T49: =D49+C49-V49 -> 894 | U49: =U48+$X49*1000-Q49 -> 1527 | V49: =V48+$X49*1000-R49 -> 1505 | W49: =W48+$X49*1000-S49 -> 1538
A50: 36 | B50: =B49+1 -> 45317 | C50: =C49 -> 844 | D50: =D49-2 -> 1553 | E50: =C50+D50-H50 -> 432 | F50: =C50+D50-I50 -> 574 | G50: =D50+C50-J50 -> 490 | H50: =K50+N50 -> 1965 | I50: =L50+O50 -> 1823 | J50: =M50+P50 -> 1907 | K50: =K49 -> 2000 | L50: =L49 -> 2000 | M50: =M49 -> 2000 | N50: =N49-Q50 -> -35 | O50: =O49-R50 -> -177 | P50: =P49-S50 -> -93 | Q50: 2 | R50: 2 | S50: 1 | T50: =D50+C50-V50 -> 894 | U50: =U49+$X50*1000-Q50 -> 1525 | V50: =V49+$X50*1000-R50 -> 1503 | W50: =W49+$X50*1000-S50 -> 1537
A51: 37 | B51: =B50+1 -> 45318 | C51: =C50 -> 844 | D51: =D50-2 -> 1551 | E51: =C51+D51-H51 -> 432 | F51: =C51+D51-I51 -> 574 | G51: =D51+C51-J51 -> 490 | H51: =K51+N51 -> 1963 | I51: =L51+O51 -> 1821 | J51: =M51+P51 -> 1905 | K51: =K50 -> 2000 | L51: =L50 -> 2000 | M51: =M50 -> 2000 | N51: =N50-Q51 -> -37 | O51: =O50-R51 -> -179 | P51: =P50-S51 -> -95 | Q51: 2 | R51: 2 | S51: 2 | T51: =D51+C51-V51 -> 894 | U51: =U50+$X51*1000-Q51 -> 1523 | V51: =V50+$X51*1000-R51 -> 1501 | W51: =W50+$X51*1000-S51 -> 1535
A52: 38 | B52: =B51+1 -> 45319 | C52: =C51 -> 844 | D52: =D51-2 -> 1549 | E52: =C52+D52-H52 -> 432 | F52: =C52+D52-I52 -> 574 | G52: =D52+C52-J52 -> 489 | H52: =K52+N52 -> 1961 | I52: =L52+O52 -> 1819 | J52: =M52+P52 -> 1904 | K52: =K51 -> 2000 | L52: =L51 -> 2000 | M52: =M51 -> 2000 | N52: =N51-Q52 -> -39 | O52: =O51-R52 -> -181 | P52: =P51-S52 -> -96 | Q52: 2 | R52: 2 | S52: 1 | T52: =D52+C52-V52 -> 894 | U52: =U51+$X52*1000-Q52 -> 1521 | V52: =V51+$X52*1000-R52 -> 1499 | W52: =W51+$X52*1000-S52 -> 1534
A53: 39 | B53: =B52+1 -> 45320 | C53: =C52 -> 844 | D53: =D52-2 -> 1547 | E53: =C53+D53-H53 -> 435 | F53: =C53+D53-I53 -> 580 | G53: =D53+C53-J53 -> 493 | H53: =K53+N53 -> 1956 | I53: =L53+O53 -> 1811 | J53: =M53+P53 -> 1898 | K53: =K52 -> 2000 | L53: =L52 -> 2000 | M53: =M52 -> 2000 | N53: =N52-Q53 -> -44 | O53: =O52-R53 -> -189 | P53: =P52-S53 -> -102 | Q53: 5 | R53: 8 | S53: 6 | T53: =D53+C53-V53 -> 900 | U53: =U52+$X53*1000-Q53 -> 1516 | V53: =V52+$X53*1000-R53 -> 1491 | W53: =W52+$X53*1000-S53 -> 1528
A54: 40 | B54: =B53+1 -> 45321 | C54: =C53 -> 844 | D54: =D53-2 -> 1545 | E54: =C54+D54-H54 -> 433 | F54: =C54+D54-I54 -> 579 | G54: =D54+C54-J54 -> 491 | H54: =K54+N54 -> 1956 | I54: =L54+O54 -> 1810 | J54: =M54+P54 -> 1898 | K54: =K53 -> 2000 | L54: =L53 -> 2000 | M54: =M53 -> 2000 | N54: =N53-Q54 -> -44 | O54: =O53-R54 -> -190 | P54: =P53-S54 -> -102 | Q54: 0 | R54: 1 | S54: 0 | T54: =D54+C54-V54 -> 899 | U54: =U53+$X54*1000-Q54 -> 1516 | V54: =V53+$X54*1000-R54 -> 1490 | W54: =W53+$X54*1000-S54 -> 1528
A55: 41 | B55: =B54+1 -> 45322 | C55: =C54 -> 844 | D55: =D54-2 -> 1543 | E55: =C55+D55-H55 -> 432 | F55: =C55+D55-I55 -> 577 | G55: =D55+C55-J55 -> 490 | H55: =K55+N55 -> 1955 | I55: =L55+O55 -> 1810 | J55: =M55+P55 -> 1897 | K55: =K54 -> 2000 | L55: =L54 -> 2000 | M55: =M54 -> 2000 | N55: =N54-Q55 -> -45 | O55: =O54-R55 -> -190 | P55: =P54-S55 -> -103 | Q55: 1 | R55: 0 | S55: 1 | T55: =D55+C55-V55 -> 897 | U55: =U54+$X55*1000-Q55 -> 1515 | V55: =V54+$X55*1000-R55 -> 1490 | W55: =W54+$X55*1000-S55 -> 1527
A56: 42 | B56: =B55+1 -> 45323 | C56: =C55 -> 844 | D56: =D55-2 -> 1541 | E56: =C56+D56-H56 -> 430 | F56: =C56+D56-I56 -> 576 | G56: =D56+C56-J56 -> 488 | H56: =K56+N56 -> 1955 | I56: =L56+O56 -> 1809 | J56: =M56+P56 -> 1897 | K56: =K55 -> 2000 | L56: =L55 -> 2000 | M56: =M55 -> 2000 | N56: =N55-Q56 -> -45 | O56: =O55-R56 -> -191 | P56: =P55-S56 -> -103 | Q56: 0 | R56: 1 | S56: 0 | T56: =D56+C56-V56 -> 896 | U56: =U55+$X56*1000-Q56 -> 1515 | V56: =V55+$X56*1000-R56 -> 1489 | W56: =W55+$X56*1000-S56 -> 1527
A57: 43 | B57: =B56+1 -> 45324 | C57: =C56 -> 844 | D57: =D56-2 -> 1539 | E57: =C57+D57-H57 -> 428 | F57: =C57+D57-I57 -> 574 | G57: =D57+C57-J57 -> 486 | H57: =K57+N57 -> 1955 | I57: =L57+O57 -> 1809 | J57: =M57+P57 -> 1897 | K57: =K56 -> 2000 | L57: =L56 -> 2000 | M57: =M56 -> 2000 | N57: =N56-Q57 -> -45 | O57: =O56-R57 -> -191 | P57: =P56-S57 -> -103 | Q57: 0 | R57: 0 | S57: 0 | T57: =D57+C57-V57 -> 894 | U57: =U56+$X57*1000-Q57 -> 1515 | V57: =V56+$X57*1000-R57 -> 1489 | W57: =W56+$X57*1000-S57 -> 1527
A58: 44 | B58: =B57+1 -> 45325 | C58: =C57 -> 844 | D58: =D57-2 -> 1537 | E58: =C58+D58-H58 -> 429 | F58: =C58+D58-I58 -> 573 | G58: =D58+C58-J58 -> 484 | H58: =K58+N58 -> 1952 | I58: =L58+O58 -> 1808 | J58: =M58+P58 -> 1897 | K58: =K57 -> 2000 | L58: =L57 -> 2000 | M58: =M57 -> 2000 | N58: =N57-Q58 -> -48 | O58: =O57-R58 -> -192 | P58: =P57-S58 -> -103 | Q58: 3 | R58: 1 | S58: 0 | T58: =D58+C58-V58 -> 893 | U58: =U57+$X58*1000-Q58 -> 1512 | V58: =V57+$X58*1000-R58 -> 1488 | W58: =W57+$X58*1000-S58 -> 1527
... A86: 72 | B86: =B85+1 -> 45353 | C86: =C85 -> 844 | D86: =D85-2 -> 1481 | E86: =C86+D86-H86 -> 499 | F86: =C86+D86-I86 -> 535 | G86: =D86+C86-J86 -> 439 | H86: =K86+N86 -> 1826 | I86: =L86+O86 -> 1790 | J86: =M86+P86 -> 1886 | K86: =K85 -> 2000 | L86: =L85 -> 2000 | M86: =M85 -> 2000 | N86: =N85-Q86 -> -174 | O86: =O85-R86 -> -210 | P86: =P85-S86 -> -114 | Q86: 9 | R86: 3 | S86: 0 | T86: =D86+C86-V86 -> 855 | U86: =U85+$X86*1000-Q86 -> 1386 | V86: =V85+$X86*1000-R86 -> 1470 | W86: =W85+$X86*1000-S86 -> 1516
A87: 73 | B87: =B86+1 -> 45354 | C87: =C86 -> 844 | D87: =D86-2 -> 1479 | E87: =C87+D87-H87 -> 500 | F87: =C87+D87-I87 -> 533 | G87: =D87+C87-J87 -> 437 | H87: =K87+N87 -> 1823 | I87: =L87+O87 -> 1790 | J87: =M87+P87 -> 1886 | K87: =K86 -> 2000 | L87: =L86 -> 2000 | M87: =M86 -> 2000 | N87: =N86-Q87 -> -177 | O87: =O86-R87 -> -210 | P87: =P86-S87 -> -114 | Q87: 3 | R87: 0 | S87: 0 | T87: =D87+C87-V87 -> 853 | U87: =U86+$X87*1000-Q87 -> 1383 | V87: =V86+$X87*1000-R87 -> 1470 | W87: =W86+$X87*1000-S87 -> 1516 | AD87: 45355
A88: 74 | B88: =B87+1 -> 45355 | C88: =C87 -> 844 | D88: =D87-2 -> 1477 | E88: =C88+D88-H88 -> 502 | F88: =C88+D88-I88 -> 531 | G88: =D88+C88-J88 -> 435 | H88: =K88+N88 -> 1819 | I88: =L88+O88 -> 1790 | J88: =M88+P88 -> 1886 | K88: =K87 -> 2000 | L88: =L87 -> 2000 | M88: =M87 -> 2000 | N88: =N87-Q88 -> -181 | O88: =O87-R88 -> -210 | P88: =P87-S88 -> -114 | Q88: 4 | R88: 0 | S88: 0 | T88: =D88+C88-V88 -> 551 | U88: =U87+$X88*1000-Q88 -> 1679 | V88: =V87+$X88*1000-R88 -> 1770 | W88: =W87+$X88*1000-S88 -> 1816 | X88: 0.3 | AB88: 3 | AD88: 45359
A89: 75 | B89: =B88+1 -> 45356 | C89: =C88 -> 844 | D89: =D88-2 -> 1475 | E89: =C89+D89-H89 -> 503 | F89: =C89+D89-I89 -> 530 | G89: =D89+C89-J89 -> 433 | H89: =K89+N89 -> 1816 | I89: =L89+O89 -> 1789 | J89: =M89+P89 -> 1886 | K89: =K88 -> 2000 | L89: =L88 -> 2000 | M89: =M88 -> 2000 | N89: =N88-Q89 -> -184 | O89: =O88-R89 -> -211 | P89: =P88-S89 -> -114 | Q89: 3 | R89: 1 | S89: 0 | T89: =D89+C89-V89 -> 550 | U89: =U88+$X89*1000-Q89 -> 1676 | V89: =V88+$X89*1000-R89 -> 1769 | W89: =W88+$X89*1000-S89 -> 1816 | AD89: 45364
A90: 76 | B90: =B89+1 -> 45357 | C90: =C89 -> 844 | D90: =D89-2 -> 1473 | E90: =C90+D90-H90 -> 510 | F90: =C90+D90-I90 -> 530 | G90: =D90+C90-J90 -> 431 | H90: =K90+N90 -> 1807 | I90: =L90+O90 -> 1787 | J90: =M90+P90 -> 1886 | K90: =K89 -> 2000 | L90: =L89 -> 2000 | M90: =M89 -> 2000 | N90: =N89-Q90 -> -193 | O90: =O89-R90 -> -213 | P90: =P89-S90 -> -114 | Q90: 9 | R90: 2 | S90: 0 | T90: =D90+C90-V90 -> 550 | U90: =U89+$X90*1000-Q90 -> 1667 | V90: =V89+$X90*1000-R90 -> 1767 | W90: =W89+$X90*1000-S90 -> 1816 | AB90: Trước nối cần
A91: 77 | B91: =B90+1 -> 45358 | C91: =C90 -> 844 | D91: =D90-2 -> 1471 | E91: =C91+D91-H91 -> -490 | F91: =C91+D91-I91 -> -472 | G91: =D91+C91-J91 -> -571 | H91: =K91+N91 -> 2805 | I91: =L91+O91 -> 2787 | J91: =M91+P91 -> 2886 | K91: =K90+1000 -> 3000 | L91: =L90+1000 -> 3000 | M91: =M90+1000 -> 3000 | N91: =N90-Q91 -> -195 | O91: =O90-R91 -> -213 | P91: =P90-S91 -> -114 | Q91: 2 | R91: 0 | S91: 0 | T91: =D91+C91-V91 -> 548 | U91: =U90+$X91*1000-Q91 -> 1665 | V91: =V90+$X91*1000-R91 -> 1767 | W91: =W90+$X91*1000-S91 -> 1816 | AB91: Sau nối cần
A92: 78 | B92: =B91+1 -> 45359 | C92: =C91 -> 844 | D92: =D91-2 -> 1469 | E92: =C92+D92-H92 -> -488 | F92: =C92+D92-I92 -> -474 | G92: =D92+C92-J92 -> -573 | H92: =K92+N92 -> 2801 | I92: =L92+O92 -> 2787 | J92: =M92+P92 -> 2886 | K92: =K91 -> 3000 | L92: =L91 -> 3000 | M92: =M91 -> 3000 | N92: =N91-Q92 -> -199 | O92: =O91-R92 -> -213 | P92: =P91-S92 -> -114 | Q92: 4 | R92: 0 | S92: 0 | T92: =D92+C92-V92 -> 546 | U92: =U91+$X92*1000-Q92 -> 1661 | V92: =V91+$X92*1000-R92 -> 1767 | W92: =W91+$X92*1000-S92 -> 1816 | AB92: 2
A93: 79 | B93: =B92+1 -> 45360 | C93: =C92 -> 844 | D93: =D92-2 -> 1467 | E93: =C93+D93-H93 -> -487 | F93: =C93+D93-I93 -> -473 | G93: =D93+C93-J93 -> -575 | H93: =K93+N93 -> 2798 | I93: =L93+O93 -> 2784 | J93: =M93+P93 -> 2886 | K93: =K92 -> 3000 | L93: =L92 -> 3000 | M93: =M92 -> 3000 | N93: =N92-Q93 -> -202 | O93: =O92-R93 -> -216 | P93: =P92-S93 -> -114 | Q93: 3 | R93: 3 | S93: 0 | T93: =D93+C93-V93 -> 547 | U93: =U92+$X93*1000-Q93 -> 1658 | V93: =V92+$X93*1000-R93 -> 1764 | W93: =W92+$X93*1000-S93 -> 1816
A94: 80 | B94: =B93+1 -> 45361 | C94: =C93 -> 844 | D94: =D93-2 -> 1465 | E94: =C94+D94-H94 -> -486 | F94: =C94+D94-I94 -> -475 | G94: =D94+C94-J94 -> -577 | H94: =K94+N94 -> 2795 | I94: =L94+O94 -> 2784 | J94: =M94+P94 -> 2886 | K94: =K93 -> 3000 | L94: =L93 -> 3000 | M94: =M93 -> 3000 | N94: =N93-Q94 -> -205 | O94: =O93-R94 -> -216 | P94: =P93-S94 -> -114 | Q94: 3 | R94: 0 | S94: 0 | T94: =D94+C94-V94 -> 545 | U94: =U93+$X94*1000-Q94 -> 1655 | V94: =V93+$X94*1000-R94 -> 1764 | W94: =W93+$X94*1000-S94 -> 1816
A95: 81 | B95: =B94+1 -> 45362 | C95: =C94 -> 844 | D95: =D94-2 -> 1463 | E95: =C95+D95-H95 -> -479 | F95: =C95+D95-I95 -> -477 | G95: =D95+C95-J95 -> -579 | H95: =K95+N95 -> 2786 | I95: =L95+O95 -> 2784 | J95: =M95+P95 -> 2886 | K95: =K94 -> 3000 | L95: =L94 -> 3000 | M95: =M94 -> 3000 | N95: =N94-Q95 -> -214 | O95: =O94-R95 -> -216 | P95: =P94-S95 -> -114 | Q95: 9 | R95: 0 | S95: 0 | T95: =D95+C95-V95 -> 543 | U95: =U94+$X95*1000-Q95 -> 1646 | V95: =V94+$X95*1000-R95 -> 1764 | W95: =W94+$X95*1000-S95 -> 1816
A96: 82 | B96: =B95+1 -> 45363 | C96: =C95 -> 844 | D96: =D95-2 -> 1461 | E96: =C96+D96-H96 -> -479 | F96: =C96+D96-I96 -> -479 | G96: =D96+C96-J96 -> -581 | H96: =K96+N96 -> 2784 | I96: =L96+O96 -> 2784 | J96: =M96+P96 -> 2886 | K96: =K95 -> 3000 | L96: =L95 -> 3000 | M96: =M95 -> 3000 | N96: =N95-Q96 -> -216 | O96: =O95-R96 -> -216 | P96: =P95-S96 -> -114 | Q96: 2 | R96: 0 | S96: 0 | T96: =D96+C96-V96 -> 541 | U96: =U95+$X96*1000-Q96 -> 1644 | V96: =V95+$X96*1000-R96 -> 1764 | W96: =W95+$X96*1000-S96 -> 1816
A97: 83 | B97: =B96+1 -> 45364 | C97: =C96 -> 844 | D97: =D96-2 -> 1459 | E97: =C97+D97-H97 -> -479 | F97: =C97+D97-I97 -> -473 | G97: =D97+C97-J97 -> -578 | H97: =K97+N97 -> 2782 | I97: =L97+O97 -> 2776 | J97: =M97+P97 -> 2881 | K97: =K96 -> 3000 | L97: =L96 -> 3000 | M97: =M96 -> 3000 | N97: =N96-Q97 -> -218 | O97: =O96-R97 -> -224 | P97: =P96-S97 -> -119 | Q97: 2 | R97: 8 | S97: 5 | T97: =D97+C97-V97 -> 247 | U97: =U96+$X97*1000-Q97 -> 1942 | V97: =V96+$X97*1000-R97 -> 2056 | W97: =W96+$X97*1000-S97 -> 2111 | X97: 0.3 | AB97: 1
A98: 84 | B98: =B97+1 -> 45365 | C98: =C97 -> 844 | D98: =D97-2 -> 1457 | E98: =C98+D98-H98 -> -479 | F98: =C98+D98-I98 -> -473 | G98: =D98+C98-J98 -> -579 | H98: =K98+N98 -> 2780 | I98: =L98+O98 -> 2774 | J98: =M98+P98 -> 2880 | K98: =K97 -> 3000 | L98: =L97 -> 3000 | M98: =M97 -> 3000 | N98: =N97-Q98 -> -220 | O98: =O97-R98 -> -226 | P98: =P97-S98 -> -120 | Q98: 2 | R98: 2 | S98: 1 | T98: =D98+C98-V98 -> 247 | U98: =U97+$X98*1000-Q98 -> 1940 | V98: =V97+$X98*1000-R98 -> 2054 | W98: =W97+$X98*1000-S98 -> 2110
A99: 85 | B99: =B98+1 -> 45366 | C99: =C98 -> 844 | D99: =D98-2 -> 1455 | E99: =C99+D99-H99 -> -478 | F99: =C99+D99-I99 -> -473 | G99: =D99+C99-J99 -> -580 | H99: =K99+N99 -> 2777 | I99: =L99+O99 -> 2772 | J99: =M99+P99 -> 2879 | K99: =K98 -> 3000 | L99: =L98 -> 3000 | M99: =M98 -> 3000 | N99: =N98-Q99 -> -223 | O99: =O98-R99 -> -228 | P99: =P98-S99 -> -121 | Q99: 3 | R99: 2 | S99: 1 | T99: =D99+C99-V99 -> 247 | U99: =U98+$X99*1000-Q99 -> 1937 | V99: =V98+$X99*1000-R99 -> 2052 | W99: =W98+$X99*1000-S99 -> 2109
A100: 86 | B100: =B99+1 -> 45367 | C100: =C99 -> 844 | D100: =D99-2 -> 1453 | E100: =C100+D100-H100 -> -476 | F100: =C100+D100-I100 -> -473 | G100: =D100+C100-J100 -> -580 | H100: =K100+N100 -> 2773 | I100: =L100+O100 -> 2770 | J100: =M100+P100 -> 2877 | K100: =K99 -> 3000 | L100: =L99 -> 3000 | M100: =M99 -> 3000 | N100: =N99-Q100 -> -227 | O100: =O99-R100 -> -230 | P100: =P99-S100 -> -123 | Q100: 4 | R100: 2 | S100: 2 | T100: =D100+C100-V100 -> 247 | U100: =U99+$X100*1000-Q100 -> 1933 | V100: =V99+$X100*1000-R100 -> 2050 | W100: =W99+$X100*1000-S100 -> 2107
A101: 87 | B101: =B100+1 -> 45368 | C101: =C100 -> 844 | D101: =D100-2 -> 1451 | E101: =C101+D101-H101 -> -475 | F101: =C101+D101-I101 -> -467 | G101: =D101+C101-J101 -> -577 | H101: =K101+N101 -> 2770 | I101: =L101+O101 -> 2762 | J101: =M101+P101 -> 2872 | K101: =K100 -> 3000 | L101: =L100 -> 3000 | M101: =M100 -> 3000 | N101: =N100-Q101 -> -230 | O101: =O100-R101 -> -238 | P101: =P100-S101 -> -128 | Q101: 3 | R101: 8 | S101: 5 | T101: =D101+C101-V101 -> 253 | U101: =U100+$X101*1000-Q101 -> 1930 | V101: =V100+$X101*1000-R101 -> 2042 | W101: =W100+$X101*1000-S101 -> 2102
A102: 88 | B102: =B101+1 -> 45369 | C102: =C101 -> 844 | D102: =D101-2 -> 1449 | E102: =C102+D102-H102 -> -468 | F102: =C102+D102-I102 -> -467 | G102: =D102+C102-J102 -> -578 | H102: =K102+N102 -> 2761 | I102: =L102+O102 -> 2760 | J102: =M102+P102 -> 2871 | K102: =K101 -> 3000 | L102: =L101 -> 3000 | M102: =M101 -> 3000 | N102: =N101-Q102 -> -239 | O102: =O101-R102 -> -240 | P102: =P101-S102 -> -129 | Q102: 9 | R102: 2 | S102: 1 | T102: =D102+C102-V102 -> 253 | U102: =U101+$X102*1000-Q102 -> 1921 | V102: =V101+$X102*1000-R102 -> 2040 | W102: =W101+$X102*1000-S102 -> 2101
A103: 89 | B103: =B102+1 -> 45370 | C103: =C102 -> 844 | D103: =D102-2 -> 1447 | E103: =C103+D103-H103 -> -468 | F103: =C103+D103-I103 -> -467 | G103: =D103+C103-J103 -> -578 | H103: =K103+N103 -> 2759 | I103: =L103+O103 -> 2758 | J103: =M103+P103 -> 2869 | K103: =K102 -> 3000 | L103: =L102 -> 3000 | M103: =M102 -> 3000 | N103: =N102-Q103 -> -241 | O103: =O102-R103 -> -242 | P103: =P102-S103 -> -131 | Q103: 2 | R103: 2 | S103: 2 | T103: =D103+C103-V103 -> 253 | U103: =U102+$X103*1000-Q103 -> 1919 | V103: =V102+$X103*1000-R103 -> 2038 | W103: =W102+$X103*1000-S103 -> 2099
A104: 90 | B104: =B103+1 -> 45371 | C104: =C103 -> 844 | D104: =D103-2 -> 1445 | E104: =C104+D104-H104 -> -466 | F104: =C104+D104-I104 -> -467 | G104: =D104+C104-J104 -> -579 | H104: =K104+N104 -> 2755 | I104: =L104+O104 -> 2756 | J104: =M104+P104 -> 2868 | K104: =K103 -> 3000 | L104: =L103 -> 3000 | M104: =M103 -> 3000 | N104: =N103-Q104 -> -245 | O104: =O103-R104 -> -244 | P104: =P103-S104 -> -132 | Q104: 4 | R104: 2 | S104: 1 | T104: =D104+C104-V104 -> 253 | U104: =U103+$X104*1000-Q104 -> 1915 | V104: =V103+$X104*1000-R104 -> 2036 | W104: =W103+$X104*1000-S104 -> 2098
A105: 91 | B105: =B104+1 -> 45372 | C105: =C104 -> 844 | D105: =D104-2 -> 1443 | E105: =C105+D105-H105 -> -462 | F105: =C105+D105-I105 -> -461 | G105: =D105+C105-J105 -> -575 | H105: =K105+N105 -> 2749 | I105: =L105+O105 -> 2748 | J105: =M105+P105 -> 2862 | K105: =K104 -> 3000 | L105: =L104 -> 3000 | M105: =M104 -> 3000 | N105: =N104-Q105 -> -251 | O105: =O104-R105 -> -252 | P105: =P104-S105 -> -138 | Q105: 6 | R105: 8 | S105: 6 | T105: =D105+C105-V105 -> 259 | U105: =U104+$X105*1000-Q105 -> 1909 | V105: =V104+$X105*1000-R105 -> 2028 | W105: =W104+$X105*1000-S105 -> 2092
A106: 92 | B106: =B105+1 -> 45373 | C106: =C105 -> 844 | D106: =D105-2 -> 1441 | E106: =C106+D106-H106 -> -455 | F106: =C106+D106-I106 -> -462 | G106: =D106+C106-J106 -> -577 | H106: =K106+N106 -> 2740 | I106: =L106+O106 -> 2747 | J106: =M106+P106 -> 2862 | K106: =K105 -> 3000 | L106: =L105 -> 3000 | M106: =M105 -> 3000 | N106: =N105-Q106 -> -260 | O106: =O105-R106 -> -253 | P106: =P105-S106 -> -138 | Q106: 9 | R106: 1 | S106: 0 | T106: =D106+C106-V106 -> 258 | U106: =U105+$X106*1000-Q106 -> 1900 | V106: =V105+$X106*1000-R106 -> 2027 | W106: =W105+$X106*1000-S106 -> 2092
A107: 93 | B107: =B106+1 -> 45374 | C107: =C106 -> 844 | D107: =D106-2 -> 1439 | E107: =C107+D107-H107 -> -454 | F107: =C107+D107-I107 -> -464 | G107: =D107+C107-J107 -> -578 | H107: =K107+N107 -> 2737 | I107: =L107+O107 -> 2747 | J107: =M107+P107 -> 2861 | K107: =K106 -> 3000 | L107: =L106 -> 3000 | M107: =M106 -> 3000 | N107: =N106-Q107 -> -263 | O107: =O106-R107 -> -253 | P107: =P106-S107 -> -139 | Q107: 3 | R107: 0 | S107: 1 | T107: =D107+C107-V107 -> 256 | U107: =U106+$X107*1000-Q107 -> 1897 | V107: =V106+$X107*1000-R107 -> 2027 | W107: =W106+$X107*1000-S107 -> 2091
A108: 94 | B108: =B107+1 -> 45375 | C108: =C107 -> 844 | D108: =D107-2 -> 1437 | E108: =C108+D108-H108 -> -452 | F108: =C108+D108-I108 -> -465 | G108: =D108+C108-J108 -> -580 | H108: =K108+N108 -> 2733 | I108: =L108+O108 -> 2746 | J108: =M108+P108 -> 2861 | K108: =K107 -> 3000 | L108: =L107 -> 3000 | M108: =M107 -> 3000 | N108: =N107-Q108 -> -267 | O108: =O107-R108 -> -254 | P108: =P107-S108 -> -139 | Q108: 4 | R108: 1 | S108: 0 | T108: =D108+C108-V108 -> 255 | U108: =U107+$X108*1000-Q108 -> 1893 | V108: =V107+$X108*1000-R108 -> 2026 | W108: =W107+$X108*1000-S108 -> 2091
A109: 95 | B109: =B108+1 -> 45376 | C109: =C108 -> 844 | D109: =D108-2 -> 1435 | E109: =C109+D109-H109 -> -451 | F109: =C109+D109-I109 -> -467 | G109: =D109+C109-J109 -> -582 | H109: =K109+N109 -> 2730 | I109: =L109+O109 -> 2746 | J109: =M109+P109 -> 2861 | K109: =K108 -> 3000 | L109: =L108 -> 3000 | M109: =M108 -> 3000 | N109: =N108-Q109 -> -270 | O109: =O108-R109 -> -254 | P109: =P108-S109 -> -139 | Q109: 3 | R109: 0 | S109: 0 | T109: =D109+C109-V109 -> 253 | U109: =U108+$X109*1000-Q109 -> 1890 | V109: =V108+$X109*1000-R109 -> 2026 | W109: =W108+$X109*1000-S109 -> 2091
... A126: 112 | B126: =B125+1 -> 45393 | C126: =C125 -> 844 | D126: =D125-2 -> 1401 | E126: =C126+D126-H126 -> -439 | F126: =C126+D126-I126 -> -501 | G126: =D126+C126-J126 -> -616 | H126: =K126+N126 -> 2684 | I126: =L126+O126 -> 2746 | J126: =M126+P126 -> 2861 | K126: =K125 -> 3000 | L126: =L125 -> 3000 | M126: =M125 -> 3000 | N126: =N125-Q126 -> -316 | O126: =O125-R126 -> -254 | P126: =P125-S126 -> -139 | Q126: 2 | R126: 0 | S126: 0 | T126: =D126+C126-V126 -> 219 | U126: =U125+$X126*1000-Q126 -> 1844 | V126: =V125+$X126*1000-R126 -> 2026 | W126: =W125+$X126*1000-S126 -> 2091
A127: 113 | B127: =B126+1 -> 45394 | C127: =C126 -> 844 | D127: =D126+2 -> 1403 | E127: =C127+D127-H127 -> -435 | F127: =C127+D127-I127 -> -499 | G127: =D127+C127-J127 -> -614 | H127: =K127+N127 -> 2682 | I127: =L127+O127 -> 2746 | J127: =M127+P127 -> 2861 | K127: =K126 -> 3000 | L127: =L126 -> 3000 | M127: =M126 -> 3000 | N127: =N126-Q127 -> -318 | O127: =O126-R127 -> -254 | P127: =P126-S127 -> -139 | Q127: 2 | R127: 0 | S127: 0 | T127: =D127+C127-V127 -> 221 | U127: =U126+$X127*1000-Q127 -> 1842 | V127: =V126+$X127*1000-R127 -> 2026 | W127: =W126+$X127*1000-S127 -> 2091
A128: 114 | B128: =B127+1 -> 45395 | C128: =C127 -> 844 | D128: =D127+2 -> 1405 | E128: =C128+D128-H128 -> -432 | F128: =C128+D128-I128 -> -497 | G128: =D128+C128-J128 -> -612 | H128: =K128+N128 -> 2681 | I128: =L128+O128 -> 2746 | J128: =M128+P128 -> 2861 | K128: =K127 -> 3000 | L128: =L127 -> 3000 | M128: =M127 -> 3000 | N128: =N127-Q128 -> -319 | O128: =O127-R128 -> -254 | P128: =P127-S128 -> -139 | Q128: 1 | R128: 0 | S128: 0 | T128: =D128+C128-V128 -> 223 | U128: =U127+$X128*1000-Q128 -> 1841 | V128: =V127+$X128*1000-R128 -> 2026 | W128: =W127+$X128*1000-S128 -> 2091
A129: 115 | B129: =B128+1 -> 45396 | C129: =C128 -> 844 | D129: =D128+2 -> 1407 | E129: =C129+D129-H129 -> -428 | F129: =C129+D129-I129 -> -495 | G129: =D129+C129-J129 -> -610 | H129: =K129+N129 -> 2679 | I129: =L129+O129 -> 2746 | J129: =M129+P129 -> 2861 | K129: =K128 -> 3000 | L129: =L128 -> 3000 | M129: =M128 -> 3000 | N129: =N128-Q129 -> -321 | O129: =O128-R129 -> -254 | P129: =P128-S129 -> -139 | Q129: 2 | R129: 0 | S129: 0 | T129: =D129+C129-V129 -> 225 | U129: =U128+$X129*1000-Q129 -> 1839 | V129: =V128+$X129*1000-R129 -> 2026 | W129: =W128+$X129*1000-S129 -> 2091
A130: 116 | B130: =B129+1 -> 45397 | C130: =C129 -> 844 | D130: =D129+2 -> 1409 | E130: =C130+D130-H130 -> -424 | F130: =C130+D130-I130 -> -493 | G130: =D130+C130-J130 -> -608 | H130: =K130+N130 -> 2677 | I130: =L130+O130 -> 2746 | J130: =M130+P130 -> 2861 | K130: =K129 -> 3000 | L130: =L129 -> 3000 | M130: =M129 -> 3000 | N130: =N129-Q130 -> -323 | O130: =O129-R130 -> -254 | P130: =P129-S130 -> -139 | Q130: 2 | R130: 0 | S130: 0 | T130: =D130+C130-V130 -> 227 | U130: =U129+$X130*1000-Q130 -> 1837 | V130: =V129+$X130*1000-R130 -> 2026 | W130: =W129+$X130*1000-S130 -> 2091
A131: 117 | B131: =B130+1 -> 45398 | C131: =C130 -> 844 | D131: =D130+2 -> 1411 | E131: =C131+D131-H131 -> -420 | F131: =C131+D131-I131 -> -491 | G131: =D131+C131-J131 -> -606 | H131: =K131+N131 -> 2675 | I131: =L131+O131 -> 2746 | J131: =M131+P131 -> 2861 | K131: =K130 -> 3000 | L131: =L130 -> 3000 | M131: =M130 -> 3000 | N131: =N130-Q131 -> -325 | O131: =O130-R131 -> -254 | P131: =P130-S131 -> -139 | Q131: 2 | R131: 0 | S131: 0 | T131: =D131+C131-V131 -> 229 | U131: =U130+$X131*1000-Q131 -> 1835 | V131: =V130+$X131*1000-R131 -> 2026 | W131: =W130+$X131*1000-S131 -> 2091
A132: 118 | B132: =B131+1 -> 45399 | C132: =C131 -> 844 | D132: =D131+2 -> 1413 | E132: =C132+D132-H132 -> -416 | F132: =C132+D132-I132 -> -489 | G132: =D132+C132-J132 -> -604 | H132: =K132+N132 -> 2673 | I132: =L132+O132 -> 2746 | J132: =M132+P132 -> 2861 | K132: =K131 -> 3000 | L132: =L131 -> 3000 | M132: =M131 -> 3000 | N132: =N131-Q132 -> -327 | O132: =O131-R132 -> -254 | P132: =P131-S132 -> -139 | Q132: 2 | R132: 0 | S132: 0 | T132: =D132+C132-V132 -> 231 | U132: =U131+$X132*1000-Q132 -> 1833 | V132: =V131+$X132*1000-R132 -> 2026 | W132: =W131+$X132*1000-S132 -> 2091
A133: 119 | B133: =B132+1 -> 45400 | C133: =C132 -> 844 | D133: =D132+2 -> 1415 | E133: =C133+D133-H133 -> -414 | F133: =C133+D133-I133 -> -487 | G133: =D133+C133-J133 -> -602 | H133: =K133+N133 -> 2673 | I133: =L133+O133 -> 2746 | J133: =M133+P133 -> 2861 | K133: =K132 -> 3000 | L133: =L132 -> 3000 | M133: =M132 -> 3000 | N133: =N132-Q133 -> -327 | O133: =O132-R133 -> -254 | P133: =P132-S133 -> -139 | Q133: 0 | R133: 0 | S133: 0 | T133: =D133+C133-V133 -> 233 | U133: =U132+$X133*1000-Q133 -> 1833 | V133: =V132+$X133*1000-R133 -> 2026 | W133: =W132+$X133*1000-S133 -> 2091
A134: 120 | B134: =B133+1 -> 45401 | C134: =C133 -> 844 | D134: =D133+2 -> 1417 | E134: =C134+D134-H134 -> -412 | F134: =C134+D134-I134 -> -485 | G134: =D134+C134-J134 -> -600 | H134: =K134+N134 -> 2673 | I134: =L134+O134 -> 2746 | J134: =M134+P134 -> 2861 | K134: =K133 -> 3000 | L134: =L133 -> 3000 | M134: =M133 -> 3000 | N134: =N133-Q134 -> -327 | O134: =O133-R134 -> -254 | P134: =P133-S134 -> -139 | Q134: 0 | R134: 0 | S134: 0 | T134: =D134+C134-V134 -> 235 | U134: =U133+$X134*1000-Q134 -> 1833 | V134: =V133+$X134*1000-R134 -> 2026 | W134: =W133+$X134*1000-S134 -> 2091
A135: 121 | B135: =B134+1 -> 45402 | C135: =C134 -> 844 | D135: =D134+2 -> 1419 | E135: =C135+D135-H135 -> -410 | F135: =C135+D135-I135 -> -483 | G135: =D135+C135-J135 -> -598 | H135: =K135+N135 -> 2673 | I135: =L135+O135 -> 2746 | J135: =M135+P135 -> 2861 | K135: =K134 -> 3000 | L135: =L134 -> 3000 | M135: =M134 -> 3000 | N135: =N134-Q135 -> -327 | O135: =O134-R135 -> -254 | P135: =P134-S135 -> -139 | Q135: 0 | R135: 0 | S135: 0 | T135: =D135+C135-V135 -> 237 | U135: =U134+$X135*1000-Q135 -> 1833 | V135: =V134+$X135*1000-R135 -> 2026 | W135: =W134+$X135*1000-S135 -> 2091
A136: 122 | B136: =B135+1 -> 45403 | C136: =C135 -> 844 | D136: =D135+2 -> 1421 | E136: =C136+D136-H136 -> -406 | F136: =C136+D136-I136 -> -481 | G136: =D136+C136-J136 -> -596 | H136: =K136+N136 -> 2671 | I136: =L136+O136 -> 2746 | J136: =M136+P136 -> 2861 | K136: =K135 -> 3000 | L136: =L135 -> 3000 | M136: =M135 -> 3000 | N136: =N135-Q136 -> -329 | O136: =O135-R136 -> -254 | P136: =P135-S136 -> -139 | Q136: 2 | R136: 0 | S136: 0 | T136: =D136+C136-V136 -> 239 | U136: =U135+$X136*1000-Q136 -> 1831 | V136: =V135+$X136*1000-R136 -> 2026 | W136: =W135+$X136*1000-S136 -> 2091
A137: 123 | B137: =B136+1 -> 45404 | C137: =C136 -> 844 | D137: =D136+2 -> 1423 | E137: =C137+D137-H137 -> -402 | F137: =C137+D137-I137 -> -479 | G137: =D137+C137-J137 -> -594 | H137: =K137+N137 -> 2669 | I137: =L137+O137 -> 2746 | J137: =M137+P137 -> 2861 | K137: =K136 -> 3000 | L137: =L136 -> 3000 | M137: =M136 -> 3000 | N137: =N136-Q137 -> -331 | O137: =O136-R137 -> -254 | P137: =P136-S137 -> -139 | Q137: 2 | R137: 0 | S137: 0 | T137: =D137+C137-V137 -> 241 | U137: =U136+$X137*1000-Q137 -> 1829 | V137: =V136+$X137*1000-R137 -> 2026 | W137: =W136+$X137*1000-S137 -> 2091
A138: 124 | B138: =B137+1 -> 45405 | C138: =C137 -> 844 | D138: =D137+2 -> 1425 | E138: =C138+D138-H138 -> -398 | F138: =C138+D138-I138 -> -477 | G138: =D138+C138-J138 -> -592 | H138: =K138+N138 -> 2667 | I138: =L138+O138 -> 2746 | J138: =M138+P138 -> 2861 | K138: =K137 -> 3000 | L138: =L137 -> 3000 | M138: =M137 -> 3000 | N138: =N137-Q138 -> -333 | O138: =O137-R138 -> -254 | P138: =P137-S138 -> -139 | Q138: 2 | R138: 0 | S138: 0 | T138: =D138+C138-V138 -> 243 | U138: =U137+$X138*1000-Q138 -> 1827 | V138: =V137+$X138*1000-R138 -> 2026 | W138: =W137+$X138*1000-S138 -> 2091
... A147: 133 | B147: =B146+1 -> 45414 | C147: =C146 -> 844 | D147: =D146+2 -> 1443 | E147: =C147+D147-H147 -> -369 | F147: =C147+D147-I147 -> -459 | G147: =D147+C147-J147 -> -574 | H147: =K147+N147 -> 2656 | I147: =L147+O147 -> 2746 | J147: =M147+P147 -> 2861 | K147: =K146 -> 3000 | L147: =L146 -> 3000 | M147: =M146 -> 3000 | N147: =N146-Q147 -> -344 | O147: =O146-R147 -> -254 | P147: =P146-S147 -> -139 | Q147: 0 | R147: 0 | S147: 0 | T147: =D147+C147-V147 -> 261 | U147: =U146+$X147*1000-Q147 -> 1816 | V147: =V146+$X147*1000-R147 -> 2026 | W147: =W146+$X147*1000-S147 -> 2091
A148: 134 | B148: =B147+1 -> 45415 | C148: =C147 -> 844 | D148: =D147+2 -> 1445 | E148: =C148+D148-H148 -> -1367 | F148: =C148+D148-I148 -> -1457 | G148: =D148+C148-J148 -> -1572 | H148: =K148+N148 -> 3656 | I148: =L148+O148 -> 3746 | J148: =M148+P148 -> 3861 | K148: =K147+1000 -> 4000 | L148: =L147+1000 -> 4000 | M148: =M147+1000 -> 4000 | N148: =N147-Q148 -> -344 | O148: =O147-R148 -> -254 | P148: =P147-S148 -> -139 | Q148: 0 | R148: 0 | S148: 0 | T148: =D148+C148-V148 -> 263 | U148: =U147+$X148*1000-Q148 -> 1816 | V148: =V147+$X148*1000-R148 -> 2026 | W148: =W147+$X148*1000-S148 -> 2091
A149: 135 | B149: =B148+1 -> 45416 | C149: =C148 -> 844 | D149: =D148+2 -> 1447 | E149: =C149+D149-H149 -> -1363 | F149: =C149+D149-I149 -> -1455 | G149: =D149+C149-J149 -> -1570 | H149: =K149+N149 -> 3654 | I149: =L149+O149 -> 3746 | J149: =M149+P149 -> 3861 | K149: =K148 -> 4000 | L149: =L148 -> 4000 | M149: =M148 -> 4000 | N149: =N148-Q149 -> -346 | O149: =O148-R149 -> -254 | P149: =P148-S149 -> -139 | Q149: 2 | R149: 0 | S149: 0 | T149: =D149+C149-V149 -> 265 | U149: =U148+$X149*1000-Q149 -> 1814 | V149: =V148+$X149*1000-R149 -> 2026 | W149: =W148+$X149*1000-S149 -> 2091
A150: 136 | B150: =B149+1 -> 45417 | C150: =C149 -> 844 | D150: =D149+2 -> 1449 | E150: =C150+D150-H150 -> -1359 | F150: =C150+D150-I150 -> -1453 | G150: =D150+C150-J150 -> -1568 | H150: =K150+N150 -> 3652 | I150: =L150+O150 -> 3746 | J150: =M150+P150 -> 3861 | K150: =K149 -> 4000 | L150: =L149 -> 4000 | M150: =M149 -> 4000 | N150: =N149-Q150 -> -348 | O150: =O149-R150 -> -254 | P150: =P149-S150 -> -139 | Q150: 2 | R150: 0 | S150: 0 | T150: =D150+C150-V150 -> 267 | U150: =U149+$X150*1000-Q150 -> 1812 | V150: =V149+$X150*1000-R150 -> 2026 | W150: =W149+$X150*1000-S150 -> 2091
A151: 137 | B151: =B150+1 -> 45418 | C151: =C150 -> 844 | D151: =D150+2 -> 1451 | E151: =C151+D151-H151 -> -1355 | F151: =C151+D151-I151 -> -1451 | G151: =D151+C151-J151 -> -1566 | H151: =K151+N151 -> 3650 | I151: =L151+O151 -> 3746 | J151: =M151+P151 -> 3861 | K151: =K150 -> 4000 | L151: =L150 -> 4000 | M151: =M150 -> 4000 | N151: =N150-Q151 -> -350 | O151: =O150-R151 -> -254 | P151: =P150-S151 -> -139 | Q151: 2 | R151: 0 | S151: 0 | T151: =D151+C151-V151 -> 269 | U151: =U150+$X151*1000-Q151 -> 1810 | V151: =V150+$X151*1000-R151 -> 2026 | W151: =W150+$X151*1000-S151 -> 2091
A152: 138 | B152: =B151+1 -> 45419 | C152: =C151 -> 844 | D152: =D151+2 -> 1453 | E152: =C152+D152-H152 -> -1351 | F152: =C152+D152-I152 -> -1449 | G152: =D152+C152-J152 -> -1564 | H152: =K152+N152 -> 3648 | I152: =L152+O152 -> 3746 | J152: =M152+P152 -> 3861 | K152: =K151 -> 4000 | L152: =L151 -> 4000 | M152: =M151 -> 4000 | N152: =N151-Q152 -> -352 | O152: =O151-R152 -> -254 | P152: =P151-S152 -> -139 | Q152: 2 | R152: 0 | S152: 0 | T152: =D152+C152-V152 -> 271 | U152: =U151+$X152*1000-Q152 -> 1808 | V152: =V151+$X152*1000-R152 -> 2026 | W152: =W151+$X152*1000-S152 -> 2091
...

Sheet BC.116+240
A1: 13 | B1: DỰ ÁN THÀNH PHẦN ĐOẠN HẬU GIANG - CÀ MAU
B2: THUỘC DỰ ÁN XÂY DỰNG CÔNG TRÌNH ĐƯỜNG BỘ CAO TỐC BẮC - NAM PHÍA ĐÔNG GIAI ĐOẠN 2021 - 2025
B3: =UPPER("GÓI THẦU XL03 :Thi Công Xây Dựng Đoạn Tuyến Km114+200 - Km126+223 Bao Gồm Tuyến Nối Nút Giao IC12 Với QL1 (bao gồm khảo sát, thiết kế BVTC)") -> GÓI THẦU XL03 :THI CÔNG XÂY DỰNG ĐOẠN TUYẾN KM114+200 - KM126+223 BAO GỒM TUYẾN NỐI NÚT GIAO IC12 VỚI QL1 (BAO GỒM KHẢO SÁT, THIẾT KẾ BVTC)
B4: CHỦ ĐẦU TƯ | J4: TƯ VẤN GIÁM SÁT | T4: NHÀ THẦU
B5: BAN QUẢN LÝ DỰ ÁN MỸ THUẬN | J5: =UPPER("Liên danh Phân viện KHCN GTVT phía Nam - Công ty Cổ phần Tư vấn kỹ thuật và xây dựng Hồng Hà") -> LIÊN DANH PHÂN VIỆN KHCN GTVT PHÍA NAM - CÔNG TY CỔ PHẦN TƯ VẤN KỸ THUẬT VÀ XÂY DỰNG HỒNG HÀ | T5: LIÊN DANH CC1 - HẢI ĐĂNG - VẠN CƯỜNG - 492 - BẮC TRUNG NAM
B6: BIỂU GHI ĐO QUAN TRẮC LÚN
B7: Người lập: | C7: ='116+240'!C8 -> 0 | L7: Tên mốc: | N7: ='116+240'!M8 -> 0
B8: Thời tiết: | C8: ='116+240'!C9 -> Nắng | L8: Cao độ mốc: | N8: ='116+240'!M9 -> 844
B9: Lý trình: | C9: ='116+240'!C10 -> Km116+240 | L9: Ngày đặt bàn: | N9: ='116+240'!M10 -> 45281
B11: Ngày | C11: Ngày cộng dồn | D11: Cao độ mốc | E11: Số đọc mia của mốc | F11: Cao độ đường ngắm | G11: Trái | M11: Tim | S11: Phải | Z11: Chiều dày lớp đắp (m) | AA11: Chiều cao nền đắp (m) | AB11: Chiều dày nền đắp (m)
G12: Cao độ đắp (mm) | H12: Số đọc mia | I12: Cao độ quan trắc (mm) | J12: Cao độ bàn đo lún (mm) | K12: Độ lún (mm) | L12: Độ lún tích lũy (mm) | M12: Cao độ đắp (mm) | N12: Số đọc mia | O12: Cao độ quan trắc (mm) | P12: Cao độ bàn đo lún (mm) | Q12: Độ lún (mm) | R12: Độ lún tích lũy (mm) | S12: Cao độ đắp (mm) | T12: Số đọc mia | U12: Cao độ quan trắc (mm) | V12: Cao độ bàn đo lún (mm) | W12: Độ lún (mm) | X12: Độ lún tích lũy (mm)
B13: ='116+240'!B14 -> 45281 | C13: 0 | D13: =VLOOKUP(B13,'116+240'!B14:AB115,2,FALSE) -> 844 | E13: =VLOOKUP(B13,'116+240'!B14:AB115,3,FALSE) -> 1625 | F13: =D13+E13 -> 2469 | G13: =VLOOKUP(B13,'116+240'!$B$14:$AB$115,20,FALSE) -> 40 | H13: =VLOOKUP(B13,'116+240'!$B$14:$AB$115,4,FALSE) -> 429 | I13: =F13-H13 -> 2040 | J13: =VLOOKUP(B13,'116+240'!$B$14:$AB$115,13,FALSE) -> 40 | K13: ='116+240'!Q14 -> 0 | L13: 0 | M13: =VLOOKUP(B13,'116+240'!$B$14:$AB$115,21,FALSE) -> -80 | N13: =VLOOKUP(B13,'116+240'!$B$14:$AB$115,5,FALSE) -> 549 | O13: =F13-N13 -> 1920 | P13: =VLOOKUP(B13,'116+240'!$B$14:$AB$115,14,FALSE) -> -80 | Q13: 0 | R13: 0 | S13: =VLOOKUP(B13,'116+240'!$B$14:$AB$115,22,FALSE) -> -30 | T13: =VLOOKUP(B13,'116+240'!$B$13:$AB$115,6,FALSE) -> 499 | U13: =F13-T13 -> 1970 | V13: =VLOOKUP(B13,'116+240'!$B$14:$AB$115,15,FALSE) -> -30 | W13: 0 | X13: 0 | Y13: 0 | Z13: =IF(Y13>0,Y13,0) -> 0 | AA13: =Z13 -> 0 | AB13: 0
B14: ='116+240'!B15 -> 45282 | C14: =B14-B13 -> 1 | D14: =D13 -> 844 | E14: =VLOOKUP(B14,'116+240'!B15:AB116,3,FALSE) -> 1623 | F14: =D14+E14 -> 2467 | G14: =VLOOKUP(B14,'116+240'!$B$15:$AB$115,20,FALSE) -> 40 | H14: =VLOOKUP(B14,'116+240'!$B$15:$AB$115,4,FALSE) -> 427 | I14: =F14-H14 -> 2040 | J14: =VLOOKUP(B14,'116+240'!$B$15:$AB$115,13,FALSE) -> 40 | K14: ='116+240'!Q15 -> 0 | L14: =+K14+L13 -> 0 | M14: =VLOOKUP(B14,'116+240'!$B$14:$AB$115,21,FALSE) -> -80 | N14: =VLOOKUP(B14,'116+240'!$B$15:$AB$115,5,FALSE) -> 547 | O14: =F14-N14 -> 1920 | P14: =VLOOKUP(B14,'116+240'!$B$15:$AB$115,14,FALSE) -> -80 | Q14: ='116+240'!R15 -> 0 | R14: =+Q14+R13 -> 0 | S14: =VLOOKUP(B14,'116+240'!$B$14:$AB$115,22,FALSE) -> -30 | T14: =VLOOKUP(B14,'116+240'!$B$15:$AB$115,6,FALSE) -> 497 | U14: =F14-T14 -> 1970 | V14: =VLOOKUP(B14,'116+240'!$B$15:$AB$115,15,FALSE) -> -30 | W14: ='116+240'!S15 -> 0 | X14: =+W14+X13 -> 0 | Y14: =S14-S13 -> 0 | Z14: =IF(Y14>0,Y14,0)/1000 -> 0 | AA14: =AA13+Z14 -> 0 | AB14: =(M14-$M$13-R14)/1000 -> 0
A15: 1 | B15: ='116+240'!B16 -> 45283 | C15: =B15-B14 -> 1 | D15: =D14 -> 844 | E15: =VLOOKUP(B15,'116+240'!B16:AB117,3,FALSE) -> 1621 | F15: =D15+E15 -> 2465 | G15: =VLOOKUP(B15,'116+240'!$B$15:$AB$115,20,FALSE) -> 40 | H15: =VLOOKUP(B15,'116+240'!$B$15:$AB$115,4,FALSE) -> 425 | I15: =F15-H15 -> 2040 | J15: =VLOOKUP(B15,'116+240'!$B$15:$AB$115,13,FALSE) -> 40 | K15: ='116+240'!Q16 -> 0 | L15: =+K15+L14 -> 0 | M15: =VLOOKUP(B15,'116+240'!$B$14:$AB$115,21,FALSE) -> -80 | N15: =VLOOKUP(B15,'116+240'!$B$15:$AB$115,5,FALSE) -> 545 | O15: =F15-N15 -> 1920 | P15: =VLOOKUP(B15,'116+240'!$B$15:$AB$115,14,FALSE) -> -80 | Q15: ='116+240'!R16 -> 0 | R15: =+Q15+R14 -> 0 | S15: =VLOOKUP(B15,'116+240'!$B$14:$AB$115,22,FALSE) -> -30 | T15: =VLOOKUP(B15,'116+240'!$B$15:$AB$115,6,FALSE) -> 495 | U15: =F15-T15 -> 1970 | V15: =VLOOKUP(B15,'116+240'!$B$15:$AB$115,15,FALSE) -> -30 | W15: ='116+240'!S16 -> 0 | X15: =+W15+X14 -> 0 | Y15: =S15-S14 -> 0 | Z15: =IF(Y15>0,Y15,0)/1000 -> 0 | AA15: =AA14+Z15 -> 0 | AB15: =(M15-$M$13-R15)/1000 -> 0
A16: =A15+1 -> 2 | B16: ='116+240'!B17 -> 45284 | C16: =B16-B15 -> 1 | D16: =D15 -> 844 | E16: =VLOOKUP(B16,'116+240'!B17:AB118,3,FALSE) -> 1619 | F16: =D16+E16 -> 2463 | G16: =VLOOKUP(B16,'116+240'!$B$15:$AB$115,20,FALSE) -> 40 | H16: =VLOOKUP(B16,'116+240'!$B$15:$AB$115,4,FALSE) -> 423 | I16: =F16-H16 -> 2040 | J16: =VLOOKUP(B16,'116+240'!$B$15:$AB$115,13,FALSE) -> 40 | K16: ='116+240'!Q17 -> 0 | L16: =+K16+L15 -> 0 | M16: =VLOOKUP(B16,'116+240'!$B$14:$AB$115,21,FALSE) -> -80 | N16: =VLOOKUP(B16,'116+240'!$B$15:$AB$115,5,FALSE) -> 543 | O16: =F16-N16 -> 1920 | P16: =VLOOKUP(B16,'116+240'!$B$15:$AB$115,14,FALSE) -> -80 | Q16: ='116+240'!R17 -> 0 | R16: =+Q16+R15 -> 0 | S16: =VLOOKUP(B16,'116+240'!$B$14:$AB$115,22,FALSE) -> -30 | T16: =VLOOKUP(B16,'116+240'!$B$15:$AB$115,6,FALSE) -> 493 | U16: =F16-T16 -> 1970 | V16: =VLOOKUP(B16,'116+240'!$B$15:$AB$115,15,FALSE) -> -30 | W16: ='116+240'!S17 -> 0 | X16: =+W16+X15 -> 0 | Y16: =S16-S15 -> 0 | Z16: =IF(Y16>0,Y16,0)/1000 -> 0 | AA16: =AA15+Z16 -> 0 | AB16: =(M16-$M$13-R16)/1000 -> 0
A17: =A16+1 -> 3 | B17: ='116+240'!B18 -> 45285 | C17: =B17-B16 -> 1 | D17: =D16 -> 844 | E17: =VLOOKUP(B17,'116+240'!B18:AB119,3,FALSE) -> 1617 | F17: =D17+E17 -> 2461 | G17: =VLOOKUP(B17,'116+240'!$B$15:$AB$115,20,FALSE) -> 40 | H17: =VLOOKUP(B17,'116+240'!$B$15:$AB$115,4,FALSE) -> 421 | I17: =F17-H17 -> 2040 | J17: =VLOOKUP(B17,'116+240'!$B$15:$AB$115,13,FALSE) -> 40 | K17: ='116+240'!Q18 -> 0 | L17: =+K17+L16 -> 0 | M17: =VLOOKUP(B17,'116+240'!$B$14:$AB$115,21,FALSE) -> -80 | N17: =VLOOKUP(B17,'116+240'!$B$15:$AB$115,5,FALSE) -> 541 | O17: =F17-N17 -> 1920 | P17: =VLOOKUP(B17,'116+240'!$B$15:$AB$115,14,FALSE) -> -80 | Q17: ='116+240'!R18 -> 0 | R17: =+Q17+R16 -> 0 | S17: =VLOOKUP(B17,'116+240'!$B$14:$AB$115,22,FALSE) -> -30 | T17: =VLOOKUP(B17,'116+240'!$B$15:$AB$115,6,FALSE) -> 491 | U17: =F17-T17 -> 1970 | V17: =VLOOKUP(B17,'116+240'!$B$15:$AB$115,15,FALSE) -> -30 | W17: ='116+240'!S18 -> 0 | X17: =+W17+X16 -> 0 | Y17: =S17-S16 -> 0 | Z17: =IF(Y17>0,Y17,0)/1000 -> 0 | AA17: =AA16+Z17 -> 0 | AB17: =(M17-$M$13-R17)/1000 -> 0
A18: =A17+1 -> 4 | B18: ='116+240'!B19 -> 45286 | C18: =B18-B17 -> 1 | D18: =D17 -> 844 | E18: =VLOOKUP(B18,'116+240'!B19:AB120,3,FALSE) -> 1615 | F18: =D18+E18 -> 2459 | G18: =VLOOKUP(B18,'116+240'!$B$15:$AB$115,20,FALSE) -> 40 | H18: =VLOOKUP(B18,'116+240'!$B$15:$AB$115,4,FALSE) -> 419 | I18: =F18-H18 -> 2040 | J18: =VLOOKUP(B18,'116+240'!$B$15:$AB$115,13,FALSE) -> 40 | K18: ='116+240'!Q19 -> 0 | L18: =+K18+L17 -> 0 | M18: =VLOOKUP(B18,'116+240'!$B$14:$AB$115,21,FALSE) -> -80 | N18: =VLOOKUP(B18,'116+240'!$B$15:$AB$115,5,FALSE) -> 539 | O18: =F18-N18 -> 1920 | P18: =VLOOKUP(B18,'116+240'!$B$15:$AB$115,14,FALSE) -> -80 | Q18: ='116+240'!R19 -> 0 | R18: =+Q18+R17 -> 0 | S18: =VLOOKUP(B18,'116+240'!$B$14:$AB$115,22,FALSE) -> -30 | T18: =VLOOKUP(B18,'116+240'!$B$15:$AB$115,6,FALSE) -> 489 | U18: =F18-T18 -> 1970 | V18: =VLOOKUP(B18,'116+240'!$B$15:$AB$115,15,FALSE) -> -30 | W18: ='116+240'!S19 -> 0 | X18: =+W18+X17 -> 0 | Y18: =S18-S17 -> 0 | Z18: =IF(Y18>0,Y18,0)/1000 -> 0 | AA18: =AA17+Z18 -> 0 | AB18: =(M18-$M$13-R18)/1000 -> 0
A19: =A18+1 -> 5 | B19: ='116+240'!B20 -> 45287 | C19: =B19-B18 -> 1 | D19: =D18 -> 844 | E19: =VLOOKUP(B19,'116+240'!B20:AB121,3,FALSE) -> 1613 | F19: =D19+E19 -> 2457 | G19: =VLOOKUP(B19,'116+240'!$B$15:$AB$115,20,FALSE) -> 40 | H19: =VLOOKUP(B19,'116+240'!$B$15:$AB$115,4,FALSE) -> 417 | I19: =F19-H19 -> 2040 | J19: =VLOOKUP(B19,'116+240'!$B$15:$AB$115,13,FALSE) -> 40 | K19: ='116+240'!Q20 -> 0 | L19: =+K19+L18 -> 0 | M19: =VLOOKUP(B19,'116+240'!$B$14:$AB$115,21,FALSE) -> -80 | N19: =VLOOKUP(B19,'116+240'!$B$15:$AB$115,5,FALSE) -> 537 | O19: =F19-N19 -> 1920 | P19: =VLOOKUP(B19,'116+240'!$B$15:$AB$115,14,FALSE) -> -80 | Q19: ='116+240'!R20 -> 0 | R19: =+Q19+R18 -> 0 | S19: =VLOOKUP(B19,'116+240'!$B$14:$AB$115,22,FALSE) -> -30 | T19: =VLOOKUP(B19,'116+240'!$B$15:$AB$115,6,FALSE) -> 487 | U19: =F19-T19 -> 1970 | V19: =VLOOKUP(B19,'116+240'!$B$15:$AB$115,15,FALSE) -> -30 | W19: ='116+240'!S20 -> 0 | X19: =+W19+X18 -> 0 | Y19: =S19-S18 -> 0 | Z19: =IF(Y19>0,Y19,0)/1000 -> 0 | AA19: =AA18+Z19 -> 0 | AB19: =(M19-$M$13-R19)/1000 -> 0
A20: =A19+1 -> 6 | B20: ='116+240'!B21 -> 45288 | C20: =B20-B19 -> 1 | D20: =D19 -> 844 | E20: =VLOOKUP(B20,'116+240'!B21:AB122,3,FALSE) -> 1611 | F20: =D20+E20 -> 2455 | G20: =VLOOKUP(B20,'116+240'!$B$15:$AB$115,20,FALSE) -> 40 | H20: =VLOOKUP(B20,'116+240'!$B$15:$AB$115,4,FALSE) -> 415 | I20: =F20-H20 -> 2040 | J20: =VLOOKUP(B20,'116+240'!$B$15:$AB$115,13,FALSE) -> 40 | K20: ='116+240'!Q21 -> 0 | L20: =+K20+L19 -> 0 | M20: =VLOOKUP(B20,'116+240'!$B$14:$AB$115,21,FALSE) -> -80 | N20: =VLOOKUP(B20,'116+240'!$B$15:$AB$115,5,FALSE) -> 535 | O20: =F20-N20 -> 1920 | P20: =VLOOKUP(B20,'116+240'!$B$15:$AB$115,14,FALSE) -> -80 | Q20: ='116+240'!R21 -> 0 | R20: =+Q20+R19 -> 0 | S20: =VLOOKUP(B20,'116+240'!$B$14:$AB$115,22,FALSE) -> -30 | T20: =VLOOKUP(B20,'116+240'!$B$15:$AB$115,6,FALSE) -> 485 | U20: =F20-T20 -> 1970 | V20: =VLOOKUP(B20,'116+240'!$B$15:$AB$115,15,FALSE) -> -30 | W20: ='116+240'!S21 -> 0 | X20: =+W20+X19 -> 0 | Y20: =S20-S19 -> 0 | Z20: =IF(Y20>0,Y20,0)/1000 -> 0 | AA20: =AA19+Z20 -> 0 | AB20: =(M20-$M$13-R20)/1000 -> 0
A21: =A20+1 -> 7 | B21: ='116+240'!B22 -> 45289 | C21: =B21-B20 -> 1 | D21: =D20 -> 844 | E21: =VLOOKUP(B21,'116+240'!B22:AB123,3,FALSE) -> 1609 | F21: =D21+E21 -> 2453 | G21: =VLOOKUP(B21,'116+240'!$B$15:$AB$115,20,FALSE) -> 40 | H21: =VLOOKUP(B21,'116+240'!$B$15:$AB$115,4,FALSE) -> 413 | I21: =F21-H21 -> 2040 | J21: =VLOOKUP(B21,'116+240'!$B$15:$AB$115,13,FALSE) -> 40 | K21: ='116+240'!Q22 -> 0 | L21: =+K21+L20 -> 0 | M21: =VLOOKUP(B21,'116+240'!$B$14:$AB$115,21,FALSE) -> -80 | N21: =VLOOKUP(B21,'116+240'!$B$15:$AB$115,5,FALSE) -> 533 | O21: =F21-N21 -> 1920 | P21: =VLOOKUP(B21,'116+240'!$B$15:$AB$115,14,FALSE) -> -80 | Q21: ='116+240'!R22 -> 0 | R21: =+Q21+R20 -> 0 | S21: =VLOOKUP(B21,'116+240'!$B$14:$AB$115,22,FALSE) -> -30 | T21: =VLOOKUP(B21,'116+240'!$B$15:$AB$115,6,FALSE) -> 483 | U21: =F21-T21 -> 1970 | V21: =VLOOKUP(B21,'116+240'!$B$15:$AB$115,15,FALSE) -> -30 | W21: ='116+240'!S22 -> 0 | X21: =+W21+X20 -> 0 | Y21: =S21-S20 -> 0 | Z21: =IF(Y21>0,Y21,0)/1000 -> 0 | AA21: =AA20+Z21 -> 0 | AB21: =(M21-$M$13-R21)/1000 -> 0
B22: ='116+240'!B23 -> 45290 | C22: =B22-B21 -> 1 | D22: =D21 -> 844 | E22: =VLOOKUP(B22,'116+240'!B23:AB124,3,FALSE) -> 1607 | F22: =D22+E22 -> 2451 | G22: =VLOOKUP(B22,'116+240'!$B$15:$AB$115,20,FALSE) -> 40 | H22: =VLOOKUP(B22,'116+240'!$B$15:$AB$115,4,FALSE) -> 411 | I22: =F22-H22 -> 2040 | J22: =VLOOKUP(B22,'116+240'!$B$15:$AB$115,13,FALSE) -> 40 | K22: ='116+240'!Q23 -> 0 | L22: =+K22+L21 -> 0 | M22: =VLOOKUP(B22,'116+240'!$B$14:$AB$115,21,FALSE) -> -80 | N22: =VLOOKUP(B22,'116+240'!$B$15:$AB$115,5,FALSE) -> 531 | O22: =F22-N22 -> 1920 | P22: =VLOOKUP(B22,'116+240'!$B$15:$AB$115,14,FALSE) -> -80 | Q22: ='116+240'!R23 -> 0 | R22: =+Q22+R21 -> 0 | S22: =VLOOKUP(B22,'116+240'!$B$14:$AB$115,22,FALSE) -> -30 | T22: =VLOOKUP(B22,'116+240'!$B$15:$AB$115,6,FALSE) -> 481 | U22: =F22-T22 -> 1970 | V22: =VLOOKUP(B22,'116+240'!$B$15:$AB$115,15,FALSE) -> -30 | W22: ='116+240'!S23 -> 0 | X22: =+W22+X21 -> 0 | Y22: =S22-S21 -> 0 | Z22: =IF(Y22>0,Y22,0)/1000 -> 0 | AA22: =AA21+Z22 -> 0 | AB22: =(M22-$M$13-R22)/1000 -> 0
B23: ='116+240'!B24 -> 45291 | C23: =B23-B22 -> 1 | D23: =D22 -> 844 | E23: =VLOOKUP(B23,'116+240'!B24:AB125,3,FALSE) -> 1605 | F23: =D23+E23 -> 2449 | G23: =VLOOKUP(B23,'116+240'!$B$15:$AB$115,20,FALSE) -> 40 | H23: =VLOOKUP(B23,'116+240'!$B$15:$AB$115,4,FALSE) -> 409 | I23: =F23-H23 -> 2040 | J23: =VLOOKUP(B23,'116+240'!$B$15:$AB$115,13,FALSE) -> 40 | K23: ='116+240'!Q24 -> 0 | L23: =+K23+L22 -> 0 | M23: =VLOOKUP(B23,'116+240'!$B$14:$AB$115,21,FALSE) -> -80 | N23: =VLOOKUP(B23,'116+240'!$B$15:$AB$115,5,FALSE) -> 529 | O23: =F23-N23 -> 1920 | P23: =VLOOKUP(B23,'116+240'!$B$15:$AB$115,14,FALSE) -> -80 | Q23: ='116+240'!R24 -> 0 | R23: =+Q23+R22 -> 0 | S23: =VLOOKUP(B23,'116+240'!$B$14:$AB$115,22,FALSE) -> -30 | T23: =VLOOKUP(B23,'116+240'!$B$15:$AB$115,6,FALSE) -> 479 | U23: =F23-T23 -> 1970 | V23: =VLOOKUP(B23,'116+240'!$B$15:$AB$115,15,FALSE) -> -30 | W23: ='116+240'!S24 -> 0 | X23: =+W23+X22 -> 0 | Y23: =S23-S22 -> 0 | Z23: =IF(Y23>0,Y23,0)/1000 -> 0 | AA23: =AA22+Z23 -> 0 | AB23: =(M23-$M$13-R23)/1000 -> 0
B24: ='116+240'!B25 -> 45292 | C24: =B24-B23 -> 1 | D24: =D23 -> 844 | E24: =VLOOKUP(B24,'116+240'!B25:AB126,3,FALSE) -> 1603 | F24: =D24+E24 -> 2447 | G24: =VLOOKUP(B24,'116+240'!$B$15:$AB$115,20,FALSE) -> 40 | H24: =VLOOKUP(B24,'116+240'!$B$15:$AB$115,4,FALSE) -> 407 | I24: =F24-H24 -> 2040 | J24: =VLOOKUP(B24,'116+240'!$B$15:$AB$115,13,FALSE) -> 40 | K24: ='116+240'!Q25 -> 0 | L24: =+K24+L23 -> 0 | M24: =VLOOKUP(B24,'116+240'!$B$14:$AB$115,21,FALSE) -> -80 | N24: =VLOOKUP(B24,'116+240'!$B$15:$AB$115,5,FALSE) -> 527 | O24: =F24-N24 -> 1920 | P24: =VLOOKUP(B24,'116+240'!$B$15:$AB$115,14,FALSE) -> -80 | Q24: ='116+240'!R25 -> 0 | R24: =+Q24+R23 -> 0 | S24: =VLOOKUP(B24,'116+240'!$B$14:$AB$115,22,FALSE) -> -30 | T24: =VLOOKUP(B24,'116+240'!$B$15:$AB$115,6,FALSE) -> 477 | U24: =F24-T24 -> 1970 | V24: =VLOOKUP(B24,'116+240'!$B$15:$AB$115,15,FALSE) -> -30 | W24: ='116+240'!S25 -> 0 | X24: =+W24+X23 -> 0 | Y24: =S24-S23 -> 0 | Z24: =IF(Y24>0,Y24,0)/1000 -> 0 | AA24: =AA23+Z24 -> 0 | AB24: =(M24-$M$13-R24)/1000 -> 0
B25: ='116+240'!B26 -> 45293 | C25: =B25-B24 -> 1 | D25: =D24 -> 844 | E25: =VLOOKUP(B25,'116+240'!B26:AB127,3,FALSE) -> 1601 | F25: =D25+E25 -> 2445 | G25: =VLOOKUP(B25,'116+240'!$B$15:$AB$115,20,FALSE) -> 94 | H25: =VLOOKUP(B25,'116+240'!$B$15:$AB$115,4,FALSE) -> 411 | I25: =F25-H25 -> 2034 | J25: =VLOOKUP(B25,'116+240'!$B$15:$AB$115,13,FALSE) -> 34 | K25: ='116+240'!Q26 -> 6 | L25: =+K25+L24 -> 6 | M25: =VLOOKUP(B25,'116+240'!$B$14:$AB$115,21,FALSE) -> 92 | N25: =VLOOKUP(B25,'116+240'!$B$15:$AB$115,5,FALSE) -> 533 | O25: =F25-N25 -> 1912 | P25: =VLOOKUP(B25,'116+240'!$B$15:$AB$115,14,FALSE) -> -88 | Q25: ='116+240'!R26 -> 8 | R25: =+Q25+R24 -> 8 | S25: =VLOOKUP(B25,'116+240'!$B$14:$AB$115,22,FALSE) -> 95 | T25: =VLOOKUP(B25,'116+240'!$B$15:$AB$115,6,FALSE) -> 480 | U25: =F25-T25 -> 1965 | V25: =VLOOKUP(B25,'116+240'!$B$15:$AB$115,15,FALSE) -> -35 | W25: ='116+240'!S26 -> 5 | X25: =+W25+X24 -> 5 | Y25: =S25-S24 -> 125 | Z25: =IF(Y25>0,Y25,0)/1000 -> 0.125 | AA25: =AA24+Z25 -> 0.125 | AB25: =(M25-$M$13-R25)/1000 -> 0.164
B26: ='116+240'!B27 -> 45294 | C26: =B26-B25 -> 1 | D26: =D25 -> 844 | E26: =VLOOKUP(B26,'116+240'!B27:AB128,3,FALSE) -> 1599 | F26: =D26+E26 -> 2443 | G26: =VLOOKUP(B26,'116+240'!$B$15:$AB$115,20,FALSE) -> 92 | H26: =VLOOKUP(B26,'116+240'!$B$15:$AB$115,4,FALSE) -> 411 | I26: =F26-H26 -> 2032 | J26: =VLOOKUP(B26,'116+240'!$B$15:$AB$115,13,FALSE) -> 32 | K26: ='116+240'!Q27 -> 2 | L26: =+K26+L25 -> 8 | M26: =VLOOKUP(B26,'116+240'!$B$14:$AB$115,21,FALSE) -> 90 | N26: =VLOOKUP(B26,'116+240'!$B$15:$AB$115,5,FALSE) -> 533 | O26: =F26-N26 -> 1910 | P26: =VLOOKUP(B26,'116+240'!$B$15:$AB$115,14,FALSE) -> -90 | Q26: ='116+240'!R27 -> 2 | R26: =+Q26+R25 -> 10 | S26: =VLOOKUP(B26,'116+240'!$B$14:$AB$115,22,FALSE) -> 94 | T26: =VLOOKUP(B26,'116+240'!$B$15:$AB$115,6,FALSE) -> 479 | U26: =F26-T26 -> 1964 | V26: =VLOOKUP(B26,'116+240'!$B$15:$AB$115,15,FALSE) -> -36 | W26: ='116+240'!S27 -> 1 | X26: =+W26+X25 -> 6 | Y26: =S26-S25 -> -1 | Z26: =IF(Y26>0,Y26,0)/1000 -> 0 | AA26: =AA25+Z26 -> 0.125 | AB26: =(M26-$M$13-R26)/1000 -> 0.16
B27: ='116+240'!B28 -> 45295 | C27: =B27-B26 -> 1 | D27: =D26 -> 844 | E27: =VLOOKUP(B27,'116+240'!B28:AB129,3,FALSE) -> 1597 | F27: =D27+E27 -> 2441 | G27: =VLOOKUP(B27,'116+240'!$B$15:$AB$115,20,FALSE) -> 90 | H27: =VLOOKUP(B27,'116+240'!$B$15:$AB$115,4,FALSE) -> 411 | I27: =F27-H27 -> 2030 | J27: =VLOOKUP(B27,'116+240'!$B$15:$AB$115,13,FALSE) -> 30 | K27: ='116+240'!Q28 -> 2 | L27: =+K27+L26 -> 10 | M27: =VLOOKUP(B27,'116+240'!$B$14:$AB$115,21,FALSE) -> 88 | N27: =VLOOKUP(B27,'116+240'!$B$15:$AB$115,5,FALSE) -> 533 | O27: =F27-N27 -> 1908 | P27: =VLOOKUP(B27,'116+240'!$B$15:$AB$115,14,FALSE) -> -92 | Q27: ='116+240'!R28 -> 2 | R27: =+Q27+R26 -> 12 | S27: =VLOOKUP(B27,'116+240'!$B$14:$AB$115,22,FALSE) -> 93 | T27: =VLOOKUP(B27,'116+240'!$B$15:$AB$115,6,FALSE) -> 478 | U27: =F27-T27 -> 1963 | V27: =VLOOKUP(B27,'116+240'!$B$15:$AB$115,15,FALSE) -> -37 | W27: ='116+240'!S28 -> 1 | X27: =+W27+X26 -> 7 | Y27: =S27-S26 -> -1 | Z27: =IF(Y27>0,Y27,0)/1000 -> 0 | AA27: =AA26+Z27 -> 0.125 | AB27: =(M27-$M$13-R27)/1000 -> 0.156
B28: ='116+240'!B29 -> 45296 | C28: =B28-B27 -> 1 | D28: =D27 -> 844 | E28: =VLOOKUP(B28,'116+240'!B29:AB130,3,FALSE) -> 1595 | F28: =D28+E28 -> 2439 | G28: =VLOOKUP(B28,'116+240'!$B$15:$AB$115,20,FALSE) -> 388 | H28: =VLOOKUP(B28,'116+240'!$B$15:$AB$115,4,FALSE) -> 411 | I28: =F28-H28 -> 2028 | J28: =VLOOKUP(B28,'116+240'!$B$15:$AB$115,13,FALSE) -> 28 | K28: ='116+240'!Q29 -> 2 | L28: =+K28+L27 -> 12 | M28: =VLOOKUP(B28,'116+240'!$B$14:$AB$115,21,FALSE) -> 386 | N28: =VLOOKUP(B28,'116+240'!$B$15:$AB$115,5,FALSE) -> 533 | O28: =F28-N28 -> 1906 | P28: =VLOOKUP(B28,'116+240'!$B$15:$AB$115,14,FALSE) -> -94 | Q28: ='116+240'!R29 -> 2 | R28: =+Q28+R27 -> 14 | S28: =VLOOKUP(B28,'116+240'!$B$14:$AB$115,22,FALSE) -> 391 | T28: =VLOOKUP(B28,'116+240'!$B$15:$AB$115,6,FALSE) -> 478 | U28: =F28-T28 -> 1961 | V28: =VLOOKUP(B28,'116+240'!$B$15:$AB$115,15,FALSE) -> -39 | W28: ='116+240'!S29 -> 2 | X28: =+W28+X27 -> 9 | Y28: =S28-S27 -> 298 | Z28: =IF(Y28>0,Y28,0)/1000 -> 0.298 | AA28: =AA27+Z28 -> 0.423 | AB28: =(M28-$M$13-R28)/1000 -> 0.452
B29: ='116+240'!B30 -> 45297 | C29: =B29-B28 -> 1 | D29: =D28 -> 844 | E29: =VLOOKUP(B29,'116+240'!B30:AB131,3,FALSE) -> 1593 | F29: =D29+E29 -> 2437 | G29: =VLOOKUP(B29,'116+240'!$B$15:$AB$115,20,FALSE) -> 383 | H29: =VLOOKUP(B29,'116+240'!$B$15:$AB$115,4,FALSE) -> 414 | I29: =F29-H29 -> 2023 | J29: =VLOOKUP(B29,'116+240'!$B$15:$AB$115,13,FALSE) -> 23 | K29: ='116+240'!Q30 -> 5 | L29: =+K29+L28 -> 17 | M29: =VLOOKUP(B29,'116+240'!$B$14:$AB$115,21,FALSE) -> 378 | N29: =VLOOKUP(B29,'116+240'!$B$15:$AB$115,5,FALSE) -> 539 | O29: =F29-N29 -> 1898 | P29: =VLOOKUP(B29,'116+240'!$B$15:$AB$115,14,FALSE) -> -102 | Q29: ='116+240'!R30 -> 8 | R29: =+Q29+R28 -> 22 | S29: =VLOOKUP(B29,'116+240'!$B$14:$AB$115,22,FALSE) -> 386 | T29: =VLOOKUP(B29,'116+240'!$B$15:$AB$115,6,FALSE) -> 481 | U29: =F29-T29 -> 1956 | V29: =VLOOKUP(B29,'116+240'!$B$15:$AB$115,15,FALSE) -> -44 | W29: ='116+240'!S30 -> 5 | X29: =+W29+X28 -> 14 | Y29: =S29-S28 -> -5 | Z29: =IF(Y29>0,Y29,0)/1000 -> 0 | AA29: =AA28+Z29 -> 0.423 | AB29: =(M29-$M$13-R29)/1000 -> 0.436
B30: ='116+240'!B31 -> 45298 | C30: =B30-B29 -> 1 | D30: =D29 -> 844 | E30: =VLOOKUP(B30,'116+240'!B31:AB132,3,FALSE) -> 1591 | F30: =D30+E30 -> 2435 | G30: =VLOOKUP(B30,'116+240'!$B$15:$AB$115,20,FALSE) -> 381 | H30: =VLOOKUP(B30,'116+240'!$B$15:$AB$115,4,FALSE) -> 414 | I30: =F30-H30 -> 2021 | J30: =VLOOKUP(B30,'116+240'!$B$15:$AB$115,13,FALSE) -> 21 | K30: ='116+240'!Q31 -> 2 | L30: =+K30+L29 -> 19 | M30: =VLOOKUP(B30,'116+240'!$B$14:$AB$115,21,FALSE) -> 376 | N30: =VLOOKUP(B30,'116+240'!$B$15:$AB$115,5,FALSE) -> 539 | O30: =F30-N30 -> 1896 | P30: =VLOOKUP(B30,'116+240'!$B$15:$AB$115,14,FALSE) -> -104 | Q30: ='116+240'!R31 -> 2 | R30: =+Q30+R29 -> 24 | S30: =VLOOKUP(B30,'116+240'!$B$14:$AB$115,22,FALSE) -> 385 | T30: =VLOOKUP(B30,'116+240'!$B$15:$AB$115,6,FALSE) -> 480 | U30: =F30-T30 -> 1955 | V30: =VLOOKUP(B30,'116+240'!$B$15:$AB$115,15,FALSE) -> -45 | W30: ='116+240'!S31 -> 1 | X30: =+W30+X29 -> 15 | Y30: =S30-S29 -> -1 | Z30: =IF(Y30>0,Y30,0)/1000 -> 0 | AA30: =AA29+Z30 -> 0.423 | AB30: =(M30-$M$13-R30)/1000 -> 0.432
B31: ='116+240'!B32 -> 45299 | C31: =B31-B30 -> 1 | D31: =D30 -> 844 | E31: =VLOOKUP(B31,'116+240'!B32:AB133,3,FALSE) -> 1589 | F31: =D31+E31 -> 2433 | G31: =VLOOKUP(B31,'116+240'!$B$15:$AB$115,20,FALSE) -> 379 | H31: =VLOOKUP(B31,'116+240'!$B$15:$AB$115,4,FALSE) -> 414 | I31: =F31-H31 -> 2019 | J31: =VLOOKUP(B31,'116+240'!$B$15:$AB$115,13,FALSE) -> 19 | K31: ='116+240'!Q32 -> 2 | L31: =+K31+L30 -> 21 | M31: =VLOOKUP(B31,'116+240'!$B$14:$AB$115,21,FALSE) -> 374 | N31: =VLOOKUP(B31,'116+240'!$B$15:$AB$115,5,FALSE) -> 539 | O31: =F31-N31 -> 1894 | P31: =VLOOKUP(B31,'116+240'!$B$15:$AB$115,14,FALSE) -> -106 | Q31: ='116+240'!R32 -> 2 | R31: =+Q31+R30 -> 26 | S31: =VLOOKUP(B31,'116+240'!$B$14:$AB$115,22,FALSE) -> 383 | T31: =VLOOKUP(B31,'116+240'!$B$15:$AB$115,6,FALSE) -> 480 | U31: =F31-T31 -> 1953 | V31: =VLOOKUP(B31,'116+240'!$B$15:$AB$115,15,FALSE) -> -47 | W31: ='116+240'!S32 -> 2 | X31: =+W31+X30 -> 17 | Y31: =S31-S30 -> -2 | Z31: =IF(Y31>0,Y31,0)/1000 -> 0 | AA31: =AA30+Z31 -> 0.423 | AB31: =(M31-$M$13-R31)/1000 -> 0.428
B32: ='116+240'!B33 -> 45300 | C32: =B32-B31 -> 1 | D32: =D31 -> 844 | E32: =VLOOKUP(B32,'116+240'!B33:AB134,3,FALSE) -> 1587 | F32: =D32+E32 -> 2431 | G32: =VLOOKUP(B32,'116+240'!$B$15:$AB$115,20,FALSE) -> 677 | H32: =VLOOKUP(B32,'116+240'!$B$15:$AB$115,4,FALSE) -> 414 | I32: =F32-H32 -> 2017 | J32: =VLOOKUP(B32,'116+240'!$B$15:$AB$115,13,FALSE) -> 17 | K32: ='116+240'!Q33 -> 2 | L32: =+K32+L31 -> 23 | M32: =VLOOKUP(B32,'116+240'!$B$14:$AB$115,21,FALSE) -> 672 | N32: =VLOOKUP(B32,'116+240'!$B$15:$AB$115,5,FALSE) -> 539 | O32: =F32-N32 -> 1892 | P32: =VLOOKUP(B32,'116+240'!$B$15:$AB$115,14,FALSE) -> -108 | Q32: ='116+240'!R33 -> 2 | R32: =+Q32+R31 -> 28 | S32: =VLOOKUP(B32,'116+240'!$B$14:$AB$115,22,FALSE) -> 682 | T32: =VLOOKUP(B32,'116+240'!$B$15:$AB$115,6,FALSE) -> 479 | U32: =F32-T32 -> 1952 | V32: =VLOOKUP(B32,'116+240'!$B$15:$AB$115,15,FALSE) -> -48 | W32: ='116+240'!S33 -> 1 | X32: =+W32+X31 -> 18 | Y32: =S32-S31 -> 299 | Z32: =IF(Y32>0,Y32,0)/1000 -> 0.299 | AA32: =AA31+Z32 -> 0.722 | AB32: =(M32-$M$13-R32)/1000 -> 0.724
B33: ='116+240'!B34 -> 45301 | C33: =B33-B32 -> 1 | D33: =D32 -> 844 | E33: =VLOOKUP(B33,'116+240'!B34:AB135,3,FALSE) -> 1585 | F33: =D33+E33 -> 2429 | G33: =VLOOKUP(B33,'116+240'!$B$15:$AB$115,20,FALSE) -> 672 | H33: =VLOOKUP(B33,'116+240'!$B$15:$AB$115,4,FALSE) -> 417 | I33: =F33-H33 -> 2012 | J33: =VLOOKUP(B33,'116+240'!$B$15:$AB$115,13,FALSE) -> 12 | K33: ='116+240'!Q34 -> 5 | L33: =+K33+L32 -> 28 | M33: =VLOOKUP(B33,'116+240'!$B$14:$AB$115,21,FALSE) -> 664 | N33: =VLOOKUP(B33,'116+240'!$B$15:$AB$115,5,FALSE) -> 545 | O33: =F33-N33 -> 1884 | P33: =VLOOKUP(B33,'116+240'!$B$15:$AB$115,14,FALSE) -> -116 | Q33: ='116+240'!R34 -> 8 | R33: =+Q33+R32 -> 36 | S33: =VLOOKUP(B33,'116+240'!$B$14:$AB$115,22,FALSE) -> 676 | T33: =VLOOKUP(B33,'116+240'!$B$15:$AB$115,6,FALSE) -> 483 | U33: =F33-T33 -> 1946 | V33: =VLOOKUP(B33,'116+240'!$B$15:$AB$115,15,FALSE) -> -54 | W33: ='116+240'!S34 -> 6 | X33: =+W33+X32 -> 24 | Y33: =S33-S32 -> -6 | Z33: =IF(Y33>0,Y33,0)/1000 -> 0 | AA33: =AA32+Z33 -> 0.722 | AB33: =(M33-$M$13-R33)/1000 -> 0.708
... B76: ='116+240'!B77 -> 45344 | C76: =B76-B75 -> 1 | D76: =D75 -> 844 | E76: =VLOOKUP(B76,'116+240'!B77:AB178,3,FALSE) -> 1499 | F76: =D76+E76 -> 2343 | G76: =VLOOKUP(B76,'116+240'!$B$15:$AB$115,20,FALSE) -> 1428 | H76: =VLOOKUP(B76,'116+240'!$B$15:$AB$115,4,FALSE) -> 475 | I76: =F76-H76 -> 1868 | J76: =VLOOKUP(B76,'116+240'!$B$15:$AB$115,13,FALSE) -> -132 | K76: ='116+240'!Q77 -> 2 | L76: =+K76+L75 -> 172 | M76: =VLOOKUP(B76,'116+240'!$B$14:$AB$115,21,FALSE) -> 1478 | N76: =VLOOKUP(B76,'116+240'!$B$15:$AB$115,5,FALSE) -> 545 | O76: =F76-N76 -> 1798 | P76: =VLOOKUP(B76,'116+240'!$B$15:$AB$115,14,FALSE) -> -202 | Q76: ='116+240'!R77 -> 2 | R76: =+Q76+R75 -> 122 | S76: =VLOOKUP(B76,'116+240'!$B$14:$AB$115,22,FALSE) -> 1517 | T76: =VLOOKUP(B76,'116+240'!$B$15:$AB$115,6,FALSE) -> 456 | U76: =F76-T76 -> 1887 | V76: =VLOOKUP(B76,'116+240'!$B$15:$AB$115,15,FALSE) -> -113 | W76: ='116+240'!S77 -> 0 | X76: =+W76+X75 -> 83 | Y76: =S76-S75 -> 0 | Z76: =IF(Y76>0,Y76,0)/1000 -> 0 | AA76: =AA75+Z76 -> 1.618 | AB76: =(M76-$M$13-R76)/1000 -> 1.436
A77: 42307 | B77: ='116+240'!B78 -> 45345 | C77: =B77-B76 -> 1 | D77: =D76 -> 844 | E77: =VLOOKUP(B77,'116+240'!B78:AB179,3,FALSE) -> 1497 | F77: =D77+E77 -> 2341 | G77: =VLOOKUP(B77,'116+240'!$B$15:$AB$115,20,FALSE) -> 1426 | H77: =VLOOKUP(B77,'116+240'!$B$15:$AB$115,4,FALSE) -> 475 | I77: =F77-H77 -> 1866 | J77: =VLOOKUP(B77,'116+240'!$B$15:$AB$115,13,FALSE) -> -134 | K77: ='116+240'!Q78 -> 2 | L77: =+K77+L76 -> 174 | M77: =VLOOKUP(B77,'116+240'!$B$14:$AB$115,21,FALSE) -> 1477 | N77: =VLOOKUP(B77,'116+240'!$B$15:$AB$115,5,FALSE) -> 544 | O77: =F77-N77 -> 1797 | P77: =VLOOKUP(B77,'116+240'!$B$15:$AB$115,14,FALSE) -> -203 | Q77: ='116+240'!R78 -> 1 | R77: =+Q77+R76 -> 123 | S77: =VLOOKUP(B77,'116+240'!$B$14:$AB$115,22,FALSE) -> 1517 | T77: =VLOOKUP(B77,'116+240'!$B$15:$AB$115,6,FALSE) -> 454 | U77: =F77-T77 -> 1887 | V77: =VLOOKUP(B77,'116+240'!$B$15:$AB$115,15,FALSE) -> -113 | W77: ='116+240'!S78 -> 0 | X77: =+W77+X76 -> 83 | Y77: =S77-S76 -> 0 | Z77: =IF(Y77>0,Y77,0)/1000 -> 0 | AA77: =AA76+Z77 -> 1.618 | AB77: =(M77-$M$13-R77)/1000 -> 1.434
A78: 02/11/015 | B78: ='116+240'!B79 -> 45346 | C78: =B78-B77 -> 1 | D78: =D77 -> 844 | E78: =VLOOKUP(B78,'116+240'!B79:AB180,3,FALSE) -> 1495 | F78: =D78+E78 -> 2339 | G78: =VLOOKUP(B78,'116+240'!$B$15:$AB$115,20,FALSE) -> 1423 | H78: =VLOOKUP(B78,'116+240'!$B$15:$AB$115,4,FALSE) -> 476 | I78: =F78-H78 -> 1863 | J78: =VLOOKUP(B78,'116+240'!$B$15:$AB$115,13,FALSE) -> -137 | K78: ='116+240'!Q79 -> 3 | L78: =+K78+L77 -> 177 | M78: =VLOOKUP(B78,'116+240'!$B$14:$AB$115,21,FALSE) -> 1477 | N78: =VLOOKUP(B78,'116+240'!$B$15:$AB$115,5,FALSE) -> 542 | O78: =F78-N78 -> 1797 | P78: =VLOOKUP(B78,'116+240'!$B$15:$AB$115,14,FALSE) -> -203 | Q78: ='116+240'!R79 -> 0 | R78: =+Q78+R77 -> 123 | S78: =VLOOKUP(B78,'116+240'!$B$14:$AB$115,22,FALSE) -> 1517 | T78: =VLOOKUP(B78,'116+240'!$B$15:$AB$115,6,FALSE) -> 452 | U78: =F78-T78 -> 1887 | V78: =VLOOKUP(B78,'116+240'!$B$15:$AB$115,15,FALSE) -> -113 | W78: ='116+240'!S79 -> 0 | X78: =+W78+X77 -> 83 | Y78: =S78-S77 -> 0 | Z78: =IF(Y78>0,Y78,0)/1000 -> 0 | AA78: =AA77+Z78 -> 1.618 | AB78: =(M78-$M$13-R78)/1000 -> 1.434
A79: 42313 | B79: ='116+240'!B80 -> 45347 | C79: =B79-B78 -> 1 | D79: =D78 -> 844 | E79: =VLOOKUP(B79,'116+240'!B80:AB181,3,FALSE) -> 1493 | F79: =D79+E79 -> 2337 | G79: =VLOOKUP(B79,'116+240'!$B$15:$AB$115,20,FALSE) -> 1419 | H79: =VLOOKUP(B79,'116+240'!$B$15:$AB$115,4,FALSE) -> 478 | I79: =F79-H79 -> 1859 | J79: =VLOOKUP(B79,'116+240'!$B$15:$AB$115,13,FALSE) -> -141 | K79: ='116+240'!Q80 -> 4 | L79: =+K79+L78 -> 181 | M79: =VLOOKUP(B79,'116+240'!$B$14:$AB$115,21,FALSE) -> 1477 | N79: =VLOOKUP(B79,'116+240'!$B$15:$AB$115,5,FALSE) -> 540 | O79: =F79-N79 -> 1797 | P79: =VLOOKUP(B79,'116+240'!$B$15:$AB$115,14,FALSE) -> -203 | Q79: ='116+240'!R80 -> 0 | R79: =+Q79+R78 -> 123 | S79: =VLOOKUP(B79,'116+240'!$B$14:$AB$115,22,FALSE) -> 1517 | T79: =VLOOKUP(B79,'116+240'!$B$15:$AB$115,6,FALSE) -> 450 | U79: =F79-T79 -> 1887 | V79: =VLOOKUP(B79,'116+240'!$B$15:$AB$115,15,FALSE) -> -113 | W79: ='116+240'!S80 -> 0 | X79: =+W79+X78 -> 83 | Y79: =S79-S78 -> 0 | Z79: =IF(Y79>0,Y79,0)/1000 -> 0 | AA79: =AA78+Z79 -> 1.618 | AB79: =(M79-$M$13-R79)/1000 -> 1.434
A80: 42319 | B80: ='116+240'!B81 -> 45348 | C80: =B80-B79 -> 1 | D80: =D79 -> 844 | E80: =VLOOKUP(B80,'116+240'!B81:AB182,3,FALSE) -> 1491 | F80: =D80+E80 -> 2335 | G80: =VLOOKUP(B80,'116+240'!$B$15:$AB$115,20,FALSE) -> 1416 | H80: =VLOOKUP(B80,'116+240'!$B$15:$AB$115,4,FALSE) -> 479 | I80: =F80-H80 -> 1856 | J80: =VLOOKUP(B80,'116+240'!$B$15:$AB$115,13,FALSE) -> -144 | K80: ='116+240'!Q81 -> 3 | L80: =+K80+L79 -> 184 | M80: =VLOOKUP(B80,'116+240'!$B$14:$AB$115,21,FALSE) -> 1474 | N80: =VLOOKUP(B80,'116+240'!$B$15:$AB$115,5,FALSE) -> 541 | O80: =F80-N80 -> 1794 | P80: =VLOOKUP(B80,'116+240'!$B$15:$AB$115,14,FALSE) -> -206 | Q80: ='116+240'!R81 -> 3 | R80: =+Q80+R79 -> 126 | S80: =VLOOKUP(B80,'116+240'!$B$14:$AB$115,22,FALSE) -> 1517 | T80: =VLOOKUP(B80,'116+240'!$B$15:$AB$115,6,FALSE) -> 448 | U80: =F80-T80 -> 1887 | V80: =VLOOKUP(B80,'116+240'!$B$15:$AB$115,15,FALSE) -> -113 | W80: ='116+240'!S81 -> 0 | X80: =+W80+X79 -> 83 | Y80: =S80-S79 -> 0 | Z80: =IF(Y80>0,Y80,0)/1000 -> 0 | AA80: =AA79+Z80 -> 1.618 | AB80: =(M80-$M$13-R80)/1000 -> 1.428
A81: 42322 | B81: ='116+240'!B82 -> 45349 | C81: =B81-B80 -> 1 | D81: =D80 -> 844 | E81: =VLOOKUP(B81,'116+240'!B82:AB183,3,FALSE) -> 1489 | F81: =D81+E81 -> 2333 | G81: =VLOOKUP(B81,'116+240'!$B$15:$AB$115,20,FALSE) -> 1407 | H81: =VLOOKUP(B81,'116+240'!$B$15:$AB$115,4,FALSE) -> 486 | I81: =F81-H81 -> 1847 | J81: =VLOOKUP(B81,'116+240'!$B$15:$AB$115,13,FALSE) -> -153 | K81: ='116+240'!Q82 -> 9 | L81: =+K81+L80 -> 193 | M81: =VLOOKUP(B81,'116+240'!$B$14:$AB$115,21,FALSE) -> 1473 | N81: =VLOOKUP(B81,'116+240'!$B$15:$AB$115,5,FALSE) -> 540 | O81: =F81-N81 -> 1793 | P81: =VLOOKUP(B81,'116+240'!$B$15:$AB$115,14,FALSE) -> -207 | Q81: ='116+240'!R82 -> 1 | R81: =+Q81+R80 -> 127 | S81: =VLOOKUP(B81,'116+240'!$B$14:$AB$115,22,FALSE) -> 1517 | T81: =VLOOKUP(B81,'116+240'!$B$15:$AB$115,6,FALSE) -> 446 | U81: =F81-T81 -> 1887 | V81: =VLOOKUP(B81,'116+240'!$B$15:$AB$115,15,FALSE) -> -113 | W81: ='116+240'!S82 -> 0 | X81: =+W81+X80 -> 83 | Y81: =S81-S80 -> 0 | Z81: =IF(Y81>0,Y81,0)/1000 -> 0 | AA81: =AA80+Z81 -> 1.618 | AB81: =(M81-$M$13-R81)/1000 -> 1.426
A82: 17/11/015 | B82: ='116+240'!B83 -> 45350 | C82: =B82-B81 -> 1 | D82: =D81 -> 844 | E82: =VLOOKUP(B82,'116+240'!B83:AB184,3,FALSE) -> 1487 | F82: =D82+E82 -> 2331 | G82: =VLOOKUP(B82,'116+240'!$B$15:$AB$115,20,FALSE) -> 1405 | H82: =VLOOKUP(B82,'116+240'!$B$15:$AB$115,4,FALSE) -> 486 | I82: =F82-H82 -> 1845 | J82: =VLOOKUP(B82,'116+240'!$B$15:$AB$115,13,FALSE) -> -155 | K82: ='116+240'!Q83 -> 2 | L82: =+K82+L81 -> 195 | M82: =VLOOKUP(B82,'116+240'!$B$14:$AB$115,21,FALSE) -> 1473 | N82: =VLOOKUP(B82,'116+240'!$B$15:$AB$115,5,FALSE) -> 538 | O82: =F82-N82 -> 1793 | P82: =VLOOKUP(B82,'116+240'!$B$15:$AB$115,14,FALSE) -> -207 | Q82: ='116+240'!R83 -> 0 | R82: =+Q82+R81 -> 127 | S82: =VLOOKUP(B82,'116+240'!$B$14:$AB$115,22,FALSE) -> 1516 | T82: =VLOOKUP(B82,'116+240'!$B$15:$AB$115,6,FALSE) -> 445 | U82: =F82-T82 -> 1886 | V82: =VLOOKUP(B82,'116+240'!$B$15:$AB$115,15,FALSE) -> -114 | W82: ='116+240'!S83 -> 1 | X82: =+W82+X81 -> 84 | Y82: =S82-S81 -> -1 | Z82: =IF(Y82>0,Y82,0)/1000 -> 0 | AA82: =AA81+Z82 -> 1.618 | AB82: =(M82-$M$13-R82)/1000 -> 1.426
A83: 42328 | B83: ='116+240'!B84 -> 45351 | C83: =B83-B82 -> 1 | D83: =D82 -> 844 | E83: =VLOOKUP(B83,'116+240'!B84:AB185,3,FALSE) -> 1485 | F83: =D83+E83 -> 2329 | G83: =VLOOKUP(B83,'116+240'!$B$15:$AB$115,20,FALSE) -> 1401 | H83: =VLOOKUP(B83,'116+240'!$B$15:$AB$115,4,FALSE) -> 488 | I83: =F83-H83 -> 1841 | J83: =VLOOKUP(B83,'116+240'!$B$15:$AB$115,13,FALSE) -> -159 | K83: ='116+240'!Q84 -> 4 | L83: =+K83+L82 -> 199 | M83: =VLOOKUP(B83,'116+240'!$B$14:$AB$115,21,FALSE) -> 1473 | N83: =VLOOKUP(B83,'116+240'!$B$15:$AB$115,5,FALSE) -> 536 | O83: =F83-N83 -> 1793 | P83: =VLOOKUP(B83,'116+240'!$B$15:$AB$115,14,FALSE) -> -207 | Q83: ='116+240'!R84 -> 0 | R83: =+Q83+R82 -> 127 | S83: =VLOOKUP(B83,'116+240'!$B$14:$AB$115,22,FALSE) -> 1516 | T83: =VLOOKUP(B83,'116+240'!$B$15:$AB$115,6,FALSE) -> 443 | U83: =F83-T83 -> 1886 | V83: =VLOOKUP(B83,'116+240'!$B$15:$AB$115,15,FALSE) -> -114 | W83: ='116+240'!S84 -> 0 | X83: =+W83+X82 -> 84 | Y83: =S83-S82 -> 0 | Z83: =IF(Y83>0,Y83,0)/1000 -> 0 | AA83: =AA82+Z83 -> 1.618 | AB83: =(M83-$M$13-R83)/1000 -> 1.426
A84: 42331 | B84: ='116+240'!B85 -> 45352 | C84: =B84-B83 -> 1 | D84: =D83 -> 844 | E84: =VLOOKUP(B84,'116+240'!B85:AB186,3,FALSE) -> 1483 | F84: =D84+E84 -> 2327 | G84: =VLOOKUP(B84,'116+240'!$B$15:$AB$115,20,FALSE) -> 1395 | H84: =VLOOKUP(B84,'116+240'!$B$15:$AB$115,4,FALSE) -> 492 | I84: =F84-H84 -> 1835 | J84: =VLOOKUP(B84,'116+240'!$B$15:$AB$115,13,FALSE) -> -165 | K84: ='116+240'!Q85 -> 6 | L84: =+K84+L83 -> 205 | M84: =VLOOKUP(B84,'116+240'!$B$14:$AB$115,21,FALSE) -> 1473 | N84: =VLOOKUP(B84,'116+240'!$B$15:$AB$115,5,FALSE) -> 534 | O84: =F84-N84 -> 1793 | P84: =VLOOKUP(B84,'116+240'!$B$15:$AB$115,14,FALSE) -> -207 | Q84: ='116+240'!R85 -> 0 | R84: =+Q84+R83 -> 127 | S84: =VLOOKUP(B84,'116+240'!$B$14:$AB$115,22,FALSE) -> 1516 | T84: =VLOOKUP(B84,'116+240'!$B$15:$AB$115,6,FALSE) -> 441 | U84: =F84-T84 -> 1886 | V84: =VLOOKUP(B84,'116+240'!$B$15:$AB$115,15,FALSE) -> -114 | W84: ='116+240'!S85 -> 0 | X84: =+W84+X83 -> 84 | Y84: =S84-S83 -> 0 | Z84: =IF(Y84>0,Y84,0)/1000 -> 0 | AA84: =AA83+Z84 -> 1.618 | AB84: =(M84-$M$13-R84)/1000 -> 1.426
A85: 26/11/015 | B85: ='116+240'!B86 -> 45353 | C85: =B85-B84 -> 1 | D85: =D84 -> 844 | E85: =VLOOKUP(B85,'116+240'!B86:AB187,3,FALSE) -> 1481 | F85: =D85+E85 -> 2325 | G85: =VLOOKUP(B85,'116+240'!$B$15:$AB$115,20,FALSE) -> 1386 | H85: =VLOOKUP(B85,'116+240'!$B$15:$AB$115,4,FALSE) -> 499 | I85: =F85-H85 -> 1826 | J85: =VLOOKUP(B85,'116+240'!$B$15:$AB$115,13,FALSE) -> -174 | K85: ='116+240'!Q86 -> 9 | L85: =+K85+L84 -> 214 | M85: =VLOOKUP(B85,'116+240'!$B$14:$AB$115,21,FALSE) -> 1470 | N85: =VLOOKUP(B85,'116+240'!$B$15:$AB$115,5,FALSE) -> 535 | O85: =F85-N85 -> 1790 | P85: =VLOOKUP(B85,'116+240'!$B$15:$AB$115,14,FALSE) -> -210 | Q85: ='116+240'!R86 -> 3 | R85: =+Q85+R84 -> 130 | S85: =VLOOKUP(B85,'116+240'!$B$14:$AB$115,22,FALSE) -> 1516 | T85: =VLOOKUP(B85,'116+240'!$B$15:$AB$115,6,FALSE) -> 439 | U85: =F85-T85 -> 1886 | V85: =VLOOKUP(B85,'116+240'!$B$15:$AB$115,15,FALSE) -> -114 | W85: ='116+240'!S86 -> 0 | X85: =+W85+X84 -> 84 | Y85: =S85-S84 -> 0 | Z85: =IF(Y85>0,Y85,0)/1000 -> 0 | AA85: =AA84+Z85 -> 1.618 | AB85: =(M85-$M$13-R85)/1000 -> 1.42
A86: 42337 | B86: ='116+240'!B87 -> 45354 | C86: =B86-B85 -> 1 | D86: =D85 -> 844 | E86: =VLOOKUP(B86,'116+240'!B87:AB188,3,FALSE) -> 1479 | F86: =D86+E86 -> 2323 | G86: =VLOOKUP(B86,'116+240'!$B$15:$AB$115,20,FALSE) -> 1383 | H86: =VLOOKUP(B86,'116+240'!$B$15:$AB$115,4,FALSE) -> 500 | I86: =F86-H86 -> 1823 | J86: =VLOOKUP(B86,'116+240'!$B$15:$AB$115,13,FALSE) -> -177 | K86: ='116+240'!Q87 -> 3 | L86: =+K86+L85 -> 217 | M86: =VLOOKUP(B86,'116+240'!$B$14:$AB$115,21,FALSE) -> 1470 | N86: =VLOOKUP(B86,'116+240'!$B$15:$AB$115,5,FALSE) -> 533 | O86: =F86-N86 -> 1790 | P86: =VLOOKUP(B86,'116+240'!$B$15:$AB$115,14,FALSE) -> -210 | Q86: ='116+240'!R87 -> 0 | R86: =+Q86+R85 -> 130 | S86: =VLOOKUP(B86,'116+240'!$B$14:$AB$115,22,FALSE) -> 1516 | T86: =VLOOKUP(B86,'116+240'!$B$15:$AB$115,6,FALSE) -> 437 | U86: =F86-T86 -> 1886 | V86: =VLOOKUP(B86,'116+240'!$B$15:$AB$115,15,FALSE) -> -114 | W86: ='116+240'!S87 -> 0 | X86: =+W86+X85 -> 84 | Y86: =S86-S85 -> 0 | Z86: =IF(Y86>0,Y86,0)/1000 -> 0 | AA86: =AA85+Z86 -> 1.618 | AB86: =(M86-$M$13-R86)/1000 -> 1.42
A87: 42340 | B87: ='116+240'!B88 -> 45355 | C87: =B87-B86 -> 1 | D87: =D86 -> 844 | E87: =VLOOKUP(B87,'116+240'!B88:AB189,3,FALSE) -> 1477 | F87: =D87+E87 -> 2321 | G87: =VLOOKUP(B87,'116+240'!$B$15:$AB$115,20,FALSE) -> 1679 | H87: =VLOOKUP(B87,'116+240'!$B$15:$AB$115,4,FALSE) -> 502 | I87: =F87-H87 -> 1819 | J87: =VLOOKUP(B87,'116+240'!$B$15:$AB$115,13,FALSE) -> -181 | K87: ='116+240'!Q88 -> 4 | L87: =+K87+L86 -> 221 | M87: =VLOOKUP(B87,'116+240'!$B$14:$AB$115,21,FALSE) -> 1770 | N87: =VLOOKUP(B87,'116+240'!$B$15:$AB$115,5,FALSE) -> 531 | O87: =F87-N87 -> 1790 | P87: =VLOOKUP(B87,'116+240'!$B$15:$AB$115,14,FALSE) -> -210 | Q87: ='116+240'!R88 -> 0 | R87: =+Q87+R86 -> 130 | S87: =VLOOKUP(B87,'116+240'!$B$14:$AB$115,22,FALSE) -> 1816 | T87: =VLOOKUP(B87,'116+240'!$B$15:$AB$115,6,FALSE) -> 435 | U87: =F87-T87 -> 1886 | V87: =VLOOKUP(B87,'116+240'!$B$15:$AB$115,15,FALSE) -> -114 | W87: ='116+240'!S88 -> 0 | X87: =+W87+X86 -> 84 | Y87: =S87-S86 -> 300 | Z87: =IF(Y87>0,Y87,0)/1000 -> 0.3 | AA87: =AA86+Z87 -> 1.918 | AB87: =(M87-$M$13-R87)/1000 -> 1.72
A88: 42343 | B88: ='116+240'!B89 -> 45356 | C88: =B88-B87 -> 1 | D88: =D87 -> 844 | E88: =VLOOKUP(B88,'116+240'!B89:AB190,3,FALSE) -> 1475 | F88: =D88+E88 -> 2319 | G88: =VLOOKUP(B88,'116+240'!$B$15:$AB$115,20,FALSE) -> 1676 | H88: =VLOOKUP(B88,'116+240'!$B$15:$AB$115,4,FALSE) -> 503 | I88: =F88-H88 -> 1816 | J88: =VLOOKUP(B88,'116+240'!$B$15:$AB$115,13,FALSE) -> -184 | K88: ='116+240'!Q89 -> 3 | L88: =+K88+L87 -> 224 | M88: =VLOOKUP(B88,'116+240'!$B$14:$AB$115,21,FALSE) -> 1769 | N88: =VLOOKUP(B88,'116+240'!$B$15:$AB$115,5,FALSE) -> 530 | O88: =F88-N88 -> 1789 | P88: =VLOOKUP(B88,'116+240'!$B$15:$AB$115,14,FALSE) -> -211 | Q88: ='116+240'!R89 -> 1 | R88: =+Q88+R87 -> 131 | S88: =VLOOKUP(B88,'116+240'!$B$14:$AB$115,22,FALSE) -> 1816 | T88: =VLOOKUP(B88,'116+240'!$B$15:$AB$115,6,FALSE) -> 433 | U88: =F88-T88 -> 1886 | V88: =VLOOKUP(B88,'116+240'!$B$15:$AB$115,15,FALSE) -> -114 | W88: ='116+240'!S89 -> 0 | X88: =+W88+X87 -> 84 | Y88: =S88-S87 -> 0 | Z88: =IF(Y88>0,Y88,0)/1000 -> 0 | AA88: =AA87+Z88 -> 1.918 | AB88: =(M88-$M$13-R88)/1000 -> 1.718
A89: 08/12/015 | B89: ='116+240'!B90 -> 45357 | C89: =B89-B88 -> 1 | D89: =D88 -> 844 | E89: =VLOOKUP(B89,'116+240'!B90:AB191,3,FALSE) -> 1473 | F89: =D89+E89 -> 2317 | G89: =VLOOKUP(B89,'116+240'!$B$15:$AB$115,20,FALSE) -> 1667 | H89: =VLOOKUP(B89,'116+240'!$B$15:$AB$115,4,FALSE) -> 510 | I89: =F89-H89 -> 1807 | J89: =VLOOKUP(B89,'116+240'!$B$15:$AB$115,13,FALSE) -> -193 | K89: ='116+240'!Q90 -> 9 | L89: =+K89+L88 -> 233 | M89: =VLOOKUP(B89,'116+240'!$B$14:$AB$115,21,FALSE) -> 1767 | N89: =VLOOKUP(B89,'116+240'!$B$15:$AB$115,5,FALSE) -> 530 | O89: =F89-N89 -> 1787 | P89: =VLOOKUP(B89,'116+240'!$B$15:$AB$115,14,FALSE) -> -213 | Q89: ='116+240'!R90 -> 2 | R89: =+Q89+R88 -> 133 | S89: =VLOOKUP(B89,'116+240'!$B$14:$AB$115,22,FALSE) -> 1816 | T89: =VLOOKUP(B89,'116+240'!$B$15:$AB$115,6,FALSE) -> 431 | U89: =F89-T89 -> 1886 | V89: =VLOOKUP(B89,'116+240'!$B$15:$AB$115,15,FALSE) -> -114 | W89: ='116+240'!S90 -> 0 | X89: =+W89+X88 -> 84 | Y89: =S89-S88 -> 0 | Z89: =IF(Y89>0,Y89,0)/1000 -> 0 | AA89: =AA88+Z89 -> 1.918 | AB89: =(M89-$M$13-R89)/1000 -> 1.714
A90: 42349 | B90: ='116+240'!B91 -> 45358 | C90: =B90-B89 -> 1 | D90: =D89 -> 844 | E90: =VLOOKUP(B90,'116+240'!B91:AB192,3,FALSE) -> 1471 | F90: =D90+E90 -> 2315 | G90: =VLOOKUP(B90,'116+240'!$B$15:$AB$115,20,FALSE) -> 1665 | H90: =VLOOKUP(B90,'116+240'!$B$15:$AB$115,4,FALSE) -> -490 | I90: =F90-H90 -> 2805 | J90: =VLOOKUP(B90,'116+240'!$B$15:$AB$115,13,FALSE) -> -195 | K90: ='116+240'!Q91 -> 2 | L90: =+K90+L89 -> 235 | M90: =VLOOKUP(B90,'116+240'!$B$14:$AB$115,21,FALSE) -> 1767 | N90: =VLOOKUP(B90,'116+240'!$B$15:$AB$115,5,FALSE) -> -472 | O90: =F90-N90 -> 2787 | P90: =VLOOKUP(B90,'116+240'!$B$15:$AB$115,14,FALSE) -> -213 | Q90: ='116+240'!R91 -> 0 | R90: =+Q90+R89 -> 133 | S90: =VLOOKUP(B90,'116+240'!$B$14:$AB$115,22,FALSE) -> 1816 | T90: =VLOOKUP(B90,'116+240'!$B$15:$AB$115,6,FALSE) -> -571 | U90: =F90-T90 -> 2886 | V90: =VLOOKUP(B90,'116+240'!$B$15:$AB$115,15,FALSE) -> -114 | W90: ='116+240'!S91 -> 0 | X90: =+W90+X89 -> 84 | Y90: =S90-S89 -> 0 | Z90: =IF(Y90>0,Y90,0)/1000 -> 0 | AA90: =AA89+Z90 -> 1.918 | AB90: =(M90-$M$13-R90)/1000 -> 1.714
A91: 42352 | B91: ='116+240'!B92 -> 45359 | C91: =B91-B90 -> 1 | D91: =D90 -> 844 | E91: =VLOOKUP(B91,'116+240'!B92:AB193,3,FALSE) -> 1469 | F91: =D91+E91 -> 2313 | G91: =VLOOKUP(B91,'116+240'!$B$15:$AB$115,20,FALSE) -> 1661 | H91: =VLOOKUP(B91,'116+240'!$B$15:$AB$115,4,FALSE) -> -488 | I91: =F91-H91 -> 2801 | J91: =VLOOKUP(B91,'116+240'!$B$15:$AB$115,13,FALSE) -> -199 | K91: ='116+240'!Q92 -> 4 | L91: =+K91+L90 -> 239 | M91: =VLOOKUP(B91,'116+240'!$B$14:$AB$115,21,FALSE) -> 1767 | N91: =VLOOKUP(B91,'116+240'!$B$15:$AB$115,5,FALSE) -> -474 | O91: =F91-N91 -> 2787 | P91: =VLOOKUP(B91,'116+240'!$B$15:$AB$115,14,FALSE) -> -213 | Q91: ='116+240'!R92 -> 0 | R91: =+Q91+R90 -> 133 | S91: =VLOOKUP(B91,'116+240'!$B$14:$AB$115,22,FALSE) -> 1816 | T91: =VLOOKUP(B91,'116+240'!$B$15:$AB$115,6,FALSE) -> -573 | U91: =F91-T91 -> 2886 | V91: =VLOOKUP(B91,'116+240'!$B$15:$AB$115,15,FALSE) -> -114 | W91: ='116+240'!S92 -> 0 | X91: =+W91+X90 -> 84 | Y91: =S91-S90 -> 0 | Z91: =IF(Y91>0,Y91,0)/1000 -> 0 | AA91: =AA90+Z91 -> 1.918 | AB91: =(M91-$M$13-R91)/1000 -> 1.714
A92: 42353 | B92: ='116+240'!B93 -> 45360 | C92: =B92-B91 -> 1 | D92: =D91 -> 844 | E92: =VLOOKUP(B92,'116+240'!B93:AB194,3,FALSE) -> 1467 | F92: =D92+E92 -> 2311 | G92: =VLOOKUP(B92,'116+240'!$B$15:$AB$115,20,FALSE) -> 1658 | H92: =VLOOKUP(B92,'116+240'!$B$15:$AB$115,4,FALSE) -> -487 | I92: =F92-H92 -> 2798 | J92: =VLOOKUP(B92,'116+240'!$B$15:$AB$115,13,FALSE) -> -202 | K92: ='116+240'!Q93 -> 3 | L92: =+K92+L91 -> 242 | M92: =VLOOKUP(B92,'116+240'!$B$14:$AB$115,21,FALSE) -> 1764 | N92: =VLOOKUP(B92,'116+240'!$B$15:$AB$115,5,FALSE) -> -473 | O92: =F92-N92 -> 2784 | P92: =VLOOKUP(B92,'116+240'!$B$15:$AB$115,14,FALSE) -> -216 | Q92: ='116+240'!R93 -> 3 | R92: =+Q92+R91 -> 136 | S92: =VLOOKUP(B92,'116+240'!$B$14:$AB$115,22,FALSE) -> 1816 | T92: =VLOOKUP(B92,'116+240'!$B$15:$AB$115,6,FALSE) -> -575 | U92: =F92-T92 -> 2886 | V92: =VLOOKUP(B92,'116+240'!$B$15:$AB$115,15,FALSE) -> -114 | W92: ='116+240'!S93 -> 0 | X92: =+W92+X91 -> 84 | Y92: =S92-S91 -> 0 | Z92: =IF(Y92>0,Y92,0)/1000 -> 0 | AA92: =AA91+Z92 -> 1.918 | AB92: =(M92-$M$13-R92)/1000 -> 1.708
A93: 42353 | B93: ='116+240'!B94 -> 45361 | C93: =B93-B92 -> 1 | D93: =D92 -> 844 | E93: =VLOOKUP(B93,'116+240'!B94:AB195,3,FALSE) -> 1465 | F93: =D93+E93 -> 2309 | G93: =VLOOKUP(B93,'116+240'!$B$15:$AB$115,20,FALSE) -> 1655 | H93: =VLOOKUP(B93,'116+240'!$B$15:$AB$115,4,FALSE) -> -486 | I93: =F93-H93 -> 2795 | J93: =VLOOKUP(B93,'116+240'!$B$15:$AB$115,13,FALSE) -> -205 | K93: ='116+240'!Q94 -> 3 | L93: =+K93+L92 -> 245 | M93: =VLOOKUP(B93,'116+240'!$B$14:$AB$115,21,FALSE) -> 1764 | N93: =VLOOKUP(B93,'116+240'!$B$15:$AB$115,5,FALSE) -> -475 | O93: =F93-N93 -> 2784 | P93: =VLOOKUP(B93,'116+240'!$B$15:$AB$115,14,FALSE) -> -216 | Q93: ='116+240'!R94 -> 0 | R93: =+Q93+R92 -> 136 | S93: =VLOOKUP(B93,'116+240'!$B$14:$AB$115,22,FALSE) -> 1816 | T93: =VLOOKUP(B93,'116+240'!$B$15:$AB$115,6,FALSE) -> -577 | U93: =F93-T93 -> 2886 | V93: =VLOOKUP(B93,'116+240'!$B$15:$AB$115,15,FALSE) -> -114 | W93: ='116+240'!S94 -> 0 | X93: =+W93+X92 -> 84 | Y93: =S93-S92 -> 0 | Z93: =IF(Y93>0,Y93,0)/1000 -> 0 | AA93: =AA92+Z93 -> 1.918 | AB93: =(M93-$M$13-R93)/1000 -> 1.708
B94: ='116+240'!B95 -> 45362 | C94: =B94-B93 -> 1 | D94: =D93 -> 844 | E94: =VLOOKUP(B94,'116+240'!B95:AB196,3,FALSE) -> 1463 | F94: =D94+E94 -> 2307 | G94: =VLOOKUP(B94,'116+240'!$B$15:$AB$115,20,FALSE) -> 1646 | H94: =VLOOKUP(B94,'116+240'!$B$15:$AB$115,4,FALSE) -> -479 | I94: =F94-H94 -> 2786 | J94: =VLOOKUP(B94,'116+240'!$B$15:$AB$115,13,FALSE) -> -214 | K94: ='116+240'!Q95 -> 9 | L94: =+K94+L93 -> 254 | M94: =VLOOKUP(B94,'116+240'!$B$14:$AB$115,21,FALSE) -> 1764 | N94: =VLOOKUP(B94,'116+240'!$B$15:$AB$115,5,FALSE) -> -477 | O94: =F94-N94 -> 2784 | P94: =VLOOKUP(B94,'116+240'!$B$15:$AB$115,14,FALSE) -> -216 | Q94: ='116+240'!R95 -> 0 | R94: =+Q94+R93 -> 136 | S94: =VLOOKUP(B94,'116+240'!$B$14:$AB$115,22,FALSE) -> 1816 | T94: =VLOOKUP(B94,'116+240'!$B$15:$AB$115,6,FALSE) -> -579 | U94: =F94-T94 -> 2886 | V94: =VLOOKUP(B94,'116+240'!$B$15:$AB$115,15,FALSE) -> -114 | W94: ='116+240'!S95 -> 0 | X94: =+W94+X93 -> 84 | Y94: =S94-S93 -> 0 | Z94: =IF(Y94>0,Y94,0)/1000 -> 0 | AA94: =AA93+Z94 -> 1.918 | AB94: =(M94-$M$13-R94)/1000 -> 1.708
B95: ='116+240'!B96 -> 45363 | C95: =B95-B94 -> 1 | D95: =D94 -> 844 | E95: =VLOOKUP(B95,'116+240'!B96:AB197,3,FALSE) -> 1461 | F95: =D95+E95 -> 2305 | G95: =VLOOKUP(B95,'116+240'!$B$15:$AB$115,20,FALSE) -> 1644 | H95: =VLOOKUP(B95,'116+240'!$B$15:$AB$115,4,FALSE) -> -479 | I95: =F95-H95 -> 2784 | J95: =VLOOKUP(B95,'116+240'!$B$15:$AB$115,13,FALSE) -> -216 | K95: ='116+240'!Q96 -> 2 | L95: =+K95+L94 -> 256 | M95: =VLOOKUP(B95,'116+240'!$B$14:$AB$115,21,FALSE) -> 1764 | N95: =VLOOKUP(B95,'116+240'!$B$15:$AB$115,5,FALSE) -> -479 | O95: =F95-N95 -> 2784 | P95: =VLOOKUP(B95,'116+240'!$B$15:$AB$115,14,FALSE) -> -216 | Q95: ='116+240'!R96 -> 0 | R95: =+Q95+R94 -> 136 | S95: =VLOOKUP(B95,'116+240'!$B$14:$AB$115,22,FALSE) -> 1816 | T95: =VLOOKUP(B95,'116+240'!$B$15:$AB$115,6,FALSE) -> -581 | U95: =F95-T95 -> 2886 | V95: =VLOOKUP(B95,'116+240'!$B$15:$AB$115,15,FALSE) -> -114 | W95: ='116+240'!S96 -> 0 | X95: =+W95+X94 -> 84 | Y95: =S95-S94 -> 0 | Z95: =IF(Y95>0,Y95,0)/1000 -> 0 | AA95: =AA94+Z95 -> 1.918 | AB95: =(M95-$M$13-R95)/1000 -> 1.708
B96: ='116+240'!B97 -> 45364 | C96: =B96-B95 -> 1 | D96: =D95 -> 844 | E96: =VLOOKUP(B96,'116+240'!B97:AB198,3,FALSE) -> 1459 | F96: =D96+E96 -> 2303 | G96: =VLOOKUP(B96,'116+240'!$B$15:$AB$115,20,FALSE) -> 1942 | H96: =VLOOKUP(B96,'116+240'!$B$15:$AB$115,4,FALSE) -> -479 | I96: =F96-H96 -> 2782 | J96: =VLOOKUP(B96,'116+240'!$B$15:$AB$115,13,FALSE) -> -218 | K96: ='116+240'!Q97 -> 2 | L96: =+K96+L95 -> 258 | M96: =VLOOKUP(B96,'116+240'!$B$14:$AB$115,21,FALSE) -> 2056 | N96: =VLOOKUP(B96,'116+240'!$B$15:$AB$115,5,FALSE) -> -473 | O96: =F96-N96 -> 2776 | P96: =VLOOKUP(B96,'116+240'!$B$15:$AB$115,14,FALSE) -> -224 | Q96: ='116+240'!R97 -> 8 | R96: =+Q96+R95 -> 144 | S96: =VLOOKUP(B96,'116+240'!$B$14:$AB$115,22,FALSE) -> 2111 | T96: =VLOOKUP(B96,'116+240'!$B$15:$AB$115,6,FALSE) -> -578 | U96: =F96-T96 -> 2881 | V96: =VLOOKUP(B96,'116+240'!$B$15:$AB$115,15,FALSE) -> -119 | W96: ='116+240'!S97 -> 5 | X96: =+W96+X95 -> 89 | Y96: =S96-S95 -> 295 | Z96: =IF(Y96>0,Y96,0)/1000 -> 0.295 | AA96: =AA95+Z96 -> 2.213 | AB96: =(M96-$M$13-R96)/1000 -> 1.992
B97: ='116+240'!B98 -> 45365 | C97: =B97-B96 -> 1 | D97: =D96 -> 844 | E97: =VLOOKUP(B97,'116+240'!B98:AB199,3,FALSE) -> 1457 | F97: =D97+E97 -> 2301 | G97: =VLOOKUP(B97,'116+240'!$B$15:$AB$115,20,FALSE) -> 1940 | H97: =VLOOKUP(B97,'116+240'!$B$15:$AB$115,4,FALSE) -> -479 | I97: =F97-H97 -> 2780 | J97: =VLOOKUP(B97,'116+240'!$B$15:$AB$115,13,FALSE) -> -220 | K97: ='116+240'!Q98 -> 2 | L97: =+K97+L96 -> 260 | M97: =VLOOKUP(B97,'116+240'!$B$14:$AB$115,21,FALSE) -> 2054 | N97: =VLOOKUP(B97,'116+240'!$B$15:$AB$115,5,FALSE) -> -473 | O97: =F97-N97 -> 2774 | P97: =VLOOKUP(B97,'116+240'!$B$15:$AB$115,14,FALSE) -> -226 | Q97: ='116+240'!R98 -> 2 | R97: =+Q97+R96 -> 146 | S97: =VLOOKUP(B97,'116+240'!$B$14:$AB$115,22,FALSE) -> 2110 | T97: =VLOOKUP(B97,'116+240'!$B$15:$AB$115,6,FALSE) -> -579 | U97: =F97-T97 -> 2880 | V97: =VLOOKUP(B97,'116+240'!$B$15:$AB$115,15,FALSE) -> -120 | W97: ='116+240'!S98 -> 1 | X97: =+W97+X96 -> 90 | Y97: =S97-S96 -> -1 | Z97: =IF(Y97>0,Y97,0)/1000 -> 0 | AA97: =AA96+Z97 -> 2.213 | AB97: =(M97-$M$13-R97)/1000 -> 1.988
B98: ='116+240'!B99 -> 45366 | C98: =B98-B97 -> 1 | D98: =D97 -> 844 | E98: =VLOOKUP(B98,'116+240'!B99:AB200,3,FALSE) -> 1455 | F98: =D98+E98 -> 2299 | G98: =VLOOKUP(B98,'116+240'!$B$15:$AB$115,20,FALSE) -> 1937 | H98: =VLOOKUP(B98,'116+240'!$B$15:$AB$115,4,FALSE) -> -478 | I98: =F98-H98 -> 2777 | J98: =VLOOKUP(B98,'116+240'!$B$15:$AB$115,13,FALSE) -> -223 | K98: ='116+240'!Q99 -> 3 | L98: =+K98+L97 -> 263 | M98: =VLOOKUP(B98,'116+240'!$B$14:$AB$115,21,FALSE) -> 2052 | N98: =VLOOKUP(B98,'116+240'!$B$15:$AB$115,5,FALSE) -> -473 | O98: =F98-N98 -> 2772 | P98: =VLOOKUP(B98,'116+240'!$B$15:$AB$115,14,FALSE) -> -228 | Q98: ='116+240'!R99 -> 2 | R98: =+Q98+R97 -> 148 | S98: =VLOOKUP(B98,'116+240'!$B$14:$AB$115,22,FALSE) -> 2109 | T98: =VLOOKUP(B98,'116+240'!$B$15:$AB$115,6,FALSE) -> -580 | U98: =F98-T98 -> 2879 | V98: =VLOOKUP(B98,'116+240'!$B$15:$AB$115,15,FALSE) -> -121 | W98: ='116+240'!S99 -> 1 | X98: =+W98+X97 -> 91 | Y98: =S98-S97 -> -1 | Z98: =IF(Y98>0,Y98,0)/1000 -> 0 | AA98: =AA97+Z98 -> 2.213 | AB98: =(M98-$M$13-R98)/1000 -> 1.984
B99: ='116+240'!B100 -> 45367 | C99: =B99-B98 -> 1 | D99: =D98 -> 844 | E99: =VLOOKUP(B99,'116+240'!B100:AB201,3,FALSE) -> 1453 | F99: =D99+E99 -> 2297 | G99: =VLOOKUP(B99,'116+240'!$B$15:$AB$115,20,FALSE) -> 1933 | H99: =VLOOKUP(B99,'116+240'!$B$15:$AB$115,4,FALSE) -> -476 | I99: =F99-H99 -> 2773 | J99: =VLOOKUP(B99,'116+240'!$B$15:$AB$115,13,FALSE) -> -227 | K99: ='116+240'!Q100 -> 4 | L99: =+K99+L98 -> 267 | M99: =VLOOKUP(B99,'116+240'!$B$14:$AB$115,21,FALSE) -> 2050 | N99: =VLOOKUP(B99,'116+240'!$B$15:$AB$115,5,FALSE) -> -473 | O99: =F99-N99 -> 2770 | P99: =VLOOKUP(B99,'116+240'!$B$15:$AB$115,14,FALSE) -> -230 | Q99: ='116+240'!R100 -> 2 | R99: =+Q99+R98 -> 150 | S99: =VLOOKUP(B99,'116+240'!$B$14:$AB$115,22,FALSE) -> 2107 | T99: =VLOOKUP(B99,'116+240'!$B$15:$AB$115,6,FALSE) -> -580 | U99: =F99-T99 -> 2877 | V99: =VLOOKUP(B99,'116+240'!$B$15:$AB$115,15,FALSE) -> -123 | W99: ='116+240'!S100 -> 2 | X99: =+W99+X98 -> 93 | Y99: =S99-S98 -> -2 | Z99: =IF(Y99>0,Y99,0)/1000 -> 0 | AA99: =AA98+Z99 -> 2.213 | AB99: =(M99-$M$13-R99)/1000 -> 1.98
B100: ='116+240'!B101 -> 45368 | C100: =B100-B99 -> 1 | D100: =D99 -> 844 | E100: =VLOOKUP(B100,'116+240'!B101:AB202,3,FALSE) -> 1451 | F100: =D100+E100 -> 2295 | G100: =VLOOKUP(B100,'116+240'!$B$15:$AB$115,20,FALSE) -> 1930 | H100: =VLOOKUP(B100,'116+240'!$B$15:$AB$115,4,FALSE) -> -475 | I100: =F100-H100 -> 2770 | J100: =VLOOKUP(B100,'116+240'!$B$15:$AB$115,13,FALSE) -> -230 | K100: ='116+240'!Q101 -> 3 | L100: =+K100+L99 -> 270 | M100: =VLOOKUP(B100,'116+240'!$B$14:$AB$115,21,FALSE) -> 2042 | N100: =VLOOKUP(B100,'116+240'!$B$15:$AB$115,5,FALSE) -> -467 | O100: =F100-N100 -> 2762 | P100: =VLOOKUP(B100,'116+240'!$B$15:$AB$115,14,FALSE) -> -238 | Q100: ='116+240'!R101 -> 8 | R100: =+Q100+R99 -> 158 | S100: =VLOOKUP(B100,'116+240'!$B$14:$AB$115,22,FALSE) -> 2102 | T100: =VLOOKUP(B100,'116+240'!$B$15:$AB$115,6,FALSE) -> -577 | U100: =F100-T100 -> 2872 | V100: =VLOOKUP(B100,'116+240'!$B$15:$AB$115,15,FALSE) -> -128 | W100: ='116+240'!S101 -> 5 | X100: =+W100+X99 -> 98 | Y100: =S100-S99 -> -5 | Z100: =IF(Y100>0,Y100,0)/1000 -> 0 | AA100: =AA99+Z100 -> 2.213 | AB100: =(M100-$M$13-R100)/1000 -> 1.964
B101: ='116+240'!B102 -> 45369 | C101: =B101-B100 -> 1 | D101: =D100 -> 844 | E101: =VLOOKUP(B101,'116+240'!B102:AB203,3,FALSE) -> 1449 | F101: =D101+E101 -> 2293 | G101: =VLOOKUP(B101,'116+240'!$B$15:$AB$115,20,FALSE) -> 1921 | H101: =VLOOKUP(B101,'116+240'!$B$15:$AB$115,4,FALSE) -> -468 | I101: =F101-H101 -> 2761 | J101: =VLOOKUP(B101,'116+240'!$B$15:$AB$115,13,FALSE) -> -239 | K101: ='116+240'!Q102 -> 9 | L101: =+K101+L100 -> 279 | M101: =VLOOKUP(B101,'116+240'!$B$14:$AB$115,21,FALSE) -> 2040 | N101: =VLOOKUP(B101,'116+240'!$B$15:$AB$115,5,FALSE) -> -467 | O101: =F101-N101 -> 2760 | P101: =VLOOKUP(B101,'116+240'!$B$15:$AB$115,14,FALSE) -> -240 | Q101: ='116+240'!R102 -> 2 | R101: =+Q101+R100 -> 160 | S101: =VLOOKUP(B101,'116+240'!$B$14:$AB$115,22,FALSE) -> 2101 | T101: =VLOOKUP(B101,'116+240'!$B$15:$AB$115,6,FALSE) -> -578 | U101: =F101-T101 -> 2871 | V101: =VLOOKUP(B101,'116+240'!$B$15:$AB$115,15,FALSE) -> -129 | W101: ='116+240'!S102 -> 1 | X101: =+W101+X100 -> 99 | Y101: =S101-S100 -> -1 | Z101: =IF(Y101>0,Y101,0)/1000 -> 0 | AA101: =AA100+Z101 -> 2.213 | AB101: =(M101-$M$13-R101)/1000 -> 1.96
B102: ='116+240'!B103 -> 45370 | C102: =B102-B101 -> 1 | D102: =D101 -> 844 | E102: =VLOOKUP(B102,'116+240'!B103:AB204,3,FALSE) -> 1447 | F102: =D102+E102 -> 2291 | G102: =VLOOKUP(B102,'116+240'!$B$15:$AB$115,20,FALSE) -> 1919 | H102: =VLOOKUP(B102,'116+240'!$B$15:$AB$115,4,FALSE) -> -468 | I102: =F102-H102 -> 2759 | J102: =VLOOKUP(B102,'116+240'!$B$15:$AB$115,13,FALSE) -> -241 | K102: ='116+240'!Q103 -> 2 | L102: =+K102+L101 -> 281 | M102: =VLOOKUP(B102,'116+240'!$B$14:$AB$115,21,FALSE) -> 2038 | N102: =VLOOKUP(B102,'116+240'!$B$15:$AB$115,5,FALSE) -> -467 | O102: =F102-N102 -> 2758 | P102: =VLOOKUP(B102,'116+240'!$B$15:$AB$115,14,FALSE) -> -242 | Q102: ='116+240'!R103 -> 2 | R102: =+Q102+R101 -> 162 | S102: =VLOOKUP(B102,'116+240'!$B$14:$AB$115,22,FALSE) -> 2099 | T102: =VLOOKUP(B102,'116+240'!$B$15:$AB$115,6,FALSE) -> -578 | U102: =F102-T102 -> 2869 | V102: =VLOOKUP(B102,'116+240'!$B$15:$AB$115,15,FALSE) -> -131 | W102: ='116+240'!S103 -> 2 | X102: =+W102+X101 -> 101 | Y102: =S102-S101 -> -2 | Z102: =IF(Y102>0,Y102,0)/1000 -> 0 | AA102: =AA101+Z102 -> 2.213 | AB102: =(M102-$M$13-R102)/1000 -> 1.956
B103: ='116+240'!B104 -> 45371 | C103: =B103-B102 -> 1 | D103: =D102 -> 844 | E103: =VLOOKUP(B103,'116+240'!B104:AB205,3,FALSE) -> 1445 | F103: =D103+E103 -> 2289 | G103: =VLOOKUP(B103,'116+240'!$B$15:$AB$115,20,FALSE) -> 1915 | H103: =VLOOKUP(B103,'116+240'!$B$15:$AB$115,4,FALSE) -> -466 | I103: =F103-H103 -> 2755 | J103: =VLOOKUP(B103,'116+240'!$B$15:$AB$115,13,FALSE) -> -245 | K103: ='116+240'!Q104 -> 4 | L103: =+K103+L102 -> 285 | M103: =VLOOKUP(B103,'116+240'!$B$14:$AB$115,21,FALSE) -> 2036 | N103: =VLOOKUP(B103,'116+240'!$B$15:$AB$115,5,FALSE) -> -467 | O103: =F103-N103 -> 2756 | P103: =VLOOKUP(B103,'116+240'!$B$15:$AB$115,14,FALSE) -> -244 | Q103: ='116+240'!R104 -> 2 | R103: =+Q103+R102 -> 164 | S103: =VLOOKUP(B103,'116+240'!$B$14:$AB$115,22,FALSE) -> 2098 | T103: =VLOOKUP(B103,'116+240'!$B$15:$AB$115,6,FALSE) -> -579 | U103: =F103-T103 -> 2868 | V103: =VLOOKUP(B103,'116+240'!$B$15:$AB$115,15,FALSE) -> -132 | W103: ='116+240'!S104 -> 1 | X103: =+W103+X102 -> 102 | Y103: =S103-S102 -> -1 | Z103: =IF(Y103>0,Y103,0)/1000 -> 0 | AA103: =AA102+Z103 -> 2.213 | AB103: =(M103-$M$13-R103)/1000 -> 1.952
B104: ='116+240'!B105 -> 45372 | C104: =B104-B103 -> 1 | D104: =D103 -> 844 | E104: =VLOOKUP(B104,'116+240'!B105:AB206,3,FALSE) -> 1443 | F104: =D104+E104 -> 2287 | G104: =VLOOKUP(B104,'116+240'!$B$15:$AB$115,20,FALSE) -> 1909 | H104: =VLOOKUP(B104,'116+240'!$B$15:$AB$115,4,FALSE) -> -462 | I104: =F104-H104 -> 2749 | J104: =VLOOKUP(B104,'116+240'!$B$15:$AB$115,13,FALSE) -> -251 | K104: ='116+240'!Q105 -> 6 | L104: =+K104+L103 -> 291 | M104: =VLOOKUP(B104,'116+240'!$B$14:$AB$115,21,FALSE) -> 2028 | N104: =VLOOKUP(B104,'116+240'!$B$15:$AB$115,5,FALSE) -> -461 | O104: =F104-N104 -> 2748 | P104: =VLOOKUP(B104,'116+240'!$B$15:$AB$115,14,FALSE) -> -252 | Q104: ='116+240'!R105 -> 8 | R104: =+Q104+R103 -> 172 | S104: =VLOOKUP(B104,'116+240'!$B$14:$AB$115,22,FALSE) -> 2092 | T104: =VLOOKUP(B104,'116+240'!$B$15:$AB$115,6,FALSE) -> -575 | U104: =F104-T104 -> 2862 | V104: =VLOOKUP(B104,'116+240'!$B$15:$AB$115,15,FALSE) -> -138 | W104: ='116+240'!S105 -> 6 | X104: =+W104+X103 -> 108 | Y104: =S104-S103 -> -6 | Z104: =IF(Y104>0,Y104,0)/1000 -> 0 | AA104: =AA103+Z104 -> 2.213 | AB104: =(M104-$M$13-R104)/1000 -> 1.936
B105: ='116+240'!B106 -> 45373 | C105: =B105-B104 -> 1 | D105: =D104 -> 844 | E105: =VLOOKUP(B105,'116+240'!B106:AB207,3,FALSE) -> 1441 | F105: =D105+E105 -> 2285 | G105: =VLOOKUP(B105,'116+240'!$B$15:$AB$115,20,FALSE) -> 1900 | H105: =VLOOKUP(B105,'116+240'!$B$15:$AB$115,4,FALSE) -> -455 | I105: =F105-H105 -> 2740 | J105: =VLOOKUP(B105,'116+240'!$B$15:$AB$115,13,FALSE) -> -260 | K105: ='116+240'!Q106 -> 9 | L105: =+K105+L104 -> 300 | M105: =VLOOKUP(B105,'116+240'!$B$14:$AB$115,21,FALSE) -> 2027 | N105: =VLOOKUP(B105,'116+240'!$B$15:$AB$115,5,FALSE) -> -462 | O105: =F105-N105 -> 2747 | P105: =VLOOKUP(B105,'116+240'!$B$15:$AB$115,14,FALSE) -> -253 | Q105: ='116+240'!R106 -> 1 | R105: =+Q105+R104 -> 173 | S105: =VLOOKUP(B105,'116+240'!$B$14:$AB$115,22,FALSE) -> 2092 | T105: =VLOOKUP(B105,'116+240'!$B$15:$AB$115,6,FALSE) -> -577 | U105: =F105-T105 -> 2862 | V105: =VLOOKUP(B105,'116+240'!$B$15:$AB$115,15,FALSE) -> -138 | W105: ='116+240'!S106 -> 0 | X105: =+W105+X104 -> 108 | Y105: =S105-S104 -> 0 | Z105: =IF(Y105>0,Y105,0)/1000 -> 0 | AA105: =AA104+Z105 -> 2.213 | AB105: =(M105-$M$13-R105)/1000 -> 1.934
... B114: ='116+240'!B115 -> 45382 | C114: =B114-B113 -> 1 | D114: =D113 -> 844 | E114: =VLOOKUP(B114,'116+240'!B115:AB216,3,FALSE) -> 1423 | F114: =D114+E114 -> 2267 | G114: =VLOOKUP(B114,'116+240'!$B$15:$AB$115,20,FALSE) -> 1860 | H114: =VLOOKUP(B114,'116+240'!$B$15:$AB$115,4,FALSE) -> -433 | I114: =F114-H114 -> 2700 | J114: =VLOOKUP(B114,'116+240'!$B$15:$AB$115,13,FALSE) -> -300 | K114: ='116+240'!Q115 -> 9 | L114: =+K114+L113 -> 340 | M114: =VLOOKUP(B114,'116+240'!$B$14:$AB$115,21,FALSE) -> 2026 | N114: =VLOOKUP(B114,'116+240'!$B$15:$AB$115,5,FALSE) -> -479 | O114: =F114-N114 -> 2746 | P114: =VLOOKUP(B114,'116+240'!$B$15:$AB$115,14,FALSE) -> -254 | Q114: ='116+240'!R115 -> 0 | R114: =+Q114+R113 -> 174 | S114: =VLOOKUP(B114,'116+240'!$B$14:$AB$115,22,FALSE) -> 2091 | T114: =VLOOKUP(B114,'116+240'!$B$15:$AB$115,6,FALSE) -> -594 | U114: =F114-T114 -> 2861 | V114: =VLOOKUP(B114,'116+240'!$B$15:$AB$115,15,FALSE) -> -139 | W114: ='116+240'!S115 -> 0 | X114: =+W114+X113 -> 109 | Y114: =S114-S113 -> 0 | Z114: =IF(Y114>0,Y114,0)/1000 -> 0 | AA114: =AA113+Z114 -> 2.213 | AB114: =(M114-$M$13-R114)/1000 -> 1.932
B115: ='116+240'!B116 -> 45383 | C115: =B115-B114 -> 1 | D115: =D114 -> 844 | E115: =VLOOKUP(B115,'116+240'!B116:AB217,3,FALSE) -> 1421 | F115: =D115+E115 -> 2265 | G115: =VLOOKUP(B115,'116+240'!$B$15:$AB$682,20,FALSE) -> 1858 | H115: =VLOOKUP(B115,'116+240'!$B$15:$AB$682,4,FALSE) -> -433 | I115: =F115-H115 -> 2698 | J115: =VLOOKUP(B115,'116+240'!$B$15:$AB$682,13,FALSE) -> -302 | K115: ='116+240'!Q116 -> 2 | L115: =+K115+L114 -> 342 | M115: =VLOOKUP(B115,'116+240'!$B$14:$AB$682,21,FALSE) -> 2026 | N115: =VLOOKUP(B115,'116+240'!$B$15:$AB$682,5,FALSE) -> -481 | O115: =F115-N115 -> 2746 | P115: =VLOOKUP(B115,'116+240'!$B$15:$AB$682,14,FALSE) -> -254 | Q115: ='116+240'!R116 -> 0 | R115: =+Q115+R114 -> 174 | S115: =VLOOKUP(B115,'116+240'!$B$14:$AB$682,22,FALSE) -> 2091 | T115: =VLOOKUP(B115,'116+240'!$B$15:$AB$682,6,FALSE) -> -596 | U115: =F115-T115 -> 2861 | V115: =VLOOKUP(B115,'116+240'!$B$15:$AB$682,15,FALSE) -> -139 | W115: ='116+240'!S116 -> 0 | X115: =+W115+X114 -> 109 | Y115: =S115-S114 -> 0 | Z115: =IF(Y115>0,Y115,0)/1000 -> 0 | AA115: =AA114+Z115 -> 2.213 | AB115: =(M115-$M$13-R115)/1000 -> 1.932
B116: ='116+240'!B117 -> 45384 | C116: =B116-B115 -> 1 | D116: =D115 -> 844 | E116: =VLOOKUP(B116,'116+240'!B117:AB218,3,FALSE) -> 1419 | F116: =D116+E116 -> 2263 | G116: =VLOOKUP(B116,'116+240'!$B$15:$AB$682,20,FALSE) -> 1856 | H116: =VLOOKUP(B116,'116+240'!$B$15:$AB$682,4,FALSE) -> -433 | I116: =F116-H116 -> 2696 | J116: =VLOOKUP(B116,'116+240'!$B$15:$AB$682,13,FALSE) -> -304 | K116: ='116+240'!Q117 -> 2 | L116: =+K116+L115 -> 344 | M116: =VLOOKUP(B116,'116+240'!$B$14:$AB$682,21,FALSE) -> 2026 | N116: =VLOOKUP(B116,'116+240'!$B$15:$AB$682,5,FALSE) -> -483 | O116: =F116-N116 -> 2746 | P116: =VLOOKUP(B116,'116+240'!$B$15:$AB$682,14,FALSE) -> -254 | Q116: ='116+240'!R117 -> 0 | R116: =+Q116+R115 -> 174 | S116: =VLOOKUP(B116,'116+240'!$B$14:$AB$682,22,FALSE) -> 2091 | T116: =VLOOKUP(B116,'116+240'!$B$15:$AB$682,6,FALSE) -> -598 | U116: =F116-T116 -> 2861 | V116: =VLOOKUP(B116,'116+240'!$B$15:$AB$682,15,FALSE) -> -139 | W116: ='116+240'!S117 -> 0 | X116: =+W116+X115 -> 109 | Y116: =S116-S115 -> 0 | Z116: =IF(Y116>0,Y116,0)/1000 -> 0 | AA116: =AA115+Z116 -> 2.213 | AB116: =(M116-$M$13-R116)/1000 -> 1.932
B117: ='116+240'!B118 -> 45385 | C117: =B117-B116 -> 1 | D117: =D116 -> 844 | E117: =VLOOKUP(B117,'116+240'!B118:AB219,3,FALSE) -> 1417 | F117: =D117+E117 -> 2261 | G117: =VLOOKUP(B117,'116+240'!$B$15:$AB$682,20,FALSE) -> 1854 | H117: =VLOOKUP(B117,'116+240'!$B$15:$AB$682,4,FALSE) -> -433 | I117: =F117-H117 -> 2694 | J117: =VLOOKUP(B117,'116+240'!$B$15:$AB$682,13,FALSE) -> -306 | K117: ='116+240'!Q118 -> 2 | L117: =+K117+L116 -> 346 | M117: =VLOOKUP(B117,'116+240'!$B$14:$AB$682,21,FALSE) -> 2026 | N117: =VLOOKUP(B117,'116+240'!$B$15:$AB$682,5,FALSE) -> -485 | O117: =F117-N117 -> 2746 | P117: =VLOOKUP(B117,'116+240'!$B$15:$AB$682,14,FALSE) -> -254 | Q117: ='116+240'!R118 -> 0 | R117: =+Q117+R116 -> 174 | S117: =VLOOKUP(B117,'116+240'!$B$14:$AB$682,22,FALSE) -> 2091 | T117: =VLOOKUP(B117,'116+240'!$B$15:$AB$682,6,FALSE) -> -600 | U117: =F117-T117 -> 2861 | V117: =VLOOKUP(B117,'116+240'!$B$15:$AB$682,15,FALSE) -> -139 | W117: ='116+240'!S118 -> 0 | X117: =+W117+X116 -> 109 | Y117: =S117-S116 -> 0 | Z117: =IF(Y117>0,Y117,0)/1000 -> 0 | AA117: =AA116+Z117 -> 2.213 | AB117: =(M117-$M$13-R117)/1000 -> 1.932
B118: ='116+240'!B119 -> 45386 | C118: =B118-B117 -> 1 | D118: =D117 -> 844 | E118: =VLOOKUP(B118,'116+240'!B119:AB220,3,FALSE) -> 1415 | F118: =D118+E118 -> 2259 | G118: =VLOOKUP(B118,'116+240'!$B$15:$AB$682,20,FALSE) -> 1852 | H118: =VLOOKUP(B118,'116+240'!$B$15:$AB$682,4,FALSE) -> -433 | I118: =F118-H118 -> 2692 | J118: =VLOOKUP(B118,'116+240'!$B$15:$AB$682,13,FALSE) -> -308 | K118: ='116+240'!Q119 -> 2 | L118: =+K118+L117 -> 348 | M118: =VLOOKUP(B118,'116+240'!$B$14:$AB$682,21,FALSE) -> 2026 | N118: =VLOOKUP(B118,'116+240'!$B$15:$AB$682,5,FALSE) -> -487 | O118: =F118-N118 -> 2746 | P118: =VLOOKUP(B118,'116+240'!$B$15:$AB$682,14,FALSE) -> -254 | Q118: ='116+240'!R119 -> 0 | R118: =+Q118+R117 -> 174 | S118: =VLOOKUP(B118,'116+240'!$B$14:$AB$682,22,FALSE) -> 2091 | T118: =VLOOKUP(B118,'116+240'!$B$15:$AB$682,6,FALSE) -> -602 | U118: =F118-T118 -> 2861 | V118: =VLOOKUP(B118,'116+240'!$B$15:$AB$682,15,FALSE) -> -139 | W118: ='116+240'!S119 -> 0 | X118: =+W118+X117 -> 109 | Y118: =S118-S117 -> 0 | Z118: =IF(Y118>0,Y118,0)/1000 -> 0 | AA118: =AA117+Z118 -> 2.213 | AB118: =(M118-$M$13-R118)/1000 -> 1.932
B119: ='116+240'!B120 -> 45387 | C119: =B119-B118 -> 1 | D119: =D118 -> 844 | E119: =VLOOKUP(B119,'116+240'!B120:AB221,3,FALSE) -> 1413 | F119: =D119+E119 -> 2257 | G119: =VLOOKUP(B119,'116+240'!$B$15:$AB$682,20,FALSE) -> 1851 | H119: =VLOOKUP(B119,'116+240'!$B$15:$AB$682,4,FALSE) -> -434 | I119: =F119-H119 -> 2691 | J119: =VLOOKUP(B119,'116+240'!$B$15:$AB$682,13,FALSE) -> -309 | K119: ='116+240'!Q120 -> 1 | L119: =+K119+L118 -> 349 | M119: =VLOOKUP(B119,'116+240'!$B$14:$AB$682,21,FALSE) -> 2026 | N119: =VLOOKUP(B119,'116+240'!$B$15:$AB$682,5,FALSE) -> -489 | O119: =F119-N119 -> 2746 | P119: =VLOOKUP(B119,'116+240'!$B$15:$AB$682,14,FALSE) -> -254 | Q119: ='116+240'!R120 -> 0 | R119: =+Q119+R118 -> 174 | S119: =VLOOKUP(B119,'116+240'!$B$14:$AB$682,22,FALSE) -> 2091 | T119: =VLOOKUP(B119,'116+240'!$B$15:$AB$682,6,FALSE) -> -604 | U119: =F119-T119 -> 2861 | V119: =VLOOKUP(B119,'116+240'!$B$15:$AB$682,15,FALSE) -> -139 | W119: ='116+240'!S120 -> 0 | X119: =+W119+X118 -> 109 | Y119: =S119-S118 -> 0 | Z119: =IF(Y119>0,Y119,0)/1000 -> 0 | AA119: =AA118+Z119 -> 2.213 | AB119: =(M119-$M$13-R119)/1000 -> 1.932
B120: ='116+240'!B121 -> 45388 | C120: =B120-B119 -> 1 | D120: =D119 -> 844 | E120: =VLOOKUP(B120,'116+240'!B121:AB222,3,FALSE) -> 1411 | F120: =D120+E120 -> 2255 | G120: =VLOOKUP(B120,'116+240'!$B$15:$AB$682,20,FALSE) -> 1851 | H120: =VLOOKUP(B120,'116+240'!$B$15:$AB$682,4,FALSE) -> -436 | I120: =F120-H120 -> 2691 | J120: =VLOOKUP(B120,'116+240'!$B$15:$AB$682,13,FALSE) -> -309 | K120: ='116+240'!Q121 -> 0 | L120: =+K120+L119 -> 349 | M120: =VLOOKUP(B120,'116+240'!$B$14:$AB$682,21,FALSE) -> 2026 | N120: =VLOOKUP(B120,'116+240'!$B$15:$AB$682,5,FALSE) -> -491 | O120: =F120-N120 -> 2746 | P120: =VLOOKUP(B120,'116+240'!$B$15:$AB$682,14,FALSE) -> -254 | Q120: ='116+240'!R121 -> 0 | R120: =+Q120+R119 -> 174 | S120: =VLOOKUP(B120,'116+240'!$B$14:$AB$682,22,FALSE) -> 2091 | T120: =VLOOKUP(B120,'116+240'!$B$15:$AB$682,6,FALSE) -> -606 | U120: =F120-T120 -> 2861 | V120: =VLOOKUP(B120,'116+240'!$B$15:$AB$682,15,FALSE) -> -139 | W120: ='116+240'!S121 -> 0 | X120: =+W120+X119 -> 109 | Y120: =S120-S119 -> 0 | Z120: =IF(Y120>0,Y120,0)/1000 -> 0 | AA120: =AA119+Z120 -> 2.213 | AB120: =(M120-$M$13-R120)/1000 -> 1.932
B121: ='116+240'!B122 -> 45389 | C121: =B121-B120 -> 1 | D121: =D120 -> 844 | E121: =VLOOKUP(B121,'116+240'!B122:AB223,3,FALSE) -> 1409 | F121: =D121+E121 -> 2253 | G121: =VLOOKUP(B121,'116+240'!$B$15:$AB$682,20,FALSE) -> 1850 | H121: =VLOOKUP(B121,'116+240'!$B$15:$AB$682,4,FALSE) -> -437 | I121: =F121-H121 -> 2690 | J121: =VLOOKUP(B121,'116+240'!$B$15:$AB$682,13,FALSE) -> -310 | K121: ='116+240'!Q122 -> 1 | L121: =+K121+L120 -> 350 | M121: =VLOOKUP(B121,'116+240'!$B$14:$AB$682,21,FALSE) -> 2026 | N121: =VLOOKUP(B121,'116+240'!$B$15:$AB$682,5,FALSE) -> -493 | O121: =F121-N121 -> 2746 | P121: =VLOOKUP(B121,'116+240'!$B$15:$AB$682,14,FALSE) -> -254 | Q121: ='116+240'!R122 -> 0 | R121: =+Q121+R120 -> 174 | S121: =VLOOKUP(B121,'116+240'!$B$14:$AB$682,22,FALSE) -> 2091 | T121: =VLOOKUP(B121,'116+240'!$B$15:$AB$682,6,FALSE) -> -608 | U121: =F121-T121 -> 2861 | V121: =VLOOKUP(B121,'116+240'!$B$15:$AB$682,15,FALSE) -> -139 | W121: ='116+240'!S122 -> 0 | X121: =+W121+X120 -> 109 | Y121: =S121-S120 -> 0 | Z121: =IF(Y121>0,Y121,0)/1000 -> 0 | AA121: =AA120+Z121 -> 2.213 | AB121: =(M121-$M$13-R121)/1000 -> 1.932
B122: ='116+240'!B123 -> 45390 | C122: =B122-B121 -> 1 | D122: =D121 -> 844 | E122: =VLOOKUP(B122,'116+240'!B123:AB224,3,FALSE) -> 1407 | F122: =D122+E122 -> 2251 | G122: =VLOOKUP(B122,'116+240'!$B$15:$AB$682,20,FALSE) -> 1850 | H122: =VLOOKUP(B122,'116+240'!$B$15:$AB$682,4,FALSE) -> -439 | I122: =F122-H122 -> 2690 | J122: =VLOOKUP(B122,'116+240'!$B$15:$AB$682,13,FALSE) -> -310 | K122: ='116+240'!Q123 -> 0 | L122: =+K122+L121 -> 350 | M122: =VLOOKUP(B122,'116+240'!$B$14:$AB$682,21,FALSE) -> 2026 | N122: =VLOOKUP(B122,'116+240'!$B$15:$AB$682,5,FALSE) -> -495 | O122: =F122-N122 -> 2746 | P122: =VLOOKUP(B122,'116+240'!$B$15:$AB$682,14,FALSE) -> -254 | Q122: ='116+240'!R123 -> 0 | R122: =+Q122+R121 -> 174 | S122: =VLOOKUP(B122,'116+240'!$B$14:$AB$682,22,FALSE) -> 2091 | T122: =VLOOKUP(B122,'116+240'!$B$15:$AB$682,6,FALSE) -> -610 | U122: =F122-T122 -> 2861 | V122: =VLOOKUP(B122,'116+240'!$B$15:$AB$682,15,FALSE) -> -139 | W122: ='116+240'!S123 -> 0 | X122: =+W122+X121 -> 109 | Y122: =S122-S121 -> 0 | Z122: =IF(Y122>0,Y122,0)/1000 -> 0 | AA122: =AA121+Z122 -> 2.213 | AB122: =(M122-$M$13-R122)/1000 -> 1.932
B123: ='116+240'!B124 -> 45391 | C123: =B123-B122 -> 1 | D123: =D122 -> 844 | E123: =VLOOKUP(B123,'116+240'!B124:AB225,3,FALSE) -> 1405 | F123: =D123+E123 -> 2249 | G123: =VLOOKUP(B123,'116+240'!$B$15:$AB$682,20,FALSE) -> 1848 | H123: =VLOOKUP(B123,'116+240'!$B$15:$AB$682,4,FALSE) -> -439 | I123: =F123-H123 -> 2688 | J123: =VLOOKUP(B123,'116+240'!$B$15:$AB$682,13,FALSE) -> -312 | K123: ='116+240'!Q124 -> 2 | L123: =+K123+L122 -> 352 | M123: =VLOOKUP(B123,'116+240'!$B$14:$AB$682,21,FALSE) -> 2026 | N123: =VLOOKUP(B123,'116+240'!$B$15:$AB$682,5,FALSE) -> -497 | O123: =F123-N123 -> 2746 | P123: =VLOOKUP(B123,'116+240'!$B$15:$AB$682,14,FALSE) -> -254 | Q123: ='116+240'!R124 -> 0 | R123: =+Q123+R122 -> 174 | S123: =VLOOKUP(B123,'116+240'!$B$14:$AB$682,22,FALSE) -> 2091 | T123: =VLOOKUP(B123,'116+240'!$B$15:$AB$682,6,FALSE) -> -612 | U123: =F123-T123 -> 2861 | V123: =VLOOKUP(B123,'116+240'!$B$15:$AB$682,15,FALSE) -> -139 | W123: ='116+240'!S124 -> 0 | X123: =+W123+X122 -> 109 | Y123: =S123-S122 -> 0 | Z123: =IF(Y123>0,Y123,0)/1000 -> 0 | AA123: =AA122+Z123 -> 2.213 | AB123: =(M123-$M$13-R123)/1000 -> 1.932
B124: ='116+240'!B125 -> 45392 | C124: =B124-B123 -> 1 | D124: =D123 -> 844 | E124: =VLOOKUP(B124,'116+240'!B125:AB226,3,FALSE) -> 1403 | F124: =D124+E124 -> 2247 | G124: =VLOOKUP(B124,'116+240'!$B$15:$AB$682,20,FALSE) -> 1846 | H124: =VLOOKUP(B124,'116+240'!$B$15:$AB$682,4,FALSE) -> -439 | I124: =F124-H124 -> 2686 | J124: =VLOOKUP(B124,'116+240'!$B$15:$AB$682,13,FALSE) -> -314 | K124: ='116+240'!Q125 -> 2 | L124: =+K124+L123 -> 354 | M124: =VLOOKUP(B124,'116+240'!$B$14:$AB$682,21,FALSE) -> 2026 | N124: =VLOOKUP(B124,'116+240'!$B$15:$AB$682,5,FALSE) -> -499 | O124: =F124-N124 -> 2746 | P124: =VLOOKUP(B124,'116+240'!$B$15:$AB$682,14,FALSE) -> -254 | Q124: ='116+240'!R125 -> 0 | R124: =+Q124+R123 -> 174 | S124: =VLOOKUP(B124,'116+240'!$B$14:$AB$682,22,FALSE) -> 2091 | T124: =VLOOKUP(B124,'116+240'!$B$15:$AB$682,6,FALSE) -> -614 | U124: =F124-T124 -> 2861 | V124: =VLOOKUP(B124,'116+240'!$B$15:$AB$682,15,FALSE) -> -139 | W124: ='116+240'!S125 -> 0 | X124: =+W124+X123 -> 109 | Y124: =S124-S123 -> 0 | Z124: =IF(Y124>0,Y124,0)/1000 -> 0 | AA124: =AA123+Z124 -> 2.213 | AB124: =(M124-$M$13-R124)/1000 -> 1.932
B125: ='116+240'!B126 -> 45393 | C125: =B125-B124 -> 1 | D125: =D124 -> 844 | E125: =VLOOKUP(B125,'116+240'!B126:AB227,3,FALSE) -> 1401 | F125: =D125+E125 -> 2245 | G125: =VLOOKUP(B125,'116+240'!$B$15:$AB$682,20,FALSE) -> 1844 | H125: =VLOOKUP(B125,'116+240'!$B$15:$AB$682,4,FALSE) -> -439 | I125: =F125-H125 -> 2684 | J125: =VLOOKUP(B125,'116+240'!$B$15:$AB$682,13,FALSE) -> -316 | K125: ='116+240'!Q126 -> 2 | L125: =+K125+L124 -> 356 | M125: =VLOOKUP(B125,'116+240'!$B$14:$AB$682,21,FALSE) -> 2026 | N125: =VLOOKUP(B125,'116+240'!$B$15:$AB$682,5,FALSE) -> -501 | O125: =F125-N125 -> 2746 | P125: =VLOOKUP(B125,'116+240'!$B$15:$AB$682,14,FALSE) -> -254 | Q125: ='116+240'!R126 -> 0 | R125: =+Q125+R124 -> 174 | S125: =VLOOKUP(B125,'116+240'!$B$14:$AB$682,22,FALSE) -> 2091 | T125: =VLOOKUP(B125,'116+240'!$B$15:$AB$682,6,FALSE) -> -616 | U125: =F125-T125 -> 2861 | V125: =VLOOKUP(B125,'116+240'!$B$15:$AB$682,15,FALSE) -> -139 | W125: ='116+240'!S126 -> 0 | X125: =+W125+X124 -> 109 | Y125: =S125-S124 -> 0 | Z125: =IF(Y125>0,Y125,0)/1000 -> 0 | AA125: =AA124+Z125 -> 2.213 | AB125: =(M125-$M$13-R125)/1000 -> 1.932
B126: ='116+240'!B127 -> 45394 | C126: =B126-B125 -> 1 | D126: =D125 -> 844 | E126: =VLOOKUP(B126,'116+240'!B127:AB228,3,FALSE) -> 1403 | F126: =D126+E126 -> 2247 | G126: =VLOOKUP(B126,'116+240'!$B$15:$AB$682,20,FALSE) -> 1842 | H126: =VLOOKUP(B126,'116+240'!$B$15:$AB$682,4,FALSE) -> -435 | I126: =F126-H126 -> 2682 | J126: =VLOOKUP(B126,'116+240'!$B$15:$AB$682,13,FALSE) -> -318 | K126: ='116+240'!Q127 -> 2 | L126: =+K126+L125 -> 358 | M126: =VLOOKUP(B126,'116+240'!$B$14:$AB$682,21,FALSE) -> 2026 | N126: =VLOOKUP(B126,'116+240'!$B$15:$AB$682,5,FALSE) -> -499 | O126: =F126-N126 -> 2746 | P126: =VLOOKUP(B126,'116+240'!$B$15:$AB$682,14,FALSE) -> -254 | Q126: ='116+240'!R127 -> 0 | R126: =+Q126+R125 -> 174 | S126: =VLOOKUP(B126,'116+240'!$B$14:$AB$682,22,FALSE) -> 2091 | T126: =VLOOKUP(B126,'116+240'!$B$15:$AB$682,6,FALSE) -> -614 | U126: =F126-T126 -> 2861 | V126: =VLOOKUP(B126,'116+240'!$B$15:$AB$682,15,FALSE) -> -139 | W126: ='116+240'!S127 -> 0 | X126: =+W126+X125 -> 109 | Y126: =S126-S125 -> 0 | Z126: =IF(Y126>0,Y126,0)/1000 -> 0 | AA126: =AA125+Z126 -> 2.213 | AB126: =(M126-$M$13-R126)/1000 -> 1.932
... B142: ='116+240'!B143 -> 45410 | C142: =B142-B141 -> 1 | D142: =D141 -> 844 | E142: =VLOOKUP(B142,'116+240'!B143:AB244,3,FALSE) -> 1435 | F142: =D142+E142 -> 2279 | G142: =VLOOKUP(B142,'116+240'!$B$15:$AB$682,20,FALSE) -> 1818 | H142: =VLOOKUP(B142,'116+240'!$B$15:$AB$682,4,FALSE) -> -379 | I142: =F142-H142 -> 2658 | J142: =VLOOKUP(B142,'116+240'!$B$15:$AB$682,13,FALSE) -> -342 | K142: ='116+240'!Q143 -> 2 | L142: =+K142+L141 -> 382 | M142: =VLOOKUP(B142,'116+240'!$B$14:$AB$682,21,FALSE) -> 2026 | N142: =VLOOKUP(B142,'116+240'!$B$15:$AB$682,5,FALSE) -> -467 | O142: =F142-N142 -> 2746 | P142: =VLOOKUP(B142,'116+240'!$B$15:$AB$682,14,FALSE) -> -254 | Q142: ='116+240'!R143 -> 0 | R142: =+Q142+R141 -> 174 | S142: =VLOOKUP(B142,'116+240'!$B$14:$AB$682,22,FALSE) -> 2091 | T142: =VLOOKUP(B142,'116+240'!$B$15:$AB$682,6,FALSE) -> -582 | U142: =F142-T142 -> 2861 | V142: =VLOOKUP(B142,'116+240'!$B$15:$AB$682,15,FALSE) -> -139 | W142: ='116+240'!S143 -> 0 | X142: =+W142+X141 -> 109 | Y142: =S142-S141 -> 0 | Z142: =IF(Y142>0,Y142,0)/1000 -> 0 | AA142: =AA141+Z142 -> 2.213 | AB142: =(M142-$M$13-R142)/1000 -> 1.932
B143: ='116+240'!B144 -> 45411 | C143: =B143-B142 -> 1 | D143: =D142 -> 844 | E143: =VLOOKUP(B143,'116+240'!B144:AB244,3,FALSE) -> 1437 | F143: =D143+E143 -> 2281 | G143: =VLOOKUP(B143,'116+240'!$B$15:$AB$682,20,FALSE) -> 1816 | H143: =VLOOKUP(B143,'116+240'!$B$15:$AB$682,4,FALSE) -> -375 | I143: =F143-H143 -> 2656 | J143: =VLOOKUP(B143,'116+240'!$B$15:$AB$682,13,FALSE) -> -344 | K143: ='116+240'!Q144 -> 2 | L143: =+K143+L142 -> 384 | M143: =VLOOKUP(B143,'116+240'!$B$14:$AB$682,21,FALSE) -> 2026 | N143: =VLOOKUP(B143,'116+240'!$B$15:$AB$682,5,FALSE) -> -465 | O143: =F143-N143 -> 2746 | P143: =VLOOKUP(B143,'116+240'!$B$15:$AB$682,14,FALSE) -> -254 | Q143: ='116+240'!R144 -> 0 | R143: =+Q143+R142 -> 174 | S143: =VLOOKUP(B143,'116+240'!$B$14:$AB$682,22,FALSE) -> 2091 | T143: =VLOOKUP(B143,'116+240'!$B$15:$AB$682,6,FALSE) -> -580 | U143: =F143-T143 -> 2861 | V143: =VLOOKUP(B143,'116+240'!$B$15:$AB$682,15,FALSE) -> -139 | W143: ='116+240'!S144 -> 0 | X143: =+W143+X142 -> 109 | Y143: =S143-S142 -> 0 | Z143: =IF(Y143>0,Y143,0)/1000 -> 0 | AA143: =AA142+Z143 -> 2.213 | AB143: =(M143-$M$13-R143)/1000 -> 1.932
B144: ='116+240'!B145 -> 45412 | C144: =B144-B143 -> 1 | D144: =D143 -> 844 | E144: =VLOOKUP(B144,'116+240'!B145:AB244,3,FALSE) -> 1439 | F144: =D144+E144 -> 2283 | G144: =VLOOKUP(B144,'116+240'!$B$15:$AB$682,20,FALSE) -> 1816 | H144: =VLOOKUP(B144,'116+240'!$B$15:$AB$682,4,FALSE) -> -373 | I144: =F144-H144 -> 2656 | J144: =VLOOKUP(B144,'116+240'!$B$15:$AB$682,13,FALSE) -> -344 | K144: ='116+240'!Q145 -> 0 | L144: =+K144+L143 -> 384 | M144: =VLOOKUP(B144,'116+240'!$B$14:$AB$682,21,FALSE) -> 2026 | N144: =VLOOKUP(B144,'116+240'!$B$15:$AB$682,5,FALSE) -> -463 | O144: =F144-N144 -> 2746 | P144: =VLOOKUP(B144,'116+240'!$B$15:$AB$682,14,FALSE) -> -254 | Q144: ='116+240'!R145 -> 0 | R144: =+Q144+R143 -> 174 | S144: =VLOOKUP(B144,'116+240'!$B$14:$AB$682,22,FALSE) -> 2091 | T144: =VLOOKUP(B144,'116+240'!$B$15:$AB$682,6,FALSE) -> -578 | U144: =F144-T144 -> 2861 | V144: =VLOOKUP(B144,'116+240'!$B$15:$AB$682,15,FALSE) -> -139 | W144: ='116+240'!S145 -> 0 | X144: =+W144+X143 -> 109 | Y144: =S144-S143 -> 0 | Z144: =IF(Y144>0,Y144,0)/1000 -> 0 | AA144: =AA143+Z144 -> 2.213 | AB144: =(M144-$M$13-R144)/1000 -> 1.932
B145: ='116+240'!B146 -> 45413 | C145: =B145-B144 -> 1 | D145: =D144 -> 844 | E145: =VLOOKUP(B145,'116+240'!B146:AB244,3,FALSE) -> 1441 | F145: =D145+E145 -> 2285 | G145: =VLOOKUP(B145,'116+240'!$B$15:$AB$682,20,FALSE) -> 1816 | H145: =VLOOKUP(B145,'116+240'!$B$15:$AB$682,4,FALSE) -> -371 | I145: =F145-H145 -> 2656 | J145: =VLOOKUP(B145,'116+240'!$B$15:$AB$682,13,FALSE) -> -344 | K145: ='116+240'!Q146 -> 0 | L145: =+K145+L144 -> 384 | M145: =VLOOKUP(B145,'116+240'!$B$14:$AB$682,21,FALSE) -> 2026 | N145: =VLOOKUP(B145,'116+240'!$B$15:$AB$682,5,FALSE) -> -461 | O145: =F145-N145 -> 2746 | P145: =VLOOKUP(B145,'116+240'!$B$15:$AB$682,14,FALSE) -> -254 | Q145: ='116+240'!R146 -> 0 | R145: =+Q145+R144 -> 174 | S145: =VLOOKUP(B145,'116+240'!$B$14:$AB$682,22,FALSE) -> 2091 | T145: =VLOOKUP(B145,'116+240'!$B$15:$AB$682,6,FALSE) -> -576 | U145: =F145-T145 -> 2861 | V145: =VLOOKUP(B145,'116+240'!$B$15:$AB$682,15,FALSE) -> -139 | W145: ='116+240'!S146 -> 0 | X145: =+W145+X144 -> 109 | Y145: =S145-S144 -> 0 | Z145: =IF(Y145>0,Y145,0)/1000 -> 0 | AA145: =AA144+Z145 -> 2.213 | AB145: =(M145-$M$13-R145)/1000 -> 1.932
B146: ='116+240'!B147 -> 45414 | C146: =B146-B145 -> 1 | D146: =D145 -> 844 | E146: =VLOOKUP(B146,'116+240'!B147:AB244,3,FALSE) -> 1443 | F146: =D146+E146 -> 2287 | G146: =VLOOKUP(B146,'116+240'!$B$15:$AB$682,20,FALSE) -> 1816 | H146: =VLOOKUP(B146,'116+240'!$B$15:$AB$682,4,FALSE) -> -369 | I146: =F146-H146 -> 2656 | J146: =VLOOKUP(B146,'116+240'!$B$15:$AB$682,13,FALSE) -> -344 | K146: ='116+240'!Q147 -> 0 | L146: =+K146+L145 -> 384 | M146: =VLOOKUP(B146,'116+240'!$B$14:$AB$682,21,FALSE) -> 2026 | N146: =VLOOKUP(B146,'116+240'!$B$15:$AB$682,5,FALSE) -> -459 | O146: =F146-N146 -> 2746 | P146: =VLOOKUP(B146,'116+240'!$B$15:$AB$682,14,FALSE) -> -254 | Q146: ='116+240'!R147 -> 0 | R146: =+Q146+R145 -> 174 | S146: =VLOOKUP(B146,'116+240'!$B$14:$AB$682,22,FALSE) -> 2091 | T146: =VLOOKUP(B146,'116+240'!$B$15:$AB$682,6,FALSE) -> -574 | U146: =F146-T146 -> 2861 | V146: =VLOOKUP(B146,'116+240'!$B$15:$AB$682,15,FALSE) -> -139 | W146: ='116+240'!S147 -> 0 | X146: =+W146+X145 -> 109 | Y146: =S146-S145 -> 0 | Z146: =IF(Y146>0,Y146,0)/1000 -> 0 | AA146: =AA145+Z146 -> 2.213 | AB146: =(M146-$M$13-R146)/1000 -> 1.932
B147: ='116+240'!B148 -> 45415 | C147: =B147-B146 -> 1 | D147: =D146 -> 844 | E147: =VLOOKUP(B147,'116+240'!B148:AB244,3,FALSE) -> 1445 | F147: =D147+E147 -> 2289 | G147: =VLOOKUP(B147,'116+240'!$B$15:$AB$682,20,FALSE) -> 1816 | H147: =VLOOKUP(B147,'116+240'!$B$15:$AB$682,4,FALSE) -> -1367 | I147: =F147-H147 -> 3656 | J147: =VLOOKUP(B147,'116+240'!$B$15:$AB$682,13,FALSE) -> -344 | K147: ='116+240'!Q148 -> 0 | L147: =+K147+L146 -> 384 | M147: =VLOOKUP(B147,'116+240'!$B$14:$AB$682,21,FALSE) -> 2026 | N147: =VLOOKUP(B147,'116+240'!$B$15:$AB$682,5,FALSE) -> -1457 | O147: =F147-N147 -> 3746 | P147: =VLOOKUP(B147,'116+240'!$B$15:$AB$682,14,FALSE) -> -254 | Q147: ='116+240'!R148 -> 0 | R147: =+Q147+R146 -> 174 | S147: =VLOOKUP(B147,'116+240'!$B$14:$AB$682,22,FALSE) -> 2091 | T147: =VLOOKUP(B147,'116+240'!$B$15:$AB$682,6,FALSE) -> -1572 | U147: =F147-T147 -> 3861 | V147: =VLOOKUP(B147,'116+240'!$B$15:$AB$682,15,FALSE) -> -139 | W147: ='116+240'!S148 -> 0 | X147: =+W147+X146 -> 109 | Y147: =S147-S146 -> 0 | Z147: =IF(Y147>0,Y147,0)/1000 -> 0 | AA147: =AA146+Z147 -> 2.213 | AB147: =(M147-$M$13-R147)/1000 -> 1.932
B148: ='116+240'!B149 -> 45416 | C148: =B148-B147 -> 1 | D148: =D147 -> 844 | E148: =VLOOKUP(B148,'116+240'!B149:AB244,3,FALSE) -> 1447 | F148: =D148+E148 -> 2291 | G148: =VLOOKUP(B148,'116+240'!$B$15:$AB$682,20,FALSE) -> 1814 | H148: =VLOOKUP(B148,'116+240'!$B$15:$AB$682,4,FALSE) -> -1363 | I148: =F148-H148 -> 3654 | J148: =VLOOKUP(B148,'116+240'!$B$15:$AB$682,13,FALSE) -> -346 | K148: ='116+240'!Q149 -> 2 | L148: =+K148+L147 -> 386 | M148: =VLOOKUP(B148,'116+240'!$B$14:$AB$682,21,FALSE) -> 2026 | N148: =VLOOKUP(B148,'116+240'!$B$15:$AB$682,5,FALSE) -> -1455 | O148: =F148-N148 -> 3746 | P148: =VLOOKUP(B148,'116+240'!$B$15:$AB$682,14,FALSE) -> -254 | Q148: ='116+240'!R149 -> 0 | R148: =+Q148+R147 -> 174 | S148: =VLOOKUP(B148,'116+240'!$B$14:$AB$682,22,FALSE) -> 2091 | T148: =VLOOKUP(B148,'116+240'!$B$15:$AB$682,6,FALSE) -> -1570 | U148: =F148-T148 -> 3861 | V148: =VLOOKUP(B148,'116+240'!$B$15:$AB$682,15,FALSE) -> -139 | W148: ='116+240'!S149 -> 0 | X148: =+W148+X147 -> 109 | Y148: =S148-S147 -> 0 | Z148: =IF(Y148>0,Y148,0)/1000 -> 0 | AA148: =AA147+Z148 -> 2.213 | AB148: =(M148-$M$13-R148)/1000 -> 1.932
B149: ='116+240'!B150 -> 45417 | C149: =B149-B148 -> 1 | D149: =D148 -> 844 | E149: =VLOOKUP(B149,'116+240'!B150:AB244,3,FALSE) -> 1449 | F149: =D149+E149 -> 2293 | G149: =VLOOKUP(B149,'116+240'!$B$15:$AB$682,20,FALSE) -> 1812 | H149: =VLOOKUP(B149,'116+240'!$B$15:$AB$682,4,FALSE) -> -1359 | I149: =F149-H149 -> 3652 | J149: =VLOOKUP(B149,'116+240'!$B$15:$AB$682,13,FALSE) -> -348 | K149: ='116+240'!Q150 -> 2 | L149: =+K149+L148 -> 388 | M149: =VLOOKUP(B149,'116+240'!$B$14:$AB$682,21,FALSE) -> 2026 | N149: =VLOOKUP(B149,'116+240'!$B$15:$AB$682,5,FALSE) -> -1453 | O149: =F149-N149 -> 3746 | P149: =VLOOKUP(B149,'116+240'!$B$15:$AB$682,14,FALSE) -> -254 | Q149: ='116+240'!R150 -> 0 | R149: =+Q149+R148 -> 174 | S149: =VLOOKUP(B149,'116+240'!$B$14:$AB$682,22,FALSE) -> 2091 | T149: =VLOOKUP(B149,'116+240'!$B$15:$AB$682,6,FALSE) -> -1568 | U149: =F149-T149 -> 3861 | V149: =VLOOKUP(B149,'116+240'!$B$15:$AB$682,15,FALSE) -> -139 | W149: ='116+240'!S150 -> 0 | X149: =+W149+X148 -> 109 | Y149: =S149-S148 -> 0 | Z149: =IF(Y149>0,Y149,0)/1000 -> 0 | AA149: =AA148+Z149 -> 2.213 | AB149: =(M149-$M$13-R149)/1000 -> 1.932
B150: ='116+240'!B151 -> 45418 | C150: =B150-B149 -> 1 | D150: =D149 -> 844 | E150: =VLOOKUP(B150,'116+240'!B151:AB244,3,FALSE) -> 1451 | F150: =D150+E150 -> 2295 | G150: =VLOOKUP(B150,'116+240'!$B$15:$AB$682,20,FALSE) -> 1810 | H150: =VLOOKUP(B150,'116+240'!$B$15:$AB$682,4,FALSE) -> -1355 | I150: =F150-H150 -> 3650 | J150: =VLOOKUP(B150,'116+240'!$B$15:$AB$682,13,FALSE) -> -350 | K150: ='116+240'!Q151 -> 2 | L150: =+K150+L149 -> 390 | M150: =VLOOKUP(B150,'116+240'!$B$14:$AB$682,21,FALSE) -> 2026 | N150: =VLOOKUP(B150,'116+240'!$B$15:$AB$682,5,FALSE) -> -1451 | O150: =F150-N150 -> 3746 | P150: =VLOOKUP(B150,'116+240'!$B$15:$AB$682,14,FALSE) -> -254 | Q150: ='116+240'!R151 -> 0 | R150: =+Q150+R149 -> 174 | S150: =VLOOKUP(B150,'116+240'!$B$14:$AB$682,22,FALSE) -> 2091 | T150: =VLOOKUP(B150,'116+240'!$B$15:$AB$682,6,FALSE) -> -1566 | U150: =F150-T150 -> 3861 | V150: =VLOOKUP(B150,'116+240'!$B$15:$AB$682,15,FALSE) -> -139 | W150: ='116+240'!S151 -> 0 | X150: =+W150+X149 -> 109 | Y150: =S150-S149 -> 0 | Z150: =IF(Y150>0,Y150,0)/1000 -> 0 | AA150: =AA149+Z150 -> 2.213 | AB150: =(M150-$M$13-R150)/1000 -> 1.932
B151: ='116+240'!B152 -> 45419 | C151: =B151-B150 -> 1 | D151: =D150 -> 844 | E151: =VLOOKUP(B151,'116+240'!B152:AB244,3,FALSE) -> 1453 | F151: =D151+E151 -> 2297 | G151: =VLOOKUP(B151,'116+240'!$B$15:$AB$682,20,FALSE) -> 1808 | H151: =VLOOKUP(B151,'116+240'!$B$15:$AB$682,4,FALSE) -> -1351 | I151: =F151-H151 -> 3648 | J151: =VLOOKUP(B151,'116+240'!$B$15:$AB$682,13,FALSE) -> -352 | K151: ='116+240'!Q152 -> 2 | L151: =+K151+L150 -> 392 | M151: =VLOOKUP(B151,'116+240'!$B$14:$AB$682,21,FALSE) -> 2026 | N151: =VLOOKUP(B151,'116+240'!$B$15:$AB$682,5,FALSE) -> -1449 | O151: =F151-N151 -> 3746 | P151: =VLOOKUP(B151,'116+240'!$B$15:$AB$682,14,FALSE) -> -254 | Q151: ='116+240'!R152 -> 0 | R151: =+Q151+R150 -> 174 | S151: =VLOOKUP(B151,'116+240'!$B$14:$AB$682,22,FALSE) -> 2091 | T151: =VLOOKUP(B151,'116+240'!$B$15:$AB$682,6,FALSE) -> -1564 | U151: =F151-T151 -> 3861 | V151: =VLOOKUP(B151,'116+240'!$B$15:$AB$682,15,FALSE) -> -139 | W151: ='116+240'!S152 -> 0 | X151: =+W151+X150 -> 109 | Y151: =S151-S150 -> 0 | Z151: =IF(Y151>0,Y151,0)/1000 -> 0 | AA151: =AA150+Z151 -> 2.213 | AB151: =(M151-$M$13-R151)/1000 -> 1.932
B152: ='116+240'!B153 -> 45420 | C152: =B152-B151 -> 1 | D152: =D151 -> 844 | E152: =VLOOKUP(B152,'116+240'!B153:AB244,3,FALSE) -> 1455 | F152: =D152+E152 -> 2299 | G152: =VLOOKUP(B152,'116+240'!$B$15:$AB$682,20,FALSE) -> 1807 | H152: =VLOOKUP(B152,'116+240'!$B$15:$AB$682,4,FALSE) -> -1348 | I152: =F152-H152 -> 3647 | J152: =VLOOKUP(B152,'116+240'!$B$15:$AB$682,13,FALSE) -> -353 | K152: ='116+240'!Q153 -> 1 | L152: =+K152+L151 -> 393 | M152: =VLOOKUP(B152,'116+240'!$B$14:$AB$682,21,FALSE) -> 2026 | N152: =VLOOKUP(B152,'116+240'!$B$15:$AB$682,5,FALSE) -> -1447 | O152: =F152-N152 -> 3746 | P152: =VLOOKUP(B152,'116+240'!$B$15:$AB$682,14,FALSE) -> -254 | Q152: ='116+240'!R153 -> 0 | R152: =+Q152+R151 -> 174 | S152: =VLOOKUP(B152,'116+240'!$B$14:$AB$682,22,FALSE) -> 2091 | T152: =VLOOKUP(B152,'116+240'!$B$15:$AB$682,6,FALSE) -> -1562 | U152: =F152-T152 -> 3861 | V152: =VLOOKUP(B152,'116+240'!$B$15:$AB$682,15,FALSE) -> -139 | W152: ='116+240'!S153 -> 0 | X152: =+W152+X151 -> 109 | Y152: =S152-S151 -> 0 | Z152: =IF(Y152>0,Y152,0)/1000 -> 0 | AA152: =AA151+Z152 -> 2.213 | AB152: =(M152-$M$13-R152)/1000 -> 1.932
B153: ='116+240'!B154 -> 45421 | C153: =B153-B152 -> 1 | D153: =D152 -> 844 | E153: =VLOOKUP(B153,'116+240'!B154:AB244,3,FALSE) -> 1457 | F153: =D153+E153 -> 2301 | G153: =VLOOKUP(B153,'116+240'!$B$15:$AB$682,20,FALSE) -> 1805 | H153: =VLOOKUP(B153,'116+240'!$B$15:$AB$682,4,FALSE) -> -1344 | I153: =F153-H153 -> 3645 | J153: =VLOOKUP(B153,'116+240'!$B$15:$AB$682,13,FALSE) -> -355 | K153: ='116+240'!Q154 -> 2 | L153: =+K153+L152 -> 395 | M153: =VLOOKUP(B153,'116+240'!$B$14:$AB$682,21,FALSE) -> 2026 | N153: =VLOOKUP(B153,'116+240'!$B$15:$AB$682,5,FALSE) -> -1445 | O153: =F153-N153 -> 3746 | P153: =VLOOKUP(B153,'116+240'!$B$15:$AB$682,14,FALSE) -> -254 | Q153: ='116+240'!R154 -> 0 | R153: =+Q153+R152 -> 174 | S153: =VLOOKUP(B153,'116+240'!$B$14:$AB$682,22,FALSE) -> 2091 | T153: =VLOOKUP(B153,'116+240'!$B$15:$AB$682,6,FALSE) -> -1560 | U153: =F153-T153 -> 3861 | V153: =VLOOKUP(B153,'116+240'!$B$15:$AB$682,15,FALSE) -> -139 | W153: ='116+240'!S154 -> 0 | X153: =+W153+X152 -> 109 | Y153: =S153-S152 -> 0 | Z153: =IF(Y153>0,Y153,0)/1000 -> 0 | AA153: =AA152+Z153 -> 2.213 | AB153: =(M153-$M$13-R153)/1000 -> 1.932
B154: ='116+240'!B155 -> 45422 | C154: =B154-B153 -> 1 | D154: =D153 -> 844 | E154: =VLOOKUP(B154,'116+240'!B155:AB244,3,FALSE) -> 1459 | F154: =D154+E154 -> 2303 | G154: =VLOOKUP(B154,'116+240'!$B$15:$AB$682,20,FALSE) -> 1803 | H154: =VLOOKUP(B154,'116+240'!$B$15:$AB$682,4,FALSE) -> -1340 | I154: =F154-H154 -> 3643 | J154: =VLOOKUP(B154,'116+240'!$B$15:$AB$682,13,FALSE) -> -357 | K154: ='116+240'!Q155 -> 2 | L154: =+K154+L153 -> 397 | M154: =VLOOKUP(B154,'116+240'!$B$14:$AB$682,21,FALSE) -> 2026 | N154: =VLOOKUP(B154,'116+240'!$B$15:$AB$682,5,FALSE) -> -1443 | O154: =F154-N154 -> 3746 | P154: =VLOOKUP(B154,'116+240'!$B$15:$AB$682,14,FALSE) -> -254 | Q154: ='116+240'!R155 -> 0 | R154: =+Q154+R153 -> 174 | S154: =VLOOKUP(B154,'116+240'!$B$14:$AB$682,22,FALSE) -> 2091 | T154: =VLOOKUP(B154,'116+240'!$B$15:$AB$682,6,FALSE) -> -1558 | U154: =F154-T154 -> 3861 | V154: =VLOOKUP(B154,'116+240'!$B$15:$AB$682,15,FALSE) -> -139 | W154: ='116+240'!S155 -> 0 | X154: =+W154+X153 -> 109 | Y154: =S154-S153 -> 0 | Z154: =IF(Y154>0,Y154,0)/1000 -> 0 | AA154: =AA153+Z154 -> 2.213 | AB154: =(M154-$M$13-R154)/1000 -> 1.932
B155: ='116+240'!B156 -> 45423 | C155: =B155-B154 -> 1 | D155: =D154 -> 844 | E155: =VLOOKUP(B155,'116+240'!B156:AB244,3,FALSE) -> 1461 | F155: =D155+E155 -> 2305 | G155: =VLOOKUP(B155,'116+240'!$B$15:$AB$682,20,FALSE) -> 1801 | H155: =VLOOKUP(B155,'116+240'!$B$15:$AB$682,4,FALSE) -> -1336 | I155: =F155-H155 -> 3641 | J155: =VLOOKUP(B155,'116+240'!$B$15:$AB$682,13,FALSE) -> -359 | K155: ='116+240'!Q156 -> 2 | L155: =+K155+L154 -> 399 | M155: =VLOOKUP(B155,'116+240'!$B$14:$AB$682,21,FALSE) -> 2026 | N155: =VLOOKUP(B155,'116+240'!$B$15:$AB$682,5,FALSE) -> -1441 | O155: =F155-N155 -> 3746 | P155: =VLOOKUP(B155,'116+240'!$B$15:$AB$682,14,FALSE) -> -254 | Q155: ='116+240'!R156 -> 0 | R155: =+Q155+R154 -> 174 | S155: =VLOOKUP(B155,'116+240'!$B$14:$AB$682,22,FALSE) -> 2091 | T155: =VLOOKUP(B155,'116+240'!$B$15:$AB$682,6,FALSE) -> -1556 | U155: =F155-T155 -> 3861 | V155: =VLOOKUP(B155,'116+240'!$B$15:$AB$682,15,FALSE) -> -139 | W155: ='116+240'!S156 -> 0 | X155: =+W155+X154 -> 109 | Y155: =S155-S154 -> 0 | Z155: =IF(Y155>0,Y155,0)/1000 -> 0 | AA155: =AA154+Z155 -> 2.213 | AB155: =(M155-$M$13-R155)/1000 -> 1.932
B156: ='116+240'!B157 -> 45424 | C156: =B156-B155 -> 1 | D156: =D155 -> 844 | E156: =VLOOKUP(B156,'116+240'!B157:AB244,3,FALSE) -> 1463 | F156: =D156+E156 -> 2307 | G156: =VLOOKUP(B156,'116+240'!$B$15:$AB$682,20,FALSE) -> 1799 | H156: =VLOOKUP(B156,'116+240'!$B$15:$AB$682,4,FALSE) -> -1332 | I156: =F156-H156 -> 3639 | J156: =VLOOKUP(B156,'116+240'!$B$15:$AB$682,13,FALSE) -> -361 | K156: ='116+240'!Q157 -> 2 | L156: =+K156+L155 -> 401 | M156: =VLOOKUP(B156,'116+240'!$B$14:$AB$682,21,FALSE) -> 2026 | N156: =VLOOKUP(B156,'116+240'!$B$15:$AB$682,5,FALSE) -> -1439 | O156: =F156-N156 -> 3746 | P156: =VLOOKUP(B156,'116+240'!$B$15:$AB$682,14,FALSE) -> -254 | Q156: ='116+240'!R157 -> 0 | R156: =+Q156+R155 -> 174 | S156: =VLOOKUP(B156,'116+240'!$B$14:$AB$682,22,FALSE) -> 2091 | T156: =VLOOKUP(B156,'116+240'!$B$15:$AB$682,6,FALSE) -> -1554 | U156: =F156-T156 -> 3861 | V156: =VLOOKUP(B156,'116+240'!$B$15:$AB$682,15,FALSE) -> -139 | W156: ='116+240'!S157 -> 0 | X156: =+W156+X155 -> 109 | Y156: =S156-S155 -> 0 | Z156: =IF(Y156>0,Y156,0)/1000 -> 0 | AA156: =AA155+Z156 -> 2.213 | AB156: =(M156-$M$13-R156)/1000 -> 1.932
B157: ='116+240'!B158 -> 45425 | C157: =B157-B156 -> 1 | D157: =D156 -> 844 | E157: =VLOOKUP(B157,'116+240'!B158:AB244,3,FALSE) -> 1465 | F157: =D157+E157 -> 2309 | G157: =VLOOKUP(B157,'116+240'!$B$15:$AB$682,20,FALSE) -> 1797 | H157: =VLOOKUP(B157,'116+240'!$B$15:$AB$682,4,FALSE) -> -1328 | I157: =F157-H157 -> 3637 | J157: =VLOOKUP(B157,'116+240'!$B$15:$AB$682,13,FALSE) -> -363 | K157: ='116+240'!Q158 -> 2 | L157: =+K157+L156 -> 403 | M157: =VLOOKUP(B157,'116+240'!$B$14:$AB$682,21,FALSE) -> 2026 | N157: =VLOOKUP(B157,'116+240'!$B$15:$AB$682,5,FALSE) -> -1437 | O157: =F157-N157 -> 3746 | P157: =VLOOKUP(B157,'116+240'!$B$15:$AB$682,14,FALSE) -> -254 | Q157: ='116+240'!R158 -> 0 | R157: =+Q157+R156 -> 174 | S157: =VLOOKUP(B157,'116+240'!$B$14:$AB$682,22,FALSE) -> 2091 | T157: =VLOOKUP(B157,'116+240'!$B$15:$AB$682,6,FALSE) -> -1552 | U157: =F157-T157 -> 3861 | V157: =VLOOKUP(B157,'116+240'!$B$15:$AB$682,15,FALSE) -> -139 | W157: ='116+240'!S158 -> 0 | X157: =+W157+X156 -> 109 | Y157: =S157-S156 -> 0 | Z157: =IF(Y157>0,Y157,0)/1000 -> 0 | AA157: =AA156+Z157 -> 2.213 | AB157: =(M157-$M$13-R157)/1000 -> 1.932
B158: ='116+240'!B159 -> 45426 | C158: =B158-B157 -> 1 | D158: =D157 -> 844 | E158: =VLOOKUP(B158,'116+240'!B159:AB244,3,FALSE) -> 1467 | F158: =D158+E158 -> 2311 | G158: =VLOOKUP(B158,'116+240'!$B$15:$AB$682,20,FALSE) -> 1796 | H158: =VLOOKUP(B158,'116+240'!$B$15:$AB$682,4,FALSE) -> -1325 | I158: =F158-H158 -> 3636 | J158: =VLOOKUP(B158,'116+240'!$B$15:$AB$682,13,FALSE) -> -364 | K158: ='116+240'!Q159 -> 1 | L158: =+K158+L157 -> 404 | M158: =VLOOKUP(B158,'116+240'!$B$14:$AB$682,21,FALSE) -> 2026 | N158: =VLOOKUP(B158,'116+240'!$B$15:$AB$682,5,FALSE) -> -1435 | O158: =F158-N158 -> 3746 | P158: =VLOOKUP(B158,'116+240'!$B$15:$AB$682,14,FALSE) -> -254 | Q158: ='116+240'!R159 -> 0 | R158: =+Q158+R157 -> 174 | S158: =VLOOKUP(B158,'116+240'!$B$14:$AB$682,22,FALSE) -> 2091 | T158: =VLOOKUP(B158,'116+240'!$B$15:$AB$682,6,FALSE) -> -1550 | U158: =F158-T158 -> 3861 | V158: =VLOOKUP(B158,'116+240'!$B$15:$AB$682,15,FALSE) -> -139 | W158: ='116+240'!S159 -> 0 | X158: =+W158+X157 -> 109 | Y158: =S158-S157 -> 0 | Z158: =IF(Y158>0,Y158,0)/1000 -> 0 | AA158: =AA157+Z158 -> 2.213 | AB158: =(M158-$M$13-R158)/1000 -> 1.932
B159: ='116+240'!B160 -> 45427 | C159: =B159-B158 -> 1 | D159: =D158 -> 844 | E159: =VLOOKUP(B159,'116+240'!B160:AB244,3,FALSE) -> 1469 | F159: =D159+E159 -> 2313 | G159: =VLOOKUP(B159,'116+240'!$B$15:$AB$682,20,FALSE) -> 1794 | H159: =VLOOKUP(B159,'116+240'!$B$15:$AB$682,4,FALSE) -> -1321 | I159: =F159-H159 -> 3634 | J159: =VLOOKUP(B159,'116+240'!$B$15:$AB$682,13,FALSE) -> -366 | K159: ='116+240'!Q160 -> 2 | L159: =+K159+L158 -> 406 | M159: =VLOOKUP(B159,'116+240'!$B$14:$AB$682,21,FALSE) -> 2026 | N159: =VLOOKUP(B159,'116+240'!$B$15:$AB$682,5,FALSE) -> -1433 | O159: =F159-N159 -> 3746 | P159: =VLOOKUP(B159,'116+240'!$B$15:$AB$682,14,FALSE) -> -254 | Q159: ='116+240'!R160 -> 0 | R159: =+Q159+R158 -> 174 | S159: =VLOOKUP(B159,'116+240'!$B$14:$AB$682,22,FALSE) -> 2091 | T159: =VLOOKUP(B159,'116+240'!$B$15:$AB$682,6,FALSE) -> -1548 | U159: =F159-T159 -> 3861 | V159: =VLOOKUP(B159,'116+240'!$B$15:$AB$682,15,FALSE) -> -139 | W159: ='116+240'!S160 -> 0 | X159: =+W159+X158 -> 109 | Y159: =S159-S158 -> 0 | Z159: =IF(Y159>0,Y159,0)/1000 -> 0 | AA159: =AA158+Z159 -> 2.213 | AB159: =(M159-$M$13-R159)/1000 -> 1.932
B160: ='116+240'!B161 -> 45428 | C160: =B160-B159 -> 1 | D160: =D159 -> 844 | E160: =VLOOKUP(B160,'116+240'!B161:AB244,3,FALSE) -> 1471 | F160: =D160+E160 -> 2315 | G160: =VLOOKUP(B160,'116+240'!$B$15:$AB$682,20,FALSE) -> 1792 | H160: =VLOOKUP(B160,'116+240'!$B$15:$AB$682,4,FALSE) -> -1317 | I160: =F160-H160 -> 3632 | J160: =VLOOKUP(B160,'116+240'!$B$15:$AB$682,13,FALSE) -> -368 | K160: ='116+240'!Q161 -> 2 | L160: =+K160+L159 -> 408 | M160: =VLOOKUP(B160,'116+240'!$B$14:$AB$682,21,FALSE) -> 2026 | N160: =VLOOKUP(B160,'116+240'!$B$15:$AB$682,5,FALSE) -> -1431 | O160: =F160-N160 -> 3746 | P160: =VLOOKUP(B160,'116+240'!$B$15:$AB$682,14,FALSE) -> -254 | Q160: ='116+240'!R161 -> 0 | R160: =+Q160+R159 -> 174 | S160: =VLOOKUP(B160,'116+240'!$B$14:$AB$682,22,FALSE) -> 2091 | T160: =VLOOKUP(B160,'116+240'!$B$15:$AB$682,6,FALSE) -> -1546 | U160: =F160-T160 -> 3861 | V160: =VLOOKUP(B160,'116+240'!$B$15:$AB$682,15,FALSE) -> -139 | W160: ='116+240'!S161 -> 0 | X160: =+W160+X159 -> 109 | Y160: =S160-S159 -> 0 | Z160: =IF(Y160>0,Y160,0)/1000 -> 0 | AA160: =AA159+Z160 -> 2.213 | AB160: =(M160-$M$13-R160)/1000 -> 1.932
B161: ='116+240'!B162 -> 45429 | C161: =B161-B160 -> 1 | D161: =D160 -> 844 | E161: =VLOOKUP(B161,'116+240'!B162:AB244,3,FALSE) -> 1473 | F161: =D161+E161 -> 2317 | G161: =VLOOKUP(B161,'116+240'!$B$15:$AB$682,20,FALSE) -> 1790 | H161: =VLOOKUP(B161,'116+240'!$B$15:$AB$682,4,FALSE) -> -1313 | I161: =F161-H161 -> 3630 | J161: =VLOOKUP(B161,'116+240'!$B$15:$AB$682,13,FALSE) -> -370 | K161: ='116+240'!Q162 -> 2 | L161: =+K161+L160 -> 410 | M161: =VLOOKUP(B161,'116+240'!$B$14:$AB$682,21,FALSE) -> 2026 | N161: =VLOOKUP(B161,'116+240'!$B$15:$AB$682,5,FALSE) -> -1429 | O161: =F161-N161 -> 3746 | P161: =VLOOKUP(B161,'116+240'!$B$15:$AB$682,14,FALSE) -> -254 | Q161: ='116+240'!R162 -> 0 | R161: =+Q161+R160 -> 174 | S161: =VLOOKUP(B161,'116+240'!$B$14:$AB$682,22,FALSE) -> 2091 | T161: =VLOOKUP(B161,'116+240'!$B$15:$AB$682,6,FALSE) -> -1544 | U161: =F161-T161 -> 3861 | V161: =VLOOKUP(B161,'116+240'!$B$15:$AB$682,15,FALSE) -> -139 | W161: ='116+240'!S162 -> 0 | X161: =+W161+X160 -> 109 | Y161: =S161-S160 -> 0 | Z161: =IF(Y161>0,Y161,0)/1000 -> 0 | AA161: =AA160+Z161 -> 2.213 | AB161: =(M161-$M$13-R161)/1000 -> 1.932
B162: ='116+240'!B163 -> 45430 | C162: =B162-B161 -> 1 | D162: =D161 -> 844 | E162: =VLOOKUP(B162,'116+240'!B163:AB244,3,FALSE) -> 1475 | F162: =D162+E162 -> 2319 | G162: =VLOOKUP(B162,'116+240'!$B$15:$AB$682,20,FALSE) -> 1788 | H162: =VLOOKUP(B162,'116+240'!$B$15:$AB$682,4,FALSE) -> -1309 | I162: =F162-H162 -> 3628 | J162: =VLOOKUP(B162,'116+240'!$B$15:$AB$682,13,FALSE) -> -372 | K162: ='116+240'!Q163 -> 2 | L162: =+K162+L161 -> 412 | M162: =VLOOKUP(B162,'116+240'!$B$14:$AB$682,21,FALSE) -> 2026 | N162: =VLOOKUP(B162,'116+240'!$B$15:$AB$682,5,FALSE) -> -1427 | O162: =F162-N162 -> 3746 | P162: =VLOOKUP(B162,'116+240'!$B$15:$AB$682,14,FALSE) -> -254 | Q162: ='116+240'!R163 -> 0 | R162: =+Q162+R161 -> 174 | S162: =VLOOKUP(B162,'116+240'!$B$14:$AB$682,22,FALSE) -> 2091 | T162: =VLOOKUP(B162,'116+240'!$B$15:$AB$682,6,FALSE) -> -1542 | U162: =F162-T162 -> 3861 | V162: =VLOOKUP(B162,'116+240'!$B$15:$AB$682,15,FALSE) -> -139 | W162: ='116+240'!S163 -> 0 | X162: =+W162+X161 -> 109 | Y162: =S162-S161 -> 0 | Z162: =IF(Y162>0,Y162,0)/1000 -> 0 | AA162: =AA161+Z162 -> 2.213 | AB162: =(M162-$M$13-R162)/1000 -> 1.932
B163: ='116+240'!B164 -> 45431 | C163: =B163-B162 -> 1 | D163: =D162 -> 844 | E163: =VLOOKUP(B163,'116+240'!B164:AB244,3,FALSE) -> 1477 | F163: =D163+E163 -> 2321 | G163: =VLOOKUP(B163,'116+240'!$B$15:$AB$682,20,FALSE) -> 1788 | H163: =VLOOKUP(B163,'116+240'!$B$15:$AB$682,4,FALSE) -> -1307 | I163: =F163-H163 -> 3628 | J163: =VLOOKUP(B163,'116+240'!$B$15:$AB$682,13,FALSE) -> -372 | K163: ='116+240'!Q164 -> 0 | L163: =+K163+L162 -> 412 | M163: =VLOOKUP(B163,'116+240'!$B$14:$AB$682,21,FALSE) -> 2026 | N163: =VLOOKUP(B163,'116+240'!$B$15:$AB$682,5,FALSE) -> -1425 | O163: =F163-N163 -> 3746 | P163: =VLOOKUP(B163,'116+240'!$B$15:$AB$682,14,FALSE) -> -254 | Q163: ='116+240'!R164 -> 0 | R163: =+Q163+R162 -> 174 | S163: =VLOOKUP(B163,'116+240'!$B$14:$AB$682,22,FALSE) -> 2091 | T163: =VLOOKUP(B163,'116+240'!$B$15:$AB$682,6,FALSE) -> -1540 | U163: =F163-T163 -> 3861 | V163: =VLOOKUP(B163,'116+240'!$B$15:$AB$682,15,FALSE) -> -139 | W163: ='116+240'!S164 -> 0 | X163: =+W163+X162 -> 109 | Y163: =S163-S162 -> 0 | Z163: =IF(Y163>0,Y163,0)/1000 -> 0 | AA163: =AA162+Z163 -> 2.213 | AB163: =(M163-$M$13-R163)/1000 -> 1.932
B164: ='116+240'!B165 -> 45432 | C164: =B164-B163 -> 1 | D164: =D163 -> 844 | E164: =VLOOKUP(B164,'116+240'!B165:AB244,3,FALSE) -> 1479 | F164: =D164+E164 -> 2323 | G164: =VLOOKUP(B164,'116+240'!$B$15:$AB$682,20,FALSE) -> 1788 | H164: =VLOOKUP(B164,'116+240'!$B$15:$AB$682,4,FALSE) -> -1305 | I164: =F164-H164 -> 3628 | J164: =VLOOKUP(B164,'116+240'!$B$15:$AB$682,13,FALSE) -> -372 | K164: ='116+240'!Q165 -> 0 | L164: =+K164+L163 -> 412 | M164: =VLOOKUP(B164,'116+240'!$B$14:$AB$682,21,FALSE) -> 2026 | N164: =VLOOKUP(B164,'116+240'!$B$15:$AB$682,5,FALSE) -> -1423 | O164: =F164-N164 -> 3746 | P164: =VLOOKUP(B164,'116+240'!$B$15:$AB$682,14,FALSE) -> -254 | Q164: ='116+240'!R165 -> 0 | R164: =+Q164+R163 -> 174 | S164: =VLOOKUP(B164,'116+240'!$B$14:$AB$682,22,FALSE) -> 2091 | T164: =VLOOKUP(B164,'116+240'!$B$15:$AB$682,6,FALSE) -> -1538 | U164: =F164-T164 -> 3861 | V164: =VLOOKUP(B164,'116+240'!$B$15:$AB$682,15,FALSE) -> -139 | W164: ='116+240'!S165 -> 0 | X164: =+W164+X163 -> 109 | Y164: =S164-S163 -> 0 | Z164: =IF(Y164>0,Y164,0)/1000 -> 0 | AA164: =AA163+Z164 -> 2.213 | AB164: =(M164-$M$13-R164)/1000 -> 1.932
B165: ='116+240'!B166 -> 45433 | C165: =B165-B164 -> 1 | D165: =D164 -> 844 | E165: =VLOOKUP(B165,'116+240'!B166:AB244,3,FALSE) -> 1481 | F165: =D165+E165 -> 2325 | G165: =VLOOKUP(B165,'116+240'!$B$15:$AB$682,20,FALSE) -> 1788 | H165: =VLOOKUP(B165,'116+240'!$B$15:$AB$682,4,FALSE) -> -1303 | I165: =F165-H165 -> 3628 | J165: =VLOOKUP(B165,'116+240'!$B$15:$AB$682,13,FALSE) -> -372 | K165: ='116+240'!Q166 -> 0 | L165: =+K165+L164 -> 412 | M165: =VLOOKUP(B165,'116+240'!$B$14:$AB$682,21,FALSE) -> 2026 | N165: =VLOOKUP(B165,'116+240'!$B$15:$AB$682,5,FALSE) -> -1421 | O165: =F165-N165 -> 3746 | P165: =VLOOKUP(B165,'116+240'!$B$15:$AB$682,14,FALSE) -> -254 | Q165: ='116+240'!R166 -> 0 | R165: =+Q165+R164 -> 174 | S165: =VLOOKUP(B165,'116+240'!$B$14:$AB$682,22,FALSE) -> 2091 | T165: =VLOOKUP(B165,'116+240'!$B$15:$AB$682,6,FALSE) -> -1536 | U165: =F165-T165 -> 3861 | V165: =VLOOKUP(B165,'116+240'!$B$15:$AB$682,15,FALSE) -> -139 | W165: ='116+240'!S166 -> 0 | X165: =+W165+X164 -> 109 | Y165: =S165-S164 -> 0 | Z165: =IF(Y165>0,Y165,0)/1000 -> 0 | AA165: =AA164+Z165 -> 2.213 | AB165: =(M165-$M$13-R165)/1000 -> 1.932
B166: ='116+240'!B167 -> 45434 | C166: =B166-B165 -> 1 | D166: =D165 -> 844 | E166: =VLOOKUP(B166,'116+240'!B167:AB244,3,FALSE) -> 1483 | F166: =D166+E166 -> 2327 | G166: =VLOOKUP(B166,'116+240'!$B$15:$AB$682,20,FALSE) -> 1788 | H166: =VLOOKUP(B166,'116+240'!$B$15:$AB$682,4,FALSE) -> -1301 | I166: =F166-H166 -> 3628 | J166: =VLOOKUP(B166,'116+240'!$B$15:$AB$682,13,FALSE) -> -372 | K166: ='116+240'!Q167 -> 0 | L166: =+K166+L165 -> 412 | M166: =VLOOKUP(B166,'116+240'!$B$14:$AB$682,21,FALSE) -> 2026 | N166: =VLOOKUP(B166,'116+240'!$B$15:$AB$682,5,FALSE) -> -1419 | O166: =F166-N166 -> 3746 | P166: =VLOOKUP(B166,'116+240'!$B$15:$AB$682,14,FALSE) -> -254 | Q166: ='116+240'!R167 -> 0 | R166: =+Q166+R165 -> 174 | S166: =VLOOKUP(B166,'116+240'!$B$14:$AB$682,22,FALSE) -> 2091 | T166: =VLOOKUP(B166,'116+240'!$B$15:$AB$682,6,FALSE) -> -1534 | U166: =F166-T166 -> 3861 | V166: =VLOOKUP(B166,'116+240'!$B$15:$AB$682,15,FALSE) -> -139 | W166: ='116+240'!S167 -> 0 | X166: =+W166+X165 -> 109 | Y166: =S166-S165 -> 0 | Z166: =IF(Y166>0,Y166,0)/1000 -> 0 | AA166: =AA165+Z166 -> 2.213 | AB166: =(M166-$M$13-R166)/1000 -> 1.932
...

Sheet SL.116+240
A1: DỰ ÁN THÀNH PHẦN ĐOẠN HẬU GIANG - CÀ MAU
A2: THUỘC DỰ ÁN XÂY DỰNG CÔNG TRÌNH ĐƯỜNG BỘ CAO TỐC BẮC - NAM PHÍA ĐÔNG GIAI ĐOẠN 2021 - 2025
A3: =UPPER("GÓI THẦU XL03 :Thi Công Xây Dựng Đoạn Tuyến Km114+200 - Km126+223 Bao Gồm Tuyến Nối Nút Giao IC12 Với QL1 (bao gồm khảo sát, thiết kế BVTC)") -> GÓI THẦU XL03 :THI CÔNG XÂY DỰNG ĐOẠN TUYẾN KM114+200 - KM126+223 BAO GỒM TUYẾN NỐI NÚT GIAO IC12 VỚI QL1 (BAO GỒM KHẢO SÁT, THIẾT KẾ BVTC)
A4: CHỦ ĐẦU TƯ | F4: TƯ VẤN GIÁM SÁT | K4: NHÀ THẦU
A5: BAN QUẢN LÝ DỰ ÁN MỸ THUẬN | F5: =UPPER("Liên danh Phân viện KHCN GTVT phía Nam - Công ty Cổ phần Tư vấn kỹ thuật và xây dựng Hồng Hà") -> LIÊN DANH PHÂN VIỆN KHCN GTVT PHÍA NAM - CÔNG TY CỔ PHẦN TƯ VẤN KỸ THUẬT VÀ XÂY DỰNG HỒNG HÀ | K5: LIÊN DANH CC1 - HẢI ĐĂNG - VẠN CƯỜNG - 492 - BẮC TRUNG NAM
A6: BIỂU GHI ĐO QUAN TRẮC LÚN
A7: Người lập: | B7: ='[4]BC.95+020'!C7 -> 0 | K7: Tên mốc: | M7: ='[4]BC.95+020'!N7 -> 0
A8: Thời tiết: | B8: ='[4]BC.95+020'!C8 -> năng | K8: Cao độ mốc: | M8: ='116+240'!M9 -> 844
A9: Lý trình: | B9: ='116+240'!C10 -> Km116+240 | K9: Ngày đặt bàn: | M9: ='116+240'!M10 -> 45281
A11: ="BÀN QUAN TRẮC: "&B9 -> BÀN QUAN TRẮC: Km116+240
A12: Ngày đo | B12: Số ngày | C12: Cao độ đắp(m) | D12: Chiều cao nền đắp (m) | E12: chiều dày đắp(m) | F12: Trái | H12: Giữa | J12: Phải | L12: Độ lún (trái) (mm) | M12: Độ lún (giữa) (mm) | N12: Độ lún (phải) (mm) | O12: Ghi chú
F13: Cao độ quan trắc | G13: Cao độ bàn đo lún | H13: Cao độ quan trắc | I13: Cao độ bàn đo lún | J13: Cao độ quan trắc | K13: Cao độ bàn đo lún
A14: ='BC.116+240'!B13 -> 45281 | B14: 0 | C14: ='BC.116+240'!M13/1000 -> -0.08 | D14: ='BC.116+240'!AA13 -> 0 | E14: ='BC.116+240'!AB13 -> 0 | F14: =VLOOKUP($A14,'BC.116+240'!$B$13:$X$489,8,0)/1000 -> 2.04 | G14: =VLOOKUP($A14,'BC.116+240'!$B$13:$X$489,9,0)/1000 -> 0.04 | H14: =VLOOKUP($A14,'BC.116+240'!$B$13:$X$489,14,0)/1000 -> 1.92 | I14: =VLOOKUP($A14,'BC.116+240'!$B$13:$X$489,15,0)/1000 -> -0.08 | J14: =VLOOKUP($A14,'BC.116+240'!$B$13:$X$489,20,0)/1000 -> 1.97 | K14: =VLOOKUP($A14,'BC.116+240'!$B$13:$X$489,21,0)/1000 -> -0.03 | L14: =(G14-$G$14)*1000 -> 0 | M14: =(I14-$I$14)*1000 -> 0 | N14: 0
A15: ='BC.116+240'!B14 -> 45282 | B15: 1 | C15: ='BC.116+240'!M14/1000 -> -0.08 | D15: ='BC.116+240'!AA14 -> 0 | E15: ='BC.116+240'!AB14 -> 0 | F15: =VLOOKUP($A15,'BC.116+240'!$B$13:$X$489,8,0)/1000 -> 2.04 | G15: =VLOOKUP($A15,'BC.116+240'!$B$13:$X$489,9,0)/1000 -> 0.04 | H15: =VLOOKUP($A15,'BC.116+240'!$B$13:$X$489,14,0)/1000 -> 1.92 | I15: =VLOOKUP($A15,'BC.116+240'!$B$13:$X$489,15,0)/1000 -> -0.08 | J15: =VLOOKUP($A15,'BC.116+240'!$B$13:$X$489,20,0)/1000 -> 1.97 | K15: =VLOOKUP($A15,'BC.116+240'!$B$13:$X$489,21,0)/1000 -> -0.03 | L15: =(G15-$G$14)*1000 -> 0 | M15: =(I15-$I$14)*1000 -> 0 | N15: =(K15-$K$14)*1000 -> 0
A16: ='BC.116+240'!B15 -> 45283 | B16: 2 | C16: ='BC.116+240'!M15/1000 -> -0.08 | D16: ='BC.116+240'!AA15 -> 0 | E16: ='BC.116+240'!AB15 -> 0 | F16: =VLOOKUP($A16,'BC.116+240'!$B$13:$X$489,8,0)/1000 -> 2.04 | G16: =VLOOKUP($A16,'BC.116+240'!$B$13:$X$489,9,0)/1000 -> 0.04 | H16: =VLOOKUP($A16,'BC.116+240'!$B$13:$X$489,14,0)/1000 -> 1.92 | I16: =VLOOKUP($A16,'BC.116+240'!$B$13:$X$489,15,0)/1000 -> -0.08 | J16: =VLOOKUP($A16,'BC.116+240'!$B$13:$X$489,20,0)/1000 -> 1.97 | K16: =VLOOKUP($A16,'BC.116+240'!$B$13:$X$489,21,0)/1000 -> -0.03 | L16: =(G16-$G$14)*1000 -> 0 | M16: =(I16-$I$14)*1000 -> 0 | N16: =(K16-$K$14)*1000 -> 0
A17: ='BC.116+240'!B16 -> 45284 | B17: 3 | C17: ='BC.116+240'!M16/1000 -> -0.08 | D17: ='BC.116+240'!AA16 -> 0 | E17: ='BC.116+240'!AB16 -> 0 | F17: =VLOOKUP($A17,'BC.116+240'!$B$13:$X$489,8,0)/1000 -> 2.04 | G17: =VLOOKUP($A17,'BC.116+240'!$B$13:$X$489,9,0)/1000 -> 0.04 | H17: =VLOOKUP($A17,'BC.116+240'!$B$13:$X$489,14,0)/1000 -> 1.92 | I17: =VLOOKUP($A17,'BC.116+240'!$B$13:$X$489,15,0)/1000 -> -0.08 | J17: =VLOOKUP($A17,'BC.116+240'!$B$13:$X$489,20,0)/1000 -> 1.97 | K17: =VLOOKUP($A17,'BC.116+240'!$B$13:$X$489,21,0)/1000 -> -0.03 | L17: =(G17-$G$14)*1000 -> 0 | M17: =(I17-$I$14)*1000 -> 0 | N17: =(K17-$K$14)*1000 -> 0
A18: ='BC.116+240'!B17 -> 45285 | B18: 4 | C18: ='BC.116+240'!M17/1000 -> -0.08 | D18: ='BC.116+240'!AA17 -> 0 | E18: ='BC.116+240'!AB17 -> 0 | F18: =VLOOKUP($A18,'BC.116+240'!$B$13:$X$489,8,0)/1000 -> 2.04 | G18: =VLOOKUP($A18,'BC.116+240'!$B$13:$X$489,9,0)/1000 -> 0.04 | H18: =VLOOKUP($A18,'BC.116+240'!$B$13:$X$489,14,0)/1000 -> 1.92 | I18: =VLOOKUP($A18,'BC.116+240'!$B$13:$X$489,15,0)/1000 -> -0.08 | J18: =VLOOKUP($A18,'BC.116+240'!$B$13:$X$489,20,0)/1000 -> 1.97 | K18: =VLOOKUP($A18,'BC.116+240'!$B$13:$X$489,21,0)/1000 -> -0.03 | L18: =(G18-$G$14)*1000 -> 0 | M18: =(I18-$I$14)*1000 -> 0 | N18: =(K18-$K$14)*1000 -> 0
A19: ='BC.116+240'!B18 -> 45286 | B19: 5 | C19: ='BC.116+240'!M18/1000 -> -0.08 | D19: ='BC.116+240'!AA18 -> 0 | E19: ='BC.116+240'!AB18 -> 0 | F19: =VLOOKUP($A19,'BC.116+240'!$B$13:$X$489,8,0)/1000 -> 2.04 | G19: =VLOOKUP($A19,'BC.116+240'!$B$13:$X$489,9,0)/1000 -> 0.04 | H19: =VLOOKUP($A19,'BC.116+240'!$B$13:$X$489,14,0)/1000 -> 1.92 | I19: =VLOOKUP($A19,'BC.116+240'!$B$13:$X$489,15,0)/1000 -> -0.08 | J19: =VLOOKUP($A19,'BC.116+240'!$B$13:$X$489,20,0)/1000 -> 1.97 | K19: =VLOOKUP($A19,'BC.116+240'!$B$13:$X$489,21,0)/1000 -> -0.03 | L19: =(G19-$G$14)*1000 -> 0 | M19: =(I19-$I$14)*1000 -> 0 | N19: =(K19-$K$14)*1000 -> 0
A20: ='BC.116+240'!B19 -> 45287 | B20: 6 | C20: ='BC.116+240'!M19/1000 -> -0.08 | D20: ='BC.116+240'!AA19 -> 0 | E20: ='BC.116+240'!AB19 -> 0 | F20: =VLOOKUP($A20,'BC.116+240'!$B$13:$X$489,8,0)/1000 -> 2.04 | G20: =VLOOKUP($A20,'BC.116+240'!$B$13:$X$489,9,0)/1000 -> 0.04 | H20: =VLOOKUP($A20,'BC.116+240'!$B$13:$X$489,14,0)/1000 -> 1.92 | I20: =VLOOKUP($A20,'BC.116+240'!$B$13:$X$489,15,0)/1000 -> -0.08 | J20: =VLOOKUP($A20,'BC.116+240'!$B$13:$X$489,20,0)/1000 -> 1.97 | K20: =VLOOKUP($A20,'BC.116+240'!$B$13:$X$489,21,0)/1000 -> -0.03 | L20: =(G20-$G$14)*1000 -> 0 | M20: =(I20-$I$14)*1000 -> 0 | N20: =(K20-$K$14)*1000 -> 0
A21: ='BC.116+240'!B20 -> 45288 | B21: 7 | C21: ='BC.116+240'!M20/1000 -> -0.08 | D21: ='BC.116+240'!AA20 -> 0 | E21: ='BC.116+240'!AB20 -> 0 | F21: =VLOOKUP($A21,'BC.116+240'!$B$13:$X$489,8,0)/1000 -> 2.04 | G21: =VLOOKUP($A21,'BC.116+240'!$B$13:$X$489,9,0)/1000 -> 0.04 | H21: =VLOOKUP($A21,'BC.116+240'!$B$13:$X$489,14,0)/1000 -> 1.92 | I21: =VLOOKUP($A21,'BC.116+240'!$B$13:$X$489,15,0)/1000 -> -0.08 | J21: =VLOOKUP($A21,'BC.116+240'!$B$13:$X$489,20,0)/1000 -> 1.97 | K21: =VLOOKUP($A21,'BC.116+240'!$B$13:$X$489,21,0)/1000 -> -0.03 | L21: =(G21-$G$14)*1000 -> 0 | M21: =(I21-$I$14)*1000 -> 0 | N21: =(K21-$K$14)*1000 -> 0
A22: ='BC.116+240'!B21 -> 45289 | B22: 8 | C22: ='BC.116+240'!M21/1000 -> -0.08 | D22: ='BC.116+240'!AA21 -> 0 | E22: ='BC.116+240'!AB21 -> 0 | F22: =VLOOKUP($A22,'BC.116+240'!$B$13:$X$489,8,0)/1000 -> 2.04 | G22: =VLOOKUP($A22,'BC.116+240'!$B$13:$X$489,9,0)/1000 -> 0.04 | H22: =VLOOKUP($A22,'BC.116+240'!$B$13:$X$489,14,0)/1000 -> 1.92 | I22: =VLOOKUP($A22,'BC.116+240'!$B$13:$X$489,15,0)/1000 -> -0.08 | J22: =VLOOKUP($A22,'BC.116+240'!$B$13:$X$489,20,0)/1000 -> 1.97 | K22: =VLOOKUP($A22,'BC.116+240'!$B$13:$X$489,21,0)/1000 -> -0.03 | L22: =(G22-$G$14)*1000 -> 0 | M22: =(I22-$I$14)*1000 -> 0 | N22: =(K22-$K$14)*1000 -> 0
A23: ='BC.116+240'!B22 -> 45290 | B23: 9 | C23: ='BC.116+240'!M22/1000 -> -0.08 | D23: ='BC.116+240'!AA22 -> 0 | E23: ='BC.116+240'!AB22 -> 0 | F23: =VLOOKUP($A23,'BC.116+240'!$B$13:$X$489,8,0)/1000 -> 2.04 | G23: =VLOOKUP($A23,'BC.116+240'!$B$13:$X$489,9,0)/1000 -> 0.04 | H23: =VLOOKUP($A23,'BC.116+240'!$B$13:$X$489,14,0)/1000 -> 1.92 | I23: =VLOOKUP($A23,'BC.116+240'!$B$13:$X$489,15,0)/1000 -> -0.08 | J23: =VLOOKUP($A23,'BC.116+240'!$B$13:$X$489,20,0)/1000 -> 1.97 | K23: =VLOOKUP($A23,'BC.116+240'!$B$13:$X$489,21,0)/1000 -> -0.03 | L23: =(G23-$G$14)*1000 -> 0 | M23: =(I23-$I$14)*1000 -> 0 | N23: =(K23-$K$14)*1000 -> 0
A24: ='BC.116+240'!B23 -> 45291 | B24: 10 | C24: ='BC.116+240'!M23/1000 -> -0.08 | D24: ='BC.116+240'!AA23 -> 0 | E24: ='BC.116+240'!AB23 -> 0 | F24: =VLOOKUP($A24,'BC.116+240'!$B$13:$X$489,8,0)/1000 -> 2.04 | G24: =VLOOKUP($A24,'BC.116+240'!$B$13:$X$489,9,0)/1000 -> 0.04 | H24: =VLOOKUP($A24,'BC.116+240'!$B$13:$X$489,14,0)/1000 -> 1.92 | I24: =VLOOKUP($A24,'BC.116+240'!$B$13:$X$489,15,0)/1000 -> -0.08 | J24: =VLOOKUP($A24,'BC.116+240'!$B$13:$X$489,20,0)/1000 -> 1.97 | K24: =VLOOKUP($A24,'BC.116+240'!$B$13:$X$489,21,0)/1000 -> -0.03 | L24: =(G24-$G$14)*1000 -> 0 | M24: =(I24-$I$14)*1000 -> 0 | N24: =(K24-$K$14)*1000 -> 0
A25: ='BC.116+240'!B24 -> 45292 | B25: 11 | C25: ='BC.116+240'!M24/1000 -> -0.08 | D25: ='BC.116+240'!AA24 -> 0 | E25: ='BC.116+240'!AB24 -> 0 | F25: =VLOOKUP($A25,'BC.116+240'!$B$13:$X$489,8,0)/1000 -> 2.04 | G25: =VLOOKUP($A25,'BC.116+240'!$B$13:$X$489,9,0)/1000 -> 0.04 | H25: =VLOOKUP($A25,'BC.116+240'!$B$13:$X$489,14,0)/1000 -> 1.92 | I25: =VLOOKUP($A25,'BC.116+240'!$B$13:$X$489,15,0)/1000 -> -0.08 | J25: =VLOOKUP($A25,'BC.116+240'!$B$13:$X$489,20,0)/1000 -> 1.97 | K25: =VLOOKUP($A25,'BC.116+240'!$B$13:$X$489,21,0)/1000 -> -0.03 | L25: =(G25-$G$14)*1000 -> 0 | M25: =(I25-$I$14)*1000 -> 0 | N25: =(K25-$K$14)*1000 -> 0
A26: ='BC.116+240'!B25 -> 45293 | B26: 12 | C26: ='BC.116+240'!M25/1000 -> 0.092 | D26: ='BC.116+240'!AA25 -> 0.125 | E26: ='BC.116+240'!AB25 -> 0.164 | F26: =VLOOKUP($A26,'BC.116+240'!$B$13:$X$489,8,0)/1000 -> 2.034 | G26: =VLOOKUP($A26,'BC.116+240'!$B$13:$X$489,9,0)/1000 -> 0.034 | H26: =VLOOKUP($A26,'BC.116+240'!$B$13:$X$489,14,0)/1000 -> 1.912 | I26: =VLOOKUP($A26,'BC.116+240'!$B$13:$X$489,15,0)/1000 -> -0.088 | J26: =VLOOKUP($A26,'BC.116+240'!$B$13:$X$489,20,0)/1000 -> 1.965 | K26: =VLOOKUP($A26,'BC.116+240'!$B$13:$X$489,21,0)/1000 -> -0.035 | L26: =(G26-$G$14)*1000 -> -6 | M26: =(I26-$I$14)*1000 -> -8 | N26: =(K26-$K$14)*1000 -> -5
... A91: ='BC.116+240'!B90 -> 45358 | B91: 77 | C91: ='BC.116+240'!M90/1000 -> 1.767 | D91: ='BC.116+240'!AA90 -> 1.918 | E91: ='BC.116+240'!AB90 -> 1.714 | F91: =VLOOKUP($A91,'BC.116+240'!$B$13:$X$489,8,0)/1000 -> 2.805 | G91: =VLOOKUP($A91,'BC.116+240'!$B$13:$X$489,9,0)/1000 -> -0.195 | H91: =VLOOKUP($A91,'BC.116+240'!$B$13:$X$489,14,0)/1000 -> 2.787 | I91: =VLOOKUP($A91,'BC.116+240'!$B$13:$X$489,15,0)/1000 -> -0.213 | J91: =VLOOKUP($A91,'BC.116+240'!$B$13:$X$489,20,0)/1000 -> 2.886 | K91: =VLOOKUP($A91,'BC.116+240'!$B$13:$X$489,21,0)/1000 -> -0.114 | L91: =(G91-$G$14)*1000 -> -235 | M91: =(I91-$I$14)*1000 -> -133 | N91: =(K91-$K$14)*1000 -> -84
A92: ='BC.116+240'!B91 -> 45359 | B92: 78 | C92: ='BC.116+240'!M91/1000 -> 1.767 | D92: ='BC.116+240'!AA91 -> 1.918 | E92: ='BC.116+240'!AB91 -> 1.714 | F92: =VLOOKUP($A92,'BC.116+240'!$B$13:$X$489,8,0)/1000 -> 2.801 | G92: =VLOOKUP($A92,'BC.116+240'!$B$13:$X$489,9,0)/1000 -> -0.199 | H92: =VLOOKUP($A92,'BC.116+240'!$B$13:$X$489,14,0)/1000 -> 2.787 | I92: =VLOOKUP($A92,'BC.116+240'!$B$13:$X$489,15,0)/1000 -> -0.213 | J92: =VLOOKUP($A92,'BC.116+240'!$B$13:$X$489,20,0)/1000 -> 2.886 | K92: =VLOOKUP($A92,'BC.116+240'!$B$13:$X$489,21,0)/1000 -> -0.114 | L92: =(G92-$G$14)*1000 -> -239 | M92: =(I92-$I$14)*1000 -> -133 | N92: =(K92-$K$14)*1000 -> -84 | Y92: =A21-A14 -> 7
A93: ='BC.116+240'!B92 -> 45360 | B93: 79 | C93: ='BC.116+240'!M92/1000 -> 1.764 | D93: ='BC.116+240'!AA92 -> 1.918 | E93: ='BC.116+240'!AB92 -> 1.708 | F93: =VLOOKUP($A93,'BC.116+240'!$B$13:$X$489,8,0)/1000 -> 2.798 | G93: =VLOOKUP($A93,'BC.116+240'!$B$13:$X$489,9,0)/1000 -> -0.202 | H93: =VLOOKUP($A93,'BC.116+240'!$B$13:$X$489,14,0)/1000 -> 2.784 | I93: =VLOOKUP($A93,'BC.116+240'!$B$13:$X$489,15,0)/1000 -> -0.216 | J93: =VLOOKUP($A93,'BC.116+240'!$B$13:$X$489,20,0)/1000 -> 2.886 | K93: =VLOOKUP($A93,'BC.116+240'!$B$13:$X$489,21,0)/1000 -> -0.114 | L93: =(G93-$G$14)*1000 -> -242 | M93: =(I93-$I$14)*1000 -> -136 | N93: =(K93-$K$14)*1000 -> -84
A94: ='BC.116+240'!B93 -> 45361 | B94: 80 | C94: ='BC.116+240'!M93/1000 -> 1.764 | D94: ='BC.116+240'!AA93 -> 1.918 | E94: ='BC.116+240'!AB93 -> 1.708 | F94: =VLOOKUP($A94,'BC.116+240'!$B$13:$X$489,8,0)/1000 -> 2.795 | G94: =VLOOKUP($A94,'BC.116+240'!$B$13:$X$489,9,0)/1000 -> -0.205 | H94: =VLOOKUP($A94,'BC.116+240'!$B$13:$X$489,14,0)/1000 -> 2.784 | I94: =VLOOKUP($A94,'BC.116+240'!$B$13:$X$489,15,0)/1000 -> -0.216 | J94: =VLOOKUP($A94,'BC.116+240'!$B$13:$X$489,20,0)/1000 -> 2.886 | K94: =VLOOKUP($A94,'BC.116+240'!$B$13:$X$489,21,0)/1000 -> -0.114 | L94: =(G94-$G$14)*1000 -> -245 | M94: =(I94-$I$14)*1000 -> -136 | N94: =(K94-$K$14)*1000 -> -84
A95: ='BC.116+240'!B94 -> 45362 | B95: 81 | C95: ='BC.116+240'!M94/1000 -> 1.764 | D95: ='BC.116+240'!AA94 -> 1.918 | E95: ='BC.116+240'!AB94 -> 1.708 | F95: =VLOOKUP($A95,'BC.116+240'!$B$13:$X$489,8,0)/1000 -> 2.786 | G95: =VLOOKUP($A95,'BC.116+240'!$B$13:$X$489,9,0)/1000 -> -0.214 | H95: =VLOOKUP($A95,'BC.116+240'!$B$13:$X$489,14,0)/1000 -> 2.784 | I95: =VLOOKUP($A95,'BC.116+240'!$B$13:$X$489,15,0)/1000 -> -0.216 | J95: =VLOOKUP($A95,'BC.116+240'!$B$13:$X$489,20,0)/1000 -> 2.886 | K95: =VLOOKUP($A95,'BC.116+240'!$B$13:$X$489,21,0)/1000 -> -0.114 | L95: =(G95-$G$14)*1000 -> -254 | M95: =(I95-$I$14)*1000 -> -136 | N95: =(K95-$K$14)*1000 -> -84
A96: ='BC.116+240'!B95 -> 45363 | B96: 82 | C96: ='BC.116+240'!M95/1000 -> 1.764 | D96: ='BC.116+240'!AA95 -> 1.918 | E96: ='BC.116+240'!AB95 -> 1.708 | F96: =VLOOKUP($A96,'BC.116+240'!$B$13:$X$489,8,0)/1000 -> 2.784 | G96: =VLOOKUP($A96,'BC.116+240'!$B$13:$X$489,9,0)/1000 -> -0.216 | H96: =VLOOKUP($A96,'BC.116+240'!$B$13:$X$489,14,0)/1000 -> 2.784 | I96: =VLOOKUP($A96,'BC.116+240'!$B$13:$X$489,15,0)/1000 -> -0.216 | J96: =VLOOKUP($A96,'BC.116+240'!$B$13:$X$489,20,0)/1000 -> 2.886 | K96: =VLOOKUP($A96,'BC.116+240'!$B$13:$X$489,21,0)/1000 -> -0.114 | L96: =(G96-$G$14)*1000 -> -256 | M96: =(I96-$I$14)*1000 -> -136 | N96: =(K96-$K$14)*1000 -> -84
A97: ='BC.116+240'!B96 -> 45364 | B97: 83 | C97: ='BC.116+240'!M96/1000 -> 2.056 | D97: ='BC.116+240'!AA96 -> 2.213 | E97: ='BC.116+240'!AB96 -> 1.992 | F97: =VLOOKUP($A97,'BC.116+240'!$B$13:$X$489,8,0)/1000 -> 2.782 | G97: =VLOOKUP($A97,'BC.116+240'!$B$13:$X$489,9,0)/1000 -> -0.218 | H97: =VLOOKUP($A97,'BC.116+240'!$B$13:$X$489,14,0)/1000 -> 2.776 | I97: =VLOOKUP($A97,'BC.116+240'!$B$13:$X$489,15,0)/1000 -> -0.224 | J97: =VLOOKUP($A97,'BC.116+240'!$B$13:$X$489,20,0)/1000 -> 2.881 | K97: =VLOOKUP($A97,'BC.116+240'!$B$13:$X$489,21,0)/1000 -> -0.119 | L97: =(G97-$G$14)*1000 -> -258 | M97: =(I97-$I$14)*1000 -> -144 | N97: =(K97-$K$14)*1000 -> -89
A98: ='BC.116+240'!B97 -> 45365 | B98: 84 | C98: ='BC.116+240'!M97/1000 -> 2.054 | D98: ='BC.116+240'!AA97 -> 2.213 | E98: ='BC.116+240'!AB97 -> 1.988 | F98: =VLOOKUP($A98,'BC.116+240'!$B$13:$X$489,8,0)/1000 -> 2.78 | G98: =VLOOKUP($A98,'BC.116+240'!$B$13:$X$489,9,0)/1000 -> -0.22 | H98: =VLOOKUP($A98,'BC.116+240'!$B$13:$X$489,14,0)/1000 -> 2.774 | I98: =VLOOKUP($A98,'BC.116+240'!$B$13:$X$489,15,0)/1000 -> -0.226 | J98: =VLOOKUP($A98,'BC.116+240'!$B$13:$X$489,20,0)/1000 -> 2.88 | K98: =VLOOKUP($A98,'BC.116+240'!$B$13:$X$489,21,0)/1000 -> -0.12 | L98: =(G98-$G$14)*1000 -> -260 | M98: =(I98-$I$14)*1000 -> -146 | N98: =(K98-$K$14)*1000 -> -90
A99: ='BC.116+240'!B98 -> 45366 | B99: 85 | C99: ='BC.116+240'!M98/1000 -> 2.052 | D99: ='BC.116+240'!AA98 -> 2.213 | E99: ='BC.116+240'!AB98 -> 1.984 | F99: =VLOOKUP($A99,'BC.116+240'!$B$13:$X$489,8,0)/1000 -> 2.777 | G99: =VLOOKUP($A99,'BC.116+240'!$B$13:$X$489,9,0)/1000 -> -0.223 | H99: =VLOOKUP($A99,'BC.116+240'!$B$13:$X$489,14,0)/1000 -> 2.772 | I99: =VLOOKUP($A99,'BC.116+240'!$B$13:$X$489,15,0)/1000 -> -0.228 | J99: =VLOOKUP($A99,'BC.116+240'!$B$13:$X$489,20,0)/1000 -> 2.879 | K99: =VLOOKUP($A99,'BC.116+240'!$B$13:$X$489,21,0)/1000 -> -0.121 | L99: =(G99-$G$14)*1000 -> -263 | M99: =(I99-$I$14)*1000 -> -148 | N99: =(K99-$K$14)*1000 -> -91
A100: ='BC.116+240'!B99 -> 45367 | B100: 86 | C100: ='BC.116+240'!M99/1000 -> 2.05 | D100: ='BC.116+240'!AA99 -> 2.213 | E100: ='BC.116+240'!AB99 -> 1.98 | F100: =VLOOKUP($A100,'BC.116+240'!$B$13:$X$489,8,0)/1000 -> 2.773 | G100: =VLOOKUP($A100,'BC.116+240'!$B$13:$X$489,9,0)/1000 -> -0.227 | H100: =VLOOKUP($A100,'BC.116+240'!$B$13:$X$489,14,0)/1000 -> 2.77 | I100: =VLOOKUP($A100,'BC.116+240'!$B$13:$X$489,15,0)/1000 -> -0.23 | J100: =VLOOKUP($A100,'BC.116+240'!$B$13:$X$489,20,0)/1000 -> 2.877 | K100: =VLOOKUP($A100,'BC.116+240'!$B$13:$X$489,21,0)/1000 -> -0.123 | L100: =(G100-$G$14)*1000 -> -267 | M100: =(I100-$I$14)*1000 -> -150 | N100: =(K100-$K$14)*1000 -> -93
A101: ='BC.116+240'!B100 -> 45368 | B101: 87 | C101: ='BC.116+240'!M100/1000 -> 2.042 | D101: ='BC.116+240'!AA100 -> 2.213 | E101: ='BC.116+240'!AB100 -> 1.964 | F101: =VLOOKUP($A101,'BC.116+240'!$B$13:$X$489,8,0)/1000 -> 2.77 | G101: =VLOOKUP($A101,'BC.116+240'!$B$13:$X$489,9,0)/1000 -> -0.23 | H101: =VLOOKUP($A101,'BC.116+240'!$B$13:$X$489,14,0)/1000 -> 2.762 | I101: =VLOOKUP($A101,'BC.116+240'!$B$13:$X$489,15,0)/1000 -> -0.238 | J101: =VLOOKUP($A101,'BC.116+240'!$B$13:$X$489,20,0)/1000 -> 2.872 | K101: =VLOOKUP($A101,'BC.116+240'!$B$13:$X$489,21,0)/1000 -> -0.128 | L101: =(G101-$G$14)*1000 -> -270 | M101: =(I101-$I$14)*1000 -> -158 | N101: =(K101-$K$14)*1000 -> -98
A102: ='BC.116+240'!B101 -> 45369 | B102: 88 | C102: ='BC.116+240'!M101/1000 -> 2.04 | D102: ='BC.116+240'!AA101 -> 2.213 | E102: ='BC.116+240'!AB101 -> 1.96 | F102: =VLOOKUP($A102,'BC.116+240'!$B$13:$X$489,8,0)/1000 -> 2.761 | G102: =VLOOKUP($A102,'BC.116+240'!$B$13:$X$489,9,0)/1000 -> -0.239 | H102: =VLOOKUP($A102,'BC.116+240'!$B$13:$X$489,14,0)/1000 -> 2.76 | I102: =VLOOKUP($A102,'BC.116+240'!$B$13:$X$489,15,0)/1000 -> -0.24 | J102: =VLOOKUP($A102,'BC.116+240'!$B$13:$X$489,20,0)/1000 -> 2.871 | K102: =VLOOKUP($A102,'BC.116+240'!$B$13:$X$489,21,0)/1000 -> -0.129 | L102: =(G102-$G$14)*1000 -> -279 | M102: =(I102-$I$14)*1000 -> -160 | N102: =(K102-$K$14)*1000 -> -99
A103: ='BC.116+240'!B102 -> 45370 | B103: 89 | C103: ='BC.116+240'!M102/1000 -> 2.038 | D103: ='BC.116+240'!AA102 -> 2.213 | E103: ='BC.116+240'!AB102 -> 1.956 | F103: =VLOOKUP($A103,'BC.116+240'!$B$13:$X$489,8,0)/1000 -> 2.759 | G103: =VLOOKUP($A103,'BC.116+240'!$B$13:$X$489,9,0)/1000 -> -0.241 | H103: =VLOOKUP($A103,'BC.116+240'!$B$13:$X$489,14,0)/1000 -> 2.758 | I103: =VLOOKUP($A103,'BC.116+240'!$B$13:$X$489,15,0)/1000 -> -0.242 | J103: =VLOOKUP($A103,'BC.116+240'!$B$13:$X$489,20,0)/1000 -> 2.869 | K103: =VLOOKUP($A103,'BC.116+240'!$B$13:$X$489,21,0)/1000 -> -0.131 | L103: =(G103-$G$14)*1000 -> -281 | M103: =(I103-$I$14)*1000 -> -162 | N103: =(K103-$K$14)*1000 -> -101
A104: ='BC.116+240'!B103 -> 45371 | B104: 90 | C104: ='BC.116+240'!M103/1000 -> 2.036 | D104: ='BC.116+240'!AA103 -> 2.213 | E104: ='BC.116+240'!AB103 -> 1.952 | F104: =VLOOKUP($A104,'BC.116+240'!$B$13:$X$489,8,0)/1000 -> 2.755 | G104: =VLOOKUP($A104,'BC.116+240'!$B$13:$X$489,9,0)/1000 -> -0.245 | H104: =VLOOKUP($A104,'BC.116+240'!$B$13:$X$489,14,0)/1000 -> 2.756 | I104: =VLOOKUP($A104,'BC.116+240'!$B$13:$X$489,15,0)/1000 -> -0.244 | J104: =VLOOKUP($A104,'BC.116+240'!$B$13:$X$489,20,0)/1000 -> 2.868 | K104: =VLOOKUP($A104,'BC.116+240'!$B$13:$X$489,21,0)/1000 -> -0.132 | L104: =(G104-$G$14)*1000 -> -285 | M104: =(I104-$I$14)*1000 -> -164 | N104: =(K104-$K$14)*1000 -> -102
... A244: ='BC.116+240'!B243 -> 45511 | B244: 230 | C244: ='BC.116+240'!M243/1000 -> 3.803 | D244: ='BC.116+240'!AA243 -> 4.255 | E244: ='BC.116+240'!AB243 -> 3.376 | F244: =VLOOKUP($A244,'BC.116+240'!$B$13:$X$489,8,0)/1000 -> 3.293 | G244: =VLOOKUP($A244,'BC.116+240'!$B$13:$X$489,9,0)/1000 -> -0.707 | H244: =VLOOKUP($A244,'BC.116+240'!$B$13:$X$489,14,0)/1000 -> 3.413 | I244: =VLOOKUP($A244,'BC.116+240'!$B$13:$X$489,15,0)/1000 -> -0.587 | J244: =VLOOKUP($A244,'BC.116+240'!$B$13:$X$489,20,0)/1000 -> 3.552 | K244: =VLOOKUP($A244,'BC.116+240'!$B$13:$X$489,21,0)/1000 -> -0.448 | L244: =(G244-$G$14)*1000 -> -747 | M244: =(I244-$I$14)*1000 -> -507 | N244: =(K244-$K$14)*1000 -> -418
A245: ='BC.116+240'!B244 -> 45512 | B245: =+B244+1 -> 231 | C245: ='BC.116+240'!M244/1000 -> 3.793 | D245: ='BC.116+240'!AA244 -> 4.255 | E245: ='BC.116+240'!AB244 -> 3.356 | F245: =VLOOKUP($A245,'BC.116+240'!$B$13:$X$489,8,0)/1000 -> 3.283 | G245: =VLOOKUP($A245,'BC.116+240'!$B$13:$X$489,9,0)/1000 -> -0.717 | H245: =VLOOKUP($A245,'BC.116+240'!$B$13:$X$489,14,0)/1000 -> 3.403 | I245: =VLOOKUP($A245,'BC.116+240'!$B$13:$X$489,15,0)/1000 -> -0.597 | J245: =VLOOKUP($A245,'BC.116+240'!$B$13:$X$489,20,0)/1000 -> 3.542 | K245: =VLOOKUP($A245,'BC.116+240'!$B$13:$X$489,21,0)/1000 -> -0.458 | L245: =(G245-$G$14)*1000 -> -757 | M245: =(I245-$I$14)*1000 -> -517 | N245: =(K245-$K$14)*1000 -> -428
A246: ='BC.116+240'!B245 -> 45513 | B246: =+B245+1 -> 232 | C246: ='BC.116+240'!M245/1000 -> 3.783 | D246: ='BC.116+240'!AA245 -> 4.255 | E246: ='BC.116+240'!AB245 -> 3.336 | F246: =VLOOKUP($A246,'BC.116+240'!$B$13:$X$489,8,0)/1000 -> 3.273 | G246: =VLOOKUP($A246,'BC.116+240'!$B$13:$X$489,9,0)/1000 -> -0.727 | H246: =VLOOKUP($A246,'BC.116+240'!$B$13:$X$489,14,0)/1000 -> 3.393 | I246: =VLOOKUP($A246,'BC.116+240'!$B$13:$X$489,15,0)/1000 -> -0.607 | J246: =VLOOKUP($A246,'BC.116+240'!$B$13:$X$489,20,0)/1000 -> 3.532 | K246: =VLOOKUP($A246,'BC.116+240'!$B$13:$X$489,21,0)/1000 -> -0.468 | L246: =(G246-$G$14)*1000 -> -767 | M246: =(I246-$I$14)*1000 -> -527 | N246: =(K246-$K$14)*1000 -> -438
A247: ='BC.116+240'!B246 -> 45514 | B247: =+B246+1 -> 233 | C247: ='BC.116+240'!M246/1000 -> 3.773 | D247: ='BC.116+240'!AA246 -> 4.255 | E247: ='BC.116+240'!AB246 -> 3.316 | F247: =VLOOKUP($A247,'BC.116+240'!$B$13:$X$489,8,0)/1000 -> 3.263 | G247: =VLOOKUP($A247,'BC.116+240'!$B$13:$X$489,9,0)/1000 -> -0.737 | H247: =VLOOKUP($A247,'BC.116+240'!$B$13:$X$489,14,0)/1000 -> 3.383 | I247: =VLOOKUP($A247,'BC.116+240'!$B$13:$X$489,15,0)/1000 -> -0.617 | J247: =VLOOKUP($A247,'BC.116+240'!$B$13:$X$489,20,0)/1000 -> 3.522 | K247: =VLOOKUP($A247,'BC.116+240'!$B$13:$X$489,21,0)/1000 -> -0.478 | L247: =(G247-$G$14)*1000 -> -777 | M247: =(I247-$I$14)*1000 -> -537 | N247: =(K247-$K$14)*1000 -> -448
A248: ='BC.116+240'!B247 -> 45515 | B248: =+B247+1 -> 234 | C248: ='BC.116+240'!M247/1000 -> 3.763 | D248: ='BC.116+240'!AA247 -> 4.255 | E248: ='BC.116+240'!AB247 -> 3.296 | F248: =VLOOKUP($A248,'BC.116+240'!$B$13:$X$489,8,0)/1000 -> 3.253 | G248: =VLOOKUP($A248,'BC.116+240'!$B$13:$X$489,9,0)/1000 -> -0.747 | H248: =VLOOKUP($A248,'BC.116+240'!$B$13:$X$489,14,0)/1000 -> 3.373 | I248: =VLOOKUP($A248,'BC.116+240'!$B$13:$X$489,15,0)/1000 -> -0.627 | J248: =VLOOKUP($A248,'BC.116+240'!$B$13:$X$489,20,0)/1000 -> 3.512 | K248: =VLOOKUP($A248,'BC.116+240'!$B$13:$X$489,21,0)/1000 -> -0.488 | L248: =(G248-$G$14)*1000 -> -787 | M248: =(I248-$I$14)*1000 -> -547 | N248: =(K248-$K$14)*1000 -> -458
A249: ='BC.116+240'!B248 -> 45516 | B249: =+B248+1 -> 235 | C249: ='BC.116+240'!M248/1000 -> 3.753 | D249: ='BC.116+240'!AA248 -> 4.255 | E249: ='BC.116+240'!AB248 -> 3.276 | F249: =VLOOKUP($A249,'BC.116+240'!$B$13:$X$489,8,0)/1000 -> 3.243 | G249: =VLOOKUP($A249,'BC.116+240'!$B$13:$X$489,9,0)/1000 -> -0.757 | H249: =VLOOKUP($A249,'BC.116+240'!$B$13:$X$489,14,0)/1000 -> 3.363 | I249: =VLOOKUP($A249,'BC.116+240'!$B$13:$X$489,15,0)/1000 -> -0.637 | J249: =VLOOKUP($A249,'BC.116+240'!$B$13:$X$489,20,0)/1000 -> 3.502 | K249: =VLOOKUP($A249,'BC.116+240'!$B$13:$X$489,21,0)/1000 -> -0.498 | L249: =(G249-$G$14)*1000 -> -797 | M249: =(I249-$I$14)*1000 -> -557 | N249: =(K249-$K$14)*1000 -> -468
A250: ='BC.116+240'!B249 -> 45517 | B250: =+B249+1 -> 236 | C250: ='BC.116+240'!M249/1000 -> 3.743 | D250: ='BC.116+240'!AA249 -> 4.255 | E250: ='BC.116+240'!AB249 -> 3.256 | F250: =VLOOKUP($A250,'BC.116+240'!$B$13:$X$489,8,0)/1000 -> 3.233 | G250: =VLOOKUP($A250,'BC.116+240'!$B$13:$X$489,9,0)/1000 -> -0.767 | H250: =VLOOKUP($A250,'BC.116+240'!$B$13:$X$489,14,0)/1000 -> 3.353 | I250: =VLOOKUP($A250,'BC.116+240'!$B$13:$X$489,15,0)/1000 -> -0.647 | J250: =VLOOKUP($A250,'BC.116+240'!$B$13:$X$489,20,0)/1000 -> 3.492 | K250: =VLOOKUP($A250,'BC.116+240'!$B$13:$X$489,21,0)/1000 -> -0.508 | L250: =(G250-$G$14)*1000 -> -807 | M250: =(I250-$I$14)*1000 -> -567 | N250: =(K250-$K$14)*1000 -> -478
A251: ='BC.116+240'!B250 -> 45518 | B251: =+B250+1 -> 237 | C251: ='BC.116+240'!M250/1000 -> 3.733 | D251: ='BC.116+240'!AA250 -> 4.255 | E251: ='BC.116+240'!AB250 -> 3.236 | F251: =VLOOKUP($A251,'BC.116+240'!$B$13:$X$489,8,0)/1000 -> 3.223 | G251: =VLOOKUP($A251,'BC.116+240'!$B$13:$X$489,9,0)/1000 -> -0.777 | H251: =VLOOKUP($A251,'BC.116+240'!$B$13:$X$489,14,0)/1000 -> 3.343 | I251: =VLOOKUP($A251,'BC.116+240'!$B$13:$X$489,15,0)/1000 -> -0.657 | J251: =VLOOKUP($A251,'BC.116+240'!$B$13:$X$489,20,0)/1000 -> 3.482 | K251: =VLOOKUP($A251,'BC.116+240'!$B$13:$X$489,21,0)/1000 -> -0.518 | L251: =(G251-$G$14)*1000 -> -817 | M251: =(I251-$I$14)*1000 -> -577 | N251: =(K251-$K$14)*1000 -> -488
A252: ='BC.116+240'!B251 -> 45519 | B252: =+B251+1 -> 238 | C252: ='BC.116+240'!M251/1000 -> 3.723 | D252: ='BC.116+240'!AA251 -> 4.255 | E252: ='BC.116+240'!AB251 -> 3.216 | F252: =VLOOKUP($A252,'BC.116+240'!$B$13:$X$489,8,0)/1000 -> 3.213 | G252: =VLOOKUP($A252,'BC.116+240'!$B$13:$X$489,9,0)/1000 -> -0.787 | H252: =VLOOKUP($A252,'BC.116+240'!$B$13:$X$489,14,0)/1000 -> 3.333 | I252: =VLOOKUP($A252,'BC.116+240'!$B$13:$X$489,15,0)/1000 -> -0.667 | J252: =VLOOKUP($A252,'BC.116+240'!$B$13:$X$489,20,0)/1000 -> 3.472 | K252: =VLOOKUP($A252,'BC.116+240'!$B$13:$X$489,21,0)/1000 -> -0.528 | L252: =(G252-$G$14)*1000 -> -827 | M252: =(I252-$I$14)*1000 -> -587 | N252: =(K252-$K$14)*1000 -> -498
A253: ='BC.116+240'!B252 -> 45520 | B253: =+B252+1 -> 239 | C253: ='BC.116+240'!M252/1000 -> 3.713 | D253: ='BC.116+240'!AA252 -> 4.255 | E253: ='BC.116+240'!AB252 -> 3.196 | F253: =VLOOKUP($A253,'BC.116+240'!$B$13:$X$489,8,0)/1000 -> 3.203 | G253: =VLOOKUP($A253,'BC.116+240'!$B$13:$X$489,9,0)/1000 -> -0.797 | H253: =VLOOKUP($A253,'BC.116+240'!$B$13:$X$489,14,0)/1000 -> 3.323 | I253: =VLOOKUP($A253,'BC.116+240'!$B$13:$X$489,15,0)/1000 -> -0.677 | J253: =VLOOKUP($A253,'BC.116+240'!$B$13:$X$489,20,0)/1000 -> 3.462 | K253: =VLOOKUP($A253,'BC.116+240'!$B$13:$X$489,21,0)/1000 -> -0.538 | L253: =(G253-$G$14)*1000 -> -837 | M253: =(I253-$I$14)*1000 -> -597 | N253: =(K253-$K$14)*1000 -> -508
A254: ='BC.116+240'!B253 -> 45521 | B254: =+B253+1 -> 240 | C254: ='BC.116+240'!M253/1000 -> 3.703 | D254: ='BC.116+240'!AA253 -> 4.255 | E254: ='BC.116+240'!AB253 -> 3.176 | F254: =VLOOKUP($A254,'BC.116+240'!$B$13:$X$489,8,0)/1000 -> 3.193 | G254: =VLOOKUP($A254,'BC.116+240'!$B$13:$X$489,9,0)/1000 -> -0.807 | H254: =VLOOKUP($A254,'BC.116+240'!$B$13:$X$489,14,0)/1000 -> 3.313 | I254: =VLOOKUP($A254,'BC.116+240'!$B$13:$X$489,15,0)/1000 -> -0.687 | J254: =VLOOKUP($A254,'BC.116+240'!$B$13:$X$489,20,0)/1000 -> 3.452 | K254: =VLOOKUP($A254,'BC.116+240'!$B$13:$X$489,21,0)/1000 -> -0.548 | L254: =(G254-$G$14)*1000 -> -847 | M254: =(I254-$I$14)*1000 -> -607 | N254: =(K254-$K$14)*1000 -> -518
A255: ='BC.116+240'!B254 -> 45522 | B255: =+B254+1 -> 241 | C255: ='BC.116+240'!M254/1000 -> 3.693 | D255: ='BC.116+240'!AA254 -> 4.255 | E255: ='BC.116+240'!AB254 -> 3.156 | F255: =VLOOKUP($A255,'BC.116+240'!$B$13:$X$489,8,0)/1000 -> 3.183 | G255: =VLOOKUP($A255,'BC.116+240'!$B$13:$X$489,9,0)/1000 -> -0.817 | H255: =VLOOKUP($A255,'BC.116+240'!$B$13:$X$489,14,0)/1000 -> 3.303 | I255: =VLOOKUP($A255,'BC.116+240'!$B$13:$X$489,15,0)/1000 -> -0.697 | J255: =VLOOKUP($A255,'BC.116+240'!$B$13:$X$489,20,0)/1000 -> 3.442 | K255: =VLOOKUP($A255,'BC.116+240'!$B$13:$X$489,21,0)/1000 -> -0.558 | L255: =(G255-$G$14)*1000 -> -857 | M255: =(I255-$I$14)*1000 -> -617 | N255: =(K255-$K$14)*1000 -> -528
A256: ='BC.116+240'!B255 -> 45523 | B256: =+B255+1 -> 242 | C256: ='BC.116+240'!M255/1000 -> 3.683 | D256: ='BC.116+240'!AA255 -> 4.255 | E256: ='BC.116+240'!AB255 -> 3.136 | F256: =VLOOKUP($A256,'BC.116+240'!$B$13:$X$489,8,0)/1000 -> 3.173 | G256: =VLOOKUP($A256,'BC.116+240'!$B$13:$X$489,9,0)/1000 -> -0.827 | H256: =VLOOKUP($A256,'BC.116+240'!$B$13:$X$489,14,0)/1000 -> 3.293 | I256: =VLOOKUP($A256,'BC.116+240'!$B$13:$X$489,15,0)/1000 -> -0.707 | J256: =VLOOKUP($A256,'BC.116+240'!$B$13:$X$489,20,0)/1000 -> 3.432 | K256: =VLOOKUP($A256,'BC.116+240'!$B$13:$X$489,21,0)/1000 -> -0.568 | L256: =(G256-$G$14)*1000 -> -867 | M256: =(I256-$I$14)*1000 -> -627 | N256: =(K256-$K$14)*1000 -> -538
... A267: ='BC.116+240'!B266 -> 45534 | B267: =+B266+1 -> 253 | C267: ='BC.116+240'!M266/1000 -> 3.574 | D267: ='BC.116+240'!AA266 -> 4.255 | E267: ='BC.116+240'!AB266 -> 2.918 | F267: =VLOOKUP($A267,'BC.116+240'!$B$13:$X$489,8,0)/1000 -> 3.065 | G267: =VLOOKUP($A267,'BC.116+240'!$B$13:$X$489,9,0)/1000 -> -0.935 | H267: =VLOOKUP($A267,'BC.116+240'!$B$13:$X$489,14,0)/1000 -> 3.184 | I267: =VLOOKUP($A267,'BC.116+240'!$B$13:$X$489,15,0)/1000 -> -0.816 | J267: =VLOOKUP($A267,'BC.116+240'!$B$13:$X$489,20,0)/1000 -> 3.322 | K267: =VLOOKUP($A267,'BC.116+240'!$B$13:$X$489,21,0)/1000 -> -0.678 | L267: =(G267-$G$14)*1000 -> -975 | M267: =(I267-$I$14)*1000 -> -736 | N267: =(K267-$K$14)*1000 -> -648
A268: ='BC.116+240'!B267 -> 45535 | B268: =+B267+1 -> 254 | C268: ='BC.116+240'!M267/1000 -> 3.566 | D268: ='BC.116+240'!AA267 -> 4.255 | E268: ='BC.116+240'!AB267 -> 2.902 | F268: =VLOOKUP($A268,'BC.116+240'!$B$13:$X$4890,8,0)/1000 -> 3.056 | G268: =VLOOKUP($A268,'BC.116+240'!$B$13:$X$4890,9,0)/1000 -> -0.944 | H268: =VLOOKUP($A268,'BC.116+240'!$B$13:$X$4890,14,0)/1000 -> 3.176 | I268: =VLOOKUP($A268,'BC.116+240'!$B$13:$X$4890,15,0)/1000 -> -0.824 | J268: =VLOOKUP($A268,'BC.116+240'!$B$13:$X$4890,20,0)/1000 -> 3.312 | K268: =VLOOKUP($A268,'BC.116+240'!$B$13:$X$4890,21,0)/1000 -> -0.688 | L268: =(G268-$G$14)*1000 -> -984 | M268: =(I268-$I$14)*1000 -> -744 | N268: =(K268-$K$14)*1000 -> -658
A269: ='BC.116+240'!B268 -> 45536 | B269: =+B268+1 -> 255 | C269: ='BC.116+240'!M268/1000 -> 3.558 | D269: ='BC.116+240'!AA268 -> 4.255 | E269: ='BC.116+240'!AB268 -> 2.886 | F269: =VLOOKUP($A269,'BC.116+240'!$B$13:$X$4890,8,0)/1000 -> 3.048 | G269: =VLOOKUP($A269,'BC.116+240'!$B$13:$X$4890,9,0)/1000 -> -0.952 | H269: =VLOOKUP($A269,'BC.116+240'!$B$13:$X$4890,14,0)/1000 -> 3.168 | I269: =VLOOKUP($A269,'BC.116+240'!$B$13:$X$4890,15,0)/1000 -> -0.832 | J269: =VLOOKUP($A269,'BC.116+240'!$B$13:$X$4890,20,0)/1000 -> 3.302 | K269: =VLOOKUP($A269,'BC.116+240'!$B$13:$X$4890,21,0)/1000 -> -0.698 | L269: =(G269-$G$14)*1000 -> -992 | M269: =(I269-$I$14)*1000 -> -752 | N269: =(K269-$K$14)*1000 -> -668
A270: ='BC.116+240'!B269 -> 45537 | B270: =+B269+1 -> 256 | C270: ='BC.116+240'!M269/1000 -> 3.552 | D270: ='BC.116+240'!AA269 -> 4.255 | E270: ='BC.116+240'!AB269 -> 2.874 | F270: =VLOOKUP($A270,'BC.116+240'!$B$13:$X$4890,8,0)/1000 -> 3.04 | G270: =VLOOKUP($A270,'BC.116+240'!$B$13:$X$4890,9,0)/1000 -> -0.96 | H270: =VLOOKUP($A270,'BC.116+240'!$B$13:$X$4890,14,0)/1000 -> 3.162 | I270: =VLOOKUP($A270,'BC.116+240'!$B$13:$X$4890,15,0)/1000 -> -0.838 | J270: =VLOOKUP($A270,'BC.116+240'!$B$13:$X$4890,20,0)/1000 -> 3.293 | K270: =VLOOKUP($A270,'BC.116+240'!$B$13:$X$4890,21,0)/1000 -> -0.707 | L270: =(G270-$G$14)*1000 -> -1000 | M270: =(I270-$I$14)*1000 -> -758 | N270: =(K270-$K$14)*1000 -> -677
A271: ='BC.116+240'!B270 -> 45538 | B271: =+B270+1 -> 257 | C271: ='BC.116+240'!M270/1000 -> 3.545 | D271: ='BC.116+240'!AA270 -> 4.255 | E271: ='BC.116+240'!AB270 -> 2.86 | F271: =VLOOKUP($A271,'BC.116+240'!$B$13:$X$4890,8,0)/1000 -> 3.034 | G271: =VLOOKUP($A271,'BC.116+240'!$B$13:$X$4890,9,0)/1000 -> -0.966 | H271: =VLOOKUP($A271,'BC.116+240'!$B$13:$X$4890,14,0)/1000 -> 3.155 | I271: =VLOOKUP($A271,'BC.116+240'!$B$13:$X$4890,15,0)/1000 -> -0.845 | J271: =VLOOKUP($A271,'BC.116+240'!$B$13:$X$4890,20,0)/1000 -> 3.285 | K271: =VLOOKUP($A271,'BC.116+240'!$B$13:$X$4890,21,0)/1000 -> -0.715 | L271: =(G271-$G$14)*1000 -> -1006 | M271: =(I271-$I$14)*1000 -> -765 | N271: =(K271-$K$14)*1000 -> -685
A272: ='BC.116+240'!B271 -> 45539 | B272: =+B271+1 -> 258 | C272: ='BC.116+240'!M271/1000 -> 3.541 | D272: ='BC.116+240'!AA271 -> 4.255 | E272: ='BC.116+240'!AB271 -> 2.852 | F272: =VLOOKUP($A272,'BC.116+240'!$B$13:$X$4890,8,0)/1000 -> 3.027 | G272: =VLOOKUP($A272,'BC.116+240'!$B$13:$X$4890,9,0)/1000 -> -0.973 | H272: =VLOOKUP($A272,'BC.116+240'!$B$13:$X$4890,14,0)/1000 -> 3.151 | I272: =VLOOKUP($A272,'BC.116+240'!$B$13:$X$4890,15,0)/1000 -> -0.849 | J272: =VLOOKUP($A272,'BC.116+240'!$B$13:$X$4890,20,0)/1000 -> 3.277 | K272: =VLOOKUP($A272,'BC.116+240'!$B$13:$X$4890,21,0)/1000 -> -0.723 | L272: =(G272-$G$14)*1000 -> -1013 | M272: =(I272-$I$14)*1000 -> -769 | N272: =(K272-$K$14)*1000 -> -693
A273: ='BC.116+240'!B272 -> 45540 | B273: =+B272+1 -> 259 | C273: ='BC.116+240'!M272/1000 -> 3.536 | D273: ='BC.116+240'!AA272 -> 4.255 | E273: ='BC.116+240'!AB272 -> 2.842 | F273: =VLOOKUP($A273,'BC.116+240'!$B$13:$X$4890,8,0)/1000 -> 3.023 | G273: =VLOOKUP($A273,'BC.116+240'!$B$13:$X$4890,9,0)/1000 -> -0.977 | H273: =VLOOKUP($A273,'BC.116+240'!$B$13:$X$4890,14,0)/1000 -> 3.146 | I273: =VLOOKUP($A273,'BC.116+240'!$B$13:$X$4890,15,0)/1000 -> -0.854 | J273: =VLOOKUP($A273,'BC.116+240'!$B$13:$X$4890,20,0)/1000 -> 3.271 | K273: =VLOOKUP($A273,'BC.116+240'!$B$13:$X$4890,21,0)/1000 -> -0.729 | L273: =(G273-$G$14)*1000 -> -1017 | M273: =(I273-$I$14)*1000 -> -774 | N273: =(K273-$K$14)*1000 -> -699
A274: ='BC.116+240'!B273 -> 45541 | B274: =+B273+1 -> 260 | C274: ='BC.116+240'!M273/1000 -> 3.533 | D274: ='BC.116+240'!AA273 -> 4.255 | E274: ='BC.116+240'!AB273 -> 2.836 | F274: =VLOOKUP($A274,'BC.116+240'!$B$13:$X$4890,8,0)/1000 -> 3.018 | G274: =VLOOKUP($A274,'BC.116+240'!$B$13:$X$4890,9,0)/1000 -> -0.982 | H274: =VLOOKUP($A274,'BC.116+240'!$B$13:$X$4890,14,0)/1000 -> 3.143 | I274: =VLOOKUP($A274,'BC.116+240'!$B$13:$X$4890,15,0)/1000 -> -0.857 | J274: =VLOOKUP($A274,'BC.116+240'!$B$13:$X$4890,20,0)/1000 -> 3.264 | K274: =VLOOKUP($A274,'BC.116+240'!$B$13:$X$4890,21,0)/1000 -> -0.736 | L274: =(G274-$G$14)*1000 -> -1022 | M274: =(I274-$I$14)*1000 -> -777 | N274: =(K274-$K$14)*1000 -> -706
A275: ='BC.116+240'!B274 -> 45542 | B275: =+B274+1 -> 261 | C275: ='BC.116+240'!M274/1000 -> 3.531 | D275: ='BC.116+240'!AA274 -> 4.255 | E275: ='BC.116+240'!AB274 -> 2.832 | F275: =VLOOKUP($A275,'BC.116+240'!$B$13:$X$4890,8,0)/1000 -> 3.015 | G275: =VLOOKUP($A275,'BC.116+240'!$B$13:$X$4890,9,0)/1000 -> -0.985 | H275: =VLOOKUP($A275,'BC.116+240'!$B$13:$X$4890,14,0)/1000 -> 3.141 | I275: =VLOOKUP($A275,'BC.116+240'!$B$13:$X$4890,15,0)/1000 -> -0.859 | J275: =VLOOKUP($A275,'BC.116+240'!$B$13:$X$4890,20,0)/1000 -> 3.26 | K275: =VLOOKUP($A275,'BC.116+240'!$B$13:$X$4890,21,0)/1000 -> -0.74 | L275: =(G275-$G$14)*1000 -> -1025 | M275: =(I275-$I$14)*1000 -> -779 | N275: =(K275-$K$14)*1000 -> -710
A276: ='BC.116+240'!B275 -> 45543 | B276: =+B275+1 -> 262 | C276: ='BC.116+240'!M275/1000 -> 3.529 | D276: ='BC.116+240'!AA275 -> 4.255 | E276: ='BC.116+240'!AB275 -> 2.828 | F276: =VLOOKUP($A276,'BC.116+240'!$B$13:$X$4890,8,0)/1000 -> 3.013 | G276: =VLOOKUP($A276,'BC.116+240'!$B$13:$X$4890,9,0)/1000 -> -0.987 | H276: =VLOOKUP($A276,'BC.116+240'!$B$13:$X$4890,14,0)/1000 -> 3.139 | I276: =VLOOKUP($A276,'BC.116+240'!$B$13:$X$4890,15,0)/1000 -> -0.861 | J276: =VLOOKUP($A276,'BC.116+240'!$B$13:$X$4890,20,0)/1000 -> 3.252 | K276: =VLOOKUP($A276,'BC.116+240'!$B$13:$X$4890,21,0)/1000 -> -0.748 | L276: =(G276-$G$14)*1000 -> -1027 | M276: =(I276-$I$14)*1000 -> -781 | N276: =(K276-$K$14)*1000 -> -718
A277: ='BC.116+240'!B276 -> 45544 | B277: =+B276+1 -> 263 | C277: ='BC.116+240'!M276/1000 -> 3.528 | D277: ='BC.116+240'!AA276 -> 4.255 | E277: ='BC.116+240'!AB276 -> 2.826 | F277: =VLOOKUP($A277,'BC.116+240'!$B$13:$X$4890,8,0)/1000 -> 3.011 | G277: =VLOOKUP($A277,'BC.116+240'!$B$13:$X$4890,9,0)/1000 -> -0.989 | H277: =VLOOKUP($A277,'BC.116+240'!$B$13:$X$4890,14,0)/1000 -> 3.138 | I277: =VLOOKUP($A277,'BC.116+240'!$B$13:$X$4890,15,0)/1000 -> -0.862 | J277: =VLOOKUP($A277,'BC.116+240'!$B$13:$X$4890,20,0)/1000 -> 3.246 | K277: =VLOOKUP($A277,'BC.116+240'!$B$13:$X$4890,21,0)/1000 -> -0.754 | L277: =(G277-$G$14)*1000 -> -1029 | M277: =(I277-$I$14)*1000 -> -782 | N277: =(K277-$K$14)*1000 -> -724
A278: ='BC.116+240'!B277 -> 45545 | B278: =+B277+1 -> 264 | C278: ='BC.116+240'!M277/1000 -> 3.526 | D278: ='BC.116+240'!AA277 -> 4.255 | E278: ='BC.116+240'!AB277 -> 2.822 | F278: =VLOOKUP($A278,'BC.116+240'!$B$13:$X$4890,8,0)/1000 -> 3.01 | G278: =VLOOKUP($A278,'BC.116+240'!$B$13:$X$4890,9,0)/1000 -> -0.99 | H278: =VLOOKUP($A278,'BC.116+240'!$B$13:$X$4890,14,0)/1000 -> 3.136 | I278: =VLOOKUP($A278,'BC.116+240'!$B$13:$X$4890,15,0)/1000 -> -0.864 | J278: =VLOOKUP($A278,'BC.116+240'!$B$13:$X$4890,20,0)/1000 -> 3.239 | K278: =VLOOKUP($A278,'BC.116+240'!$B$13:$X$4890,21,0)/1000 -> -0.761 | L278: =(G278-$G$14)*1000 -> -1030 | M278: =(I278-$I$14)*1000 -> -784 | N278: =(K278-$K$14)*1000 -> -731
A279: ='BC.116+240'!B278 -> 45546 | B279: =+B278+1 -> 265 | C279: ='BC.116+240'!M278/1000 -> 3.521 | D279: ='BC.116+240'!AA278 -> 4.255 | E279: ='BC.116+240'!AB278 -> 2.812 | F279: =VLOOKUP($A279,'BC.116+240'!$B$13:$X$4890,8,0)/1000 -> 3.008 | G279: =VLOOKUP($A279,'BC.116+240'!$B$13:$X$4890,9,0)/1000 -> -0.992 | H279: =VLOOKUP($A279,'BC.116+240'!$B$13:$X$4890,14,0)/1000 -> 3.131 | I279: =VLOOKUP($A279,'BC.116+240'!$B$13:$X$4890,15,0)/1000 -> -0.869 | J279: =VLOOKUP($A279,'BC.116+240'!$B$13:$X$4890,20,0)/1000 -> 3.235 | K279: =VLOOKUP($A279,'BC.116+240'!$B$13:$X$4890,21,0)/1000 -> -0.765 | L279: =(G279-$G$14)*1000 -> -1032 | M279: =(I279-$I$14)*1000 -> -789 | N279: =(K279-$K$14)*1000 -> -735
... A448: ='BC.116+240'!B447 -> 45715 | B448: =+B447+1 -> 434 | C448: ='BC.116+240'!M447/1000 -> 4.753 | D448: ='BC.116+240'!AA447 -> 5.986 | E448: ='BC.116+240'!AB447 -> 3.536 | F448: =VLOOKUP($A448,'BC.116+240'!$B$13:$X$4890,8,0)/1000 -> 2.655 | G448: =VLOOKUP($A448,'BC.116+240'!$B$13:$X$4890,9,0)/1000 -> -1.345 | H448: =VLOOKUP($A448,'BC.116+240'!$B$13:$X$4890,14,0)/1000 -> 2.623 | I448: =VLOOKUP($A448,'BC.116+240'!$B$13:$X$4890,15,0)/1000 -> -1.377 | J448: =VLOOKUP($A448,'BC.116+240'!$B$13:$X$4890,20,0)/1000 -> 2.736 | K448: =VLOOKUP($A448,'BC.116+240'!$B$13:$X$4890,21,0)/1000 -> -1.264 | L448: =(G448-$G$14)*1000 -> -1385 | M448: =(I448-$I$14)*1000 -> -1297 | N448: =(K448-$K$14)*1000 -> -1234
A449: ='BC.116+240'!B448 -> 45716 | B449: =+B448+1 -> 435 | C449: ='BC.116+240'!M448/1000 -> 4.743 | D449: ='BC.116+240'!AA448 -> 5.986 | E449: ='BC.116+240'!AB448 -> 3.516 | F449: =VLOOKUP($A449,'BC.116+240'!$B$13:$X$4890,8,0)/1000 -> 2.655 | G449: =VLOOKUP($A449,'BC.116+240'!$B$13:$X$4890,9,0)/1000 -> -1.345 | H449: =VLOOKUP($A449,'BC.116+240'!$B$13:$X$4890,14,0)/1000 -> 2.613 | I449: =VLOOKUP($A449,'BC.116+240'!$B$13:$X$4890,15,0)/1000 -> -1.387 | J449: =VLOOKUP($A449,'BC.116+240'!$B$13:$X$4890,20,0)/1000 -> 2.734 | K449: =VLOOKUP($A449,'BC.116+240'!$B$13:$X$4890,21,0)/1000 -> -1.266 | L449: =(G449-$G$14)*1000 -> -1385 | M449: =(I449-$I$14)*1000 -> -1307 | N449: =(K449-$K$14)*1000 -> -1236 | R449: 2
A450: ='BC.116+240'!B449 -> 45717 | B450: =+B449+1 -> 436 | C450: ='BC.116+240'!M449/1000 -> 4.733 | D450: ='BC.116+240'!AA449 -> 5.986 | E450: ='BC.116+240'!AB449 -> 3.496 | F450: =VLOOKUP($A450,'BC.116+240'!$B$13:$X$4890,8,0)/1000 -> 2.655 | G450: =VLOOKUP($A450,'BC.116+240'!$B$13:$X$4890,9,0)/1000 -> -1.345 | H450: =VLOOKUP($A450,'BC.116+240'!$B$13:$X$4890,14,0)/1000 -> 2.603 | I450: =VLOOKUP($A450,'BC.116+240'!$B$13:$X$4890,15,0)/1000 -> -1.397 | J450: =VLOOKUP($A450,'BC.116+240'!$B$13:$X$4890,20,0)/1000 -> 2.732 | K450: =VLOOKUP($A450,'BC.116+240'!$B$13:$X$4890,21,0)/1000 -> -1.268 | L450: =(G450-$G$14)*1000 -> -1385 | M450: =(I450-$I$14)*1000 -> -1317 | N450: =(K450-$K$14)*1000 -> -1238
A451: ='BC.116+240'!B450 -> 45718 | B451: =+B450+1 -> 437 | C451: ='BC.116+240'!M450/1000 -> 4.723 | D451: ='BC.116+240'!AA450 -> 5.986 | E451: ='BC.116+240'!AB450 -> 3.476 | F451: =VLOOKUP($A451,'BC.116+240'!$B$13:$X$4890,8,0)/1000 -> 2.655 | G451: =VLOOKUP($A451,'BC.116+240'!$B$13:$X$4890,9,0)/1000 -> -1.345 | H451: =VLOOKUP($A451,'BC.116+240'!$B$13:$X$4890,14,0)/1000 -> 2.593 | I451: =VLOOKUP($A451,'BC.116+240'!$B$13:$X$4890,15,0)/1000 -> -1.407 | J451: =VLOOKUP($A451,'BC.116+240'!$B$13:$X$4890,20,0)/1000 -> 2.732 | K451: =VLOOKUP($A451,'BC.116+240'!$B$13:$X$4890,21,0)/1000 -> -1.268 | L451: =(G451-$G$14)*1000 -> -1385 | M451: =(I451-$I$14)*1000 -> -1327 | N451: =(K451-$K$14)*1000 -> -1238
A452: ='BC.116+240'!B451 -> 45719 | B452: =+B451+1 -> 438 | C452: ='BC.116+240'!M451/1000 -> 4.713 | D452: ='BC.116+240'!AA451 -> 5.986 | E452: ='BC.116+240'!AB451 -> 3.456 | F452: =VLOOKUP($A452,'BC.116+240'!$B$13:$X$4890,8,0)/1000 -> 2.655 | G452: =VLOOKUP($A452,'BC.116+240'!$B$13:$X$4890,9,0)/1000 -> -1.345 | H452: =VLOOKUP($A452,'BC.116+240'!$B$13:$X$4890,14,0)/1000 -> 2.583 | I452: =VLOOKUP($A452,'BC.116+240'!$B$13:$X$4890,15,0)/1000 -> -1.417 | J452: =VLOOKUP($A452,'BC.116+240'!$B$13:$X$4890,20,0)/1000 -> 2.732 | K452: =VLOOKUP($A452,'BC.116+240'!$B$13:$X$4890,21,0)/1000 -> -1.268 | L452: =(G452-$G$14)*1000 -> -1385 | M452: =(I452-$I$14)*1000 -> -1337 | N452: =(K452-$K$14)*1000 -> -1238
A453: ='BC.116+240'!B452 -> 45720 | B453: =+B452+1 -> 439 | C453: ='BC.116+240'!M452/1000 -> 5.003 | D453: ='BC.116+240'!AA452 -> 6.284 | E453: ='BC.116+240'!AB452 -> 3.736 | F453: =VLOOKUP($A453,'BC.116+240'!$B$13:$X$4890,8,0)/1000 -> 2.655 | G453: =VLOOKUP($A453,'BC.116+240'!$B$13:$X$4890,9,0)/1000 -> -1.345 | H453: =VLOOKUP($A453,'BC.116+240'!$B$13:$X$4890,14,0)/1000 -> 2.573 | I453: =VLOOKUP($A453,'BC.116+240'!$B$13:$X$4890,15,0)/1000 -> -1.427 | J453: =VLOOKUP($A453,'BC.116+240'!$B$13:$X$4890,20,0)/1000 -> 2.73 | K453: =VLOOKUP($A453,'BC.116+240'!$B$13:$X$4890,21,0)/1000 -> -1.27 | L453: =(G453-$G$14)*1000 -> -1385 | M453: =(I453-$I$14)*1000 -> -1347 | N453: =(K453-$K$14)*1000 -> -1240
A454: ='BC.116+240'!B453 -> 45721 | B454: =+B453+1 -> 440 | C454: ='BC.116+240'!M453/1000 -> 4.993 | D454: ='BC.116+240'!AA453 -> 6.284 | E454: ='BC.116+240'!AB453 -> 3.716 | F454: =VLOOKUP($A454,'BC.116+240'!$B$13:$X$4890,8,0)/1000 -> 2.652 | G454: =VLOOKUP($A454,'BC.116+240'!$B$13:$X$4890,9,0)/1000 -> -1.348 | H454: =VLOOKUP($A454,'BC.116+240'!$B$13:$X$4890,14,0)/1000 -> 2.563 | I454: =VLOOKUP($A454,'BC.116+240'!$B$13:$X$4890,15,0)/1000 -> -1.437 | J454: =VLOOKUP($A454,'BC.116+240'!$B$13:$X$4890,20,0)/1000 -> 2.73 | K454: =VLOOKUP($A454,'BC.116+240'!$B$13:$X$4890,21,0)/1000 -> -1.27 | L454: =(G454-$G$14)*1000 -> -1388 | M454: =(I454-$I$14)*1000 -> -1357 | N454: =(K454-$K$14)*1000 -> -1240
A455: ='BC.116+240'!B454 -> 45722 | B455: =+B454+1 -> 441 | C455: ='BC.116+240'!M454/1000 -> 4.983 | D455: ='BC.116+240'!AA454 -> 6.284 | E455: ='BC.116+240'!AB454 -> 3.696 | F455: =VLOOKUP($A455,'BC.116+240'!$B$13:$X$4890,8,0)/1000 -> 2.65 | G455: =VLOOKUP($A455,'BC.116+240'!$B$13:$X$4890,9,0)/1000 -> -1.35 | H455: =VLOOKUP($A455,'BC.116+240'!$B$13:$X$4890,14,0)/1000 -> 2.553 | I455: =VLOOKUP($A455,'BC.116+240'!$B$13:$X$4890,15,0)/1000 -> -1.447 | J455: =VLOOKUP($A455,'BC.116+240'!$B$13:$X$4890,20,0)/1000 -> 2.73 | K455: =VLOOKUP($A455,'BC.116+240'!$B$13:$X$4890,21,0)/1000 -> -1.27 | L455: =(G455-$G$14)*1000 -> -1390 | M455: =(I455-$I$14)*1000 -> -1367 | N455: =(K455-$K$14)*1000 -> -1240
A456: ='BC.116+240'!B455 -> 45723 | B456: =+B455+1 -> 442 | C456: ='BC.116+240'!M455/1000 -> 4.973 | D456: ='BC.116+240'!AA455 -> 6.284 | E456: ='BC.116+240'!AB455 -> 3.676 | F456: =VLOOKUP($A456,'BC.116+240'!$B$13:$X$4890,8,0)/1000 -> 2.647 | G456: =VLOOKUP($A456,'BC.116+240'!$B$13:$X$4890,9,0)/1000 -> -1.353 | H456: =VLOOKUP($A456,'BC.116+240'!$B$13:$X$4890,14,0)/1000 -> 2.543 | I456: =VLOOKUP($A456,'BC.116+240'!$B$13:$X$4890,15,0)/1000 -> -1.457 | J456: =VLOOKUP($A456,'BC.116+240'!$B$13:$X$4890,20,0)/1000 -> 2.729 | K456: =VLOOKUP($A456,'BC.116+240'!$B$13:$X$4890,21,0)/1000 -> -1.271 | L456: =(G456-$G$14)*1000 -> -1393 | M456: =(I456-$I$14)*1000 -> -1377 | N456: =(K456-$K$14)*1000 -> -1241
A457: ='BC.116+240'!B456 -> 45724 | B457: =+B456+1 -> 443 | C457: ='BC.116+240'!M456/1000 -> 4.963 | D457: ='BC.116+240'!AA456 -> 6.284 | E457: ='BC.116+240'!AB456 -> 3.656 | F457: =VLOOKUP($A457,'BC.116+240'!$B$13:$X$4890,8,0)/1000 -> 2.645 | G457: =VLOOKUP($A457,'BC.116+240'!$B$13:$X$4890,9,0)/1000 -> -1.355 | H457: =VLOOKUP($A457,'BC.116+240'!$B$13:$X$4890,14,0)/1000 -> 2.533 | I457: =VLOOKUP($A457,'BC.116+240'!$B$13:$X$4890,15,0)/1000 -> -1.467 | J457: =VLOOKUP($A457,'BC.116+240'!$B$13:$X$4890,20,0)/1000 -> 2.727 | K457: =VLOOKUP($A457,'BC.116+240'!$B$13:$X$4890,21,0)/1000 -> -1.273 | L457: =(G457-$G$14)*1000 -> -1395 | M457: =(I457-$I$14)*1000 -> -1387 | N457: =(K457-$K$14)*1000 -> -1243
A458: ='BC.116+240'!B457 -> 45725 | B458: =+B457+1 -> 444 | C458: ='BC.116+240'!M457/1000 -> 5.253 | D458: ='BC.116+240'!AA457 -> 6.579 | E458: ='BC.116+240'!AB457 -> 3.936 | F458: =VLOOKUP($A458,'BC.116+240'!$B$13:$X$4890,8,0)/1000 -> 2.644 | G458: =VLOOKUP($A458,'BC.116+240'!$B$13:$X$4890,9,0)/1000 -> -1.356 | H458: =VLOOKUP($A458,'BC.116+240'!$B$13:$X$4890,14,0)/1000 -> 2.523 | I458: =VLOOKUP($A458,'BC.116+240'!$B$13:$X$4890,15,0)/1000 -> -1.477 | J458: =VLOOKUP($A458,'BC.116+240'!$B$13:$X$4890,20,0)/1000 -> 2.722 | K458: =VLOOKUP($A458,'BC.116+240'!$B$13:$X$4890,21,0)/1000 -> -1.278 | L458: =(G458-$G$14)*1000 -> -1396 | M458: =(I458-$I$14)*1000 -> -1397 | N458: =(K458-$K$14)*1000 -> -1248
A459: ='BC.116+240'!B458 -> 45726 | B459: =+B458+1 -> 445 | C459: ='BC.116+240'!M458/1000 -> 5.243 | D459: ='BC.116+240'!AA458 -> 6.579 | E459: ='BC.116+240'!AB458 -> 3.916 | F459: =VLOOKUP($A459,'BC.116+240'!$B$13:$X$4890,8,0)/1000 -> 2.641 | G459: =VLOOKUP($A459,'BC.116+240'!$B$13:$X$4890,9,0)/1000 -> -1.359 | H459: =VLOOKUP($A459,'BC.116+240'!$B$13:$X$4890,14,0)/1000 -> 2.513 | I459: =VLOOKUP($A459,'BC.116+240'!$B$13:$X$4890,15,0)/1000 -> -1.487 | J459: =VLOOKUP($A459,'BC.116+240'!$B$13:$X$4890,20,0)/1000 -> 2.715 | K459: =VLOOKUP($A459,'BC.116+240'!$B$13:$X$4890,21,0)/1000 -> -1.285 | L459: =(G459-$G$14)*1000 -> -1399 | M459: =(I459-$I$14)*1000 -> -1407 | N459: =(K459-$K$14)*1000 -> -1255
A460: ='BC.116+240'!B459 -> 45727 | B460: =+B459+1 -> 446 | C460: ='BC.116+240'!M459/1000 -> 5.233 | D460: ='BC.116+240'!AA459 -> 6.579 | E460: ='BC.116+240'!AB459 -> 3.896 | F460: =VLOOKUP($A460,'BC.116+240'!$B$13:$X$4890,8,0)/1000 -> 2.639 | G460: =VLOOKUP($A460,'BC.116+240'!$B$13:$X$4890,9,0)/1000 -> -1.361 | H460: =VLOOKUP($A460,'BC.116+240'!$B$13:$X$4890,14,0)/1000 -> 2.503 | I460: =VLOOKUP($A460,'BC.116+240'!$B$13:$X$4890,15,0)/1000 -> -1.497 | J460: =VLOOKUP($A460,'BC.116+240'!$B$13:$X$4890,20,0)/1000 -> 2.714 | K460: =VLOOKUP($A460,'BC.116+240'!$B$13:$X$4890,21,0)/1000 -> -1.286 | L460: =(G460-$G$14)*1000 -> -1401 | M460: =(I460-$I$14)*1000 -> -1417 | N460: =(K460-$K$14)*1000 -> -1256
A461: ='BC.116+240'!B460 -> 45728 | B461: =+B460+1 -> 447 | C461: ='BC.116+240'!M460/1000 -> 5.223 | D461: ='BC.116+240'!AA460 -> 6.579 | E461: ='BC.116+240'!AB460 -> 3.876 | F461: =VLOOKUP($A461,'BC.116+240'!$B$13:$X$4890,8,0)/1000 -> 2.638 | G461: =VLOOKUP($A461,'BC.116+240'!$B$13:$X$4890,9,0)/1000 -> -1.362 | H461: =VLOOKUP($A461,'BC.116+240'!$B$13:$X$4890,14,0)/1000 -> 2.493 | I461: =VLOOKUP($A461,'BC.116+240'!$B$13:$X$4890,15,0)/1000 -> -1.507 | J461: =VLOOKUP($A461,'BC.116+240'!$B$13:$X$4890,20,0)/1000 -> 2.712 | K461: =VLOOKUP($A461,'BC.116+240'!$B$13:$X$4890,21,0)/1000 -> -1.288 | L461: =(G461-$G$14)*1000 -> -1402 | M461: =(I461-$I$14)*1000 -> -1427 | N461: =(K461-$K$14)*1000 -> -1258
... A466: ='BC.116+240'!B465 -> 45733 | B466: =+B465+1 -> 452 | C466: ='BC.116+240'!M465/1000 -> 5.173 | D466: ='BC.116+240'!AA465 -> 6.579 | E466: ='BC.116+240'!AB465 -> 3.776 | F466: =VLOOKUP($A466,'BC.116+240'!$B$13:$X$4890,8,0)/1000 -> 2.631 | G466: =VLOOKUP($A466,'BC.116+240'!$B$13:$X$4890,9,0)/1000 -> -1.369 | H466: =VLOOKUP($A466,'BC.116+240'!$B$13:$X$4890,14,0)/1000 -> 2.443 | I466: =VLOOKUP($A466,'BC.116+240'!$B$13:$X$4890,15,0)/1000 -> -1.557 | J466: =VLOOKUP($A466,'BC.116+240'!$B$13:$X$4890,20,0)/1000 -> 2.696 | K466: =VLOOKUP($A466,'BC.116+240'!$B$13:$X$4890,21,0)/1000 -> -1.304 | L466: =(G466-$G$14)*1000 -> -1409 | M466: =(I466-$I$14)*1000 -> -1477 | N466: =(K466-$K$14)*1000 -> -1274
A467: ='BC.116+240'!B466 -> 45734 | B467: =+B466+1 -> 453 | C467: ='BC.116+240'!M466/1000 -> 5.163 | D467: ='BC.116+240'!AA466 -> 6.579 | E467: ='BC.116+240'!AB466 -> 3.756 | F467: =VLOOKUP($A467,'BC.116+240'!$B$13:$X$4890,8,0)/1000 -> 2.628 | G467: =VLOOKUP($A467,'BC.116+240'!$B$13:$X$4890,9,0)/1000 -> -1.372 | H467: =VLOOKUP($A467,'BC.116+240'!$B$13:$X$4890,14,0)/1000 -> 2.433 | I467: =VLOOKUP($A467,'BC.116+240'!$B$13:$X$4890,15,0)/1000 -> -1.567 | J467: =VLOOKUP($A467,'BC.116+240'!$B$13:$X$4890,20,0)/1000 -> 2.696 | K467: =VLOOKUP($A467,'BC.116+240'!$B$13:$X$4890,21,0)/1000 -> -1.304 | L467: =(G467-$G$14)*1000 -> -1412 | M467: =(I467-$I$14)*1000 -> -1487 | N467: =(K467-$K$14)*1000 -> -1274 | R467: 2
A468: ='BC.116+240'!B467 -> 45735 | B468: =+B467+1 -> 454 | C468: ='BC.116+240'!M467/1000 -> 5.153 | D468: ='BC.116+240'!AA467 -> 6.579 | E468: ='BC.116+240'!AB467 -> 3.736 | F468: =VLOOKUP($A468,'BC.116+240'!$B$13:$X$4890,8,0)/1000 -> 2.513 | G468: =VLOOKUP($A468,'BC.116+240'!$B$13:$X$4890,9,0)/1000 -> -1.487 | H468: =VLOOKUP($A468,'BC.116+240'!$B$13:$X$4890,14,0)/1000 -> 2.423 | I468: =VLOOKUP($A468,'BC.116+240'!$B$13:$X$4890,15,0)/1000 -> -1.577 | J468: =VLOOKUP($A468,'BC.116+240'!$B$13:$X$4890,20,0)/1000 -> 2.695 | K468: =VLOOKUP($A468,'BC.116+240'!$B$13:$X$4890,21,0)/1000 -> -1.305 | L468: =(G468-$G$14)*1000 -> -1527 | M468: =(I468-$I$14)*1000 -> -1497 | N468: =(K468-$K$14)*1000 -> -1275
A469: ='BC.116+240'!B468 -> 45736 | B469: =+B468+1 -> 455 | C469: ='BC.116+240'!M468/1000 -> 5.144 | D469: ='BC.116+240'!AA468 -> 6.579 | E469: ='BC.116+240'!AB468 -> 3.718 | F469: =VLOOKUP($A469,'BC.116+240'!$B$13:$X$4890,8,0)/1000 -> 2.511 | G469: =VLOOKUP($A469,'BC.116+240'!$B$13:$X$4890,9,0)/1000 -> -1.489 | H469: =VLOOKUP($A469,'BC.116+240'!$B$13:$X$4890,14,0)/1000 -> 2.414 | I469: =VLOOKUP($A469,'BC.116+240'!$B$13:$X$4890,15,0)/1000 -> -1.586 | J469: =VLOOKUP($A469,'BC.116+240'!$B$13:$X$4890,20,0)/1000 -> 2.693 | K469: =VLOOKUP($A469,'BC.116+240'!$B$13:$X$4890,21,0)/1000 -> -1.307 | L469: =(G469-$G$14)*1000 -> -1529 | M469: =(I469-$I$14)*1000 -> -1506 | N469: =(K469-$K$14)*1000 -> -1277
A470: ='BC.116+240'!B469 -> 45737 | B470: =+B469+1 -> 456 | C470: ='BC.116+240'!M469/1000 -> 5.434 | D470: ='BC.116+240'!AA469 -> 6.877 | E470: ='BC.116+240'!AB469 -> 3.998 | F470: =VLOOKUP($A470,'BC.116+240'!$B$13:$X$4890,8,0)/1000 -> 2.51 | G470: =VLOOKUP($A470,'BC.116+240'!$B$13:$X$4890,9,0)/1000 -> -1.49 | H470: =VLOOKUP($A470,'BC.116+240'!$B$13:$X$4890,14,0)/1000 -> 2.404 | I470: =VLOOKUP($A470,'BC.116+240'!$B$13:$X$4890,15,0)/1000 -> -1.596 | J470: =VLOOKUP($A470,'BC.116+240'!$B$13:$X$4890,20,0)/1000 -> 2.691 | K470: =VLOOKUP($A470,'BC.116+240'!$B$13:$X$4890,21,0)/1000 -> -1.309 | L470: =(G470-$G$14)*1000 -> -1530 | M470: =(I470-$I$14)*1000 -> -1516 | N470: =(K470-$K$14)*1000 -> -1279 | O470: K.Thúc GT | P470: =C470-M470/1000 -> 6.95
A471: ='BC.116+240'!B470 -> 45740 | B471: =+B470+1 -> 457 | C471: ='BC.116+240'!M470/1000 -> 5.404 | D471: ='BC.116+240'!AA470 -> 6.877 | E471: ='BC.116+240'!AB470 -> 3.938 | F471: =VLOOKUP($A471,'BC.116+240'!$B$13:$X$4890,8,0)/1000 -> 2.49 | G471: =VLOOKUP($A471,'BC.116+240'!$B$13:$X$4890,9,0)/1000 -> -1.51 | H471: =VLOOKUP($A471,'BC.116+240'!$B$13:$X$4890,14,0)/1000 -> 2.374 | I471: =VLOOKUP($A471,'BC.116+240'!$B$13:$X$4890,15,0)/1000 -> -1.626 | J471: =VLOOKUP($A471,'BC.116+240'!$B$13:$X$4890,20,0)/1000 -> 2.666 | K471: =VLOOKUP($A471,'BC.116+240'!$B$13:$X$4890,21,0)/1000 -> -1.334 | L471: =(G471-$G$14)*1000 -> -1550 | M471: =(I471-$I$14)*1000 -> -1546 | N471: =(K471-$K$14)*1000 -> -1304 | R471: 3
A472: ='BC.116+240'!B471 -> 45744 | B472: =+B471+1 -> 458 | C472: ='BC.116+240'!M471/1000 -> 5.364 | D472: ='BC.116+240'!AA471 -> 6.877 | E472: ='BC.116+240'!AB471 -> 3.858 | F472: =VLOOKUP($A472,'BC.116+240'!$B$13:$X$4890,8,0)/1000 -> 2.463 | G472: =VLOOKUP($A472,'BC.116+240'!$B$13:$X$4890,9,0)/1000 -> -1.537 | H472: =VLOOKUP($A472,'BC.116+240'!$B$13:$X$4890,14,0)/1000 -> 2.334 | I472: =VLOOKUP($A472,'BC.116+240'!$B$13:$X$4890,15,0)/1000 -> -1.666 | J472: =VLOOKUP($A472,'BC.116+240'!$B$13:$X$4890,20,0)/1000 -> 2.631 | K472: =VLOOKUP($A472,'BC.116+240'!$B$13:$X$4890,21,0)/1000 -> -1.369 | L472: =(G472-$G$14)*1000 -> -1577 | M472: =(I472-$I$14)*1000 -> -1586 | N472: =(K472-$K$14)*1000 -> -1339 | R472: 2
A473: ='BC.116+240'!B472 -> 45747 | B473: =+B472+1 -> 459 | C473: ='BC.116+240'!M472/1000 -> 5.336 | D473: ='BC.116+240'!AA472 -> 6.877 | E473: ='BC.116+240'!AB472 -> 3.802 | F473: =VLOOKUP($A473,'BC.116+240'!$B$13:$X$4890,8,0)/1000 -> 2.447 | G473: =VLOOKUP($A473,'BC.116+240'!$B$13:$X$4890,9,0)/1000 -> -1.553 | H473: =VLOOKUP($A473,'BC.116+240'!$B$13:$X$4890,14,0)/1000 -> 2.306 | I473: =VLOOKUP($A473,'BC.116+240'!$B$13:$X$4890,15,0)/1000 -> -1.694 | J473: =VLOOKUP($A473,'BC.116+240'!$B$13:$X$4890,20,0)/1000 -> 2.609 | K473: =VLOOKUP($A473,'BC.116+240'!$B$13:$X$4890,21,0)/1000 -> -1.391 | L473: =(G473-$G$14)*1000 -> -1593 | M473: =(I473-$I$14)*1000 -> -1614 | N473: =(K473-$K$14)*1000 -> -1361
