Workbook

Sheet QTL-KM117+100
A1: BẢNG SỐ LIỆU QUAN TRẮC THIẾT BỊ ĐO LÚN MẶT
A2: I. SỐ ĐỌC BAN ĐẦU
A3: Vùng (Đường) | B3: Bàn quan trắc lún | D3: Ngày lắp đặt | F3: =+"Cao trình nghiệm thu [m] ("&TEXT(A15,"dd/mm/yy")&")" -> Cao trình nghiệm thu [m] (25/07/25) | L3: Tọa độ | P3: Mốc tọa độ tham chiếu
F4: Cao trình MĐTN | G4: Cao trình đắp | I4: Cao trình đỉnh ống | K4: Cao trình tấm đế | L4: X [m] | N4: Y [m]
A5: VÙNG 2A (ĐƯỜNG N1) | B5: SSP2-4 | P5: CS3
B6: SSP2-5 | P6: Tọa độ [m]
B7: SSP2-6
A9: II. SỐ LIỆU QUAN TRẮC
A10: Ngày quan trắc | B10: ĐỘ LÚN TRÁI | G10: ĐỘ LÚN TIM | L10: ĐỘ LÚN PHẢI | Q10: Áp Đ.hồ Pvac | R10: Ghi chú
B11: Thời gian tích lũy | C11: Cao độ đắp | D11: Cao độ bàn đo lún | E11: Chiều cao đắp | F11: Độ lún | G11: Thời gian tích lũy | H11: Cao độ đắp | I11: Cao độ bàn đo lún | J11: Chiều cao đắp | K11: Độ lún | L11: Thời gian tích lũy | M11: Cao độ đắp | N11: Cao độ bàn đo lún | O11: Chiều cao đắp | P11: Độ lún
B13: [Ngày] | C13: [mm] | D13: [m.m] | E13: [mm] | F13: [m.m] | G13: [Ngày] | H13: [mm] | I13: [m.m] | J13: [mm] | K13: [m.m] | L13: [Ngày] | M13: [mm] | N13: [m.m] | O13: [mm] | P13: [m.m] | Q13: [kPa]
A14: 1 | B14: =+A14+1 -> 2 | C14: =+B14+1 -> 3 | D14: =+C14+1 -> 4 | E14: =+D14+1 -> 5 | F14: =+E14+1 -> 6 | G14: =+F14+1 -> 7 | H14: =+G14+1 -> 8 | I14: =+H14+1 -> 9 | ... R14: =+Q14+1 -> 18
A15: 45863 | B15: 1 | C15: 1821 | D15: -559 | E15: =C15-D15 -> 2380 | F15: 0 | G15: 1 | H15: 1766 | I15: -619 | J15: =H15-I15 -> 2385 | K15: 0 | L15: 1 | M15: 1811 | N15: -449 | O15: =M15-N15 -> 2260 | P15: 0
A16: 45864 | B16: 1 | C16: =$C$15-F16 -> 1810 | D16: -570 | E16: =C16-D16 -> 2380 | F16: =$D$15-D16 -> 11 | G16: 1 | H16: =$H$15-K16 -> 1745 | I16: -640 | J16: =H16-I16 -> 2385 | K16: =$I$15-I16 -> 21 | L16: 1 | M16: =$M$15-P16 -> 1803 | N16: -457 | O16: =M16-N16 -> 2260 | P16: =$N$15-N16 -> 8
A17: 45865 | B17: 1 | C17: =$C$15-F17 -> 1791 | D17: -589 | E17: =C17-D17 -> 2380 | F17: =$D$15-D17 -> 30 | G17: 1 | H17: =$H$15-K17 -> 1721 | I17: -664 | J17: =H17-I17 -> 2385 | K17: =$I$15-I17 -> 45 | L17: 1 | M17: =$M$15-P17 -> 1795 | N17: -465 | O17: =M17-N17 -> 2260 | P17: =$N$15-N17 -> 16
A18: 45866 | B18: 1 | C18: =$C$15-F18 -> 1772 | D18: -608 | E18: =C18-D18 -> 2380 | F18: =$D$15-D18 -> 49 | G18: 1 | H18: =$H$15-K18 -> 1697 | I18: -688 | J18: =H18-I18 -> 2385 | K18: =$I$15-I18 -> 69 | L18: 1 | M18: =$M$15-P18 -> 1787 | N18: -473 | O18: =M18-N18 -> 2260 | P18: =$N$15-N18 -> 24
A19: 45867 | B19: 1 | C19: =$C$15-F19 -> 1753 | D19: -627 | E19: =C19-D19 -> 2380 | F19: =$D$15-D19 -> 68 | G19: 1 | H19: =$H$15-K19 -> 1665 | I19: -720 | J19: =H19-I19 -> 2385 | K19: =$I$15-I19 -> 101 | L19: 1 | M19: =$M$15-P19 -> 1785 | N19: -475 | O19: =M19-N19 -> 2260 | P19: =$N$15-N19 -> 26
A20: 45868 | B20: 1 | C20: =$C$15-F20 -> 1740 | D20: -640 | E20: =C20-D20 -> 2380 | F20: =$D$15-D20 -> 81 | G20: 1 | H20: =$H$15-K20 -> 1637 | I20: -748 | J20: =H20-I20 -> 2385 | K20: =$I$15-I20 -> 129 | L20: 1 | M20: =$M$15-P20 -> 1765 | N20: -495 | O20: =M20-N20 -> 2260 | P20: =$N$15-N20 -> 46
A21: 45869 | B21: 1 | C21: =$C$15-F21 -> 1714 | D21: -666 | E21: =C21-D21 -> 2380 | F21: =$D$15-D21 -> 107 | G21: 1 | H21: =$H$15-K21 -> 1609 | I21: -776 | J21: =H21-I21 -> 2385 | K21: =$I$15-I21 -> 157 | L21: 1 | M21: =$M$15-P21 -> 1739 | N21: -521 | O21: =M21-N21 -> 2260 | P21: =$N$15-N21 -> 72
A22: 45870 | B22: 1 | C22: =$C$15-F22 -> 1688 | D22: -692 | E22: =C22-D22 -> 2380 | F22: =$D$15-D22 -> 133 | G22: 1 | H22: =$H$15-K22 -> 1581 | I22: -804 | J22: =H22-I22 -> 2385 | K22: =$I$15-I22 -> 185 | L22: 1 | M22: =$M$15-P22 -> 1713 | N22: -547 | O22: =M22-N22 -> 2260 | P22: =$N$15-N22 -> 98
A23: 45871 | B23: 1 | C23: =$C$15-F23 -> 1662 | D23: -718 | E23: =C23-D23 -> 2380 | F23: =$D$15-D23 -> 159 | G23: 1 | H23: =$H$15-K23 -> 1553 | I23: -832 | J23: =H23-I23 -> 2385 | K23: =$I$15-I23 -> 213 | L23: 1 | M23: =$M$15-P23 -> 1687 | N23: -573 | O23: =M23-N23 -> 2260 | P23: =$N$15-N23 -> 124
A24: 45872 | B24: 1 | C24: =$C$15-F24 -> 1636 | D24: -744 | E24: =C24-D24 -> 2380 | F24: =$D$15-D24 -> 185 | G24: 1 | H24: =$H$15-K24 -> 1525 | I24: -860 | J24: =H24-I24 -> 2385 | K24: =$I$15-I24 -> 241 | L24: 1 | M24: =$M$15-P24 -> 1661 | N24: -599 | O24: =M24-N24 -> 2260 | P24: =$N$15-N24 -> 150
A25: 45873 | B25: 1 | C25: =$C$15-F25 -> 1610 | D25: -770 | E25: =C25-D25 -> 2380 | F25: =$D$15-D25 -> 211 | G25: 1 | H25: =$H$15-K25 -> 1497 | I25: -888 | J25: =H25-I25 -> 2385 | K25: =$I$15-I25 -> 269 | L25: 1 | M25: =$M$15-P25 -> 1635 | N25: -625 | O25: =M25-N25 -> 2260 | P25: =$N$15-N25 -> 176
A26: 45874 | B26: 1 | C26: 2194 | D26: -796 | E26: =C26-D26 -> 2990 | F26: =$D$15-D26 -> 237 | G26: 1 | H26: 2194 | I26: -916 | J26: =H26-I26 -> 3110 | K26: =$I$15-I26 -> 297 | L26: 1 | M26: 2194 | N26: -651 | O26: =M26-N26 -> 2845 | P26: =$N$15-N26 -> 202

Sheet QTL-KM117+200
A1: BẢNG SỐ LIỆU QUAN TRẮC THIẾT BỊ ĐO LÚN MẶT
A2: I. SỐ ĐỌC BAN ĐẦU
A3: Vùng (Đường) | B3: Bàn quan trắc lún | D3: Ngày lắp đặt | F3: =+"Cao trình nghiệm thu [m] ("&TEXT(A15,"dd/mm/yy")&")" -> Cao trình nghiệm thu [m] (10/06/25) | L3: Tọa độ | P3: Mốc tọa độ tham chiếu
F4: Cao trình MĐTN | G4: Cao trình đắp | I4: Cao trình đỉnh ống | K4: Cao trình tấm đế | L4: X [m] | N4: Y [m]
A5: VÙNG 2A (ĐƯỜNG N1) | B5: SSP2-4 | P5: CS3
B6: SSP2-5 | P6: Tọa độ [m]
B7: SSP2-6
A9: II. SỐ LIỆU QUAN TRẮC
A10: Ngày quan trắc | B10: ĐỘ LÚN TRÁI | G10: ĐỘ LÚN TIM | L10: ĐỘ LÚN PHẢI | Q10: Áp Đ.hồ Pvac | R10: Ghi chú
B11: Thời gian tích lũy | C11: Cao độ đắp | D11: Cao độ bàn đo lún | E11: Chiều cao đắp | F11: Độ lún | G11: Thời gian tích lũy | H11: Cao độ đắp | I11: Cao độ bàn đo lún | J11: Chiều cao đắp | K11: Độ lún | L11: Thời gian tích lũy | M11: Cao độ đắp | N11: Cao độ bàn đo lún | O11: Chiều cao đắp | P11: Độ lún
B13: [Ngày] | C13: [mm] | D13: [m.m] | E13: [mm] | F13: [m.m] | G13: [Ngày] | H13: [mm] | I13: [m.m] | J13: [mm] | K13: [m.m] | L13: [Ngày] | M13: [mm] | N13: [m.m] | O13: [mm] | P13: [m.m] | Q13: [kPa]
A14: 1 | B14: =+A14+1 -> 2 | C14: =+B14+1 -> 3 | D14: =+C14+1 -> 4 | E14: =+D14+1 -> 5 | F14: =+E14+1 -> 6 | G14: =+F14+1 -> 7 | H14: =+G14+1 -> 8 | I14: =+H14+1 -> 9 | ... R14: =+Q14+1 -> 18
A15: 45818 | B15: 1 | C15: 1380 | D15: -1193 | E15: =C15-D15 -> 2573 | F15: 0 | G15: 1 | H15: 1460 | I15: -910 | J15: =H15-I15 -> 2370 | K15: 0 | L15: 1 | M15: 1490 | N15: -851 | O15: =M15-N15 -> 2341 | P15: 0
A16: 45819 | B16: 1 | C16: =$C$15-F16 -> 1377 | D16: -1196 | E16: =C16-D16 -> 2573 | F16: =$D$15-D16 -> 3 | G16: 1 | H16: =$H$15-K16 -> 1455 | I16: -915 | J16: =H16-I16 -> 2370 | K16: =$I$15-I16 -> 5 | L16: 1 | M16: =$M$15-P16 -> 1484 | N16: -857 | O16: =M16-N16 -> 2341 | P16: =$N$15-N16 -> 6
A17: 45820 | B17: 1 | C17: =$C$15-F17 -> 1374 | D17: -1199 | E17: =C17-D17 -> 2573 | F17: =$D$15-D17 -> 6 | G17: 1 | H17: =$H$15-K17 -> 1450 | I17: -920 | J17: =H17-I17 -> 2370 | K17: =$I$15-I17 -> 10 | L17: 1 | M17: =$M$15-P17 -> 1478 | N17: -863 | O17: =M17-N17 -> 2341 | P17: =$N$15-N17 -> 12
A18: 45821 | B18: 1 | C18: =$C$15-F18 -> 1371 | D18: -1202 | E18: =C18-D18 -> 2573 | F18: =$D$15-D18 -> 9 | G18: 1 | H18: =$H$15-K18 -> 1445 | I18: -925 | J18: =H18-I18 -> 2370 | K18: =$I$15-I18 -> 15 | L18: 1 | M18: =$M$15-P18 -> 1472 | N18: -869 | O18: =M18-N18 -> 2341 | P18: =$N$15-N18 -> 18
A19: 45822 | B19: 1 | C19: =$C$15-F19 -> 1368 | D19: -1205 | E19: =C19-D19 -> 2573 | F19: =$D$15-D19 -> 12 | G19: 1 | H19: =$H$15-K19 -> 1440 | I19: -930 | J19: =H19-I19 -> 2370 | K19: =$I$15-I19 -> 20 | L19: 1 | M19: =$M$15-P19 -> 1466 | N19: -875 | O19: =M19-N19 -> 2341 | P19: =$N$15-N19 -> 24
A20: 45823 | B20: 1 | C20: =$C$15-F20 -> 1368 | D20: -1205 | E20: =C20-D20 -> 2573 | F20: =$D$15-D20 -> 12 | G20: 1 | H20: =$H$15-K20 -> 1436 | I20: -934 | J20: =H20-I20 -> 2370 | K20: =$I$15-I20 -> 24 | L20: 1 | M20: =$M$15-P20 -> 1461 | N20: -880 | O20: =M20-N20 -> 2341 | P20: =$N$15-N20 -> 29
A21: 45824 | B21: 1 | C21: =$C$15-F21 -> 1359 | D21: -1214 | E21: =C21-D21 -> 2573 | F21: =$D$15-D21 -> 21 | G21: 1 | H21: =$H$15-K21 -> 1422 | I21: -948 | J21: =H21-I21 -> 2370 | K21: =$I$15-I21 -> 38 | L21: 1 | M21: =$M$15-P21 -> 1456 | N21: -885 | O21: =M21-N21 -> 2341 | P21: =$N$15-N21 -> 34
A22: 45825 | B22: 1 | C22: =$C$15-F22 -> 1350 | D22: -1223 | E22: =C22-D22 -> 2573 | F22: =$D$15-D22 -> 30 | G22: 1 | H22: =$H$15-K22 -> 1410 | I22: -960 | J22: =H22-I22 -> 2370 | K22: =$I$15-I22 -> 50 | L22: 1 | M22: =$M$15-P22 -> 1451 | N22: -890 | O22: =M22-N22 -> 2341 | P22: =$N$15-N22 -> 39
A23: 45826 | B23: 1 | C23: =$C$15-F23 -> 1341 | D23: -1232 | E23: =C23-D23 -> 2573 | F23: =$D$15-D23 -> 39 | G23: 1 | H23: =$H$15-K23 -> 1400 | I23: -970 | J23: =H23-I23 -> 2370 | K23: =$I$15-I23 -> 60 | L23: 1 | M23: =$M$15-P23 -> 1446 | N23: -895 | O23: =M23-N23 -> 2341 | P23: =$N$15-N23 -> 44
A24: 45827 | B24: 1 | C24: =$C$15-F24 -> 1332 | D24: -1241 | E24: =C24-D24 -> 2573 | F24: =$D$15-D24 -> 48 | G24: 1 | H24: =$H$15-K24 -> 1390 | I24: -980 | J24: =H24-I24 -> 2370 | K24: =$I$15-I24 -> 70 | L24: 1 | M24: =$M$15-P24 -> 1441 | N24: -900 | O24: =M24-N24 -> 2341 | P24: =$N$15-N24 -> 49
A25: 45828 | B25: 1 | C25: =$C$15-F25 -> 1323 | D25: -1250 | E25: =C25-D25 -> 2573 | F25: =$D$15-D25 -> 57 | G25: 1 | H25: =$H$15-K25 -> 1380 | I25: -990 | J25: =H25-I25 -> 2370 | K25: =$I$15-I25 -> 80 | L25: 1 | M25: =$M$15-P25 -> 1436 | N25: -905 | O25: =M25-N25 -> 2341 | P25: =$N$15-N25 -> 54
A26: 45829 | B26: 1 | C26: =$C$15-F26 -> 1314 | D26: -1259 | E26: =C26-D26 -> 2573 | F26: =$D$15-D26 -> 66 | G26: 1 | H26: =$H$15-K26 -> 1350 | I26: -1020 | J26: =H26-I26 -> 2370 | K26: =$I$15-I26 -> 110 | L26: 1 | M26: =$M$15-P26 -> 1431 | N26: -910 | O26: =M26-N26 -> 2341 | P26: =$N$15-N26 -> 59
A27: 45830 | B27: 1 | C27: =$C$15-F27 -> 1283 | D27: -1290 | E27: =C27-D27 -> 2573 | F27: =$D$15-D27 -> 97 | G27: 1 | H27: =$H$15-K27 -> 1320 | I27: -1050 | J27: =H27-I27 -> 2370 | K27: =$I$15-I27 -> 140 | L27: 1 | M27: =$M$15-P27 -> 1416 | N27: -925 | O27: =M27-N27 -> 2341 | P27: =$N$15-N27 -> 74
... A61: 45864 | B61: 1 | C61: =$C$15-F61 -> 1125 | D61: -1448 | E61: =C61-D61 -> 2573 | F61: =$D$15-D61 -> 255 | G61: 1 | H61: =$H$15-K61 -> 1124 | I61: -1246 | J61: =H61-I61 -> 2370 | K61: =$I$15-I61 -> 336 | L61: 1 | M61: =$M$15-P61 -> 1284 | N61: -1057 | O61: =M61-N61 -> 2341 | P61: =$N$15-N61 -> 206
A62: 45865 | B62: 1 | C62: =$C$15-F62 -> 1120 | D62: -1453 | E62: =C62-D62 -> 2573 | F62: =$D$15-D62 -> 260 | G62: 1 | H62: 1075 | I62: -1251 | J62: =H62-I62 -> 2326 | K62: =$I$15-I62 -> 341 | L62: 1 | M62: =$M$15-P62 -> 1280 | N62: -1061 | O62: =M62-N62 -> 2341 | P62: =$N$15-N62 -> 210 | S62: =I62-I15 -> -341 | T62: =A62-A15 -> 47
A63: 45866 | B63: 1 | C63: =$C$15-F63 -> 1115 | D63: -1458 | E63: =C63-D63 -> 2573 | F63: =$D$15-D63 -> 265 | G63: 1 | H63: =$H$15-K63 -> 1094 | I63: -1276 | J63: =H63-I63 -> 2370 | K63: =$I$15-I63 -> 366 | L63: 1 | M63: =$M$15-P63 -> 1276 | N63: -1065 | O63: =M63-N63 -> 2341 | P63: =$N$15-N63 -> 214 | T63: =S62/T62 -> -7.2553191
A64: 45867 | B64: 1 | C64: =$C$15-F64 -> 1102 | D64: -1471 | E64: =C64-D64 -> 2573 | F64: =$D$15-D64 -> 278 | G64: 1 | H64: 1076 | I64: -1293 | J64: =H64-I64 -> 2369 | K64: =$I$15-I64 -> 383 | L64: 1 | M64: =$M$15-P64 -> 1272 | N64: -1069 | O64: =M64-N64 -> 2341 | P64: =$N$15-N64 -> 218
A65: 45868 | B65: 1 | C65: =$C$15-F65 -> 1088 | D65: -1485 | E65: =C65-D65 -> 2573 | F65: =$D$15-D65 -> 292 | G65: 1 | H65: =$H$15-K65 -> 1060 | I65: -1310 | J65: =H65-I65 -> 2370 | K65: =$I$15-I65 -> 400 | L65: 1 | M65: =$M$15-P65 -> 1268 | N65: -1073 | O65: =M65-N65 -> 2341 | P65: =$N$15-N65 -> 222
A66: 45869 | B66: 1 | C66: =$C$15-F66 -> 1074 | D66: -1499 | E66: =C66-D66 -> 2573 | F66: =$D$15-D66 -> 306 | G66: 1 | H66: 1077 | I66: -1327 | J66: =H66-I66 -> 2404 | K66: =$I$15-I66 -> 417 | L66: 1 | M66: =$M$15-P66 -> 1262 | N66: -1079 | O66: =M66-N66 -> 2341 | P66: =$N$15-N66 -> 228
A67: 45870 | B67: 1 | C67: =$C$15-F67 -> 1060 | D67: -1513 | E67: =C67-D67 -> 2573 | F67: =$D$15-D67 -> 320 | G67: 1 | H67: =$H$15-K67 -> 1026 | I67: -1344 | J67: =H67-I67 -> 2370 | K67: =$I$15-I67 -> 434 | L67: 1 | M67: =$M$15-P67 -> 1250 | N67: -1091 | O67: =M67-N67 -> 2341 | P67: =$N$15-N67 -> 240
A68: 45871 | B68: 1 | C68: =$C$15-F68 -> 1046 | D68: -1527 | E68: =C68-D68 -> 2573 | F68: =$D$15-D68 -> 334 | G68: 1 | H68: 1078 | I68: -1361 | J68: =H68-I68 -> 2439 | K68: =$I$15-I68 -> 451 | L68: 1 | M68: =$M$15-P68 -> 1232 | N68: -1109 | O68: =M68-N68 -> 2341 | P68: =$N$15-N68 -> 258
A69: 45872 | B69: 1 | C69: =$C$15-F69 -> 1032 | D69: -1541 | E69: =C69-D69 -> 2573 | F69: =$D$15-D69 -> 348 | G69: 1 | H69: =$H$15-K69 -> 992 | I69: -1378 | J69: =H69-I69 -> 2370 | K69: =$I$15-I69 -> 468 | L69: 1 | M69: =$M$15-P69 -> 1214 | N69: -1127 | O69: =M69-N69 -> 2341 | P69: =$N$15-N69 -> 276
A70: 45873 | B70: 1 | C70: =$C$15-F70 -> 1018 | D70: -1555 | E70: =C70-D70 -> 2573 | F70: =$D$15-D70 -> 362 | G70: 1 | H70: 1079 | I70: -1395 | J70: =H70-I70 -> 2474 | K70: =$I$15-I70 -> 485 | L70: 1 | M70: =$M$15-P70 -> 1196 | N70: -1145 | O70: =M70-N70 -> 2341 | P70: =$N$15-N70 -> 294
A71: 45874 | B71: 1 | C71: 1474 | D71: -1569 | E71: =C71-D71 -> 3043 | F71: =$D$15-D71 -> 376 | G71: 1 | H71: 1474 | I71: -1412 | J71: =H71-I71 -> 2886 | K71: =$I$15-I71 -> 502 | L71: 1 | M71: 1474 | N71: -1163 | O71: =M71-N71 -> 2637 | P71: =$N$15-N71 -> 312

Sheet QTL-KM117+300
A1: BẢNG SỐ LIỆU QUAN TRẮC THIẾT BỊ ĐO LÚN MẶT
A2: I. SỐ ĐỌC BAN ĐẦU
A3: Vùng (Đường) | B3: Bàn quan trắc lún | D3: Ngày lắp đặt | F3: =+"Cao trình nghiệm thu [m] ("&TEXT(A15,"dd/mm/yy")&")" -> Cao trình nghiệm thu [m] (10/06/25) | M3: Tọa độ | Q3: Mốc tọa độ tham chiếu
F4: Cao trình MĐTN | H4: Cao trình đắp | J4: Cao trình đỉnh ống | L4: Cao trình tấm đế | M4: X [m] | O4: Y [m]
A5: VÙNG 2A (ĐƯỜNG N1) | B5: SSP2-4 | Q5: CS3
B6: SSP2-5 | Q6: Tọa độ [m]
B7: SSP2-6
A9: II. SỐ LIỆU QUAN TRẮC
A10: Ngày quan trắc | B10: ĐỘ LÚN TRÁI | H10: ĐỘ LÚN TIM | M10: ĐỘ LÚN PHẢI | R10: Áp Đ.hồ Pvac | S10: Ghi chú
B11: Thời gian tích lũy | C11: Cao độ đắp | D11: Cao độ bàn đo lún | E11: Chiều cao đắp | F11: Độ lún | H11: Thời gian tích lũy | I11: Cao độ đắp | J11: Cao độ bàn đo lún | K11: Chiều cao đắp | L11: Độ lún | M11: Thời gian tích lũy | N11: Cao độ đắp | O11: Cao độ bàn đo lún | P11: Chiều cao đắp | Q11: Độ lún
B13: [Ngày] | C13: [mm] | D13: [m.m] | E13: [mm] | F13: [m.m] | H13: [Ngày] | I13: [mm] | J13: [m.m] | K13: [mm] | L13: [m.m] | M13: [Ngày] | N13: [mm] | O13: [m.m] | P13: [mm] | Q13: [m.m] | R13: [kPa]
A14: 1 | B14: =+A14+1 -> 2 | C14: =+B14+1 -> 3 | D14: =+C14+1 -> 4 | E14: =+D14+1 -> 5 | F14: =+E14+1 -> 6 | H14: =+F14+1 -> 7 | I14: =+H14+1 -> 8 | J14: =+I14+1 -> 9 | K14: =+J14+1 -> 10 | L14: =+K14+1 -> 11 | M14: =+L14+1 -> 12 | N14: =+M14+1 -> 13 | O14: =+N14+1 -> 14 | P14: =+O14+1 -> 15 | ... S14: =+R14+1 -> 18
A15: 45818 | B15: 1 | C15: 1585 | D15: -204 | E15: =C15-D15 -> 1789 | F15: 0 | H15: 1 | I15: 1460 | J15: -310 | K15: =I15-J15 -> 1770 | L15: 0 | M15: 1 | N15: 1510 | O15: -417 | P15: =N15-O15 -> 1927 | Q15: 0
A16: 45819 | B16: 1 | C16: =$C$15-F16 -> 1584 | D16: -205 | E16: =C16-D16 -> 1789 | F16: =$D$15-D16 -> 1 | H16: 1 | I16: =$I$15-L16 -> 1459 | J16: -311 | K16: =I16-J16 -> 1770 | L16: =$J$15-J16 -> 1 | M16: 1 | N16: =$N$15-Q16 -> 1509 | O16: -418 | P16: =N16-O16 -> 1927 | Q16: =$O$15-O16 -> 1
A17: 45820 | B17: 1 | C17: =$C$15-F17 -> 1583 | D17: -206 | E17: =C17-D17 -> 1789 | F17: =$D$15-D17 -> 2 | H17: 1 | I17: =$I$15-L17 -> 1458 | J17: -312 | K17: =I17-J17 -> 1770 | L17: =$J$15-J17 -> 2 | M17: 1 | N17: =$N$15-Q17 -> 1508 | O17: -419 | P17: =N17-O17 -> 1927 | Q17: =$O$15-O17 -> 2
A18: 45821 | B18: 1 | C18: =$C$15-F18 -> 1582 | D18: -207 | E18: =C18-D18 -> 1789 | F18: =$D$15-D18 -> 3 | H18: 1 | I18: =$I$15-L18 -> 1457 | J18: -313 | K18: =I18-J18 -> 1770 | L18: =$J$15-J18 -> 3 | M18: 1 | N18: =$N$15-Q18 -> 1507 | O18: -420 | P18: =N18-O18 -> 1927 | Q18: =$O$15-O18 -> 3
A19: 45822 | B19: 1 | C19: =$C$15-F19 -> 1581 | D19: -208 | E19: =C19-D19 -> 1789 | F19: =$D$15-D19 -> 4 | H19: 1 | I19: =$I$15-L19 -> 1445 | J19: -325 | K19: =I19-J19 -> 1770 | L19: =$J$15-J19 -> 15 | M19: 1 | N19: =$N$15-Q19 -> 1507 | O19: -420 | P19: =N19-O19 -> 1927 | Q19: =$O$15-O19 -> 3
A20: 45823 | B20: 1 | C20: =$C$15-F20 -> 1574 | D20: -215 | E20: =C20-D20 -> 1789 | F20: =$D$15-D20 -> 11 | H20: 1 | I20: =$I$15-L20 -> 1433 | J20: -337 | K20: =I20-J20 -> 1770 | L20: =$J$15-J20 -> 27 | M20: 1 | N20: =$N$15-Q20 -> 1505 | O20: -422 | P20: =N20-O20 -> 1927 | Q20: =$O$15-O20 -> 5
A21: 45824 | B21: 1 | C21: =$C$15-F21 -> 1567 | D21: -222 | E21: =C21-D21 -> 1789 | F21: =$D$15-D21 -> 18 | H21: 1 | I21: =$I$15-L21 -> 1421 | J21: -349 | K21: =I21-J21 -> 1770 | L21: =$J$15-J21 -> 39 | M21: 1 | N21: =$N$15-Q21 -> 1500 | O21: -427 | P21: =N21-O21 -> 1927 | Q21: =$O$15-O21 -> 10
A22: 45825 | B22: 1 | C22: =$C$15-F22 -> 1560 | D22: -229 | E22: =C22-D22 -> 1789 | F22: =$D$15-D22 -> 25 | H22: 1 | I22: =$I$15-L22 -> 1409 | J22: -361 | K22: =I22-J22 -> 1770 | L22: =$J$15-J22 -> 51 | M22: 1 | N22: =$N$15-Q22 -> 1495 | O22: -432 | P22: =N22-O22 -> 1927 | Q22: =$O$15-O22 -> 15
A23: 45826 | B23: 1 | C23: =$C$15-F23 -> 1553 | D23: -236 | E23: =C23-D23 -> 1789 | F23: =$D$15-D23 -> 32 | H23: 1 | I23: =$I$15-L23 -> 1397 | J23: -373 | K23: =I23-J23 -> 1770 | L23: =$J$15-J23 -> 63 | M23: 1 | N23: =$N$15-Q23 -> 1490 | O23: -437 | P23: =N23-O23 -> 1927 | Q23: =$O$15-O23 -> 20
A24: 45827 | B24: 1 | C24: =$C$15-F24 -> 1546 | D24: -243 | E24: =C24-D24 -> 1789 | F24: =$D$15-D24 -> 39 | H24: 1 | I24: =$I$15-L24 -> 1390 | J24: -380 | K24: =I24-J24 -> 1770 | L24: =$J$15-J24 -> 70 | M24: 1 | N24: =$N$15-Q24 -> 1485 | O24: -442 | P24: =N24-O24 -> 1927 | Q24: =$O$15-O24 -> 25
A25: 45828 | B25: 1 | C25: =$C$15-F25 -> 1539 | D25: -250 | E25: =C25-D25 -> 1789 | F25: =$D$15-D25 -> 46 | H25: 1 | I25: =$I$15-L25 -> 1385 | J25: -385 | K25: =I25-J25 -> 1770 | L25: =$J$15-J25 -> 75 | M25: 1 | N25: =$N$15-Q25 -> 1480 | O25: -447 | P25: =N25-O25 -> 1927 | Q25: =$O$15-O25 -> 30
A26: 45829 | B26: 1 | C26: =$C$15-F26 -> 1535 | D26: -254 | E26: =C26-D26 -> 1789 | F26: =$D$15-D26 -> 50 | H26: 1 | I26: =$I$15-L26 -> 1380 | J26: -390 | K26: =I26-J26 -> 1770 | L26: =$J$15-J26 -> 80 | M26: 1 | N26: =$N$15-Q26 -> 1475 | O26: -452 | P26: =N26-O26 -> 1927 | Q26: =$O$15-O26 -> 35
A27: 45830 | B27: 1 | C27: =$C$15-F27 -> 1519 | D27: -270 | E27: =C27-D27 -> 1789 | F27: =$D$15-D27 -> 66 | H27: 1 | I27: =$I$15-L27 -> 1355 | J27: -415 | K27: =I27-J27 -> 1770 | L27: =$J$15-J27 -> 105 | M27: 1 | N27: =$N$15-Q27 -> 1462 | O27: -465 | P27: =N27-O27 -> 1927 | Q27: =$O$15-O27 -> 48
... A56: 45859 | B56: 1 | C56: =$C$15-F56 -> 1419 | D56: -370 | E56: =C56-D56 -> 1789 | F56: =$D$15-D56 -> 166 | H56: 1 | I56: =$I$15-L56 -> 1206 | J56: -564 | K56: =I56-J56 -> 1770 | L56: =$J$15-J56 -> 254 | M56: 1 | N56: =$N$15-Q56 -> 1385 | O56: -542 | P56: =N56-O56 -> 1927 | Q56: =$O$15-O56 -> 125
A57: 45860 | B57: 1 | C57: =$C$15-F57 -> 1417 | D57: -372 | E57: =C57-D57 -> 1789 | F57: =$D$15-D57 -> 168 | G57: =F57-F56 -> 2 | H57: 1 | I57: =$I$15-L57 -> 1204 | J57: -566 | K57: =I57-J57 -> 1770 | L57: =$J$15-J57 -> 256 | M57: 1 | N57: =$N$15-Q57 -> 1382 | O57: -545 | P57: =N57-O57 -> 1927 | Q57: =$O$15-O57 -> 128
A58: 45861 | B58: 1 | C58: =$C$15-F58 -> 1413 | D58: -376 | E58: =C58-D58 -> 1789 | F58: =$D$15-D58 -> 172 | H58: 1 | I58: =$I$15-L58 -> 1202 | J58: -568 | K58: =I58-J58 -> 1770 | L58: =$J$15-J58 -> 258 | M58: 1 | N58: =$N$15-Q58 -> 1379 | O58: -548 | P58: =N58-O58 -> 1927 | Q58: =$O$15-O58 -> 131
A59: 45862 | B59: 1 | C59: =$C$15-F59 -> 1409 | D59: -380 | E59: =C59-D59 -> 1789 | F59: =$D$15-D59 -> 176 | H59: 1 | I59: =$I$15-L59 -> 1200 | J59: -570 | K59: =I59-J59 -> 1770 | L59: =$J$15-J59 -> 260 | M59: 1 | N59: =$N$15-Q59 -> 1376 | O59: -551 | P59: =N59-O59 -> 1927 | Q59: =$O$15-O59 -> 134
A60: 45863 | B60: 1 | C60: =$C$15-F60 -> 1405 | D60: -384 | E60: =C60-D60 -> 1789 | F60: =$D$15-D60 -> 180 | H60: 1 | I60: =$I$15-L60 -> 1198 | J60: -572 | K60: =I60-J60 -> 1770 | L60: =$J$15-J60 -> 262 | M60: 1 | N60: =$N$15-Q60 -> 1373 | O60: -554 | P60: =N60-O60 -> 1927 | Q60: =$O$15-O60 -> 137
A61: 45864 | B61: 1 | C61: =$C$15-F61 -> 1401 | D61: -388 | E61: =C61-D61 -> 1789 | F61: =$D$15-D61 -> 184 | H61: 1 | I61: =$I$15-L61 -> 1196 | J61: -574 | K61: =I61-J61 -> 1770 | L61: =$J$15-J61 -> 264 | M61: 1 | N61: =$N$15-Q61 -> 1370 | O61: -557 | P61: =N61-O61 -> 1927 | Q61: =$O$15-O61 -> 140
A62: 45865 | B62: 1 | C62: 1370 | D62: -392 | E62: =C62-D62 -> 1762 | F62: =$D$15-D62 -> 188 | H62: 1 | I62: 1200 | J62: -576 | K62: =I62-J62 -> 1776 | L62: =$J$15-J62 -> 266 | M62: 1 | N62: =$N$15-Q62 -> 1367 | O62: -560 | P62: =N62-O62 -> 1927 | Q62: =$O$15-O62 -> 143
A63: 45866 | B63: 1 | C63: =$C$15-F63 -> 1393 | D63: -396 | E63: =C63-D63 -> 1789 | F63: =$D$15-D63 -> 192 | H63: 1 | I63: =$I$15-L63 -> 1192 | J63: -578 | K63: =I63-J63 -> 1770 | L63: =$J$15-J63 -> 268 | M63: 1 | N63: =$N$15-Q63 -> 1364 | O63: -563 | P63: =N63-O63 -> 1927 | Q63: =$O$15-O63 -> 146
A64: 45867 | B64: 1 | C64: 1371 | D64: -412 | E64: =C64-D64 -> 1783 | F64: =$D$15-D64 -> 208 | H64: 1 | I64: 1201 | J64: -580 | K64: =I64-J64 -> 1781 | L64: =$J$15-J64 -> 270 | M64: 1 | N64: =$N$15-Q64 -> 1361 | O64: -566 | P64: =N64-O64 -> 1927 | Q64: =$O$15-O64 -> 149
A65: 45868 | B65: 1 | C65: =$C$15-F65 -> 1369 | D65: -420 | E65: =C65-D65 -> 1789 | F65: =$D$15-D65 -> 216 | H65: 1 | I65: =$I$15-L65 -> 1188 | J65: -582 | K65: =I65-J65 -> 1770 | L65: =$J$15-J65 -> 272 | M65: 1 | N65: =$N$15-Q65 -> 1339 | O65: -588 | P65: =N65-O65 -> 1927 | Q65: =$O$15-O65 -> 171
A66: 45869 | B66: 1 | C66: 1372 | D66: -428 | E66: =C66-D66 -> 1800 | F66: =$D$15-D66 -> 224 | H66: 1 | I66: 1202 | J66: -616 | K66: =I66-J66 -> 1818 | L66: =$J$15-J66 -> 306 | M66: 1 | N66: =$N$15-Q66 -> 1331 | O66: -596 | P66: =N66-O66 -> 1927 | Q66: =$O$15-O66 -> 179
A67: 45870 | B67: 1 | C67: =$C$15-F67 -> 1353 | D67: -436 | E67: =C67-D67 -> 1789 | F67: =$D$15-D67 -> 232 | H67: 1 | I67: =$I$15-L67 -> 1138 | J67: -632 | K67: =I67-J67 -> 1770 | L67: =$J$15-J67 -> 322 | M67: 1 | N67: =$N$15-Q67 -> 1323 | O67: -604 | P67: =N67-O67 -> 1927 | Q67: =$O$15-O67 -> 187
A68: 45871 | B68: 1 | C68: 1373 | D68: -444 | E68: =C68-D68 -> 1817 | F68: =$D$15-D68 -> 240 | H68: 1 | I68: 1203 | J68: -648 | K68: =I68-J68 -> 1851 | L68: =$J$15-J68 -> 338 | M68: 1 | N68: =$N$15-Q68 -> 1315 | O68: -612 | P68: =N68-O68 -> 1927 | Q68: =$O$15-O68 -> 195
A69: 45872 | B69: 1 | C69: =$C$15-F69 -> 1337 | D69: -452 | E69: =C69-D69 -> 1789 | F69: =$D$15-D69 -> 248 | H69: 1 | I69: =$I$15-L69 -> 1106 | J69: -664 | K69: =I69-J69 -> 1770 | L69: =$J$15-J69 -> 354 | M69: 1 | N69: =$N$15-Q69 -> 1307 | O69: -620 | P69: =N69-O69 -> 1927 | Q69: =$O$15-O69 -> 203
A70: 45873 | B70: 1 | C70: 1374 | D70: -460 | E70: =C70-D70 -> 1834 | F70: =$D$15-D70 -> 256 | H70: 1 | I70: 1204 | J70: -680 | K70: =I70-J70 -> 1884 | L70: =$J$15-J70 -> 370 | M70: 1 | N70: =$N$15-Q70 -> 1299 | O70: -628 | P70: =N70-O70 -> 1927 | Q70: =$O$15-O70 -> 211
A71: 45874 | B71: 1 | C71: 1594 | D71: -468 | E71: =C71-D71 -> 2062 | F71: =$D$15-D71 -> 264 | H71: 1 | I71: 1594 | J71: -696 | K71: =I71-J71 -> 2290 | L71: =$J$15-J71 -> 386 | M71: 1 | N71: 1594 | O71: -636 | P71: =N71-O71 -> 2230 | Q71: =$O$15-O71 -> 219

Sheet QTL-KM117+400
A1: 341
A2: I. SỐ ĐỌC BAN ĐẦU
A3: Vùng (Đường) | B3: Bàn quan trắc lún | D3: Ngày lắp đặt | F3: =+"Cao trình nghiệm thu [m] ("&TEXT(A15,"dd/mm/yy")&")" -> Cao trình nghiệm thu [m] (10/06/25) | L3: Tọa độ | P3: Mốc tọa độ tham chiếu
F4: Cao trình MĐTN | G4: Cao trình đắp | I4: Cao trình đỉnh ống | K4: Cao trình tấm đế | L4: X [m] | N4: Y [m]
A5: VÙNG 2A (ĐƯỜNG N1) | B5: SSP2-4 | P5: CS3
B6: SSP2-5 | P6: Tọa độ [m]
B7: SSP2-6
A9: II. SỐ LIỆU QUAN TRẮC
A10: Ngày quan trắc | B10: ĐỘ LÚN TRÁI | G10: ĐỘ LÚN TIM | L10: ĐỘ LÚN PHẢI | Q10: Áp Đ.hồ Pvac | R10: Ghi chú
B11: Thời gian tích lũy | C11: Cao độ đắp | D11: Cao độ bàn đo lún | E11: Chiều cao đắp | F11: Độ lún | G11: Thời gian tích lũy | H11: Cao độ đắp | I11: Cao độ bàn đo lún | J11: Chiều cao đắp | K11: Độ lún | L11: Thời gian tích lũy | M11: Cao độ đắp | N11: Cao độ bàn đo lún | O11: Chiều cao đắp | P11: Độ lún
B13: [Ngày] | C13: [mm] | D13: [m.m] | E13: [mm] | F13: [m.m] | G13: [Ngày] | H13: [mm] | I13: [m.m] | J13: [mm] | K13: [m.m] | L13: [Ngày] | M13: [mm] | N13: [m.m] | O13: [mm] | P13: [m.m] | Q13: [kPa]
A14: 1 | B14: =+A14+1 -> 2 | C14: =+B14+1 -> 3 | D14: =+C14+1 -> 4 | E14: =+D14+1 -> 5 | F14: =+E14+1 -> 6 | G14: =+F14+1 -> 7 | H14: =+G14+1 -> 8 | I14: =+H14+1 -> 9 | ... R14: =+Q14+1 -> 18
A15: 45818 | B15: 1 | C15: 1585 | D15: -616 | E15: =C15-D15 -> 2201 | F15: 0 | G15: 1 | H15: 1460 | I15: -1165 | J15: =H15-I15 -> 2625 | K15: 0 | L15: 1 | M15: 1570 | N15: -909 | O15: =M15-N15 -> 2479 | P15: 0
A16: 45819 | B16: 1 | C16: =$C$15-F16 -> 1581 | D16: -620 | E16: =C16-D16 -> 2201 | F16: =$D$15-D16 -> 4 | G16: 1 | H16: =$H$15-K16 -> 1456 | I16: -1169 | J16: =H16-I16 -> 2625 | K16: =$I$15-I16 -> 4 | L16: 1 | M16: =$M$15-P16 -> 1567 | N16: -912 | O16: =M16-N16 -> 2479 | P16: =$N$15-N16 -> 3
A17: 45820 | B17: 1 | C17: =$C$15-F17 -> 1577 | D17: -624 | E17: =C17-D17 -> 2201 | F17: =$D$15-D17 -> 8 | G17: 1 | H17: =$H$15-K17 -> 1452 | I17: -1173 | J17: =H17-I17 -> 2625 | K17: =$I$15-I17 -> 8 | L17: 1 | M17: =$M$15-P17 -> 1564 | N17: -915 | O17: =M17-N17 -> 2479 | P17: =$N$15-N17 -> 6
A18: 45821 | B18: 1 | C18: =$C$15-F18 -> 1573 | D18: -628 | E18: =C18-D18 -> 2201 | F18: =$D$15-D18 -> 12 | G18: 1 | H18: =$H$15-K18 -> 1448 | I18: -1177 | J18: =H18-I18 -> 2625 | K18: =$I$15-I18 -> 12 | L18: 1 | M18: =$M$15-P18 -> 1561 | N18: -918 | O18: =M18-N18 -> 2479 | P18: =$N$15-N18 -> 9
A19: 45822 | B19: 1 | C19: =$C$15-F19 -> 1569 | D19: -632 | E19: =C19-D19 -> 2201 | F19: =$D$15-D19 -> 16 | G19: 1 | H19: =$H$15-K19 -> 1444 | I19: -1181 | J19: =H19-I19 -> 2625 | K19: =$I$15-I19 -> 16 | L19: 1 | M19: =$M$15-P19 -> 1558 | N19: -921 | O19: =M19-N19 -> 2479 | P19: =$N$15-N19 -> 12
A20: 45823 | B20: 1 | C20: =$C$15-F20 -> 1565 | D20: -636 | E20: =C20-D20 -> 2201 | F20: =$D$15-D20 -> 20 | G20: 1 | H20: =$H$15-K20 -> 1439 | I20: -1186 | J20: =H20-I20 -> 2625 | K20: =$I$15-I20 -> 21 | L20: 1 | M20: =$M$15-P20 -> 1555 | N20: -924 | O20: =M20-N20 -> 2479 | P20: =$N$15-N20 -> 15
A21: 45824 | B21: 1 | C21: =$C$15-F21 -> 1561 | D21: -640 | E21: =C21-D21 -> 2201 | F21: =$D$15-D21 -> 24 | G21: 1 | H21: =$H$15-K21 -> 1435 | I21: -1190 | J21: =H21-I21 -> 2625 | K21: =$I$15-I21 -> 25 | L21: 1 | M21: =$M$15-P21 -> 1539 | N21: -940 | O21: =M21-N21 -> 2479 | P21: =$N$15-N21 -> 31
A22: 45825 | B22: 1 | C22: =$C$15-F22 -> 1540 | D22: -661 | E22: =C22-D22 -> 2201 | F22: =$D$15-D22 -> 45 | G22: 1 | H22: =$H$15-K22 -> 1420 | I22: -1205 | J22: =H22-I22 -> 2625 | K22: =$I$15-I22 -> 40 | L22: 1 | M22: =$M$15-P22 -> 1523 | N22: -956 | O22: =M22-N22 -> 2479 | P22: =$N$15-N22 -> 47
A23: 45826 | B23: 1 | C23: =$C$15-F23 -> 1519 | D23: -682 | E23: =C23-D23 -> 2201 | F23: =$D$15-D23 -> 66 | G23: 1 | H23: =$H$15-K23 -> 1385 | I23: -1240 | J23: =H23-I23 -> 2625 | K23: =$I$15-I23 -> 75 | L23: 1 | M23: =$M$15-P23 -> 1507 | N23: -972 | O23: =M23-N23 -> 2479 | P23: =$N$15-N23 -> 63
A24: 45827 | B24: 1 | C24: =$C$15-F24 -> 1498 | D24: -703 | E24: =C24-D24 -> 2201 | F24: =$D$15-D24 -> 87 | G24: 1 | H24: =$H$15-K24 -> 1350 | I24: -1275 | J24: =H24-I24 -> 2625 | K24: =$I$15-I24 -> 110 | L24: 1 | M24: =$M$15-P24 -> 1491 | N24: -988 | O24: =M24-N24 -> 2479 | P24: =$N$15-N24 -> 79
A25: 45828 | B25: 1 | C25: =$C$15-F25 -> 1477 | D25: -724 | E25: =C25-D25 -> 2201 | F25: =$D$15-D25 -> 108 | G25: 1 | H25: =$H$15-K25 -> 1315 | I25: -1310 | J25: =H25-I25 -> 2625 | K25: =$I$15-I25 -> 145 | L25: 1 | M25: =$M$15-P25 -> 1489 | N25: -990 | O25: =M25-N25 -> 2479 | P25: =$N$15-N25 -> 81
A26: 45829 | B26: 1 | C26: =$C$15-F26 -> 1468 | D26: -733 | E26: =C26-D26 -> 2201 | F26: =$D$15-D26 -> 117 | G26: 1 | H26: =$H$15-K26 -> 1280 | I26: -1345 | J26: =H26-I26 -> 2625 | K26: =$I$15-I26 -> 180 | L26: 1 | M26: =$M$15-P26 -> 1474 | N26: -1005 | O26: =M26-N26 -> 2479 | P26: =$N$15-N26 -> 96
A27: 45830 | B27: 1 | C27: =$C$15-F27 -> 1451 | D27: -750 | E27: =C27-D27 -> 2201 | F27: =$D$15-D27 -> 134 | G27: 1 | H27: =$H$15-K27 -> 1260 | I27: -1365 | J27: =H27-I27 -> 2625 | K27: =$I$15-I27 -> 200 | L27: 1 | M27: =$M$15-P27 -> 1467 | N27: -1012 | O27: =M27-N27 -> 2479 | P27: =$N$15-N27 -> 103
... A61: 45864 | B61: 1 | C61: =$C$15-F61 -> 1364 | D61: -837 | E61: =C61-D61 -> 2201 | F61: =$D$15-D61 -> 221 | G61: 1 | H61: =$H$15-K61 -> 1125 | I61: -1500 | J61: =H61-I61 -> 2625 | K61: =$I$15-I61 -> 335 | L61: 1 | M61: =$M$15-P61 -> 1375 | N61: -1104 | O61: =M61-N61 -> 2479 | P61: =$N$15-N61 -> 195
A62: 45865 | B62: 1 | C62: 1200 | D62: -838 | E62: =C62-D62 -> 2038 | F62: =$D$15-D62 -> 222 | G62: 1 | H62: =$H$15-K62 -> 1119 | I62: -1506 | J62: =H62-I62 -> 2625 | K62: =$I$15-I62 -> 341 | L62: 1 | M62: =$M$15-P62 -> 1372 | N62: -1107 | O62: =M62-N62 -> 2479 | P62: =$N$15-N62 -> 198
A63: 45866 | B63: 1 | C63: =$C$15-F63 -> 1362 | D63: -839 | E63: =C63-D63 -> 2201 | F63: =$D$15-D63 -> 223 | G63: 1 | H63: =$H$15-K63 -> 1113 | I63: -1512 | J63: =H63-I63 -> 2625 | K63: =$I$15-I63 -> 347 | L63: 1 | M63: =$M$15-P63 -> 1369 | N63: -1110 | O63: =M63-N63 -> 2479 | P63: =$N$15-N63 -> 201
A64: 45867 | B64: 1 | C64: 1201 | D64: -840 | E64: =C64-D64 -> 2041 | F64: =$D$15-D64 -> 224 | G64: 1 | H64: =$H$15-K64 -> 1107 | I64: -1518 | J64: =H64-I64 -> 2625 | K64: =$I$15-I64 -> 353 | L64: 1 | M64: =$M$15-P64 -> 1366 | N64: -1113 | O64: =M64-N64 -> 2479 | P64: =$N$15-N64 -> 204
A65: 45868 | B65: 1 | C65: =$C$15-F65 -> 1360 | D65: -841 | E65: =C65-D65 -> 2201 | F65: =$D$15-D65 -> 225 | G65: 1 | H65: =$H$15-K65 -> 1101 | I65: -1524 | J65: =H65-I65 -> 2625 | K65: =$I$15-I65 -> 359 | L65: 1 | M65: =$M$15-P65 -> 1363 | N65: -1116 | O65: =M65-N65 -> 2479 | P65: =$N$15-N65 -> 207
A66: 45869 | B66: 1 | C66: 1202 | D66: -842 | E66: =C66-D66 -> 2044 | F66: =$D$15-D66 -> 226 | G66: 1 | H66: =$H$15-K66 -> 1095 | I66: -1530 | J66: =H66-I66 -> 2625 | K66: =$I$15-I66 -> 365 | L66: 1 | M66: =$M$15-P66 -> 1360 | N66: -1119 | O66: =M66-N66 -> 2479 | P66: =$N$15-N66 -> 210
A67: 45870 | B67: 1 | C67: =$C$15-F67 -> 1358 | D67: -843 | E67: =C67-D67 -> 2201 | F67: =$D$15-D67 -> 227 | G67: 1 | H67: =$H$15-K67 -> 1089 | I67: -1536 | J67: =H67-I67 -> 2625 | K67: =$I$15-I67 -> 371 | L67: 1 | M67: =$M$15-P67 -> 1357 | N67: -1122 | O67: =M67-N67 -> 2479 | P67: =$N$15-N67 -> 213
A68: 45871 | B68: 1 | C68: 1203 | D68: -844 | E68: =C68-D68 -> 2047 | F68: =$D$15-D68 -> 228 | G68: 1 | H68: =$H$15-K68 -> 1083 | I68: -1542 | J68: =H68-I68 -> 2625 | K68: =$I$15-I68 -> 377 | L68: 1 | M68: =$M$15-P68 -> 1354 | N68: -1125 | O68: =M68-N68 -> 2479 | P68: =$N$15-N68 -> 216
A69: 45872 | B69: 1 | C69: =$C$15-F69 -> 1356 | D69: -845 | E69: =C69-D69 -> 2201 | F69: =$D$15-D69 -> 229 | G69: 1 | H69: =$H$15-K69 -> 1077 | I69: -1548 | J69: =H69-I69 -> 2625 | K69: =$I$15-I69 -> 383 | L69: 1 | M69: =$M$15-P69 -> 1351 | N69: -1128 | O69: =M69-N69 -> 2479 | P69: =$N$15-N69 -> 219
A70: 45873 | B70: 1 | C70: =$C$15-F70 -> 1355 | D70: -846 | E70: =C70-D70 -> 2201 | F70: =$D$15-D70 -> 230 | G70: 1 | H70: =$H$15-K70 -> 1071 | I70: -1554 | J70: =H70-I70 -> 2625 | K70: =$I$15-I70 -> 389 | L70: 1 | M70: =$M$15-P70 -> 1348 | N70: -1131 | O70: =M70-N70 -> 2479 | P70: =$N$15-N70 -> 222
A71: 45874 | B71: 1 | C71: 1597 | D71: -847 | E71: =C71-D71 -> 2444 | F71: =$D$15-D71 -> 231 | G71: 1 | H71: 1597 | I71: -1591 | J71: =H71-I71 -> 3188 | K71: =$I$15-I71 -> 426 | L71: 1 | M71: 1597 | N71: -1163 | O71: =M71-N71 -> 2760 | P71: =$N$15-N71 -> 254

Sheet QTL-KM117+500
A1: BẢNG SỐ LIỆU QUAN TRẮC THIẾT BỊ ĐO LÚN MẶT
A2: I. SỐ ĐỌC BAN ĐẦU
A3: Vùng (Đường) | B3: Bàn quan trắc lún | D3: Ngày lắp đặt | F3: =+"Cao trình nghiệm thu [m] ("&TEXT(A15,"dd/mm/yy")&")" -> Cao trình nghiệm thu [m] (05/06/25) | L3: Tọa độ | P3: Mốc tọa độ tham chiếu
F4: Cao trình MĐTN | G4: Cao trình đắp | I4: Cao trình đỉnh ống | K4: Cao trình tấm đế | L4: X [m] | N4: Y [m]
A5: VÙNG 2A (ĐƯỜNG N1) | B5: SSP2-4 | P5: CS3
B6: SSP2-5 | P6: Tọa độ [m]
B7: SSP2-6
A9: II. SỐ LIỆU QUAN TRẮC
A10: Ngày quan trắc | B10: ĐỘ LÚN TRÁI | G10: ĐỘ LÚN TIM | L10: ĐỘ LÚN PHẢI | Q10: Áp Đ.hồ Pvac | R10: Ghi chú
B11: Thời gian tích lũy | C11: Cao độ đắp | D11: Cao độ bàn đo lún | E11: Chiều cao đắp | F11: Độ lún | G11: Thời gian tích lũy | H11: Cao độ đắp | I11: Cao độ bàn đo lún | J11: Chiều cao đắp | K11: Độ lún | L11: Thời gian tích lũy | M11: Cao độ đắp | N11: Cao độ bàn đo lún | O11: Chiều cao đắp | P11: Độ lún
B13: [Ngày] | C13: [mm] | D13: [m.m] | E13: [mm] | F13: [m.m] | G13: [Ngày] | H13: [mm] | I13: [m.m] | J13: [mm] | K13: [m.m] | L13: [Ngày] | M13: [mm] | N13: [m.m] | O13: [mm] | P13: [m.m] | Q13: [kPa]
A14: 1 | B14: =+A14+1 -> 2 | C14: =+B14+1 -> 3 | D14: =+C14+1 -> 4 | E14: =+D14+1 -> 5 | F14: =+E14+1 -> 6 | G14: =+F14+1 -> 7 | H14: =+G14+1 -> 8 | I14: =+H14+1 -> 9 | ... R14: =+Q14+1 -> 18
A15: 45813 | B15: 1 | C15: 1585 | D15: -818 | E15: =C15-D15 -> 2403 | F15: 0 | G15: 1 | H15: 1460 | I15: -527 | J15: =H15-I15 -> 1987 | K15: 0 | L15: 1 | M15: 1330 | N15: -535 | O15: =M15-N15 -> 1865 | P15: 0
A16: 45814 | B16: 1 | C16: =$C$15-F16 -> 1573 | D16: -830 | E16: =C16-D16 -> 2403 | F16: =$D$15-D16 -> 12 | G16: 1 | H16: =$H$15-K16 -> 1445 | I16: -542 | J16: =H16-I16 -> 1987 | K16: =$I$15-I16 -> 15 | L16: 1 | M16: =$M$15-P16 -> 1318 | N16: -547 | O16: =M16-N16 -> 1865 | P16: =$N$15-N16 -> 12
A17: 45815 | B17: 1 | C17: =$C$15-F17 -> 1561 | D17: -842 | E17: =C17-D17 -> 2403 | F17: =$D$15-D17 -> 24 | G17: 1 | H17: =$H$15-K17 -> 1430 | I17: -557 | J17: =H17-I17 -> 1987 | K17: =$I$15-I17 -> 30 | L17: 1 | M17: =$M$15-P17 -> 1306 | N17: -559 | O17: =M17-N17 -> 1865 | P17: =$N$15-N17 -> 24
A18: 45816 | B18: 1 | C18: =$C$15-F18 -> 1549 | D18: -854 | E18: =C18-D18 -> 2403 | F18: =$D$15-D18 -> 36 | G18: 1 | H18: =$H$15-K18 -> 1415 | I18: -572 | J18: =H18-I18 -> 1987 | K18: =$I$15-I18 -> 45 | L18: 1 | M18: =$M$15-P18 -> 1294 | N18: -571 | O18: =M18-N18 -> 1865 | P18: =$N$15-N18 -> 36
A19: 45817 | B19: 1 | C19: =$C$15-F19 -> 1537 | D19: -866 | E19: =C19-D19 -> 2403 | F19: =$D$15-D19 -> 48 | G19: 1 | H19: =$H$15-K19 -> 1400 | I19: -587 | J19: =H19-I19 -> 1987 | K19: =$I$15-I19 -> 60 | L19: 1 | M19: =$M$15-P19 -> 1282 | N19: -583 | O19: =M19-N19 -> 1865 | P19: =$N$15-N19 -> 48
A20: 45818 | B20: 1 | C20: =$C$15-F20 -> 1525 | D20: -878 | E20: =C20-D20 -> 2403 | F20: =$D$15-D20 -> 60 | G20: 1 | H20: =$H$15-K20 -> 1377 | I20: -610 | J20: =H20-I20 -> 1987 | K20: =$I$15-I20 -> 83 | L20: 1 | M20: =$M$15-P20 -> 1270 | N20: -595 | O20: =M20-N20 -> 1865 | P20: =$N$15-N20 -> 60
A21: 45819 | B21: 1 | C21: =$C$15-F21 -> 1513 | D21: -890 | E21: =C21-D21 -> 2403 | F21: =$D$15-D21 -> 72 | G21: 1 | H21: =$H$15-K21 -> 1354 | I21: -633 | J21: =H21-I21 -> 1987 | K21: =$I$15-I21 -> 106 | L21: 1 | M21: =$M$15-P21 -> 1263 | N21: -602 | O21: =M21-N21 -> 1865 | P21: =$N$15-N21 -> 67
A22: 45820 | B22: 1 | C22: =$C$15-F22 -> 1495 | D22: -908 | E22: =C22-D22 -> 2403 | F22: =$D$15-D22 -> 90 | G22: 1 | H22: =$H$15-K22 -> 1331 | I22: -656 | J22: =H22-I22 -> 1987 | K22: =$I$15-I22 -> 129 | L22: 1 | M22: =$M$15-P22 -> 1256 | N22: -609 | O22: =M22-N22 -> 1865 | P22: =$N$15-N22 -> 74
A23: 45821 | B23: 1 | C23: =$C$15-F23 -> 1487 | D23: -916 | E23: =C23-D23 -> 2403 | F23: =$D$15-D23 -> 98 | G23: 1 | H23: =$H$15-K23 -> 1317 | I23: -670 | J23: =H23-I23 -> 1987 | K23: =$I$15-I23 -> 143 | L23: 1 | M23: =$M$15-P23 -> 1249 | N23: -616 | O23: =M23-N23 -> 1865 | P23: =$N$15-N23 -> 81
A24: 45822 | B24: 1 | C24: =$C$15-F24 -> 1479 | D24: -924 | E24: =C24-D24 -> 2403 | F24: =$D$15-D24 -> 106 | G24: 1 | H24: =$H$15-K24 -> 1307 | I24: -680 | J24: =H24-I24 -> 1987 | K24: =$I$15-I24 -> 153 | L24: 1 | M24: =$M$15-P24 -> 1246 | N24: -619 | O24: =M24-N24 -> 1865 | P24: =$N$15-N24 -> 84
A25: 45823 | B25: 1 | C25: =$C$15-F25 -> 1471 | D25: -932 | E25: =C25-D25 -> 2403 | F25: =$D$15-D25 -> 114 | G25: 1 | H25: =$H$15-K25 -> 1297 | I25: -690 | J25: =H25-I25 -> 1987 | K25: =$I$15-I25 -> 163 | L25: 1 | M25: =$M$15-P25 -> 1241 | N25: -624 | O25: =M25-N25 -> 1865 | P25: =$N$15-N25 -> 89
A26: 45824 | B26: 1 | C26: =$C$15-F26 -> 1463 | D26: -940 | E26: =C26-D26 -> 2403 | F26: =$D$15-D26 -> 122 | G26: 1 | H26: =$H$15-K26 -> 1287 | I26: -700 | J26: =H26-I26 -> 1987 | K26: =$I$15-I26 -> 173 | L26: 1 | M26: =$M$15-P26 -> 1236 | N26: -629 | O26: =M26-N26 -> 1865 | P26: =$N$15-N26 -> 94
A27: 45825 | B27: 1 | C27: =$C$15-F27 -> 1455 | D27: -948 | E27: =C27-D27 -> 2403 | F27: =$D$15-D27 -> 130 | G27: 1 | H27: =$H$15-K27 -> 1277 | I27: -710 | J27: =H27-I27 -> 1987 | K27: =$I$15-I27 -> 183 | L27: 1 | M27: =$M$15-P27 -> 1231 | N27: -634 | O27: =M27-N27 -> 1865 | P27: =$N$15-N27 -> 99
... A66: 45864 | B66: 1 | C66: =$C$15-F66 -> 1295 | D66: -1108 | E66: =C66-D66 -> 2403 | F66: =$D$15-D66 -> 290 | G66: 1 | H66: =$H$15-K66 -> 1091 | I66: -896 | J66: =H66-I66 -> 1987 | K66: =$I$15-I66 -> 369 | L66: 1 | M66: =$M$15-P66 -> 1113 | N66: -752 | O66: =M66-N66 -> 1865 | P66: =$N$15-N66 -> 217
A67: 45865 | B67: 1 | C67: =$C$15-F67 -> 1293 | D67: -1110 | E67: =C67-D67 -> 2403 | F67: =$D$15-D67 -> 292 | G67: 1 | H67: =$H$15-K67 -> 1089 | I67: -898 | J67: =H67-I67 -> 1987 | K67: 371 | L67: 1 | M67: 1000 | N67: -754 | O67: =M67-N67 -> 1754 | P67: =$N$15-N67 -> 219
A68: 45866 | B68: 1 | C68: =$C$15-F68 -> 1291 | D68: -1112 | E68: =C68-D68 -> 2403 | F68: =$D$15-D68 -> 294 | G68: 1 | H68: =$H$15-K68 -> 1087 | I68: -900 | J68: =H68-I68 -> 1987 | K68: =$I$15-I68 -> 373 | L68: 1 | M68: =$M$15-P68 -> 1109 | N68: -756 | O68: =M68-N68 -> 1865 | P68: =$N$15-N68 -> 221
A69: 45867 | B69: 1 | C69: =$C$15-F69 -> 1289 | D69: -1114 | E69: =C69-D69 -> 2403 | F69: =$D$15-D69 -> 296 | G69: 1 | H69: =$H$15-K69 -> 1088 | I69: -902 | J69: =H69-I69 -> 1990 | K69: 372 | L69: 1 | M69: 1001 | N69: -758 | O69: =M69-N69 -> 1759 | P69: =$N$15-N69 -> 223
A70: 45868 | B70: 1 | C70: =$C$15-F70 -> 1287 | D70: -1116 | E70: =C70-D70 -> 2403 | F70: =$D$15-D70 -> 298 | G70: 1 | H70: =$H$15-K70 -> 1083 | I70: -904 | J70: =H70-I70 -> 1987 | K70: =$I$15-I70 -> 377 | L70: 1 | M70: =$M$15-P70 -> 1105 | N70: -760 | O70: =M70-N70 -> 1865 | P70: =$N$15-N70 -> 225
A71: 45869 | B71: 1 | C71: =$C$15-F71 -> 1285 | D71: -1118 | E71: =C71-D71 -> 2403 | F71: =$D$15-D71 -> 300 | G71: 1 | H71: =$H$15-K71 -> 1087 | I71: -906 | J71: =H71-I71 -> 1993 | K71: 373 | L71: 1 | M71: 1002 | N71: -762 | O71: =M71-N71 -> 1764 | P71: =$N$15-N71 -> 227
A72: 45870 | B72: 1 | C72: =$C$15-F72 -> 1283 | D72: -1120 | E72: =C72-D72 -> 2403 | F72: =$D$15-D72 -> 302 | G72: 1 | H72: =$H$15-K72 -> 1079 | I72: -908 | J72: =H72-I72 -> 1987 | K72: =$I$15-I72 -> 381 | L72: 1 | M72: =$M$15-P72 -> 1101 | N72: -764 | O72: =M72-N72 -> 1865 | P72: =$N$15-N72 -> 229
A73: 45871 | B73: 1 | C73: =$C$15-F73 -> 1281 | D73: -1122 | E73: =C73-D73 -> 2403 | F73: =$D$15-D73 -> 304 | G73: 1 | H73: =$H$15-K73 -> 1086 | I73: -910 | J73: =H73-I73 -> 1996 | K73: 374 | L73: 1 | M73: 1003 | N73: -766 | O73: =M73-N73 -> 1769 | P73: =$N$15-N73 -> 231
A74: 45872 | B74: 1 | C74: =$C$15-F74 -> 1279 | D74: -1124 | E74: =C74-D74 -> 2403 | F74: =$D$15-D74 -> 306 | G74: 1 | H74: =$H$15-K74 -> 1075 | I74: -912 | J74: =H74-I74 -> 1987 | K74: =$I$15-I74 -> 385 | L74: 1 | M74: =$M$15-P74 -> 1097 | N74: -768 | O74: =M74-N74 -> 1865 | P74: =$N$15-N74 -> 233
A75: 45873 | B75: 1 | C75: =$C$15-F75 -> 1277 | D75: -1126 | E75: =C75-D75 -> 2403 | F75: =$D$15-D75 -> 308 | G75: 1 | H75: =$H$15-K75 -> 1085 | I75: -914 | J75: =H75-I75 -> 1999 | K75: 375 | L75: 1 | M75: 1004 | N75: -770 | O75: =M75-N75 -> 1774 | P75: =$N$15-N75 -> 235
A76: 45874 | B76: 1 | C76: =$C$15-F76 -> 1227 | D76: -1176 | E76: =C76-D76 -> 2403 | F76: =$D$15-D76 -> 358 | G76: 1 | H76: =$H$15-K76 -> 1014 | I76: -973 | J76: =H76-I76 -> 1987 | K76: =$I$15-I76 -> 446 | L76: 1 | M76: =$M$15-P76 -> 1060 | N76: -805 | O76: =M76-N76 -> 1865 | P76: =$N$15-N76 -> 270

Sheet QTL-KM117+600
A1: BẢNG SỐ LIỆU QUAN TRẮC THIẾT BỊ ĐO LÚN MẶT
A2: I. SỐ ĐỌC BAN ĐẦU
A3: Vùng (Đường) | B3: Bàn quan trắc lún | D3: Ngày lắp đặt | F3: =+"Cao trình nghiệm thu [m] ("&TEXT(A15,"dd/mm/yy")&")" -> Cao trình nghiệm thu [m] (05/06/25) | L3: Tọa độ | P3: Mốc tọa độ tham chiếu
F4: Cao trình MĐTN | G4: Cao trình đắp | I4: Cao trình đỉnh ống | K4: Cao trình tấm đế | L4: X [m] | N4: Y [m]
A5: VÙNG 2A (ĐƯỜNG N1) | B5: SSP2-4 | P5: CS3
B6: SSP2-5 | P6: Tọa độ [m]
B7: SSP2-6
A9: II. SỐ LIỆU QUAN TRẮC
A10: Ngày quan trắc | B10: ĐỘ LÚN TRÁI | G10: ĐỘ LÚN TIM | L10: ĐỘ LÚN PHẢI | Q10: Áp Đ.hồ Pvac | R10: Ghi chú
B11: Thời gian tích lũy | C11: Cao độ đắp | D11: Cao độ bàn đo lún | E11: Chiều cao đắp | F11: Độ lún | G11: Thời gian tích lũy | H11: Cao độ đắp | I11: Cao độ bàn đo lún | J11: Chiều cao đắp | K11: Độ lún | L11: Thời gian tích lũy | M11: Cao độ đắp | N11: Cao độ bàn đo lún | O11: Chiều cao đắp | P11: Độ lún
B13: [Ngày] | C13: [mm] | D13: [m.m] | E13: [mm] | F13: [m.m] | G13: [Ngày] | H13: [mm] | I13: [m.m] | J13: [mm] | K13: [m.m] | L13: [Ngày] | M13: [mm] | N13: [m.m] | O13: [mm] | P13: [m.m] | Q13: [kPa]
A14: 1 | B14: =+A14+1 -> 2 | C14: =+B14+1 -> 3 | D14: =+C14+1 -> 4 | E14: =+D14+1 -> 5 | F14: =+E14+1 -> 6 | G14: =+F14+1 -> 7 | H14: =+G14+1 -> 8 | I14: =+H14+1 -> 9 | ... R14: =+Q14+1 -> 18
A15: 45813 | B15: 1 | C15: 1538 | D15: -649 | E15: =C15-D15 -> 2187 | F15: 0 | G15: 1 | H15: 1528 | I15: -609 | J15: =H15-I15 -> 2137 | K15: 0 | L15: 1 | M15: 1458 | N15: -625 | O15: =M15-N15 -> 2083 | P15: 0
A16: 45814 | B16: 1 | C16: =$C$15-F16 -> 1525 | D16: -662 | E16: =C16-D16 -> 2187 | F16: =$D$15-D16 -> 13 | G16: 1 | H16: =$H$15-K16 -> 1507 | I16: -630 | J16: =H16-I16 -> 2137 | K16: =$I$15-I16 -> 21 | L16: 1 | M16: =$M$15-P16 -> 1445 | N16: -638 | O16: =M16-N16 -> 2083 | P16: =$N$15-N16 -> 13
A17: 45815 | B17: 1 | C17: =$C$15-F17 -> 1512 | D17: -675 | E17: =C17-D17 -> 2187 | F17: =$D$15-D17 -> 26 | G17: 1 | H17: =$H$15-K17 -> 1486 | I17: -651 | J17: =H17-I17 -> 2137 | K17: =$I$15-I17 -> 42 | L17: 1 | M17: =$M$15-P17 -> 1432 | N17: -651 | O17: =M17-N17 -> 2083 | P17: =$N$15-N17 -> 26
A18: 45816 | B18: 1 | C18: =$C$15-F18 -> 1472 | D18: -715 | E18: =C18-D18 -> 2187 | F18: =$D$15-D18 -> 66 | G18: 1 | H18: =$H$15-K18 -> 1465 | I18: -672 | J18: =H18-I18 -> 2137 | K18: =$I$15-I18 -> 63 | L18: 1 | M18: =$M$15-P18 -> 1419 | N18: -664 | O18: =M18-N18 -> 2083 | P18: =$N$15-N18 -> 39
A19: 45817 | B19: 1 | C19: =$C$15-F19 -> 1452 | D19: -735 | E19: =C19-D19 -> 2187 | F19: =$D$15-D19 -> 86 | G19: 1 | H19: =$H$15-K19 -> 1432 | I19: -705 | J19: =H19-I19 -> 2137 | K19: =$I$15-I19 -> 96 | L19: 1 | M19: =$M$15-P19 -> 1406 | N19: -677 | O19: =M19-N19 -> 2083 | P19: =$N$15-N19 -> 52
A20: 45818 | B20: 1 | C20: =$C$15-F20 -> 1432 | D20: -755 | E20: =C20-D20 -> 2187 | F20: =$D$15-D20 -> 106 | G20: 1 | H20: =$H$15-K20 -> 1405 | I20: -732 | J20: =H20-I20 -> 2137 | K20: =$I$15-I20 -> 123 | L20: 1 | M20: =$M$15-P20 -> 1377 | N20: -706 | O20: =M20-N20 -> 2083 | P20: =$N$15-N20 -> 81
A21: 45819 | B21: 1 | C21: =$C$15-F21 -> 1412 | D21: -775 | E21: =C21-D21 -> 2187 | F21: =$D$15-D21 -> 126 | G21: 1 | H21: =$H$15-K21 -> 1378 | I21: -759 | J21: =H21-I21 -> 2137 | K21: =$I$15-I21 -> 150 | L21: 1 | M21: =$M$15-P21 -> 1368 | N21: -715 | O21: =M21-N21 -> 2083 | P21: =$N$15-N21 -> 90
A22: 45820 | B22: 1 | C22: =$C$15-F22 -> 1399 | D22: -788 | E22: =C22-D22 -> 2187 | F22: =$D$15-D22 -> 139 | G22: 1 | H22: =$H$15-K22 -> 1351 | I22: -786 | J22: =H22-I22 -> 2137 | K22: =$I$15-I22 -> 177 | L22: 1 | M22: =$M$15-P22 -> 1363 | N22: -720 | O22: =M22-N22 -> 2083 | P22: =$N$15-N22 -> 95
A23: 45821 | B23: 1 | C23: =$C$15-F23 -> 1395 | D23: -792 | E23: =C23-D23 -> 2187 | F23: =$D$15-D23 -> 143 | G23: 1 | H23: =$H$15-K23 -> 1324 | I23: -813 | J23: =H23-I23 -> 2137 | K23: =$I$15-I23 -> 204 | L23: 1 | M23: =$M$15-P23 -> 1358 | N23: -725 | O23: =M23-N23 -> 2083 | P23: =$N$15-N23 -> 100
A24: 45822 | B24: 1 | C24: =$C$15-F24 -> 1391 | D24: -796 | E24: =C24-D24 -> 2187 | F24: =$D$15-D24 -> 147 | G24: 1 | H24: =$H$15-K24 -> 1297 | I24: -840 | J24: =H24-I24 -> 2137 | K24: =$I$15-I24 -> 231 | L24: 1 | M24: =$M$15-P24 -> 1353 | N24: -730 | O24: =M24-N24 -> 2083 | P24: =$N$15-N24 -> 105
A25: 45823 | B25: 1 | C25: =$C$15-F25 -> 1387 | D25: -800 | E25: =C25-D25 -> 2187 | F25: =$D$15-D25 -> 151 | G25: 1 | H25: =$H$15-K25 -> 1270 | I25: -867 | J25: =H25-I25 -> 2137 | K25: =$I$15-I25 -> 258 | L25: 1 | M25: =$M$15-P25 -> 1348 | N25: -735 | O25: =M25-N25 -> 2083 | P25: =$N$15-N25 -> 110
A26: 45824 | B26: 1 | C26: =$C$15-F26 -> 1383 | D26: -804 | E26: =C26-D26 -> 2187 | F26: =$D$15-D26 -> 155 | G26: 1 | H26: =$H$15-K26 -> 1266 | I26: -871 | J26: =H26-I26 -> 2137 | K26: =$I$15-I26 -> 262 | L26: 1 | M26: =$M$15-P26 -> 1343 | N26: -740 | O26: =M26-N26 -> 2083 | P26: =$N$15-N26 -> 115
A27: 45825 | B27: 1 | C27: =$C$15-F27 -> 1379 | D27: -808 | E27: =C27-D27 -> 2187 | F27: =$D$15-D27 -> 159 | G27: 1 | H27: =$H$15-K27 -> 1260 | I27: -877 | J27: =H27-I27 -> 2137 | K27: =$I$15-I27 -> 268 | L27: 1 | M27: =$M$15-P27 -> 1343 | N27: -740 | O27: =M27-N27 -> 2083 | P27: =$N$15-N27 -> 115
... A76: 45874 | B76: 1 | C76: =$C$15-F76 -> 1169 | D76: -1018 | E76: =C76-D76 -> 2187 | F76: =$D$15-D76 -> 369 | G76: 1 | H76: =$H$15-K76 -> 1041 | I76: -1096 | J76: =H76-I76 -> 2137 | K76: =$I$15-I76 -> 487 | L76: 1 | M76: =$M$15-P76 -> 1157 | N76: -926 | O76: =M76-N76 -> 2083 | P76: =$N$15-N76 -> 301

Sheet QTL-KM117+700
A1: 3
A2: I. SỐ ĐỌC BAN ĐẦU
A3: Vùng (Đường) | B3: Bàn quan trắc lún | D3: Ngày lắp đặt | F3: =+"Cao trình nghiệm thu [m] ("&TEXT(A15,"dd/mm/yy")&")" -> Cao trình nghiệm thu [m] (05/06/25) | L3: Tọa độ | P3: Mốc tọa độ tham chiếu
F4: Cao trình MĐTN | G4: Cao trình đắp | I4: Cao trình đỉnh ống | K4: Cao trình tấm đế | L4: X [m] | N4: Y [m]
A5: VÙNG 2A (ĐƯỜNG N1) | B5: SSP2-4 | P5: CS3
B6: SSP2-5 | P6: Tọa độ [m]
B7: SSP2-6
A9: II. SỐ LIỆU QUAN TRẮC
A10: Ngày quan trắc | B10: ĐỘ LÚN TRÁI | G10: ĐỘ LÚN TIM | L10: ĐỘ LÚN PHẢI | Q10: Áp Đ.hồ Pvac | R10: Ghi chú
B11: Thời gian tích lũy | C11: Cao độ đắp | D11: Cao độ bàn đo lún | E11: Chiều cao đắp | F11: Độ lún | G11: Thời gian tích lũy | H11: Cao độ đắp | I11: Cao độ bàn đo lún | J11: Chiều cao đắp | K11: Độ lún | L11: Thời gian tích lũy | M11: Cao độ đắp | N11: Cao độ bàn đo lún | O11: Chiều cao đắp | P11: Độ lún
B13: [Ngày] | C13: [mm] | D13: [m.m] | E13: [mm] | F13: [m.m] | G13: [Ngày] | H13: [mm] | I13: [m.m] | J13: [mm] | K13: [m.m] | L13: [Ngày] | M13: [mm] | N13: [m.m] | O13: [mm] | P13: [m.m] | Q13: [kPa]
A14: 1 | B14: =+A14+1 -> 2 | C14: =+B14+1 -> 3 | D14: =+C14+1 -> 4 | E14: =+D14+1 -> 5 | F14: =+E14+1 -> 6 | G14: =+F14+1 -> 7 | H14: =+G14+1 -> 8 | I14: =+H14+1 -> 9 | ... R14: =+Q14+1 -> 18
A15: 45813 | B15: 1 | C15: 1503 | D15: -1793 | E15: =C15-D15 -> 3296 | F15: 0 | G15: 1 | H15: 1463 | I15: -1297 | J15: =H15-I15 -> 2760 | K15: 0 | L15: 1 | M15: 1552 | N15: -1352 | O15: =M15-N15 -> 2904 | P15: 0
A16: 45814 | B16: 1 | C16: =$C$15-F16 -> 1491 | D16: -1805 | E16: =C16-D16 -> 3296 | F16: =$D$15-D16 -> 12 | G16: 1 | H16: =$H$15-K16 -> 1447 | I16: -1313 | J16: =H16-I16 -> 2760 | K16: =$I$15-I16 -> 16 | L16: 1 | M16: =$M$15-P16 -> 1540 | N16: -1364 | O16: =M16-N16 -> 2904 | P16: =$N$15-N16 -> 12
A17: 45815 | B17: 1 | C17: =$C$15-F17 -> 1479 | D17: -1817 | E17: =C17-D17 -> 3296 | F17: =$D$15-D17 -> 24 | G17: 1 | H17: =$H$15-K17 -> 1431 | I17: -1329 | J17: =H17-I17 -> 2760 | K17: =$I$15-I17 -> 32 | L17: 1 | M17: =$M$15-P17 -> 1528 | N17: -1376 | O17: =M17-N17 -> 2904 | P17: =$N$15-N17 -> 24
A18: 45816 | B18: 1 | C18: =$C$15-F18 -> 1467 | D18: -1829 | E18: =C18-D18 -> 3296 | F18: =$D$15-D18 -> 36 | G18: 1 | H18: =$H$15-K18 -> 1415 | I18: -1345 | J18: =H18-I18 -> 2760 | K18: =$I$15-I18 -> 48 | L18: 1 | M18: =$M$15-P18 -> 1516 | N18: -1388 | O18: =M18-N18 -> 2904 | P18: =$N$15-N18 -> 36
A19: 45817 | B19: 1 | C19: =$C$15-F19 -> 1455 | D19: -1841 | E19: =C19-D19 -> 3296 | F19: =$D$15-D19 -> 48 | G19: 1 | H19: =$H$15-K19 -> 1415 | I19: -1345 | J19: =H19-I19 -> 2760 | K19: =$I$15-I19 -> 48 | L19: 1 | M19: =$M$15-P19 -> 1504 | N19: -1400 | O19: =M19-N19 -> 2904 | P19: =$N$15-N19 -> 48
A20: 45818 | B20: 1 | C20: =$C$15-F20 -> 1450 | D20: -1846 | E20: =C20-D20 -> 3296 | F20: =$D$15-D20 -> 53 | G20: 1 | H20: =$H$15-K20 -> 1382 | I20: -1378 | J20: =H20-I20 -> 2760 | K20: =$I$15-I20 -> 81 | L20: 1 | M20: =$M$15-P20 -> 1492 | N20: -1412 | O20: =M20-N20 -> 2904 | P20: =$N$15-N20 -> 60
A21: 45819 | B21: 1 | C21: =$C$15-F21 -> 1419 | D21: -1877 | E21: =C21-D21 -> 3296 | F21: =$D$15-D21 -> 84 | G21: 1 | H21: =$H$15-K21 -> 1349 | I21: -1411 | J21: =H21-I21 -> 2760 | K21: =$I$15-I21 -> 114 | L21: 1 | M21: =$M$15-P21 -> 1469 | N21: -1435 | O21: =M21-N21 -> 2904 | P21: =$N$15-N21 -> 83
A22: 45820 | B22: 1 | C22: =$C$15-F22 -> 1395 | D22: -1901 | E22: =C22-D22 -> 3296 | F22: =$D$15-D22 -> 108 | G22: 1 | H22: =$H$15-K22 -> 1316 | I22: -1444 | J22: =H22-I22 -> 2760 | K22: =$I$15-I22 -> 147 | L22: 1 | M22: =$M$15-P22 -> 1465 | N22: -1439 | O22: =M22-N22 -> 2904 | P22: =$N$15-N22 -> 87
A23: 45821 | B23: 1 | C23: =$C$15-F23 -> 1387 | D23: -1909 | E23: =C23-D23 -> 3296 | F23: =$D$15-D23 -> 116 | G23: 1 | H23: =$H$15-K23 -> 1283 | I23: -1477 | J23: =H23-I23 -> 2760 | K23: =$I$15-I23 -> 180 | L23: 1 | M23: =$M$15-P23 -> 1461 | N23: -1443 | O23: =M23-N23 -> 2904 | P23: =$N$15-N23 -> 91
A24: 45822 | B24: 1 | C24: =$C$15-F24 -> 1379 | D24: -1917 | E24: =C24-D24 -> 3296 | F24: =$D$15-D24 -> 124 | G24: 1 | H24: =$H$15-K24 -> 1273 | I24: -1487 | J24: =H24-I24 -> 2760 | K24: =$I$15-I24 -> 190 | L24: 1 | M24: =$M$15-P24 -> 1457 | N24: -1447 | O24: =M24-N24 -> 2904 | P24: =$N$15-N24 -> 95
A25: 45823 | B25: 1 | C25: =$C$15-F25 -> 1371 | D25: -1925 | E25: =C25-D25 -> 3296 | F25: =$D$15-D25 -> 132 | G25: 1 | H25: =$H$15-K25 -> 1268 | I25: -1492 | J25: =H25-I25 -> 2760 | K25: =$I$15-I25 -> 195 | L25: 1 | M25: =$M$15-P25 -> 1452 | N25: -1452 | O25: =M25-N25 -> 2904 | P25: =$N$15-N25 -> 100
A26: 45824 | B26: 1 | C26: =$C$15-F26 -> 1363 | D26: -1933 | E26: =C26-D26 -> 3296 | F26: =$D$15-D26 -> 140 | G26: 1 | H26: =$H$15-K26 -> 1263 | I26: -1497 | J26: =H26-I26 -> 2760 | K26: =$I$15-I26 -> 200 | L26: 1 | M26: =$M$15-P26 -> 1447 | N26: -1457 | O26: =M26-N26 -> 2904 | P26: =$N$15-N26 -> 105
A27: 45825 | B27: 1 | C27: =$C$15-F27 -> 1355 | D27: -1941 | E27: =C27-D27 -> 3296 | F27: =$D$15-D27 -> 148 | G27: 1 | H27: =$H$15-K27 -> 1258 | I27: -1502 | J27: =H27-I27 -> 2760 | K27: =$I$15-I27 -> 205 | L27: 1 | M27: =$M$15-P27 -> 1442 | N27: -1462 | O27: =M27-N27 -> 2904 | P27: =$N$15-N27 -> 110
... A76: 45874 | B76: 1 | C76: =$C$15-F76 -> 1132 | D76: -2164 | E76: =C76-D76 -> 3296 | F76: =$D$15-D76 -> 371 | G76: 1 | H76: =$H$15-K76 -> 999 | I76: -1761 | J76: =H76-I76 -> 2760 | K76: =$I$15-I76 -> 464 | L76: 1 | M76: =$M$15-P76 -> 1216 | N76: -1688 | O76: =M76-N76 -> 2904 | P76: =$N$15-N76 -> 336

Sheet QTL-KM117+800
A1: DỰ ÁN THÀNH PHẦN ĐOẠN HẬU GIANG - CÀ MAU
A2: THUỘC DỰ ÁN XÂY DỰNG CÔNG TRÌNH ĐƯỜNG BỘ CAO TỐC BẮC - NAM PHÍA ĐÔNG GIAI ĐOẠN 2021 - 2025
A3: =UPPER("GÓI THẦU XL03 :Thi Công Xây Dựng Đoạn Tuyến Km114+200 - Km126+223 Bao Gồm Tuyến Nối Nút Giao IC12 Với QL1 (bao gồm khảo sát, thiết kế BVTC)") -> GÓI THẦU XL03 :THI CÔNG XÂY DỰNG ĐOẠN TUYẾN KM114+200 - KM126+223 BAO GỒM TUYẾN NỐI NÚT GIAO IC12 VỚI QL1 (BAO GỒM KHẢO SÁT, THIẾT KẾ BVTC)
A4: CHỦ ĐẦU TƯ | N4: NHÀ THẦU
A5: BAN QUẢN LÝ DỰ ÁN MỸ THUẬN | N5: LIÊN DANH CC1 - HẢI ĐĂNG - VẠN CƯỜNG - 492 - BẮC TRUNG NAM
A7: BẢNG SỐ LIỆU QUAN TRẮC THIẾT BỊ ĐO LÚN MẶT
A8: I. SỐ ĐỌC BAN ĐẦU
A9: Vùng (Đường) | B9: Bàn quan trắc lún | D9: Ngày lắp đặt | F9: =+"Cao trình nghiệm thu [m] ("&TEXT(A21,"dd/mm/yy")&")" -> Cao trình nghiệm thu [m] (20/05/25) | M9: Tọa độ | Q9: Mốc tọa độ tham chiếu
F10: Cao trình MĐTN | G10: Cao trình đắp | I10: Cao trình đỉnh ống | L10: Cao trình tấm đế | M10: X [m] | O10: Y [m]
A11: VÙNG 2A (ĐƯỜNG N1) | B11: SSP2-4 | Q11: CS3
B12: SSP2-5 | Q12: Tọa độ [m]
B13: SSP2-6
A15: II. SỐ LIỆU QUAN TRẮC
A16: Ngày quan trắc | B16: ĐỘ LÚN TRÁI | G16: ĐỘ LÚN TIM | M16: ĐỘ LÚN PHẢI | R16: Áp Đ.hồ Pvac | S16: Ghi chú
B17: Thời gian tích lũy | C17: Cao độ đắp | D17: Cao độ bàn đo lún | E17: Chiều cao đắp | F17: Độ lún | G17: Thời gian tích lũy | H17: Cao độ đắp | I17: Cao độ bàn đo lún | K17: Chiều cao đắp | L17: Độ lún | M17: Thời gian tích lũy | N17: Cao độ đắp | O17: Cao độ bàn đo lún | P17: Chiều cao đắp | Q17: Độ lún
B19: [Ngày] | C19: [mm] | D19: [m.m] | E19: [mm] | F19: [m.m] | G19: [Ngày] | H19: [mm] | I19: [m.m] | K19: [mm] | L19: [m.m] | M19: [Ngày] | N19: [mm] | O19: [m.m] | P19: [mm] | Q19: [m.m] | R19: [kPa]
A20: 1 | B20: =+A20+1 -> 2 | C20: =+B20+1 -> 3 | D20: =+C20+1 -> 4 | E20: =+D20+1 -> 5 | F20: =+E20+1 -> 6 | G20: =+F20+1 -> 7 | H20: =+G20+1 -> 8 | I20: =+H20+1 -> 9 | K20: =+I20+1 -> 10 | L20: =+K20+1 -> 11 | M20: =+L20+1 -> 12 | N20: =+M20+1 -> 13 | O20: =+N20+1 -> 14 | P20: =+O20+1 -> 15 | Q20: =+P20+1 -> 16 | R20: =+Q20+1 -> 17 | S20: =+R20+1 -> 18
A21: 45797 | B21: 1 | C21: 1507 | D21: -413 | E21: =C21-D21 -> 1920 | F21: 0 | G21: 1 | H21: 1492 | I21: -683 | K21: =H21-I21 -> 2175 | L21: 0 | M21: 1 | N21: 1447 | O21: -390 | P21: =N21-O21 -> 1837 | Q21: 0
A22: 45798 | B22: 2 | C22: =$C$21-F22 -> 1502 | D22: -418 | E22: =C22-D22 -> 1920 | F22: =$D$21-D22 -> 5 | G22: =G21+1 -> 2 | H22: =$H$21-L22 -> 1487 | I22: -688 | K22: =H22-I22 -> 2175 | L22: =$I$21-I22 -> 5 | M22: =M21+1 -> 2 | N22: =$N$21-Q22 -> 1447 | O22: -390 | P22: =N22-O22 -> 1837 | Q22: =$O$21-O22 -> 0
A23: 45799 | B23: 3 | C23: =$C$21-F23 -> 1502 | D23: -418 | E23: =C23-D23 -> 1920 | F23: =$D$21-D23 -> 5 | G23: =G22+1 -> 3 | H23: =$H$21-L23 -> 1487 | I23: -688 | K23: =H23-I23 -> 2175 | L23: =$I$21-I23 -> 5 | M23: =M22+1 -> 3 | N23: =$N$21-Q23 -> 1447 | O23: -390 | P23: =N23-O23 -> 1837 | Q23: =$O$21-O23 -> 0
A24: 45800 | B24: 4 | C24: =$C$21-F24 -> 1502 | D24: -418 | E24: =C24-D24 -> 1920 | F24: =$D$21-D24 -> 5 | G24: =G23+1 -> 4 | H24: =$H$21-L24 -> 1487 | I24: -688 | K24: =H24-I24 -> 2175 | L24: =$I$21-I24 -> 5 | M24: =M23+1 -> 4 | N24: =$N$21-Q24 -> 1447 | O24: -390 | P24: =N24-O24 -> 1837 | Q24: =$O$21-O24 -> 0
A25: 45801 | B25: 4 | C25: =$C$21-F25 -> 1502 | D25: -418 | E25: =C25-D25 -> 1920 | F25: =$D$21-D25 -> 5 | G25: =G24+1 -> 5 | H25: =$H$21-L25 -> 1487 | I25: -688 | K25: =H25-I25 -> 2175 | L25: =$I$21-I25 -> 5 | M25: =M24+1 -> 5 | N25: =$N$21-Q25 -> 1447 | O25: -390 | P25: =N25-O25 -> 1837 | Q25: =$O$21-O25 -> 0
A26: 45802 | B26: 4 | C26: =$C$21-F26 -> 1502 | D26: -418 | E26: =C26-D26 -> 1920 | F26: =$D$21-D26 -> 5 | G26: =G25+1 -> 6 | H26: =$H$21-L26 -> 1487 | I26: -688 | K26: =H26-I26 -> 2175 | L26: =$I$21-I26 -> 5 | M26: =M25+1 -> 6 | N26: =$N$21-Q26 -> 1447 | O26: -390 | P26: =N26-O26 -> 1837 | Q26: =$O$21-O26 -> 0
A27: 45803 | B27: 4 | C27: =$C$21-F27 -> 1502 | D27: -418 | E27: =C27-D27 -> 1920 | F27: =$D$21-D27 -> 5 | G27: =G26+1 -> 7 | H27: =$H$21-L27 -> 1487 | I27: -688 | K27: =H27-I27 -> 2175 | L27: =$I$21-I27 -> 5 | M27: =M26+1 -> 7 | N27: =$N$21-Q27 -> 1447 | O27: -390 | P27: =N27-O27 -> 1837 | Q27: =$O$21-O27 -> 0
A28: 45804 | B28: 4 | C28: =$C$21-F28 -> 1502 | D28: -418 | E28: =C28-D28 -> 1920 | F28: =$D$21-D28 -> 5 | G28: =G27+1 -> 8 | H28: =$H$21-L28 -> 1487 | I28: -688 | K28: =H28-I28 -> 2175 | L28: =$I$21-I28 -> 5 | M28: =M27+1 -> 8 | N28: =$N$21-Q28 -> 1447 | O28: -390 | P28: =N28-O28 -> 1837 | Q28: =$O$21-O28 -> 0
A29: 45805 | B29: 4 | C29: =$C$21-F29 -> 1502 | D29: -418 | E29: =C29-D29 -> 1920 | F29: =$D$21-D29 -> 5 | G29: =G28+1 -> 9 | H29: =$H$21-L29 -> 1487 | I29: -688 | K29: =H29-I29 -> 2175 | L29: =$I$21-I29 -> 5 | M29: =M28+1 -> 9 | N29: =$N$21-Q29 -> 1447 | O29: -390 | P29: =N29-O29 -> 1837 | Q29: =$O$21-O29 -> 0
A30: 45806 | B30: 4 | C30: =$C$21-F30 -> 1502 | D30: -418 | E30: =C30-D30 -> 1920 | F30: =$D$21-D30 -> 5 | G30: =G29+1 -> 10 | H30: =$H$21-L30 -> 1487 | I30: -688 | K30: =H30-I30 -> 2175 | L30: =$I$21-I30 -> 5 | M30: =M29+1 -> 10 | N30: =$N$21-Q30 -> 1447 | O30: -390 | P30: =N30-O30 -> 1837 | Q30: =$O$21-O30 -> 0
A31: 45807 | B31: 4 | C31: =$C$21-F31 -> 1502 | D31: -418 | E31: =C31-D31 -> 1920 | F31: =$D$21-D31 -> 5 | G31: =G30+1 -> 11 | H31: =$H$21-L31 -> 1487 | I31: -688 | K31: =H31-I31 -> 2175 | L31: =$I$21-I31 -> 5 | M31: =M30+1 -> 11 | N31: =$N$21-Q31 -> 1447 | O31: -390 | P31: =N31-O31 -> 1837 | Q31: =$O$21-O31 -> 0
A32: 45808 | B32: 4 | C32: =$C$21-F32 -> 1502 | D32: -418 | E32: =C32-D32 -> 1920 | F32: =$D$21-D32 -> 5 | G32: =G31+1 -> 12 | H32: =$H$21-L32 -> 1487 | I32: -688 | K32: =H32-I32 -> 2175 | L32: =$I$21-I32 -> 5 | M32: =M31+1 -> 12 | N32: =$N$21-Q32 -> 1447 | O32: -390 | P32: =N32-O32 -> 1837 | Q32: =$O$21-O32 -> 0
A33: 45809 | B33: 4 | C33: =$C$21-F33 -> 1502 | D33: -418 | E33: =C33-D33 -> 1920 | F33: =$D$21-D33 -> 5 | G33: =G32+1 -> 13 | H33: =$H$21-L33 -> 1473 | I33: -702 | K33: =H33-I33 -> 2175 | L33: =$I$21-I33 -> 19 | M33: =M32+1 -> 13 | N33: =$N$21-Q33 -> 1447 | O33: -390 | P33: =N33-O33 -> 1837 | Q33: =$O$21-O33 -> 0
... A52: 45828 | B52: 4 | C52: =$C$21-F52 -> 1360 | D52: -560 | E52: =C52-D52 -> 1920 | F52: =$D$21-D52 -> 147 | G52: =G51+1 -> 32 | H52: =$H$21-L52 -> 1175 | I52: -1000 | K52: =H52-I52 -> 2175 | L52: =$I$21-I52 -> 317 | M52: =M51+1 -> 32 | N52: =$N$21-Q52 -> 1364 | O52: -473 | P52: =N52-O52 -> 1837 | Q52: =$O$21-O52 -> 83
A53: 45829 | B53: 4 | C53: =$C$21-F53 -> 1350 | D53: -570 | E53: =C53-D53 -> 1920 | F53: =$D$21-D53 -> 157 | G53: =G52+1 -> 33 | H53: =$H$21-L53 -> 1167 | I53: -1008 | J53: =I53-I52 -> -8 | K53: =H53-I53 -> 2175 | L53: =$I$21-I53 -> 325 | M53: =M52+1 -> 33 | N53: =$N$21-Q53 -> 1353 | O53: -484 | P53: =N53-O53 -> 1837 | Q53: =$O$21-O53 -> 94
A54: 45830 | B54: 4 | C54: =$C$21-F54 -> 1340 | D54: -580 | E54: =C54-D54 -> 1920 | F54: =$D$21-D54 -> 167 | G54: =G53+1 -> 34 | H54: =$H$21-L54 -> 1159 | I54: -1016 | J54: =I54-I53 -> -8 | K54: =H54-I54 -> 2175 | L54: =$I$21-I54 -> 333 | M54: =M53+1 -> 34 | N54: =$N$21-Q54 -> 1342 | O54: -495 | P54: =N54-O54 -> 1837 | Q54: =$O$21-O54 -> 105
A55: 45831 | B55: 4 | C55: =$C$21-F55 -> 1330 | D55: -590 | E55: =C55-D55 -> 1920 | F55: =$D$21-D55 -> 177 | G55: =G54+1 -> 35 | H55: =$H$21-L55 -> 1151 | I55: -1024 | J55: =I55-I54 -> -8 | K55: =H55-I55 -> 2175 | L55: =$I$21-I55 -> 341 | M55: =M54+1 -> 35 | N55: =$N$21-Q55 -> 1331 | O55: -506 | P55: =N55-O55 -> 1837 | Q55: =$O$21-O55 -> 116
A56: 45832 | B56: 4 | C56: =$C$21-F56 -> 1320 | D56: -600 | E56: =C56-D56 -> 1920 | F56: =$D$21-D56 -> 187 | G56: =G55+1 -> 36 | H56: =$H$21-L56 -> 1143 | I56: -1032 | J56: =I56-I55 -> -8 | K56: =H56-I56 -> 2175 | L56: =$I$21-I56 -> 349 | M56: =M55+1 -> 36 | N56: =$N$21-Q56 -> 1320 | O56: -517 | P56: =N56-O56 -> 1837 | Q56: =$O$21-O56 -> 127
A57: 45833 | B57: 4 | C57: =$C$21-F57 -> 1310 | D57: -610 | E57: =C57-D57 -> 1920 | F57: =$D$21-D57 -> 197 | G57: =G56+1 -> 37 | H57: =$H$21-L57 -> 1135 | I57: -1040 | J57: =I57-I56 -> -8 | K57: =H57-I57 -> 2175 | L57: =$I$21-I57 -> 357 | M57: =M56+1 -> 37 | N57: =$N$21-Q57 -> 1309 | O57: -528 | P57: =N57-O57 -> 1837 | Q57: =$O$21-O57 -> 138
A58: 45834 | B58: 4 | C58: =$C$21-F58 -> 1300 | D58: -620 | E58: =C58-D58 -> 1920 | F58: =$D$21-D58 -> 207 | G58: =G57+1 -> 38 | H58: =$H$21-L58 -> 1114 | I58: -1061 | J58: =I58-I57 -> -21 | K58: =H58-I58 -> 2175 | L58: =$I$21-I58 -> 378 | M58: =M57+1 -> 38 | N58: =$N$21-Q58 -> 1298 | O58: -539 | P58: =N58-O58 -> 1837 | Q58: =$O$21-O58 -> 149
A59: 45835 | B59: 4 | C59: =$C$21-F59 -> 1295 | D59: -625 | E59: =C59-D59 -> 1920 | F59: =$D$21-D59 -> 212 | G59: =G58+1 -> 39 | H59: =$H$21-L59 -> 1113 | I59: -1062 | J59: =I59-I58 -> -1 | K59: =H59-I59 -> 2175 | L59: =$I$21-I59 -> 379 | M59: =M58+1 -> 39 | N59: =$N$21-Q59 -> 1293 | O59: -544 | P59: =N59-O59 -> 1837 | Q59: =$O$21-O59 -> 154
A60: 45836 | B60: 4 | C60: =$C$21-F60 -> 1290 | D60: -630 | E60: =C60-D60 -> 1920 | F60: =$D$21-D60 -> 217 | G60: =G59+1 -> 40 | H60: =$H$21-L60 -> 1112 | I60: -1063 | J60: =I60-I59 -> -1 | K60: =H60-I60 -> 2175 | L60: =$I$21-I60 -> 380 | M60: =M59+1 -> 40 | N60: =$N$21-Q60 -> 1288 | O60: -549 | P60: =N60-O60 -> 1837 | Q60: =$O$21-O60 -> 159
A61: 45837 | B61: 4 | C61: =$C$21-F61 -> 1285 | D61: -635 | E61: =C61-D61 -> 1920 | F61: =$D$21-D61 -> 222 | G61: =G60+1 -> 41 | H61: =$H$21-L61 -> 1111 | I61: -1064 | J61: =I61-I60 -> -1 | K61: =H61-I61 -> 2175 | L61: =$I$21-I61 -> 381 | M61: =M60+1 -> 41 | N61: =$N$21-Q61 -> 1283 | O61: -554 | P61: =N61-O61 -> 1837 | Q61: =$O$21-O61 -> 164
A62: 45838 | B62: 4 | C62: =$C$21-F62 -> 1280 | D62: -640 | E62: =C62-D62 -> 1920 | F62: =$D$21-D62 -> 227 | G62: =G61+1 -> 42 | H62: =$H$21-L62 -> 1110 | I62: -1065 | J62: =I62-I61 -> -1 | K62: =H62-I62 -> 2175 | L62: =$I$21-I62 -> 382 | M62: =M61+1 -> 42 | N62: =$N$21-Q62 -> 1278 | O62: -559 | P62: =N62-O62 -> 1837 | Q62: =$O$21-O62 -> 169
A63: 45839 | B63: 4 | C63: =$C$21-F63 -> 1275 | D63: -645 | E63: =C63-D63 -> 1920 | F63: =$D$21-D63 -> 232 | G63: =G62+1 -> 43 | H63: =$H$21-L63 -> 1109 | I63: -1066 | J63: =I63-I62 -> -1 | K63: =H63-I63 -> 2175 | L63: =$I$21-I63 -> 383 | M63: =M62+1 -> 43 | N63: =$N$21-Q63 -> 1273 | O63: -564 | P63: =N63-O63 -> 1837 | Q63: =$O$21-O63 -> 174
A64: 45840 | B64: 4 | C64: =$C$21-F64 -> 1270 | D64: -650 | E64: =C64-D64 -> 1920 | F64: =$D$21-D64 -> 237 | G64: =G63+1 -> 44 | H64: =$H$21-L64 -> 1108 | I64: -1067 | J64: =I64-I63 -> -1 | K64: =H64-I64 -> 2175 | L64: =$I$21-I64 -> 384 | M64: =M63+1 -> 44 | N64: =$N$21-Q64 -> 1268 | O64: -569 | P64: =N64-O64 -> 1837 | Q64: =$O$21-O64 -> 179
... A98: 45874 | B98: 4 | C98: =$C$21-F98 -> 1087 | D98: -833 | E98: =C98-D98 -> 1920 | F98: =$D$21-D98 -> 420 | G98: =G97+1 -> 78 | H98: =$H$21-L98 -> 987 | I98: -1188 | J98: =I98-I97 -> -53 | K98: =H98-I98 -> 2175 | L98: =$I$21-I98 -> 505 | M98: =M97+1 -> 78 | N98: =$N$21-Q98 -> 1072 | O98: -765 | P98: =N98-O98 -> 1837 | Q98: =$O$21-O98 -> 375
I100: =I98-I97 -> -53

Sheet QTL-KM117+900
A1: DỰ ÁN THÀNH PHẦN ĐOẠN HẬU GIANG - CÀ MAU
A2: THUỘC DỰ ÁN XÂY DỰNG CÔNG TRÌNH ĐƯỜNG BỘ CAO TỐC BẮC - NAM PHÍA ĐÔNG GIAI ĐOẠN 2021 - 2025
A3: =UPPER("GÓI THẦU XL03 :Thi Công Xây Dựng Đoạn Tuyến Km114+200 - Km126+223 Bao Gồm Tuyến Nối Nút Giao IC12 Với QL1 (bao gồm khảo sát, thiết kế BVTC)") -> GÓI THẦU XL03 :THI CÔNG XÂY DỰNG ĐOẠN TUYẾN KM114+200 - KM126+223 BAO GỒM TUYẾN NỐI NÚT GIAO IC12 VỚI QL1 (BAO GỒM KHẢO SÁT, THIẾT KẾ BVTC)
A4: CHỦ ĐẦU TƯ | M4: NHÀ THẦU
A5: BAN QUẢN LÝ DỰ ÁN MỸ THUẬN | M5: LIÊN DANH CC1 - HẢI ĐĂNG - VẠN CƯỜNG - 492 - BẮC TRUNG NAM
A7: BẢNG SỐ LIỆU QUAN TRẮC THIẾT BỊ ĐO LÚN MẶT
A8: I. SỐ ĐỌC BAN ĐẦU
A9: Vùng (Đường) | B9: Bàn quan trắc lún | D9: Ngày lắp đặt | F9: =+"Cao trình nghiệm thu [m] ("&TEXT(A21,"dd/mm/yy")&")" -> Cao trình nghiệm thu [m] (20/05/25) | L9: Tọa độ | P9: Mốc tọa độ tham chiếu
F10: Cao trình MĐTN | G10: Cao trình đắp | I10: Cao trình đỉnh ống | K10: Cao trình tấm đế | L10: X [m] | N10: Y [m]
A11: VÙNG 2A (ĐƯỜNG N1) | B11: SSP2-4 | P11: CS3
B12: SSP2-5 | P12: Tọa độ [m]
B13: SSP2-6
A15: II. SỐ LIỆU QUAN TRẮC
A16: Ngày quan trắc | B16: ĐỘ LÚN TRÁI | G16: ĐỘ LÚN TIM | L16: ĐỘ LÚN PHẢI | Q16: Áp Đ.hồ Pvac | R16: Ghi chú
B17: Thời gian tích lũy | C17: Cao độ đắp | D17: Cao độ bàn đo lún | E17: Chiều cao đắp | F17: Độ lún | G17: Thời gian tích lũy | H17: Cao độ đắp | I17: Cao độ bàn đo lún | J17: Chiều cao đắp | K17: Độ lún | L17: Thời gian tích lũy | M17: Cao độ đắp | N17: Cao độ bàn đo lún | O17: Chiều cao đắp | P17: Độ lún
B19: [Ngày] | C19: [mm] | D19: [m.m] | E19: [mm] | F19: [m.m] | G19: [Ngày] | H19: [mm] | I19: [m.m] | J19: [mm] | K19: [m.m] | L19: [Ngày] | M19: [mm] | N19: [m.m] | O19: [mm] | P19: [m.m] | Q19: [kPa]
A20: 1 | B20: =+A20+1 -> 2 | C20: =+B20+1 -> 3 | D20: =+C20+1 -> 4 | E20: =+D20+1 -> 5 | F20: =+E20+1 -> 6 | G20: =+F20+1 -> 7 | H20: =+G20+1 -> 8 | I20: =+H20+1 -> 9 | ... R20: =+Q20+1 -> 18
A21: 45797 | B21: 1 | C21: 1517 | D21: -778 | E21: =C21-D21 -> 2295 | F21: 0 | G21: 1 | H21: 1482 | I21: -1093 | J21: =H21-I21 -> 2575 | K21: 0 | L21: 1 | M21: 1472 | N21: -468 | O21: =M21-N21 -> 1940 | P21: 0
A22: 45798 | B22: 2 | C22: =$C$21-F22 -> 1512 | D22: -783 | E22: =C22-D22 -> 2295 | F22: =$D$21-D22 -> 5 | G22: =G21+1 -> 2 | H22: =$H$21-K22 -> 1482 | I22: -1093 | J22: =H22-I22 -> 2575 | K22: =$I$21-I22 -> 0 | L22: =L21+1 -> 2 | M22: =$M$21-P22 -> 1467 | N22: -473 | O22: =M22-N22 -> 1940 | P22: =$N$21-N22 -> 5
A23: 45799 | B23: 3 | C23: =$C$21-F23 -> 1512 | D23: -783 | E23: =C23-D23 -> 2295 | F23: =$D$21-D23 -> 5 | G23: =G22+1 -> 3 | H23: =$H$21-K23 -> 1482 | I23: -1093 | J23: =H23-I23 -> 2575 | K23: =$I$21-I23 -> 0 | L23: =L22+1 -> 3 | M23: =$M$21-P23 -> 1467 | N23: -473 | O23: =M23-N23 -> 1940 | P23: =$N$21-N23 -> 5
A24: 45800 | B24: 4 | C24: =$C$21-F24 -> 1512 | D24: -783 | E24: =C24-D24 -> 2295 | F24: =$D$21-D24 -> 5 | G24: =G23+1 -> 4 | H24: =$H$21-K24 -> 1482 | I24: -1093 | J24: =H24-I24 -> 2575 | K24: =$I$21-I24 -> 0 | L24: =L23+1 -> 4 | M24: =$M$21-P24 -> 1467 | N24: -473 | O24: =M24-N24 -> 1940 | P24: =$N$21-N24 -> 5
A25: 45801 | B25: 4 | C25: =$C$21-F25 -> 1512 | D25: -783 | E25: =C25-D25 -> 2295 | F25: =$D$21-D25 -> 5 | G25: =G24+1 -> 5 | H25: =$H$21-K25 -> 1482 | I25: -1093 | J25: =H25-I25 -> 2575 | K25: =$I$21-I25 -> 0 | L25: =L24+1 -> 5 | M25: =$M$21-P25 -> 1467 | N25: -473 | O25: =M25-N25 -> 1940 | P25: =$N$21-N25 -> 5
A26: 45802 | B26: 4 | C26: =$C$21-F26 -> 1512 | D26: -783 | E26: =C26-D26 -> 2295 | F26: =$D$21-D26 -> 5 | G26: =G25+1 -> 6 | H26: =$H$21-K26 -> 1482 | I26: -1093 | J26: =H26-I26 -> 2575 | K26: =$I$21-I26 -> 0 | L26: =L25+1 -> 6 | M26: =$M$21-P26 -> 1467 | N26: -473 | O26: =M26-N26 -> 1940 | P26: =$N$21-N26 -> 5
A27: 45803 | B27: 4 | C27: =$C$21-F27 -> 1512 | D27: -783 | E27: =C27-D27 -> 2295 | F27: =$D$21-D27 -> 5 | G27: =G26+1 -> 7 | H27: =$H$21-K27 -> 1482 | I27: -1093 | J27: =H27-I27 -> 2575 | K27: =$I$21-I27 -> 0 | L27: =L26+1 -> 7 | M27: =$M$21-P27 -> 1467 | N27: -473 | O27: =M27-N27 -> 1940 | P27: =$N$21-N27 -> 5
A28: 45804 | B28: 4 | C28: =$C$21-F28 -> 1512 | D28: -783 | E28: =C28-D28 -> 2295 | F28: =$D$21-D28 -> 5 | G28: =G27+1 -> 8 | H28: =$H$21-K28 -> 1482 | I28: -1093 | J28: =H28-I28 -> 2575 | K28: =$I$21-I28 -> 0 | L28: =L27+1 -> 8 | M28: =$M$21-P28 -> 1467 | N28: -473 | O28: =M28-N28 -> 1940 | P28: =$N$21-N28 -> 5
A29: 45805 | B29: 4 | C29: =$C$21-F29 -> 1512 | D29: -783 | E29: =C29-D29 -> 2295 | F29: =$D$21-D29 -> 5 | G29: =G28+1 -> 9 | H29: =$H$21-K29 -> 1482 | I29: -1093 | J29: =H29-I29 -> 2575 | K29: =$I$21-I29 -> 0 | L29: =L28+1 -> 9 | M29: =$M$21-P29 -> 1467 | N29: -473 | O29: =M29-N29 -> 1940 | P29: =$N$21-N29 -> 5
A30: 45806 | B30: 4 | C30: =$C$21-F30 -> 1512 | D30: -783 | E30: =C30-D30 -> 2295 | F30: =$D$21-D30 -> 5 | G30: =G29+1 -> 10 | H30: =$H$21-K30 -> 1482 | I30: -1093 | J30: =H30-I30 -> 2575 | K30: =$I$21-I30 -> 0 | L30: =L29+1 -> 10 | M30: =$M$21-P30 -> 1467 | N30: -473 | O30: =M30-N30 -> 1940 | P30: =$N$21-N30 -> 5
A31: 45807 | B31: 4 | C31: =$C$21-F31 -> 1512 | D31: -783 | E31: =C31-D31 -> 2295 | F31: =$D$21-D31 -> 5 | G31: =G30+1 -> 11 | H31: =$H$21-K31 -> 1482 | I31: -1093 | J31: =H31-I31 -> 2575 | K31: =$I$21-I31 -> 0 | L31: =L30+1 -> 11 | M31: =$M$21-P31 -> 1467 | N31: -473 | O31: =M31-N31 -> 1940 | P31: =$N$21-N31 -> 5
A32: 45808 | B32: 4 | C32: =$C$21-F32 -> 1512 | D32: -783 | E32: =C32-D32 -> 2295 | F32: =$D$21-D32 -> 5 | G32: =G31+1 -> 12 | H32: =$H$21-K32 -> 1482 | I32: -1093 | J32: =H32-I32 -> 2575 | K32: =$I$21-I32 -> 0 | L32: =L31+1 -> 12 | M32: =$M$21-P32 -> 1467 | N32: -473 | O32: =M32-N32 -> 1940 | P32: =$N$21-N32 -> 5
A33: 45809 | B33: 4 | C33: =$C$21-F33 -> 1512 | D33: -783 | E33: =C33-D33 -> 2295 | F33: =$D$21-D33 -> 5 | G33: =G32+1 -> 13 | H33: =$H$21-K33 -> 1482 | I33: -1093 | J33: =H33-I33 -> 2575 | K33: =$I$21-I33 -> 0 | L33: =L32+1 -> 13 | M33: =$M$21-P33 -> 1467 | N33: -473 | O33: =M33-N33 -> 1940 | P33: =$N$21-N33 -> 5
... A97: 45873 | B97: 4 | C97: =$C$21-F97 -> 1128 | D97: -1167 | E97: =C97-D97 -> 2295 | F97: =$D$21-D97 -> 389 | G97: =G96+1 -> 77 | H97: =$H$21-K97 -> 1022 | I97: -1553 | J97: =H97-I97 -> 2575 | K97: =$I$21-I97 -> 460 | L97: =L96+1 -> 77 | M97: =$M$21-P97 -> 1104 | N97: -836 | O97: =M97-N97 -> 1940 | P97: =$N$21-N97 -> 368
A98: 45874 | B98: 4 | C98: 1402 | D98: -1205 | E98: =C98-D98 -> 2607 | F98: =$D$21-D98 -> 427 | G98: =G97+1 -> 78 | H98: 1402 | I98: -1618 | J98: =H98-I98 -> 3020 | K98: =$I$21-I98 -> 525 | L98: =L97+1 -> 78 | M98: 1402 | N98: -871 | O98: =M98-N98 -> 2273 | P98: =$N$21-N98 -> 403

Sheet QTL-KM118+00
A1: DỰ ÁN THÀNH PHẦN ĐOẠN HẬU GIANG - CÀ MAU
A2: THUỘC DỰ ÁN XÂY DỰNG CÔNG TRÌNH ĐƯỜNG BỘ CAO TỐC BẮC - NAM PHÍA ĐÔNG GIAI ĐOẠN 2021 - 2025
A3: =UPPER("GÓI THẦU XL03 :Thi Công Xây Dựng Đoạn Tuyến Km114+200 - Km126+223 Bao Gồm Tuyến Nối Nút Giao IC12 Với QL1 (bao gồm khảo sát, thiết kế BVTC)") -> GÓI THẦU XL03 :THI CÔNG XÂY DỰNG ĐOẠN TUYẾN KM114+200 - KM126+223 BAO GỒM TUYẾN NỐI NÚT GIAO IC12 VỚI QL1 (BAO GỒM KHẢO SÁT, THIẾT KẾ BVTC)
A4: CHỦ ĐẦU TƯ | M4: NHÀ THẦU
A5: BAN QUẢN LÝ DỰ ÁN MỸ THUẬN | M5: LIÊN DANH CC1 - HẢI ĐĂNG - VẠN CƯỜNG - 492 - BẮC TRUNG NAM
A7: BẢNG SỐ LIỆU QUAN TRẮC THIẾT BỊ ĐO LÚN MẶT
A8: I. SỐ ĐỌC BAN ĐẦU
A9: Vùng (Đường) | B9: Bàn quan trắc lún | D9: Ngày lắp đặt | F9: =+"Cao trình nghiệm thu [m] ("&TEXT(A21,"dd/mm/yy")&")" -> Cao trình nghiệm thu [m] (20/05/25) | L9: Tọa độ | P9: Mốc tọa độ tham chiếu
F10: Cao trình MĐTN | G10: Cao trình đắp | I10: Cao trình đỉnh ống | K10: Cao trình tấm đế | L10: X [m] | N10: Y [m]
A11: VÙNG 2A (ĐƯỜNG N1) | B11: SSP2-4 | P11: CS3
B12: SSP2-5 | P12: Tọa độ [m]
B13: SSP2-6
A15: II. SỐ LIỆU QUAN TRẮC
A16: Ngày quan trắc | B16: ĐỘ LÚN TRÁI | G16: ĐỘ LÚN TIM | L16: ĐỘ LÚN PHẢI | Q16: Áp Đ.hồ Pvac | R16: Ghi chú
B17: Thời gian tích lũy | C17: Cao độ đắp | D17: Cao độ bàn đo lún | E17: Chiều cao đắp | F17: Độ lún | G17: Thời gian tích lũy | H17: Cao độ đắp | I17: Cao độ bàn đo lún | J17: Chiều cao đắp | K17: Độ lún | L17: Thời gian tích lũy | M17: Cao độ đắp | N17: Cao độ bàn đo lún | O17: Chiều cao đắp | P17: Độ lún
B19: [Ngày] | C19: [mm] | D19: [m.m] | E19: [mm] | F19: [m.m] | G19: [Ngày] | H19: [mm] | I19: [m.m] | J19: [mm] | K19: [m.m] | L19: [Ngày] | M19: [mm] | N19: [m.m] | O19: [mm] | P19: [m.m] | Q19: [kPa]
A20: 1 | B20: =+A20+1 -> 2 | C20: =+B20+1 -> 3 | D20: =+C20+1 -> 4 | E20: =+D20+1 -> 5 | F20: =+E20+1 -> 6 | G20: =+F20+1 -> 7 | H20: =+G20+1 -> 8 | I20: =+H20+1 -> 9 | ... R20: =+Q20+1 -> 18
A21: 45797 | B21: 1 | C21: 1370 | D21: -723 | E21: =C21-D21 -> 2093 | F21: 0 | G21: 1 | H21: 1420 | I21: -1315 | J21: =H21-I21 -> 2735 | K21: 0 | L21: 1 | M21: 1487 | N21: -1792 | O21: =M21-N21 -> 3279 | P21: 0
A22: 45798 | B22: 2 | C22: =$C$21-F22 -> 1367 | D22: -726 | E22: =C22-D22 -> 2093 | F22: =$D$21-D22 -> 3 | G22: =G21+1 -> 2 | H22: =$H$21-K22 -> 1417 | I22: -1318 | J22: =H22-I22 -> 2735 | K22: =$I$21-I22 -> 3 | L22: =L21+1 -> 2 | M22: =$M$21-P22 -> 1471 | N22: -1808 | O22: =M22-N22 -> 3279 | P22: =$N$21-N22 -> 16
A23: 45799 | B23: 3 | C23: =$C$21-F23 -> 1367 | D23: -726 | E23: =C23-D23 -> 2093 | F23: =$D$21-D23 -> 3 | G23: =G22+1 -> 3 | H23: =$H$21-K23 -> 1417 | I23: -1318 | J23: =H23-I23 -> 2735 | K23: =$I$21-I23 -> 3 | L23: =L22+1 -> 3 | M23: =$M$21-P23 -> 1471 | N23: -1808 | O23: =M23-N23 -> 3279 | P23: =$N$21-N23 -> 16
A24: 45800 | B24: 4 | C24: =$C$21-F24 -> 1367 | D24: -726 | E24: =C24-D24 -> 2093 | F24: =$D$21-D24 -> 3 | G24: =G23+1 -> 4 | H24: =$H$21-K24 -> 1417 | I24: -1318 | J24: =H24-I24 -> 2735 | K24: =$I$21-I24 -> 3 | L24: =L23+1 -> 4 | M24: =$M$21-P24 -> 1471 | N24: -1808 | O24: =M24-N24 -> 3279 | P24: =$N$21-N24 -> 16
A25: 45801 | B25: 4 | C25: =$C$21-F25 -> 1367 | D25: -726 | E25: =C25-D25 -> 2093 | F25: =$D$21-D25 -> 3 | G25: =G24+1 -> 5 | H25: =$H$21-K25 -> 1417 | I25: -1318 | J25: =H25-I25 -> 2735 | K25: =$I$21-I25 -> 3 | L25: =L24+1 -> 5 | M25: =$M$21-P25 -> 1471 | N25: -1808 | O25: =M25-N25 -> 3279 | P25: =$N$21-N25 -> 16
A26: 45802 | B26: 4 | C26: =$C$21-F26 -> 1367 | D26: -726 | E26: =C26-D26 -> 2093 | F26: =$D$21-D26 -> 3 | G26: =G25+1 -> 6 | H26: =$H$21-K26 -> 1417 | I26: -1318 | J26: =H26-I26 -> 2735 | K26: =$I$21-I26 -> 3 | L26: =L25+1 -> 6 | M26: =$M$21-P26 -> 1471 | N26: -1808 | O26: =M26-N26 -> 3279 | P26: =$N$21-N26 -> 16
A27: 45803 | B27: 4 | C27: =$C$21-F27 -> 1367 | D27: -726 | E27: =C27-D27 -> 2093 | F27: =$D$21-D27 -> 3 | G27: =G26+1 -> 7 | H27: =$H$21-K27 -> 1417 | I27: -1318 | J27: =H27-I27 -> 2735 | K27: =$I$21-I27 -> 3 | L27: =L26+1 -> 7 | M27: =$M$21-P27 -> 1471 | N27: -1808 | O27: =M27-N27 -> 3279 | P27: =$N$21-N27 -> 16
A28: 45804 | B28: 4 | C28: =$C$21-F28 -> 1367 | D28: -726 | E28: =C28-D28 -> 2093 | F28: =$D$21-D28 -> 3 | G28: =G27+1 -> 8 | H28: =$H$21-K28 -> 1417 | I28: -1318 | J28: =H28-I28 -> 2735 | K28: =$I$21-I28 -> 3 | L28: =L27+1 -> 8 | M28: =$M$21-P28 -> 1471 | N28: -1808 | O28: =M28-N28 -> 3279 | P28: =$N$21-N28 -> 16
A29: 45805 | B29: 4 | C29: =$C$21-F29 -> 1367 | D29: -726 | E29: =C29-D29 -> 2093 | F29: =$D$21-D29 -> 3 | G29: =G28+1 -> 9 | H29: =$H$21-K29 -> 1417 | I29: -1318 | J29: =H29-I29 -> 2735 | K29: =$I$21-I29 -> 3 | L29: =L28+1 -> 9 | M29: =$M$21-P29 -> 1471 | N29: -1808 | O29: =M29-N29 -> 3279 | P29: =$N$21-N29 -> 16
A30: 45806 | B30: 4 | C30: =$C$21-F30 -> 1367 | D30: -726 | E30: =C30-D30 -> 2093 | F30: =$D$21-D30 -> 3 | G30: =G29+1 -> 10 | H30: =$H$21-K30 -> 1417 | I30: -1318 | J30: =H30-I30 -> 2735 | K30: =$I$21-I30 -> 3 | L30: =L29+1 -> 10 | M30: =$M$21-P30 -> 1471 | N30: -1808 | O30: =M30-N30 -> 3279 | P30: =$N$21-N30 -> 16
A31: 45807 | B31: 4 | C31: =$C$21-F31 -> 1367 | D31: -726 | E31: =C31-D31 -> 2093 | F31: =$D$21-D31 -> 3 | G31: =G30+1 -> 11 | H31: =$H$21-K31 -> 1417 | I31: -1318 | J31: =H31-I31 -> 2735 | K31: =$I$21-I31 -> 3 | L31: =L30+1 -> 11 | M31: =$M$21-P31 -> 1471 | N31: -1808 | O31: =M31-N31 -> 3279 | P31: =$N$21-N31 -> 16
A32: 45808 | B32: 4 | C32: =$C$21-F32 -> 1367 | D32: -726 | E32: =C32-D32 -> 2093 | F32: =$D$21-D32 -> 3 | G32: =G31+1 -> 12 | H32: =$H$21-K32 -> 1417 | I32: -1318 | J32: =H32-I32 -> 2735 | K32: =$I$21-I32 -> 3 | L32: =L31+1 -> 12 | M32: =$M$21-P32 -> 1471 | N32: -1808 | O32: =M32-N32 -> 3279 | P32: =$N$21-N32 -> 16
A33: 45809 | B33: 4 | C33: =$C$21-F33 -> 1367 | D33: -726 | E33: =C33-D33 -> 2093 | F33: =$D$21-D33 -> 3 | G33: =G32+1 -> 13 | H33: =$H$21-K33 -> 1417 | I33: -1318 | J33: =H33-I33 -> 2735 | K33: =$I$21-I33 -> 3 | L33: =L32+1 -> 13 | M33: =$M$21-P33 -> 1471 | N33: -1808 | O33: =M33-N33 -> 3279 | P33: =$N$21-N33 -> 16
... A97: 45873 | B97: 4 | C97: =$C$21-F97 -> 1045 | D97: -1048 | E97: =C97-D97 -> 2093 | F97: =$D$21-D97 -> 325 | G97: =G96+1 -> 77 | H97: =$H$21-K97 -> 959 | I97: -1776 | J97: =H97-I97 -> 2735 | K97: =$I$21-I97 -> 461 | L97: =L96+1 -> 77 | M97: =$M$21-P97 -> 1156 | N97: -2123 | O97: =M97-N97 -> 3279 | P97: =$N$21-N97 -> 331
A98: 45874 | B98: 4 | C98: 1317 | D98: -1121 | E98: =C98-D98 -> 2438 | F98: =$D$21-D98 -> 398 | G98: =G97+1 -> 78 | H98: 1317 | I98: -1863 | J98: =H98-I98 -> 3180 | K98: =$I$21-I98 -> 548 | L98: =L97+1 -> 78 | M98: 1317 | N98: -2153 | O98: =M98-N98 -> 3470 | P98: =$N$21-N98 -> 361

Sheet QTL-KM118+100
A1: DỰ ÁN THÀNH PHẦN ĐOẠN HẬU GIANG - CÀ MAU
A2: THUỘC DỰ ÁN XÂY DỰNG CÔNG TRÌNH ĐƯỜNG BỘ CAO TỐC BẮC - NAM PHÍA ĐÔNG GIAI ĐOẠN 2021 - 2025
A3: =UPPER("GÓI THẦU XL03 :Thi Công Xây Dựng Đoạn Tuyến Km114+200 - Km126+223 Bao Gồm Tuyến Nối Nút Giao IC12 Với QL1 (bao gồm khảo sát, thiết kế BVTC)") -> GÓI THẦU XL03 :THI CÔNG XÂY DỰNG ĐOẠN TUYẾN KM114+200 - KM126+223 BAO GỒM TUYẾN NỐI NÚT GIAO IC12 VỚI QL1 (BAO GỒM KHẢO SÁT, THIẾT KẾ BVTC)
A4: CHỦ ĐẦU TƯ | M4: NHÀ THẦU
A5: BAN QUẢN LÝ DỰ ÁN MỸ THUẬN | M5: LIÊN DANH CC1 - HẢI ĐĂNG - VẠN CƯỜNG - 492 - BẮC TRUNG NAM
A7: BẢNG SỐ LIỆU QUAN TRẮC THIẾT BỊ ĐO LÚN MẶT
A8: I. SỐ ĐỌC BAN ĐẦU
A9: Vùng (Đường) | B9: Bàn quan trắc lún | D9: Ngày lắp đặt | F9: =+"Cao trình nghiệm thu [m] ("&TEXT(A21,"dd/mm/yy")&")" -> Cao trình nghiệm thu [m] (20/05/25) | L9: Tọa độ | P9: Mốc tọa độ tham chiếu
F10: Cao trình MĐTN | G10: Cao trình đắp | I10: Cao trình đỉnh ống | K10: Cao trình tấm đế | L10: X [m] | N10: Y [m]
A11: VÙNG 2A (ĐƯỜNG N1) | B11: SSP2-4 | P11: CS3
B12: SSP2-5 | P12: Tọa độ [m]
B13: SSP2-6
A15: II. SỐ LIỆU QUAN TRẮC
A16: Ngày quan trắc | B16: ĐỘ LÚN TRÁI | G16: ĐỘ LÚN TIM | L16: ĐỘ LÚN PHẢI | Q16: Áp Đ.hồ Pvac | R16: Ghi chú
B17: Thời gian tích lũy | C17: Cao độ đắp | D17: Cao độ bàn đo lún | E17: Chiều cao đắp | F17: Độ lún | G17: Thời gian tích lũy | H17: Cao độ đắp | I17: Cao độ bàn đo lún | J17: Chiều cao đắp | K17: Độ lún | L17: Thời gian tích lũy | M17: Cao độ đắp | N17: Cao độ bàn đo lún | O17: Chiều cao đắp | P17: Độ lún
B19: [Ngày] | C19: [mm] | D19: [m.m] | E19: [mm] | F19: [m.m] | G19: [Ngày] | H19: [mm] | I19: [m.m] | J19: [mm] | K19: [m.m] | L19: [Ngày] | M19: [mm] | N19: [m.m] | O19: [mm] | P19: [m.m] | Q19: [kPa]
A20: 1 | B20: =+A20+1 -> 2 | C20: =+B20+1 -> 3 | D20: =+C20+1 -> 4 | E20: =+D20+1 -> 5 | F20: =+E20+1 -> 6 | G20: =+F20+1 -> 7 | H20: =+G20+1 -> 8 | I20: =+H20+1 -> 9 | ... R20: =+Q20+1 -> 18
A21: 45797 | B21: 1 | C21: 1490 | D21: -477 | E21: =C21-D21 -> 1967 | F21: 0 | G21: 1 | H21: 1484 | I21: -1004 | J21: =H21-I21 -> 2488 | K21: 0 | L21: 1 | M21: 1592 | N21: -578 | O21: =M21-N21 -> 2170 | P21: 0
A22: 45798 | B22: 1 | C22: =$C$21-F22 -> 1488 | D22: -479 | E22: =C22-D22 -> 1967 | F22: =$D$21-D22 -> 2 | G22: =G21+1 -> 2 | H22: =$H$21-K22 -> 1476 | I22: -1012 | J22: =H22-I22 -> 2488 | K22: =$I$21-I22 -> 8 | L22: =L21+1 -> 2 | M22: =$M$21-P22 -> 1591 | N22: -579 | O22: =M22-N22 -> 2170 | P22: =$N$21-N22 -> 1
A23: 45799 | B23: 1 | C23: =$C$21-F23 -> 1488 | D23: -479 | E23: =C23-D23 -> 1967 | F23: =$D$21-D23 -> 2 | G23: =G22+1 -> 3 | H23: =$H$21-K23 -> 1476 | I23: -1012 | J23: =H23-I23 -> 2488 | K23: =$I$21-I23 -> 8 | L23: =L22+1 -> 3 | M23: =$M$21-P23 -> 1591 | N23: -579 | O23: =M23-N23 -> 2170 | P23: =$N$21-N23 -> 1
A24: 45800 | B24: 1 | C24: =$C$21-F24 -> 1488 | D24: -479 | E24: =C24-D24 -> 1967 | F24: =$D$21-D24 -> 2 | G24: =G23+1 -> 4 | H24: =$H$21-K24 -> 1476 | I24: -1012 | J24: =H24-I24 -> 2488 | K24: =$I$21-I24 -> 8 | L24: =L23+1 -> 4 | M24: =$M$21-P24 -> 1591 | N24: -579 | O24: =M24-N24 -> 2170 | P24: =$N$21-N24 -> 1
A25: 45801 | B25: 1 | C25: =$C$21-F25 -> 1488 | D25: -479 | E25: =C25-D25 -> 1967 | F25: =$D$21-D25 -> 2 | G25: =G24+1 -> 5 | H25: =$H$21-K25 -> 1476 | I25: -1012 | J25: =H25-I25 -> 2488 | K25: =$I$21-I25 -> 8 | L25: =L24+1 -> 5 | M25: =$M$21-P25 -> 1591 | N25: -579 | O25: =M25-N25 -> 2170 | P25: =$N$21-N25 -> 1
A26: 45802 | B26: 1 | C26: =$C$21-F26 -> 1488 | D26: -479 | E26: =C26-D26 -> 1967 | F26: =$D$21-D26 -> 2 | G26: =G25+1 -> 6 | H26: =$H$21-K26 -> 1476 | I26: -1012 | J26: =H26-I26 -> 2488 | K26: =$I$21-I26 -> 8 | L26: =L25+1 -> 6 | M26: =$M$21-P26 -> 1591 | N26: -579 | O26: =M26-N26 -> 2170 | P26: =$N$21-N26 -> 1
A27: 45803 | B27: 1 | C27: =$C$21-F27 -> 1488 | D27: -479 | E27: =C27-D27 -> 1967 | F27: =$D$21-D27 -> 2 | G27: =G26+1 -> 7 | H27: =$H$21-K27 -> 1476 | I27: -1012 | J27: =H27-I27 -> 2488 | K27: =$I$21-I27 -> 8 | L27: =L26+1 -> 7 | M27: =$M$21-P27 -> 1591 | N27: -579 | O27: =M27-N27 -> 2170 | P27: =$N$21-N27 -> 1
A28: 45804 | B28: 1 | C28: =$C$21-F28 -> 1488 | D28: -479 | E28: =C28-D28 -> 1967 | F28: =$D$21-D28 -> 2 | G28: =G27+1 -> 8 | H28: =$H$21-K28 -> 1476 | I28: -1012 | J28: =H28-I28 -> 2488 | K28: =$I$21-I28 -> 8 | L28: =L27+1 -> 8 | M28: =$M$21-P28 -> 1591 | N28: -579 | O28: =M28-N28 -> 2170 | P28: =$N$21-N28 -> 1
A29: 45805 | B29: 1 | C29: =$C$21-F29 -> 1488 | D29: -479 | E29: =C29-D29 -> 1967 | F29: =$D$21-D29 -> 2 | G29: =G28+1 -> 9 | H29: =$H$21-K29 -> 1476 | I29: -1012 | J29: =H29-I29 -> 2488 | K29: =$I$21-I29 -> 8 | L29: =L28+1 -> 9 | M29: =$M$21-P29 -> 1591 | N29: -579 | O29: =M29-N29 -> 2170 | P29: =$N$21-N29 -> 1
A30: 45806 | B30: 1 | C30: =$C$21-F30 -> 1488 | D30: -479 | E30: =C30-D30 -> 1967 | F30: =$D$21-D30 -> 2 | G30: =G29+1 -> 10 | H30: =$H$21-K30 -> 1476 | I30: -1012 | J30: =H30-I30 -> 2488 | K30: =$I$21-I30 -> 8 | L30: =L29+1 -> 10 | M30: =$M$21-P30 -> 1591 | N30: -579 | O30: =M30-N30 -> 2170 | P30: =$N$21-N30 -> 1
A31: 45807 | B31: 1 | C31: =$C$21-F31 -> 1488 | D31: -479 | E31: =C31-D31 -> 1967 | F31: =$D$21-D31 -> 2 | G31: =G30+1 -> 11 | H31: =$H$21-K31 -> 1476 | I31: -1012 | J31: =H31-I31 -> 2488 | K31: =$I$21-I31 -> 8 | L31: =L30+1 -> 11 | M31: =$M$21-P31 -> 1591 | N31: -579 | O31: =M31-N31 -> 2170 | P31: =$N$21-N31 -> 1
A32: 45808 | B32: 1 | C32: =$C$21-F32 -> 1488 | D32: -479 | E32: =C32-D32 -> 1967 | F32: =$D$21-D32 -> 2 | G32: =G31+1 -> 12 | H32: =$H$21-K32 -> 1476 | I32: -1012 | J32: =H32-I32 -> 2488 | K32: =$I$21-I32 -> 8 | L32: =L31+1 -> 12 | M32: =$M$21-P32 -> 1591 | N32: -579 | O32: =M32-N32 -> 2170 | P32: =$N$21-N32 -> 1
A33: 45809 | B33: 1 | C33: =$C$21-F33 -> 1488 | D33: -479 | E33: =C33-D33 -> 1967 | F33: =$D$21-D33 -> 2 | G33: =G32+1 -> 13 | H33: =$H$21-K33 -> 1476 | I33: -1012 | J33: =H33-I33 -> 2488 | K33: =$I$21-I33 -> 8 | L33: =L32+1 -> 13 | M33: =$M$21-P33 -> 1591 | N33: -579 | O33: =M33-N33 -> 2170 | P33: =$N$21-N33 -> 1
... A98: 45874 | B98: 1 | C98: =$C$21-F98 -> 1077 | D98: -890 | E98: =C98-D98 -> 1967 | F98: =$D$21-D98 -> 413 | G98: =G97+1 -> 78 | H98: =$H$21-K98 -> 920 | I98: -1568 | J98: =H98-I98 -> 2488 | K98: =$I$21-I98 -> 564 | L98: =L97+1 -> 78 | M98: =$M$21-P98 -> 1226 | N98: -944 | O98: =M98-N98 -> 2170 | P98: =$N$21-N98 -> 366

Sheet QTL -KM118+200
A1: DỰ ÁN THÀNH PHẦN ĐOẠN HẬU GIANG - CÀ MAU
A2: THUỘC DỰ ÁN XÂY DỰNG CÔNG TRÌNH ĐƯỜNG BỘ CAO TỐC BẮC - NAM PHÍA ĐÔNG GIAI ĐOẠN 2021 - 2025
A3: =UPPER("GÓI THẦU XL03 :Thi Công Xây Dựng Đoạn Tuyến Km114+200 - Km126+223 Bao Gồm Tuyến Nối Nút Giao IC12 Với QL1 (bao gồm khảo sát, thiết kế BVTC)") -> GÓI THẦU XL03 :THI CÔNG XÂY DỰNG ĐOẠN TUYẾN KM114+200 - KM126+223 BAO GỒM TUYẾN NỐI NÚT GIAO IC12 VỚI QL1 (BAO GỒM KHẢO SÁT, THIẾT KẾ BVTC)
A4: CHỦ ĐẦU TƯ | M4: NHÀ THẦU
A5: BAN QUẢN LÝ DỰ ÁN MỸ THUẬN | M5: LIÊN DANH CC1 - HẢI ĐĂNG - VẠN CƯỜNG - 492 - BẮC TRUNG NAM
A7: BẢNG SỐ LIỆU QUAN TRẮC THIẾT BỊ ĐO LÚN MẶT
A8: I. SỐ ĐỌC BAN ĐẦU
A9: Vùng (Đường) | B9: Bàn quan trắc lún | D9: Ngày lắp đặt | F9: =+"Cao trình nghiệm thu [m] ("&TEXT(A21,"dd/mm/yy")&")" -> Cao trình nghiệm thu [m] (13/05/25) | L9: Tọa độ | P9: Mốc tọa độ tham chiếu
F10: Cao trình MĐTN | G10: Cao trình đắp | I10: Cao trình đỉnh ống | K10: Cao trình tấm đế | L10: X [m] | N10: Y [m]
A11: VÙNG 2A (ĐƯỜNG N1) | B11: SSP2-4 | P11: CS3
B12: SSP2-5 | P12: Tọa độ [m]
B13: SSP2-6
A15: II. SỐ LIỆU QUAN TRẮC
A16: Ngày quan trắc | B16: ĐỘ LÚN TRÁI | G16: ĐỘ LÚN TIM | L16: ĐỘ LÚN PHẢI | Q16: Áp Đ.hồ Pvac | R16: Ghi chú
B17: Thời gian tích lũy | C17: Cao độ đắp | D17: Cao độ bàn đo lún | E17: Chiều cao đắp | F17: Độ lún | G17: Thời gian tích lũy | H17: Cao độ đắp | I17: Cao độ bàn đo lún | J17: Chiều cao đắp | K17: Độ lún | L17: Thời gian tích lũy | M17: Cao độ đắp | N17: Cao độ bàn đo lún | O17: Chiều cao đắp | P17: Độ lún
B19: [Ngày] | C19: [mm] | D19: [m.m] | E19: [mm] | F19: [m.m] | G19: [Ngày] | H19: [mm] | I19: [m.m] | J19: [mm] | K19: [m.m] | L19: [Ngày] | M19: [mm] | N19: [m.m] | O19: [mm] | P19: [m.m] | Q19: [kPa]
A20: 1 | B20: =+A20+1 -> 2 | C20: =+B20+1 -> 3 | D20: =+C20+1 -> 4 | E20: =+D20+1 -> 5 | F20: =+E20+1 -> 6 | G20: =+F20+1 -> 7 | H20: =+G20+1 -> 8 | I20: =+H20+1 -> 9 | ... R20: =+Q20+1 -> 18
A21: 45790 | B21: 1 | C21: 1417 | D21: -770 | E21: =C21-D21 -> 2187 | F21: 0 | G21: 1 | H21: 1447 | I21: -1001 | J21: =H21-I21 -> 2448 | K21: 0 | L21: 1 | M21: 1587 | N21: -1368 | O21: =M21-N21 -> 2955 | P21: 0
A22: 45791 | B22: 2 | C22: =$C$21-F22 -> 1387 | D22: -800 | E22: =C22-D22 -> 2187 | F22: =$D$21-D22 -> 30 | G22: =G21+1 -> 2 | H22: =$H$21-K22 -> 1415 | I22: -1033 | J22: =H22-I22 -> 2448 | K22: =$I$21-I22 -> 32 | L22: =L21+1 -> 2 | M22: =$M$21-P22 -> 1557 | N22: -1398 | O22: =M22-N22 -> 2955 | P22: =$N$21-N22 -> 30
A23: 45792 | B23: 3 | C23: =$C$21-F23 -> 1357 | D23: -830 | E23: =C23-D23 -> 2187 | F23: =$D$21-D23 -> 60 | G23: =G22+1 -> 3 | H23: =$H$21-K23 -> 1382 | I23: -1066 | J23: =H23-I23 -> 2448 | K23: =$I$21-I23 -> 65 | L23: =L22+1 -> 3 | M23: =$M$21-P23 -> 1535 | N23: -1420 | O23: =M23-N23 -> 2955 | P23: =$N$21-N23 -> 52
A24: 45793 | B24: 4 | C24: =$C$21-F24 -> 1334 | D24: -853 | E24: =C24-D24 -> 2187 | F24: =$D$21-D24 -> 83 | G24: =G23+1 -> 4 | H24: =$H$21-K24 -> 1350 | I24: -1098 | J24: =H24-I24 -> 2448 | K24: =$I$21-I24 -> 97 | L24: =L23+1 -> 4 | M24: =$M$21-P24 -> 1507 | N24: -1448 | O24: =M24-N24 -> 2955 | P24: =$N$21-N24 -> 80
A25: 45794 | B25: 5 | C25: =$C$21-F25 -> 1314 | D25: -873 | E25: =C25-D25 -> 2187 | F25: =$D$21-D25 -> 103 | G25: =G24+1 -> 5 | H25: =$H$21-K25 -> 1340 | I25: -1108 | J25: =H25-I25 -> 2448 | K25: =$I$21-I25 -> 107 | L25: =L24+1 -> 5 | M25: =$M$21-P25 -> 1491 | N25: -1464 | O25: =M25-N25 -> 2955 | P25: =$N$21-N25 -> 96
A26: 45795 | B26: 6 | C26: =$C$21-F26 -> 1297 | D26: -890 | E26: =C26-D26 -> 2187 | F26: =$D$21-D26 -> 120 | G26: =G25+1 -> 6 | H26: =$H$21-K26 -> 1330 | I26: -1118 | J26: =H26-I26 -> 2448 | K26: =$I$21-I26 -> 117 | L26: =L25+1 -> 6 | M26: =$M$21-P26 -> 1472 | N26: -1483 | O26: =M26-N26 -> 2955 | P26: =$N$21-N26 -> 115
A27: 45796 | B27: 7 | C27: =$C$21-F27 -> 1279 | D27: -908 | E27: =C27-D27 -> 2187 | F27: =$D$21-D27 -> 138 | G27: =G26+1 -> 7 | H27: =$H$21-K27 -> 1321 | I27: -1127 | J27: =H27-I27 -> 2448 | K27: =$I$21-I27 -> 126 | L27: =L26+1 -> 7 | M27: =$M$21-P27 -> 1457 | N27: -1498 | O27: =M27-N27 -> 2955 | P27: =$N$21-N27 -> 130
A28: 45797 | B28: 8 | C28: =$C$21-F28 -> 1279 | D28: -908 | E28: =C28-D28 -> 2187 | F28: =$D$21-D28 -> 138 | G28: =G27+1 -> 8 | H28: =$H$21-K28 -> 1321 | I28: -1127 | J28: =H28-I28 -> 2448 | K28: =$I$21-I28 -> 126 | L28: =L27+1 -> 8 | M28: =$M$21-P28 -> 1457 | N28: -1498 | O28: =M28-N28 -> 2955 | P28: =$N$21-N28 -> 130
A29: 45798 | B29: 9 | C29: =$C$21-F29 -> 1279 | D29: -908 | E29: =C29-D29 -> 2187 | F29: =$D$21-D29 -> 138 | G29: =G28+1 -> 9 | H29: =$H$21-K29 -> 1321 | I29: -1127 | J29: =H29-I29 -> 2448 | K29: =$I$21-I29 -> 126 | L29: =L28+1 -> 9 | M29: =$M$21-P29 -> 1457 | N29: -1498 | O29: =M29-N29 -> 2955 | P29: =$N$21-N29 -> 130
A30: 45799 | B30: 10 | C30: =$C$21-F30 -> 1277 | D30: -910 | E30: =C30-D30 -> 2187 | F30: =$D$21-D30 -> 140 | G30: =G29+1 -> 10 | H30: =$H$21-K30 -> 1321 | I30: -1127 | J30: =H30-I30 -> 2448 | K30: =$I$21-I30 -> 126 | L30: =L29+1 -> 10 | M30: =$M$21-P30 -> 1457 | N30: -1498 | O30: =M30-N30 -> 2955 | P30: =$N$21-N30 -> 130
A31: 45800 | B31: 11 | C31: =$C$21-F31 -> 1267 | D31: -920 | E31: =C31-D31 -> 2187 | F31: =$D$21-D31 -> 150 | G31: =G30+1 -> 11 | H31: =$H$21-K31 -> 1085 | I31: -1363 | J31: =H31-I31 -> 2448 | K31: =$I$21-I31 -> 362 | L31: =L30+1 -> 11 | M31: =$M$21-P31 -> 1397 | N31: -1558 | O31: =M31-N31 -> 2955 | P31: =$N$21-N31 -> 190
A32: 45801 | B32: 11 | C32: =$C$21-F32 -> 1257 | D32: -930 | E32: =C32-D32 -> 2187 | F32: =$D$21-D32 -> 160 | G32: =G31+1 -> 12 | H32: =$H$21-K32 -> 1078 | I32: -1370 | J32: =H32-I32 -> 2448 | K32: =$I$21-I32 -> 369 | L32: =L31+1 -> 12 | M32: =$M$21-P32 -> 1389 | N32: -1566 | O32: =M32-N32 -> 2955 | P32: =$N$21-N32 -> 198
A33: 45802 | B33: 11 | C33: =$C$21-F33 -> 1247 | D33: -940 | E33: =C33-D33 -> 2187 | F33: =$D$21-D33 -> 170 | G33: =G32+1 -> 13 | H33: =$H$21-K33 -> 1071 | I33: -1377 | J33: =H33-I33 -> 2448 | K33: =$I$21-I33 -> 376 | L33: =L32+1 -> 13 | M33: =$M$21-P33 -> 1381 | N33: -1574 | O33: =M33-N33 -> 2955 | P33: =$N$21-N33 -> 206
... A95: 45864 | B95: 11 | C95: =$C$21-F95 -> 893 | D95: -1294 | E95: =C95-D95 -> 2187 | F95: =$D$21-D95 -> 524 | G95: =G94+1 -> 75 | H95: =$H$21-K95 -> 618 | I95: -1830 | J95: =H95-I95 -> 2448 | K95: =$I$21-I95 -> 829 | L95: =L94+1 -> 75 | M95: =$M$21-P95 -> 1025 | N95: -1930 | O95: =M95-N95 -> 2955 | P95: =$N$21-N95 -> 562
A96: 45865 | B96: 11 | D96: -1298 | E96: =C96-D96 -> 1298 | F96: =$D$21-D96 -> 528 | G96: =G95+1 -> 76 | I96: -1835 | J96: =H96-I96 -> 1835 | K96: =$I$21-I96 -> 834 | L96: =L95+1 -> 76 | N96: -1938 | O96: =M96-N96 -> 1938 | P96: =$N$21-N96 -> 570
A97: 45866 | B97: 11 | D97: -1302 | E97: =C97-D97 -> 1302 | F97: =$D$21-D97 -> 532 | G97: =G96+1 -> 77 | I97: -1840 | J97: =H97-I97 -> 1840 | K97: =$I$21-I97 -> 839 | L97: =L96+1 -> 77 | N97: -1946 | O97: =M97-N97 -> 1946 | P97: =$N$21-N97 -> 578
A98: 45867 | B98: 11 | D98: -1306 | E98: =C98-D98 -> 1306 | F98: =$D$21-D98 -> 536 | G98: =G97+1 -> 78 | I98: -1845 | J98: =H98-I98 -> 1845 | K98: =$I$21-I98 -> 844 | L98: =L97+1 -> 78 | N98: -1954 | O98: =M98-N98 -> 1954 | P98: =$N$21-N98 -> 586
A99: 45868 | B99: 11 | D99: -1310 | E99: =C99-D99 -> 1310 | F99: =$D$21-D99 -> 540 | G99: =G98+1 -> 79 | I99: -1850 | J99: =H99-I99 -> 1850 | K99: =$I$21-I99 -> 849 | L99: =L98+1 -> 79 | N99: -1958 | O99: =M99-N99 -> 1958 | P99: =$N$21-N99 -> 590
A100: 45869 | B100: 11 | D100: -1314 | E100: =C100-D100 -> 1314 | F100: =$D$21-D100 -> 544 | G100: =G99+1 -> 80 | I100: -1855 | J100: =H100-I100 -> 1855 | K100: =$I$21-I100 -> 854 | L100: =L99+1 -> 80 | N100: -1960 | O100: =M100-N100 -> 1960 | P100: =$N$21-N100 -> 592
A101: 45870 | B101: 11 | D101: -1318 | E101: =C101-D101 -> 1318 | F101: =$D$21-D101 -> 548 | G101: =G100+1 -> 81 | I101: -1860 | J101: =H101-I101 -> 1860 | K101: =$I$21-I101 -> 859 | L101: =L100+1 -> 81 | N101: -1962 | O101: =M101-N101 -> 1962 | P101: =$N$21-N101 -> 594
A102: 45871 | B102: 11 | D102: -1322 | E102: =C102-D102 -> 1322 | F102: =$D$21-D102 -> 552 | G102: =G101+1 -> 82 | I102: -1865 | J102: =H102-I102 -> 1865 | K102: =$I$21-I102 -> 864 | L102: =L101+1 -> 82 | N102: -1964 | O102: =M102-N102 -> 1964 | P102: =$N$21-N102 -> 596
A103: 45872 | B103: 11 | D103: -1326 | E103: =C103-D103 -> 1326 | F103: =$D$21-D103 -> 556 | G103: =G102+1 -> 83 | I103: -1870 | J103: =H103-I103 -> 1870 | K103: =$I$21-I103 -> 869 | L103: =L102+1 -> 83 | N103: -1966 | O103: =M103-N103 -> 1966 | P103: =$N$21-N103 -> 598
A104: 45873 | B104: 11 | D104: -1330 | E104: =C104-D104 -> 1330 | F104: =$D$21-D104 -> 560 | G104: =G103+1 -> 84 | I104: -1875 | J104: =H104-I104 -> 1875 | K104: =$I$21-I104 -> 874 | L104: =L103+1 -> 84 | N104: -1968 | O104: =M104-N104 -> 1968 | P104: =$N$21-N104 -> 600
A105: 45874 | B105: 11 | C105: 1782 | D105: -1428 | E105: =C105-D105 -> 3210 | F105: =$D$21-D105 -> 658 | G105: =G104+1 -> 85 | H105: 1786 | I105: -1880 | J105: =H105-I105 -> 3666 | K105: =$I$21-I105 -> 879 | L105: =L104+1 -> 85 | M105: 1786 | N105: -1970 | O105: =M105-N105 -> 3756 | P105: =$N$21-N105 -> 602

Sheet QTL-KM118+300
A1: DỰ ÁN THÀNH PHẦN ĐOẠN HẬU GIANG - CÀ MAU
A2: THUỘC DỰ ÁN XÂY DỰNG CÔNG TRÌNH ĐƯỜNG BỘ CAO TỐC BẮC - NAM PHÍA ĐÔNG GIAI ĐOẠN 2021 - 2025
A3: =UPPER("GÓI THẦU XL03 :Thi Công Xây Dựng Đoạn Tuyến Km114+200 - Km126+223 Bao Gồm Tuyến Nối Nút Giao IC12 Với QL1 (bao gồm khảo sát, thiết kế BVTC)") -> GÓI THẦU XL03 :THI CÔNG XÂY DỰNG ĐOẠN TUYẾN KM114+200 - KM126+223 BAO GỒM TUYẾN NỐI NÚT GIAO IC12 VỚI QL1 (BAO GỒM KHẢO SÁT, THIẾT KẾ BVTC)
A4: CHỦ ĐẦU TƯ | M4: NHÀ THẦU
A5: BAN QUẢN LÝ DỰ ÁN MỸ THUẬN | M5: LIÊN DANH CC1 - HẢI ĐĂNG - VẠN CƯỜNG - 492 - BẮC TRUNG NAM
A7: BẢNG SỐ LIỆU QUAN TRẮC THIẾT BỊ ĐO LÚN MẶT
A8: I. SỐ ĐỌC BAN ĐẦU
A9: Vùng (Đường) | B9: Bàn quan trắc lún | D9: Ngày lắp đặt | F9: =+"Cao trình nghiệm thu [m] ("&TEXT(A21,"dd/mm/yy")&")" -> Cao trình nghiệm thu [m] (13/05/25) | L9: Tọa độ | P9: Mốc tọa độ tham chiếu
F10: Cao trình MĐTN | G10: Cao trình đắp | I10: Cao trình đỉnh ống | K10: Cao trình tấm đế | L10: X [m] | N10: Y [m]
A11: VÙNG 2A (ĐƯỜNG N1) | B11: SSP2-4 | P11: CS3
B12: SSP2-5 | P12: Tọa độ [m]
B13: SSP2-6
A15: II. SỐ LIỆU QUAN TRẮC
A16: Ngày quan trắc | B16: ĐỘ LÚN TRÁI | G16: ĐỘ LÚN TIM | L16: ĐỘ LÚN PHẢI | Q16: Áp Đ.hồ Pvac | R16: Ghi chú
B17: Thời gian tích lũy | C17: Cao độ đắp | D17: Cao độ bàn đo lún | E17: Chiều cao đắp | F17: Độ lún | G17: Thời gian tích lũy | H17: Cao độ đắp | I17: Cao độ bàn đo lún | J17: Chiều cao đắp | K17: Độ lún | L17: Thời gian tích lũy | M17: Cao độ đắp | N17: Cao độ bàn đo lún | O17: Chiều cao đắp | P17: Độ lún
B19: [Ngày] | C19: [mm] | D19: [m.m] | E19: [mm] | F19: [m.m] | G19: [Ngày] | H19: [mm] | I19: [m.m] | J19: [mm] | K19: [m.m] | L19: [Ngày] | M19: [mm] | N19: [m.m] | O19: [mm] | P19: [m.m] | Q19: [kPa]
A20: 1 | B20: =+A20+1 -> 2 | C20: =+B20+1 -> 3 | D20: =+C20+1 -> 4 | E20: =+D20+1 -> 5 | F20: =+E20+1 -> 6 | G20: =+F20+1 -> 7 | H20: =+G20+1 -> 8 | I20: =+H20+1 -> 9 | ... R20: =+Q20+1 -> 18
A21: 45790 | B21: 1 | C21: 1502 | D21: -1063 | E21: =C21-D21 -> 2565 | F21: 0 | G21: 1 | H21: 1448 | I21: -1353 | J21: =H21-I21 -> 2801 | K21: 0 | L21: 1 | M21: 1497 | N21: -1350 | O21: =M21-N21 -> 2847 | P21: 0
A22: 45791 | B22: 2 | C22: =$C$21-F22 -> 1467 | D22: -1098 | E22: =C22-D22 -> 2565 | F22: =$D$21-D22 -> 35 | G22: =G21+1 -> 2 | H22: =$H$21-K22 -> 1412 | I22: -1389 | J22: =H22-I22 -> 2801 | K22: =$I$21-I22 -> 36 | L22: =L21+1 -> 2 | M22: =$M$21-P22 -> 1449 | N22: -1398 | O22: =M22-N22 -> 2847 | P22: =$N$21-N22 -> 48
A23: 45792 | B23: 3 | C23: =$C$21-F23 -> 1435 | D23: -1130 | E23: =C23-D23 -> 2565 | F23: =$D$21-D23 -> 67 | G23: =G22+1 -> 3 | H23: =$H$21-K23 -> 1374 | I23: -1427 | J23: =H23-I23 -> 2801 | K23: =$I$21-I23 -> 74 | L23: =L22+1 -> 3 | M23: =$M$21-P23 -> 1427 | N23: -1420 | O23: =M23-N23 -> 2847 | P23: =$N$21-N23 -> 70
A24: 45793 | B24: 4 | C24: =$C$21-F24 -> 1397 | D24: -1168 | E24: =C24-D24 -> 2565 | F24: =$D$21-D24 -> 105 | G24: =G23+1 -> 4 | H24: =$H$21-K24 -> 1335 | I24: -1466 | J24: =H24-I24 -> 2801 | K24: =$I$21-I24 -> 113 | L24: =L23+1 -> 4 | M24: =$M$21-P24 -> 1397 | N24: -1450 | O24: =M24-N24 -> 2847 | P24: =$N$21-N24 -> 100
A25: 45794 | B25: 5 | C25: =$C$21-F25 -> 1377 | D25: -1188 | E25: =C25-D25 -> 2565 | F25: =$D$21-D25 -> 125 | G25: =G24+1 -> 5 | H25: =$H$21-K25 -> 1305 | I25: -1496 | J25: =H25-I25 -> 2801 | K25: =$I$21-I25 -> 143 | L25: =L24+1 -> 5 | M25: =$M$21-P25 -> 1377 | N25: -1470 | O25: =M25-N25 -> 2847 | P25: =$N$21-N25 -> 120
A26: 45795 | B26: 6 | C26: =$C$21-F26 -> 1353 | D26: -1212 | E26: =C26-D26 -> 2565 | F26: =$D$21-D26 -> 149 | G26: =G25+1 -> 6 | H26: =$H$21-K26 -> 1275 | I26: -1526 | J26: =H26-I26 -> 2801 | K26: =$I$21-I26 -> 173 | L26: =L25+1 -> 6 | M26: =$M$21-P26 -> 1357 | N26: -1490 | O26: =M26-N26 -> 2847 | P26: =$N$21-N26 -> 140
A27: 45796 | B27: 7 | C27: =$C$21-F27 -> 1329 | D27: -1236 | E27: =C27-D27 -> 2565 | F27: =$D$21-D27 -> 173 | G27: =G26+1 -> 7 | H27: =$H$21-K27 -> 1253 | I27: -1548 | J27: =H27-I27 -> 2801 | K27: =$I$21-I27 -> 195 | L27: =L26+1 -> 7 | M27: =$M$21-P27 -> 1337 | N27: -1510 | O27: =M27-N27 -> 2847 | P27: =$N$21-N27 -> 160
A28: 45797 | B28: 8 | C28: =$C$21-F28 -> 1329 | D28: -1236 | E28: =C28-D28 -> 2565 | F28: =$D$21-D28 -> 173 | G28: =G27+1 -> 8 | H28: =$H$21-K28 -> 1253 | I28: -1548 | J28: =H28-I28 -> 2801 | K28: =$I$21-I28 -> 195 | L28: =L27+1 -> 8 | M28: =$M$21-P28 -> 1319 | N28: -1528 | O28: =M28-N28 -> 2847 | P28: =$N$21-N28 -> 178
A29: 45798 | B29: 9 | C29: =$C$21-F29 -> 1329 | D29: -1236 | E29: =C29-D29 -> 2565 | F29: =$D$21-D29 -> 173 | G29: =G28+1 -> 9 | H29: =$H$21-K29 -> 1253 | I29: -1548 | J29: =H29-I29 -> 2801 | K29: =$I$21-I29 -> 195 | L29: =L28+1 -> 9 | M29: =$M$21-P29 -> 1306 | N29: -1541 | O29: =M29-N29 -> 2847 | P29: =$N$21-N29 -> 191
A30: 45799 | B30: 10 | C30: =$C$21-F30 -> 1329 | D30: -1236 | E30: =C30-D30 -> 2565 | F30: =$D$21-D30 -> 173 | G30: =G29+1 -> 10 | H30: =$H$21-K30 -> 1253 | I30: -1548 | J30: =H30-I30 -> 2801 | K30: =$I$21-I30 -> 195 | L30: =L29+1 -> 10 | M30: =$M$21-P30 -> 1293 | N30: -1554 | O30: =M30-N30 -> 2847 | P30: =$N$21-N30 -> 204
A31: 45800 | B31: 11 | C31: =$C$21-F31 -> 1267 | D31: -1298 | E31: =C31-D31 -> 2565 | F31: =$D$21-D31 -> 235 | G31: =G30+1 -> 11 | H31: =$H$21-K31 -> 1177 | I31: -1624 | J31: =H31-I31 -> 2801 | K31: =$I$21-I31 -> 271 | L31: =L30+1 -> 11 | M31: =$M$21-P31 -> 1280 | N31: -1567 | O31: =M31-N31 -> 2847 | P31: =$N$21-N31 -> 217
A32: 45801 | B32: 11 | C32: =$C$21-F32 -> 1250 | D32: -1315 | E32: =C32-D32 -> 2565 | F32: =$D$21-D32 -> 252 | G32: =G31+1 -> 12 | H32: =$H$21-K32 -> 1161 | I32: -1640 | J32: =H32-I32 -> 2801 | K32: =$I$21-I32 -> 287 | L32: =L31+1 -> 12 | M32: =$M$21-P32 -> 1267 | N32: -1580 | O32: =M32-N32 -> 2847 | P32: =$N$21-N32 -> 230
A33: 45802 | B33: 11 | C33: =$C$21-F33 -> 1245 | D33: -1320 | E33: =C33-D33 -> 2565 | F33: =$D$21-D33 -> 257 | G33: =G32+1 -> 13 | H33: =$H$21-K33 -> 1145 | I33: -1656 | J33: =H33-I33 -> 2801 | K33: =$I$21-I33 -> 303 | L33: =L32+1 -> 13 | M33: =$M$21-P33 -> 1254 | N33: -1593 | O33: =M33-N33 -> 2847 | P33: =$N$21-N33 -> 243
... A95: 45864 | B95: 11 | C95: =$C$21-F95 -> 785 | D95: -1780 | E95: =C95-D95 -> 2565 | F95: =$D$21-D95 -> 717 | G95: =G94+1 -> 75 | H95: =$H$21-K95 -> 641 | I95: -2160 | J95: =H95-I95 -> 2801 | K95: =$I$21-I95 -> 807 | L95: =L94+1 -> 75 | M95: =$M$21-P95 -> 887 | N95: -1960 | O95: =M95-N95 -> 2847 | P95: =$N$21-N95 -> 610
A96: 45865 | B96: 11 | C96: 1527 | D96: -1782 | E96: =C96-D96 -> 3309 | F96: =$D$21-D96 -> 719 | G96: =G95+1 -> 76 | H96: 1689 | I96: -2168 | J96: =H96-I96 -> 3857 | K96: =$I$21-I96 -> 815 | L96: =L95+1 -> 76 | M96: 1557 | N96: -1982 | O96: =M96-N96 -> 3539 | P96: =$N$21-N96 -> 632
A97: 45866 | B97: 11 | C97: =$C$21-F97 -> 781 | D97: -1784 | E97: =C97-D97 -> 2565 | F97: =$D$21-D97 -> 721 | G97: =G96+1 -> 77 | I97: -2176 | J97: =H97-I97 -> 2176 | K97: =$I$21-I97 -> 823 | L97: =L96+1 -> 77 | M97: =$M$21-P97 -> 863 | N97: -1984 | O97: =M97-N97 -> 2847 | P97: =$N$21-N97 -> 634
A98: 45867 | B98: 11 | C98: 1528 | D98: -1786 | E98: =C98-D98 -> 3314 | F98: =$D$21-D98 -> 723 | G98: =G97+1 -> 78 | I98: -2184 | J98: =H98-I98 -> 2184 | K98: =$I$21-I98 -> 831 | L98: =L97+1 -> 78 | M98: 1558 | N98: -1986 | O98: =M98-N98 -> 3544 | P98: =$N$21-N98 -> 636
A99: 45868 | B99: 11 | C99: =$C$21-F99 -> 777 | D99: -1788 | E99: =C99-D99 -> 2565 | F99: =$D$21-D99 -> 725 | G99: =G98+1 -> 79 | I99: -2192 | J99: =H99-I99 -> 2192 | K99: =$I$21-I99 -> 839 | L99: =L98+1 -> 79 | M99: =$M$21-P99 -> 859 | N99: -1988 | O99: =M99-N99 -> 2847 | P99: =$N$21-N99 -> 638
A100: 45869 | B100: 11 | C100: 1529 | D100: -1790 | E100: =C100-D100 -> 3319 | F100: =$D$21-D100 -> 727 | G100: =G99+1 -> 80 | I100: -2200 | J100: =H100-I100 -> 2200 | K100: =$I$21-I100 -> 847 | L100: =L99+1 -> 80 | M100: 1559 | N100: -1990 | O100: =M100-N100 -> 3549 | P100: =$N$21-N100 -> 640
A101: 45870 | B101: 11 | C101: =$C$21-F101 -> 773 | D101: -1792 | E101: =C101-D101 -> 2565 | F101: =$D$21-D101 -> 729 | G101: =G100+1 -> 81 | I101: -2208 | J101: =H101-I101 -> 2208 | K101: =$I$21-I101 -> 855 | L101: =L100+1 -> 81 | M101: =$M$21-P101 -> 855 | N101: -1992 | O101: =M101-N101 -> 2847 | P101: =$N$21-N101 -> 642
A102: 45871 | B102: 11 | C102: 1530 | D102: -1794 | E102: =C102-D102 -> 3324 | F102: =$D$21-D102 -> 731 | G102: =G101+1 -> 82 | I102: -2216 | J102: =H102-I102 -> 2216 | K102: =$I$21-I102 -> 863 | L102: =L101+1 -> 82 | M102: 1560 | N102: -1994 | O102: =M102-N102 -> 3554 | P102: =$N$21-N102 -> 644
A103: 45872 | B103: 11 | C103: =$C$21-F103 -> 769 | D103: -1796 | E103: =C103-D103 -> 2565 | F103: =$D$21-D103 -> 733 | G103: =G102+1 -> 83 | I103: -2224 | J103: =H103-I103 -> 2224 | K103: =$I$21-I103 -> 871 | L103: =L102+1 -> 83 | M103: =$M$21-P103 -> 851 | N103: -1996 | O103: =M103-N103 -> 2847 | P103: =$N$21-N103 -> 646
A104: 45873 | B104: 11 | C104: 1531 | D104: -1798 | E104: =C104-D104 -> 3329 | F104: =$D$21-D104 -> 735 | G104: =G103+1 -> 84 | I104: -2232 | J104: =H104-I104 -> 2232 | K104: =$I$21-I104 -> 879 | L104: =L103+1 -> 84 | M104: 1561 | N104: -1998 | O104: =M104-N104 -> 3559 | P104: =$N$21-N104 -> 648
A105: 45874 | B105: 11 | C105: =$C$21-F105 -> 765 | D105: -1800 | E105: =C105-D105 -> 2565 | F105: =$D$21-D105 -> 737 | G105: =G104+1 -> 85 | I105: -2240 | J105: =H105-I105 -> 2240 | K105: =$I$21-I105 -> 887 | L105: =L104+1 -> 85 | M105: =$M$21-P105 -> 847 | N105: -2000 | O105: =M105-N105 -> 2847 | P105: =$N$21-N105 -> 650

Sheet QTL-KM118+340
A1: DỰ ÁN THÀNH PHẦN ĐOẠN HẬU GIANG - CÀ MAU
A2: THUỘC DỰ ÁN XÂY DỰNG CÔNG TRÌNH ĐƯỜNG BỘ CAO TỐC BẮC - NAM PHÍA ĐÔNG GIAI ĐOẠN 2021 - 2025
A3: =UPPER("GÓI THẦU XL03 :Thi Công Xây Dựng Đoạn Tuyến Km114+200 - Km126+223 Bao Gồm Tuyến Nối Nút Giao IC12 Với QL1 (bao gồm khảo sát, thiết kế BVTC)") -> GÓI THẦU XL03 :THI CÔNG XÂY DỰNG ĐOẠN TUYẾN KM114+200 - KM126+223 BAO GỒM TUYẾN NỐI NÚT GIAO IC12 VỚI QL1 (BAO GỒM KHẢO SÁT, THIẾT KẾ BVTC)
A4: CHỦ ĐẦU TƯ | M4: NHÀ THẦU
A5: BAN QUẢN LÝ DỰ ÁN MỸ THUẬN | M5: LIÊN DANH CC1 - HẢI ĐĂNG - VẠN CƯỜNG - 492 - BẮC TRUNG NAM
A7: BẢNG SỐ LIỆU QUAN TRẮC THIẾT BỊ ĐO LÚN MẶT
A8: I. SỐ ĐỌC BAN ĐẦU
A9: Vùng (Đường) | B9: Bàn quan trắc lún | D9: Ngày lắp đặt | F9: =+"Cao trình nghiệm thu [m] ("&TEXT(A21,"dd/mm/yy")&")" -> Cao trình nghiệm thu [m] (13/05/25) | L9: Tọa độ | P9: Mốc tọa độ tham chiếu
F10: Cao trình MĐTN | G10: Cao trình đắp | I10: Cao trình đỉnh ống | K10: Cao trình tấm đế | L10: X [m] | N10: Y [m]
A11: VÙNG 2A (ĐƯỜNG N1) | B11: SSP2-4 | P11: CS3
B12: SSP2-5 | P12: Tọa độ [m]
B13: SSP2-6
A15: II. SỐ LIỆU QUAN TRẮC
A16: Ngày quan trắc | B16: ĐỘ LÚN TRÁI | G16: ĐỘ LÚN TIM | L16: ĐỘ LÚN PHẢI | Q16: Áp Đ.hồ Pvac | R16: Ghi chú
B17: Thời gian tích lũy | C17: Cao độ đắp | D17: Cao độ bàn đo lún | E17: Chiều cao đắp | F17: Độ lún | G17: Thời gian tích lũy | H17: Cao độ đắp | I17: Cao độ bàn đo lún | J17: Chiều cao đắp | K17: Độ lún | L17: Thời gian tích lũy | M17: Cao độ đắp | N17: Cao độ bàn đo lún | O17: Chiều cao đắp | P17: Độ lún
B19: [Ngày] | C19: [mm] | D19: [m.m] | E19: [mm] | F19: [m.m] | G19: [Ngày] | H19: [mm] | I19: [m.m] | J19: [mm] | K19: [m.m] | L19: [Ngày] | M19: [mm] | N19: [m.m] | O19: [mm] | P19: [m.m] | Q19: [kPa]
A20: 1 | B20: =+A20+1 -> 2 | C20: =+B20+1 -> 3 | D20: =+C20+1 -> 4 | E20: =+D20+1 -> 5 | F20: =+E20+1 -> 6 | G20: =+F20+1 -> 7 | H20: =+G20+1 -> 8 | I20: =+H20+1 -> 9 | ... R20: =+Q20+1 -> 18
A21: 45790 | B21: 1 | C21: 1557 | D21: -758 | E21: 3076 | F21: 0 | G21: 1 | H21: 1382 | I21: -870 | J21: =H21-I21 -> 2252 | K21: 0 | L21: 1 | M21: 1532 | N21: -773 | O21: =M21-N21 -> 2305 | P21: 0
A22: 45791 | B22: 2 | C22: =$C$21-F22 -> 1515 | D22: -800 | E22: =C22-D22 -> 2315 | F22: =$D$21-D22 -> 42 | G22: =G21+1 -> 2 | H22: =$H$21-K22 -> 1352 | I22: -900 | J22: =H22-I22 -> 2252 | K22: =$I$21-I22 -> 30 | L22: =L21+1 -> 2 | M22: =$M$21-P22 -> 1509 | N22: -796 | O22: =M22-N22 -> 2305 | P22: =$N$21-N22 -> 23 | U22: -500
A23: 45792 | B23: 3 | C23: =$C$21-F23 -> 1485 | D23: -830 | E23: =C23-D23 -> 2315 | F23: =$D$21-D23 -> 72 | G23: =G22+1 -> 3 | H23: =$H$21-K23 -> 1319 | I23: -933 | J23: =H23-I23 -> 2252 | K23: =$I$21-I23 -> 63 | L23: =L22+1 -> 3 | M23: =$M$21-P23 -> 1486 | N23: -819 | O23: =M23-N23 -> 2305 | P23: =$N$21-N23 -> 46
A24: 45793 | B24: 4 | C24: =$C$21-F24 -> 1455 | D24: -860 | E24: 3076 | F24: =$D$21-D24 -> 102 | G24: =G23+1 -> 4 | H24: =$H$21-K24 -> 1287 | I24: -965 | J24: =H24-I24 -> 2252 | K24: =$I$21-I24 -> 95 | L24: =L23+1 -> 4 | M24: =$M$21-P24 -> 1463 | N24: -842 | O24: =M24-N24 -> 2305 | P24: =$N$21-N24 -> 69
A25: 45794 | B25: 5 | C25: =$C$21-F25 -> 1433 | D25: -882 | E25: 3076 | F25: =$D$21-D25 -> 124 | G25: =G24+1 -> 5 | H25: =$H$21-K25 -> 1287 | I25: -965 | J25: =H25-I25 -> 2252 | K25: =$I$21-I25 -> 95 | L25: =L24+1 -> 5 | M25: =$M$21-P25 -> 1440 | N25: -865 | O25: =M25-N25 -> 2305 | P25: =$N$21-N25 -> 92
A26: 45795 | B26: 6 | C26: =$C$21-F26 -> 1409 | D26: -906 | E26: 3076 | F26: =$D$21-D26 -> 148 | G26: =G25+1 -> 6 | H26: =$H$21-K26 -> 1287 | I26: -965 | J26: =H26-I26 -> 2252 | K26: =$I$21-I26 -> 95 | L26: =L25+1 -> 6 | M26: =$M$21-P26 -> 1417 | N26: -888 | O26: =M26-N26 -> 2305 | P26: =$N$21-N26 -> 115
A27: 45796 | B27: 7 | C27: =$C$21-F27 -> 1387 | D27: -928 | E27: 3076 | F27: =$D$21-D27 -> 170 | G27: =G26+1 -> 7 | H27: =$H$21-K27 -> 1202 | I27: -1050 | J27: =H27-I27 -> 2252 | K27: =$I$21-I27 -> 180 | L27: =L26+1 -> 7 | M27: =$M$21-P27 -> 1394 | N27: -911 | O27: =M27-N27 -> 2305 | P27: =$N$21-N27 -> 138
A28: 45797 | B28: 8 | C28: =$C$21-F28 -> 1375 | D28: -940 | E28: 3076 | F28: =$D$21-D28 -> 182 | G28: =G27+1 -> 8 | H28: =$H$21-K28 -> 1189 | I28: -1063 | J28: =H28-I28 -> 2252 | K28: =$I$21-I28 -> 193 | L28: =L27+1 -> 8 | M28: =$M$21-P28 -> 1371 | N28: -934 | O28: =M28-N28 -> 2305 | P28: =$N$21-N28 -> 161
A29: 45798 | B29: 9 | C29: =$C$21-F29 -> 1363 | D29: -952 | E29: 3076 | F29: =$D$21-D29 -> 194 | G29: =G28+1 -> 9 | H29: =$H$21-K29 -> 1176 | I29: -1076 | J29: =H29-I29 -> 2252 | K29: =$I$21-I29 -> 206 | L29: =L28+1 -> 9 | M29: =$M$21-P29 -> 1348 | N29: -957 | O29: =M29-N29 -> 2305 | P29: =$N$21-N29 -> 184
A30: 45799 | B30: 10 | C30: =$C$21-F30 -> 1351 | D30: -964 | E30: 3076 | F30: =$D$21-D30 -> 206 | G30: =G29+1 -> 10 | H30: =$H$21-K30 -> 1163 | I30: -1089 | J30: =H30-I30 -> 2252 | K30: =$I$21-I30 -> 219 | L30: =L29+1 -> 10 | M30: =$M$21-P30 -> 1325 | N30: -980 | O30: =M30-N30 -> 2305 | P30: =$N$21-N30 -> 207
A31: 45800 | B31: 11 | C31: =$C$21-F31 -> 1339 | D31: -976 | E31: 3076 | F31: =$D$21-D31 -> 218 | G31: =G30+1 -> 11 | H31: =$H$21-K31 -> 1150 | I31: -1102 | J31: =H31-I31 -> 2252 | K31: =$I$21-I31 -> 232 | L31: =L30+1 -> 11 | M31: =$M$21-P31 -> 1300 | N31: -1005 | O31: =M31-N31 -> 2305 | P31: =$N$21-N31 -> 232
A32: 45801 | B32: 11 | C32: =$C$21-F32 -> 1327 | D32: -988 | E32: 3076 | F32: =$D$21-D32 -> 230 | G32: =G31+1 -> 12 | H32: =$H$21-K32 -> 1137 | I32: -1115 | J32: =H32-I32 -> 2252 | K32: =$I$21-I32 -> 245 | L32: =L31+1 -> 12 | M32: =$M$21-P32 -> 1285 | N32: -1020 | O32: =M32-N32 -> 2305 | P32: =$N$21-N32 -> 247
A33: 45802 | B33: 11 | C33: =$C$21-F33 -> 1315 | D33: -1000 | E33: 3076 | F33: =$D$21-D33 -> 242 | G33: =G32+1 -> 13 | H33: =$H$21-K33 -> 1124 | I33: -1128 | J33: =H33-I33 -> 2252 | K33: =$I$21-I33 -> 258 | L33: =L32+1 -> 13 | M33: =$M$21-P33 -> 1285 | N33: -1020 | O33: =M33-N33 -> 2305 | P33: =$N$21-N33 -> 247
A34: 45803 | B34: 11 | C34: =$C$21-F34 -> 1305 | D34: -1010 | E34: 3076 | F34: =$D$21-D34 -> 252 | G34: =G33+1 -> 14 | H34: =$H$21-K34 -> 1111 | I34: -1141 | J34: =H34-I34 -> 2252 | K34: =$I$21-I34 -> 271 | L34: =L33+1 -> 14 | M34: =$M$21-P34 -> 1285 | N34: -1020 | O34: =M34-N34 -> 2305 | P34: =$N$21-N34 -> 247
A35: 45804 | B35: 11 | C35: =$C$21-F35 -> 1272 | D35: -1043 | E35: 3076 | F35: =$D$21-D35 -> 285 | G35: =G34+1 -> 15 | H35: =$H$21-K35 -> 1102 | I35: -1150 | J35: =H35-I35 -> 2252 | K35: =$I$21-I35 -> 280 | L35: =L34+1 -> 15 | M35: =$M$21-P35 -> 1285 | N35: -1020 | O35: =M35-N35 -> 2305 | P35: =$N$21-N35 -> 247
... A95: 45864 | B95: 11 | C95: =$C$21-F95 -> 840 | D95: -1475 | E95: 3076 | F95: =$D$21-D95 -> 717 | G95: =G94+1 -> 75 | H95: =$H$21-K95 -> 583 | I95: -1669 | J95: =H95-I95 -> 2252 | K95: =$I$21-I95 -> 799 | L95: =L94+1 -> 75 | M95: =$M$21-P95 -> 907 | N95: -1398 | O95: =M95-N95 -> 2305 | P95: =$N$21-N95 -> 625
A96: 45865 | B96: 11 | C96: 1402 | D96: -1483 | E96: 3076 | F96: =$D$21-D96 -> 725 | G96: =G95+1 -> 76 | H96: 1697 | I96: -1678 | J96: =H96-I96 -> 3375 | K96: =$I$21-I96 -> 808 | L96: =L95+1 -> 76 | M96: 1422 | N96: -1403 | O96: =M96-N96 -> 2825 | P96: =$N$21-N96 -> 630
A97: 45866 | B97: 11 | D97: -1491 | E97: 3076 | F97: =$D$21-D97 -> 733 | G97: =G96+1 -> 77 | I97: -1687 | J97: =H97-I97 -> 1687 | K97: =$I$21-I97 -> 817 | L97: =L96+1 -> 77 | M97: =$M$21-P97 -> 897 | N97: -1408 | O97: =M97-N97 -> 2305 | P97: =$N$21-N97 -> 635
A98: 45867 | B98: 11 | D98: -1492 | E98: 3076 | F98: =$D$21-D98 -> 734 | G98: =G97+1 -> 78 | I98: -1696 | J98: =H98-I98 -> 1696 | K98: =$I$21-I98 -> 826 | L98: =L97+1 -> 78 | M98: 1423 | N98: -1413 | O98: =M98-N98 -> 2836 | P98: =$N$21-N98 -> 640
A99: 45868 | B99: 11 | D99: -1495 | E99: 3076 | F99: =$D$21-D99 -> 737 | G99: =G98+1 -> 79 | I99: -1705 | J99: =H99-I99 -> 1705 | K99: =$I$21-I99 -> 835 | L99: =L98+1 -> 79 | M99: =$M$21-P99 -> 887 | N99: -1418 | O99: =M99-N99 -> 2305 | P99: =$N$21-N99 -> 645
A100: 45869 | B100: 11 | D100: -1498 | E100: 3076 | F100: =$D$21-D100 -> 740 | G100: =G99+1 -> 80 | I100: -1714 | J100: =H100-I100 -> 1714 | K100: =$I$21-I100 -> 844 | L100: =L99+1 -> 80 | M100: 1424 | N100: -1423 | O100: =M100-N100 -> 2847 | P100: =$N$21-N100 -> 650
A101: 45870 | B101: 11 | D101: -1501 | E101: 3076 | F101: =$D$21-D101 -> 743 | G101: =G100+1 -> 81 | I101: -1723 | J101: =H101-I101 -> 1723 | K101: =$I$21-I101 -> 853 | L101: =L100+1 -> 81 | M101: =$M$21-P101 -> 877 | N101: -1428 | O101: =M101-N101 -> 2305 | P101: =$N$21-N101 -> 655
A102: 45871 | B102: 11 | D102: -1504 | E102: 3076 | F102: =$D$21-D102 -> 746 | G102: =G101+1 -> 82 | I102: -1732 | J102: =H102-I102 -> 1732 | K102: =$I$21-I102 -> 862 | L102: =L101+1 -> 82 | M102: 1425 | N102: -1433 | O102: =M102-N102 -> 2858 | P102: =$N$21-N102 -> 660
A103: 45872 | B103: 11 | D103: -1507 | E103: 3076 | F103: =$D$21-D103 -> 749 | G103: =G102+1 -> 83 | I103: -1741 | J103: =H103-I103 -> 1741 | K103: =$I$21-I103 -> 871 | L103: =L102+1 -> 83 | M103: =$M$21-P103 -> 867 | N103: -1438 | O103: =M103-N103 -> 2305 | P103: =$N$21-N103 -> 665
A104: 45873 | B104: 11 | D104: -1510 | E104: 3076 | F104: =$D$21-D104 -> 752 | G104: =G103+1 -> 84 | I104: -1750 | J104: =H104-I104 -> 1750 | K104: =$I$21-I104 -> 880 | L104: =L103+1 -> 84 | M104: 1426 | N104: -1443 | O104: =M104-N104 -> 2869 | P104: =$N$21-N104 -> 670
A105: 45874 | B105: 11 | D105: -1513 | E105: 3076 | F105: =$D$21-D105 -> 755 | G105: =G104+1 -> 85 | I105: -1775 | J105: =H105-I105 -> 1775 | K105: =$I$21-I105 -> 905 | L105: =L104+1 -> 85 | M105: =$M$21-P105 -> 857 | N105: -1448 | O105: =M105-N105 -> 2305 | P105: =$N$21-N105 -> 675

Sheet QTL- Km118+410
A1: DỰ ÁN THÀNH PHẦN ĐOẠN HẬU GIANG - CÀ MAU
A2: THUỘC DỰ ÁN XÂY DỰNG CÔNG TRÌNH ĐƯỜNG BỘ CAO TỐC BẮC - NAM PHÍA ĐÔNG GIAI ĐOẠN 2021 - 2025
A3: =UPPER("GÓI THẦU XL03 :Thi Công Xây Dựng Đoạn Tuyến Km114+200 - Km126+223 Bao Gồm Tuyến Nối Nút Giao IC12 Với QL1 (bao gồm khảo sát, thiết kế BVTC)") -> GÓI THẦU XL03 :THI CÔNG XÂY DỰNG ĐOẠN TUYẾN KM114+200 - KM126+223 BAO GỒM TUYẾN NỐI NÚT GIAO IC12 VỚI QL1 (BAO GỒM KHẢO SÁT, THIẾT KẾ BVTC)
A4: CHỦ ĐẦU TƯ | M4: NHÀ THẦU
A5: BAN QUẢN LÝ DỰ ÁN MỸ THUẬN | M5: LIÊN DANH CC1 - HẢI ĐĂNG - VẠN CƯỜNG - 492 - BẮC TRUNG NAM
A7: BẢNG SỐ LIỆU QUAN TRẮC THIẾT BỊ ĐO LÚN MẶT
A8: I. SỐ ĐỌC BAN ĐẦU
A9: Vùng (Đường) | B9: Bàn quan trắc lún | D9: Ngày lắp đặt | F9: =+"Cao trình nghiệm thu [m] ("&TEXT(A21,"dd/mm/yy")&")" -> Cao trình nghiệm thu [m] (17/03/25) | L9: Tọa độ | P9: Mốc tọa độ tham chiếu
F10: Cao trình MĐTN | G10: Cao trình đắp | I10: Cao trình đỉnh ống | K10: Cao trình tấm đế | L10: X [m] | N10: Y [m]
A11: VÙNG 2A (ĐƯỜNG N1) | B11: SSP2-4 | P11: CS3
B12: SSP2-5 | P12: Tọa độ [m]
B13: SSP2-6
A15: II. SỐ LIỆU QUAN TRẮC
A16: Ngày quan trắc | B16: ĐỘ LÚN TRÁI | G16: ĐỘ LÚN TIM | L16: ĐỘ LÚN PHẢI | Q16: Áp Đ.hồ Pvac | R16: Ghi chú
B17: Thời gian tích lũy | C17: Cao độ đắp | D17: Cao độ bàn đo lún | E17: Chiều cao đắp | F17: Độ lún | G17: Thời gian tích lũy | H17: Cao độ đắp | I17: Cao độ bàn đo lún | J17: Chiều cao đắp | K17: Độ lún | L17: Thời gian tích lũy | M17: Cao độ đắp | N17: Cao độ bàn đo lún | O17: Chiều cao đắp | P17: Độ lún
B19: [Ngày] | C19: [mm] | D19: [m.m] | E19: [mm] | F19: [m.m] | G19: [Ngày] | H19: [mm] | I19: [m.m] | J19: [mm] | K19: [m.m] | L19: [Ngày] | M19: [mm] | N19: [m.m] | O19: [mm] | P19: [m.m] | Q19: [kPa]
A20: 1 | B20: =+A20+1 -> 2 | C20: =+B20+1 -> 3 | D20: =+C20+1 -> 4 | E20: =+D20+1 -> 5 | F20: =+E20+1 -> 6 | G20: =+F20+1 -> 7 | H20: =+G20+1 -> 8 | I20: =+H20+1 -> 9 | ... R20: =+Q20+1 -> 18
A21: 45733 | B21: 1 | C21: 1856 | D21: -1220 | E21: 3076 | F21: 0 | G21: 1 | H21: 1812 | I21: -1225 | J21: =H21-I21 -> 3037 | K21: 0 | L21: 1 | M21: 1824 | N21: -1067 | O21: =M21-N21 -> 2891 | P21: 0
A22: 45734 | B22: =B21+1 -> 2 | C22: =$C$21-F22 -> 1856 | D22: -1220 | E22: 3076 | F22: =$D$21-D22 -> 0 | G22: =G21+1 -> 2 | H22: =$H$21-K22 -> 1812 | I22: -1225 | J22: =H22-I22 -> 3037 | K22: =$I$21-I22 -> 0 | L22: =L21+1 -> 2 | M22: =$M$21-P22 -> 1824 | N22: -1067 | O22: =M22-N22 -> 2891 | P22: =$N$21-N22 -> 0
A23: 45735 | B23: =B22+1 -> 3 | C23: =$C$21-F23 -> 1856 | D23: -1220 | E23: 3076 | F23: =$D$21-D23 -> 0 | G23: =G22+1 -> 3 | H23: =$H$21-K23 -> 1812 | I23: -1225 | J23: =H23-I23 -> 3037 | K23: =$I$21-I23 -> 0 | L23: =L22+1 -> 3 | M23: =$M$21-P23 -> 1824 | N23: -1067 | O23: =M23-N23 -> 2891 | P23: =$N$21-N23 -> 0
A24: 45736 | B24: =B23+1 -> 4 | C24: =$C$21-F24 -> 1856 | D24: -1220 | E24: 3076 | F24: =$D$21-D24 -> 0 | G24: =G23+1 -> 4 | H24: =$H$21-K24 -> 1812 | I24: -1225 | J24: =H24-I24 -> 3037 | K24: =$I$21-I24 -> 0 | L24: =L23+1 -> 4 | M24: =$M$21-P24 -> 1824 | N24: -1067 | O24: =M24-N24 -> 2891 | P24: =$N$21-N24 -> 0
A25: 45737 | B25: =B24+1 -> 5 | C25: =$C$21-F25 -> 1821 | D25: -1255 | E25: 3076 | F25: =$D$21-D25 -> 35 | G25: =G24+1 -> 5 | H25: =$H$21-K25 -> 1782 | I25: -1255 | J25: =H25-I25 -> 3037 | K25: =$I$21-I25 -> 30 | L25: =L24+1 -> 5 | M25: =$M$21-P25 -> 1806 | N25: -1085 | O25: =M25-N25 -> 2891 | P25: =$N$21-N25 -> 18
A26: 45738 | B26: =B25+1 -> 6 | C26: =$C$21-F26 -> 1791 | D26: -1285 | E26: 3076 | F26: =$D$21-D26 -> 65 | G26: =G25+1 -> 6 | H26: =$H$21-K26 -> 1752 | I26: -1285 | J26: =H26-I26 -> 3037 | K26: =$I$21-I26 -> 60 | L26: =L25+1 -> 6 | M26: =$M$21-P26 -> 1786 | N26: -1105 | O26: =M26-N26 -> 2891 | P26: =$N$21-N26 -> 38
A27: 45739 | B27: =B26+1 -> 7 | C27: =$C$21-F27 -> 1761 | D27: -1315 | E27: 3076 | F27: =$D$21-D27 -> 95 | G27: =G26+1 -> 7 | H27: =$H$21-K27 -> 1722 | I27: -1315 | J27: =H27-I27 -> 3037 | K27: =$I$21-I27 -> 90 | L27: =L26+1 -> 7 | M27: =$M$21-P27 -> 1766 | N27: -1125 | O27: =M27-N27 -> 2891 | P27: =$N$21-N27 -> 58
A28: 45740 | B28: =B27+1 -> 8 | C28: =$C$21-F28 -> 1736 | D28: -1340 | E28: 3076 | F28: =$D$21-D28 -> 120 | G28: =G27+1 -> 8 | H28: =$H$21-K28 -> 1697 | I28: -1340 | J28: =H28-I28 -> 3037 | K28: =$I$21-I28 -> 115 | L28: =L27+1 -> 8 | M28: =$M$21-P28 -> 1741 | N28: -1150 | O28: =M28-N28 -> 2891 | P28: =$N$21-N28 -> 83
A29: 45741 | B29: =B28+1 -> 9 | C29: =$C$21-F29 -> 1709 | D29: -1367 | E29: 3076 | F29: =$D$21-D29 -> 147 | G29: =G28+1 -> 9 | H29: =$H$21-K29 -> 1670 | I29: -1367 | J29: =H29-I29 -> 3037 | K29: =$I$21-I29 -> 142 | L29: =L28+1 -> 9 | M29: =$M$21-P29 -> 1719 | N29: -1172 | O29: =M29-N29 -> 2891 | P29: =$N$21-N29 -> 105
A30: 45742 | B30: =B29+1 -> 10 | C30: =$C$21-F30 -> 1693 | D30: -1383 | E30: 3076 | F30: =$D$21-D30 -> 163 | G30: =G29+1 -> 10 | H30: =$H$21-K30 -> 1657 | I30: -1380 | J30: =H30-I30 -> 3037 | K30: =$I$21-I30 -> 155 | L30: =L29+1 -> 10 | M30: =$M$21-P30 -> 1701 | N30: -1190 | O30: =M30-N30 -> 2891 | P30: =$N$21-N30 -> 123
A31: 45743 | B31: =B30+1 -> 11 | C31: =$C$21-F31 -> 1682 | D31: -1394 | E31: 3076 | F31: =$D$21-D31 -> 174 | G31: =G30+1 -> 11 | H31: =$H$21-K31 -> 1642 | I31: -1395 | J31: =H31-I31 -> 3037 | K31: =$I$21-I31 -> 170 | L31: =L30+1 -> 11 | M31: =$M$21-P31 -> 1696 | N31: -1195 | O31: =M31-N31 -> 2891 | P31: =$N$21-N31 -> 128
A32: 45744 | B32: =B31+1 -> 12 | C32: =$C$21-F32 -> 1661 | D32: -1415 | E32: 3076 | F32: =$D$21-D32 -> 195 | G32: =G31+1 -> 12 | H32: =$H$21-K32 -> 1624 | I32: -1413 | J32: =H32-I32 -> 3037 | K32: =$I$21-I32 -> 188 | L32: =L31+1 -> 12 | M32: =$M$21-P32 -> 1687 | N32: -1204 | O32: =M32-N32 -> 2891 | P32: =$N$21-N32 -> 137
A33: 45745 | B33: =B32+1 -> 13 | C33: =$C$21-F33 -> 1671 | D33: -1405 | E33: 3076 | F33: =$D$21-D33 -> 185 | G33: =G32+1 -> 13 | H33: =$H$21-K33 -> 1615 | I33: -1422 | J33: =H33-I33 -> 3037 | K33: =$I$21-I33 -> 197 | L33: =L32+1 -> 13 | M33: =$M$21-P33 -> 1680 | N33: -1211 | O33: =M33-N33 -> 2891 | P33: =$N$21-N33 -> 144
... A152: 45864 | B152: =B151+1 -> 132 | C152: =$C$21-F152 -> 1001 | D152: -2075 | E152: 3076 | F152: =$D$21-D152 -> 855 | G152: =G151+1 -> 132 | H152: =$H$21-K152 -> 702 | I152: -2335 | J152: =H152-I152 -> 3037 | K152: =$I$21-I152 -> 1110 | L152: =L151+1 -> 132 | M152: =$M$21-P152 -> 1086 | N152: -1805 | O152: =M152-N152 -> 2891 | P152: =$N$21-N152 -> 738
A153: 45865 | B153: =B152+1 -> 133 | D153: -2080 | E153: 3076 | F153: =$D$21-D153 -> 860 | G153: =G152+1 -> 133 | I153: -2340 | J153: =H153-I153 -> 2340 | K153: =$I$21-I153 -> 1115 | L153: =L152+1 -> 133 | M153: 1802 | N153: -1810 | O153: =M153-N153 -> 3612 | P153: =$N$21-N153 -> 743
A154: 45866 | B154: =B153+1 -> 134 | D154: -2085 | E154: 3076 | F154: =$D$21-D154 -> 865 | G154: =G153+1 -> 134 | I154: -2345 | J154: =H154-I154 -> 2345 | K154: =$I$21-I154 -> 1120 | L154: =L153+1 -> 134 | M154: =$M$21-P154 -> 1076 | N154: -1815 | O154: =M154-N154 -> 2891 | P154: =$N$21-N154 -> 748
A155: 45867 | B155: =B154+1 -> 135 | D155: -2090 | E155: 3076 | F155: =$D$21-D155 -> 870 | G155: =G154+1 -> 135 | I155: -2350 | J155: =H155-I155 -> 2350 | K155: =$I$21-I155 -> 1125 | L155: =L154+1 -> 135 | N155: -1820 | O155: =M155-N155 -> 1820 | P155: =$N$21-N155 -> 753
A156: 45868 | B156: =B155+1 -> 136 | D156: -2095 | E156: 3076 | F156: =$D$21-D156 -> 875 | G156: =G155+1 -> 136 | I156: -2355 | J156: =H156-I156 -> 2355 | K156: =$I$21-I156 -> 1130 | L156: =L155+1 -> 136 | N156: -1825 | O156: =M156-N156 -> 1825 | P156: =$N$21-N156 -> 758
A157: 45869 | B157: =B156+1 -> 137 | D157: -2100 | E157: 3076 | F157: =$D$21-D157 -> 880 | G157: =G156+1 -> 137 | I157: -2360 | J157: =H157-I157 -> 2360 | K157: =$I$21-I157 -> 1135 | L157: =L156+1 -> 137 | N157: -1830 | O157: =M157-N157 -> 1830 | P157: =$N$21-N157 -> 763
A158: 45870 | B158: =B157+1 -> 138 | D158: -2105 | E158: 3076 | F158: =$D$21-D158 -> 885 | G158: =G157+1 -> 138 | I158: -2365 | J158: =H158-I158 -> 2365 | K158: =$I$21-I158 -> 1140 | L158: =L157+1 -> 138 | N158: -1835 | O158: =M158-N158 -> 1835 | P158: =$N$21-N158 -> 768
A159: 45871 | B159: =B158+1 -> 139 | D159: -2110 | E159: 3076 | F159: =$D$21-D159 -> 890 | G159: =G158+1 -> 139 | I159: -2370 | J159: =H159-I159 -> 2370 | K159: =$I$21-I159 -> 1145 | L159: =L158+1 -> 139 | N159: -1840 | O159: =M159-N159 -> 1840 | P159: =$N$21-N159 -> 773
A160: 45872 | B160: =B159+1 -> 140 | D160: -2115 | E160: 3076 | F160: =$D$21-D160 -> 895 | G160: =G159+1 -> 140 | I160: -2375 | J160: =H160-I160 -> 2375 | K160: =$I$21-I160 -> 1150 | L160: =L159+1 -> 140 | N160: -1845 | O160: =M160-N160 -> 1845 | P160: =$N$21-N160 -> 778
A161: 45873 | B161: =B160+1 -> 141 | D161: -2120 | E161: 3076 | F161: =$D$21-D161 -> 900 | G161: =G160+1 -> 141 | I161: -2380 | J161: =H161-I161 -> 2380 | K161: =$I$21-I161 -> 1155 | L161: =L160+1 -> 141 | N161: -1850 | O161: =M161-N161 -> 1850 | P161: =$N$21-N161 -> 783
A162: 45874 | B162: =B161+1 -> 142 | D162: -2125 | E162: 3076 | F162: =$D$21-D162 -> 905 | G162: =G161+1 -> 142 | I162: -2385 | J162: =H162-I162 -> 2385 | K162: =$I$21-I162 -> 1160 | L162: =L161+1 -> 142 | N162: -1855 | O162: =M162-N162 -> 1855 | P162: =$N$21-N162 -> 788
A163: 45875 | B163: =B162+1 -> 143 | C163: 1907 | D163: -2144 | E163: 3076 | F163: =$D$21-D163 -> 924 | G163: =G162+1 -> 143 | H163: 1977 | I163: -2390 | J163: =H163-I163 -> 4367 | K163: =$I$21-I163 -> 1165 | L163: =L162+1 -> 143 | M163: 1807 | N163: -1860 | O163: =M163-N163 -> 3667 | P163: =$N$21-N163 -> 793
A172: Đại diện/ Representative | C172: Nhà thầu/ The Contractor | J172: Đại diện/ Representative | L172: Tư vấn giám sát/ The Consultant
A173: Chức vụ/ Position: | C173: Đội thi công/ Construction team | J173: Chức vụ/ Position: | L173: Kỹ sư trắc đạc/ Geodetic engineer | P173: Giám sát viên/ Inspector
A174: Họ tên/ Full name: | C174: Nguyễn Văn Cường | J174: Họ tên/ Full name: | L174: Nguyễn Anh Tuấn | P174: Nguyễn Phước Trung
A175: Chữ ký/ Signature: | J175: Chữ ký/ Signature:

Sheet QTLKm118+495
A2: BẢNG SỐ LIỆU QUAN TRẮC THIẾT BỊ ĐO LÚN MẶT
A3: I. SỐ ĐỌC BAN ĐẦU
A4: Vùng (Đường) | B4: Bàn quan trắc lún | D4: Ngày lắp đặt | F4: =+"Cao trình nghiệm thu [m] ("&TEXT(A16,"dd/mm/yy")&")" -> Cao trình nghiệm thu [m] (17/03/25) | L4: Tọa độ | P4: Mốc tọa độ tham chiếu
F5: Cao trình MĐTN | G5: Cao trình đắp | I5: Cao trình đỉnh ống | K5: Cao trình tấm đế | L5: X [m] | N5: Y [m]
A6: VÙNG 2A (ĐƯỜNG N1) | B6: SSP2-4 | P6: CS3
B7: SSP2-5 | P7: Tọa độ [m]
B8: SSP2-6
A10: II. SỐ LIỆU QUAN TRẮC
A11: Ngày quan trắc | B11: ĐỘ LÚN TRÁI | G11: ĐỘ LÚN TIM | L11: ĐỘ LÚN PHẢI | Q11: Áp Đ.hồ Pvac | R11: Ghi chú
B12: Thời gian tích lũy | C12: Cao độ đắp | D12: Cao độ bàn đo lún | E12: Chiều cao đắp | F12: Độ lún | G12: Thời gian tích lũy | H12: Cao độ đắp | I12: Cao độ bàn đo lún | J12: Chiều cao đắp | K12: Độ lún | L12: Thời gian tích lũy | M12: Cao độ đắp | N12: Cao độ bàn đo lún | O12: Chiều cao đắp | P12: Độ lún
B14: [Ngày] | C14: [mm] | D14: [m.m] | E14: [mm] | F14: [m.m] | G14: [Ngày] | H14: [mm] | I14: [m.m] | J14: [mm] | K14: [m.m] | L14: [Ngày] | M14: [mm] | N14: [m.m] | O14: [mm] | P14: [m.m] | Q14: [kPa]
A15: 1 | B15: =+A15+1 -> 2 | C15: =+B15+1 -> 3 | D15: =+C15+1 -> 4 | E15: =+D15+1 -> 5 | F15: =+E15+1 -> 6 | G15: =+F15+1 -> 7 | H15: =+G15+1 -> 8 | I15: =+H15+1 -> 9 | ... R15: =+Q15+1 -> 18
A16: 45733 | B16: 1 | C16: 2137 | D16: -1898 | E16: =C16-D16 -> 4035 | F16: 0 | G16: 1 | H16: 2127 | I16: -1658 | J16: =H16-I16 -> 3785 | K16: 0 | L16: 1 | M16: 2182 | N16: -1155 | O16: =M16-N16 -> 3337 | P16: 0
A17: 45734 | B17: =B16+1 -> 2 | C17: =$C$16-F17 -> 2137 | D17: -1898 | E17: =C17-D17 -> 4035 | F17: =$D$16-D17 -> 0 | G17: =G16+1 -> 2 | H17: =$H$16-K17 -> 2127 | I17: -1658 | J17: =H17-I17 -> 3785 | K17: =$I$16-I17 -> 0 | L17: =L16+1 -> 2 | M17: =$M$16-P17 -> 2182 | N17: -1155 | O17: =M17-N17 -> 3337 | P17: =$N$16-N17 -> 0
A18: 45735 | B18: =B17+1 -> 3 | C18: =$C$16-F18 -> 2137 | D18: -1898 | E18: =C18-D18 -> 4035 | F18: =$D$16-D18 -> 0 | G18: =G17+1 -> 3 | H18: =$H$16-K18 -> 2127 | I18: -1658 | J18: =H18-I18 -> 3785 | K18: =$I$16-I18 -> 0 | L18: =L17+1 -> 3 | M18: =$M$16-P18 -> 2182 | N18: -1155 | O18: =M18-N18 -> 3337 | P18: =$N$16-N18 -> 0
A19: 45736 | B19: =B18+1 -> 4 | C19: =$C$16-F19 -> 2137 | D19: -1898 | E19: =C19-D19 -> 4035 | F19: =$D$16-D19 -> 0 | G19: =G18+1 -> 4 | H19: =$H$16-K19 -> 2127 | I19: -1658 | J19: =H19-I19 -> 3785 | K19: =$I$16-I19 -> 0 | L19: =L18+1 -> 4 | M19: =$M$16-P19 -> 2182 | N19: -1155 | O19: =M19-N19 -> 3337 | P19: =$N$16-N19 -> 0
A20: 45737 | B20: =B19+1 -> 5 | C20: =$C$16-F20 -> 2127 | D20: -1908 | E20: =C20-D20 -> 4035 | F20: =$D$16-D20 -> 10 | G20: =G19+1 -> 5 | H20: =$H$16-K20 -> 2109 | I20: -1676 | J20: =H20-I20 -> 3785 | K20: =$I$16-I20 -> 18 | L20: =L19+1 -> 5 | M20: =$M$16-P20 -> 2162 | N20: -1175 | O20: =M20-N20 -> 3337 | P20: =$N$16-N20 -> 20
A21: 45738 | B21: =B20+1 -> 6 | C21: =$C$16-F21 -> 2107 | D21: -1928 | E21: =C21-D21 -> 4035 | F21: =$D$16-D21 -> 30 | G21: =G20+1 -> 6 | H21: =$H$16-K21 -> 2089 | I21: -1696 | J21: =H21-I21 -> 3785 | K21: =$I$16-I21 -> 38 | L21: =L20+1 -> 6 | M21: =$M$16-P21 -> 2147 | N21: -1190 | O21: =M21-N21 -> 3337 | P21: =$N$16-N21 -> 35
A22: 45739 | B22: =B21+1 -> 7 | C22: =$C$16-F22 -> 2077 | D22: -1958 | E22: =C22-D22 -> 4035 | F22: =$D$16-D22 -> 60 | G22: =G21+1 -> 7 | H22: =$H$16-K22 -> 2069 | I22: -1716 | J22: =H22-I22 -> 3785 | K22: =$I$16-I22 -> 58 | L22: =L21+1 -> 7 | M22: =$M$16-P22 -> 2132 | N22: -1205 | O22: =M22-N22 -> 3337 | P22: =$N$16-N22 -> 50
A23: 45740 | B23: =B22+1 -> 8 | C23: =$C$16-F23 -> 2055 | D23: -1980 | E23: =C23-D23 -> 4035 | F23: =$D$16-D23 -> 82 | G23: =G22+1 -> 8 | H23: =$H$16-K23 -> 2046 | I23: -1739 | J23: =H23-I23 -> 3785 | K23: =$I$16-I23 -> 81 | L23: =L22+1 -> 8 | M23: =$M$16-P23 -> 2115 | N23: -1222 | O23: =M23-N23 -> 3337 | P23: =$N$16-N23 -> 67
A24: 45741 | B24: =B23+1 -> 9 | C24: =$C$16-F24 -> 2030 | D24: -2005 | E24: =C24-D24 -> 4035 | F24: =$D$16-D24 -> 107 | G24: =G23+1 -> 9 | H24: =$H$16-K24 -> 2025 | I24: -1760 | J24: =H24-I24 -> 3785 | K24: =$I$16-I24 -> 102 | L24: =L23+1 -> 9 | M24: =$M$16-P24 -> 2095 | N24: -1242 | O24: =M24-N24 -> 3337 | P24: =$N$16-N24 -> 87
A25: 45742 | B25: =B24+1 -> 10 | C25: =$C$16-F25 -> 2013 | D25: -2022 | E25: =C25-D25 -> 4035 | F25: =$D$16-D25 -> 124 | G25: =G24+1 -> 10 | H25: =$H$16-K25 -> 2007 | I25: -1778 | J25: =H25-I25 -> 3785 | K25: =$I$16-I25 -> 120 | L25: =L24+1 -> 10 | M25: =$M$16-P25 -> 2103 | N25: -1234 | O25: =M25-N25 -> 3337 | P25: =$N$16-N25 -> 79
A26: 45743 | B26: =B25+1 -> 11 | C26: =$C$16-F26 -> 2007 | D26: -2028 | E26: =C26-D26 -> 4035 | F26: =$D$16-D26 -> 130 | G26: =G25+1 -> 11 | H26: =$H$16-K26 -> 2001 | I26: -1784 | J26: =H26-I26 -> 3785 | K26: =$I$16-I26 -> 126 | L26: =L25+1 -> 11 | M26: =$M$16-P26 -> 2077 | N26: -1260 | O26: =M26-N26 -> 3337 | P26: =$N$16-N26 -> 105
A27: 45744 | B27: =B26+1 -> 12 | C27: =$C$16-F27 -> 2002 | D27: -2033 | E27: =C27-D27 -> 4035 | F27: =$D$16-D27 -> 135 | G27: =G26+1 -> 12 | H27: =$H$16-K27 -> 1992 | I27: -1793 | J27: =H27-I27 -> 3785 | K27: =$I$16-I27 -> 135 | L27: =L26+1 -> 12 | M27: =$M$16-P27 -> 2071 | N27: -1266 | O27: =M27-N27 -> 3337 | P27: =$N$16-N27 -> 111
A28: 45745 | B28: =B27+1 -> 13 | C28: =$C$16-F28 -> 1995 | D28: -2040 | E28: =C28-D28 -> 4035 | F28: =$D$16-D28 -> 142 | G28: =G27+1 -> 13 | H28: =$H$16-K28 -> 1985 | I28: -1800 | J28: =H28-I28 -> 3785 | K28: =$I$16-I28 -> 142 | L28: =L27+1 -> 13 | M28: =$M$16-P28 -> 2066 | N28: -1271 | O28: =M28-N28 -> 3337 | P28: =$N$16-N28 -> 116
... A38: 45755 | B38: =B37+1 -> 23 | C38: =$C$16-F38 -> 1935 | D38: -2100 | E38: =C38-D38 -> 4035 | F38: =$D$16-D38 -> 202 | G38: =G37+1 -> 23 | H38: =$H$16-K38 -> 1912 | I38: -1873 | J38: =H38-I38 -> 3785 | K38: =$I$16-I38 -> 215 | L38: =L37+1 -> 23 | M38: =$M$16-P38 -> 2009 | N38: -1328 | O38: =M38-N38 -> 3337 | P38: =$N$16-N38 -> 173
A39: 45756 | B39: =B38+1 -> 24 | C39: =$C$16-F39 -> 1926 | D39: -2109 | E39: =C39-D39 -> 4035 | F39: =$D$16-D39 -> 211 | G39: =G38+1 -> 24 | H39: =$H$16-K39 -> 1901 | I39: -1884 | J39: =H39-I39 -> 3785 | K39: =$I$16-I39 -> 226 | L39: =L38+1 -> 24 | M39: =$M$16-P39 -> 2002 | N39: -1330 | O39: =M39-N40 -> 3337 | P39: =$N$16-N40 -> 180
A40: 45757 | B40: =B39+1 -> 25 | C40: =$C$16-F40 -> 1915 | D40: -2120 | E40: =C40-D40 -> 4035 | F40: =$D$16-D40 -> 222 | G40: =G39+1 -> 25 | H40: =$H$16-K40 -> 1895 | I40: -1890 | J40: =H40-I40 -> 3785 | K40: =$I$16-I40 -> 232 | L40: =L39+1 -> 25 | M40: =$M$16-P40 -> #REF! | N40: -1335 | O40: =M40-#REF! -> #REF! | P40: =$N$16-#REF! -> #REF!
A41: 45758 | B41: =B40+1 -> 26 | C41: =$C$16-F41 -> 1913 | D41: -2122 | E41: =C41-D41 -> 4035 | F41: =$D$16-D41 -> 224 | G41: =G40+1 -> 26 | H41: =$H$16-K41 -> 1885 | I41: -1900 | J41: =H41-I41 -> 3785 | K41: =$I$16-I41 -> 242 | L41: =L40+1 -> 26 | M41: =$M$16-P41 -> 1997 | N41: -1340 | O41: =M41-N41 -> 3337 | P41: =$N$16-N41 -> 185
A42: 45759 | B42: =B41+1 -> 27 | C42: =$C$16-F42 -> 1910 | D42: -2125 | E42: =C42-D42 -> 4035 | F42: =$D$16-D42 -> 227 | G42: =G41+1 -> 27 | H42: =$H$16-K42 -> 1880 | I42: -1905 | J42: =H42-I42 -> 3785 | K42: =$I$16-I42 -> 247 | L42: =L41+1 -> 27 | M42: =$M$16-P42 -> 1992 | N42: -1345 | O42: =M42-N42 -> 3337 | P42: =$N$16-N42 -> 190
A43: 45760 | B43: =B42+1 -> 28 | C43: =$C$16-F43 -> 1905 | D43: -2130 | E43: =C43-D43 -> 4035 | F43: =$D$16-D43 -> 232 | G43: =G42+1 -> 28 | H43: =$H$16-K43 -> 1873 | I43: -1912 | J43: =H43-I43 -> 3785 | K43: =$I$16-I43 -> 254 | L43: =L42+1 -> 28 | M43: =$M$16-P43 -> 1987 | N43: -1350 | O43: =M43-N43 -> 3337 | P43: =$N$16-N43 -> 195
A44: 45761 | B44: =B43+1 -> 29 | C44: =$C$16-F44 -> 1900 | D44: -2135 | E44: =C44-D44 -> 4035 | F44: =$D$16-D44 -> 237 | G44: =G43+1 -> 29 | H44: =$H$16-K44 -> 1870 | I44: -1915 | J44: =H44-I44 -> 3785 | K44: =$I$16-I44 -> 257 | L44: =L43+1 -> 29 | M44: =$M$16-P44 -> 1982 | N44: -1355 | O44: =M44-N44 -> 3337 | P44: =$N$16-N44 -> 200
A45: 45762 | B45: =B44+1 -> 30 | C45: =$C$16-F45 -> 1895 | D45: -2140 | E45: =C45-D45 -> 4035 | F45: =$D$16-D45 -> 242 | G45: =G44+1 -> 30 | H45: =$H$16-K45 -> 1867 | I45: -1918 | J45: =H45-I45 -> 3785 | K45: =$I$16-I45 -> 260 | L45: =L44+1 -> 30 | M45: =$M$16-P45 -> 1977 | N45: -1360 | O45: =M45-N45 -> 3337 | P45: =$N$16-N45 -> 205
A46: 45763 | B46: =B45+1 -> 31 | C46: =$C$16-F46 -> 1890 | D46: -2145 | E46: =C46-D46 -> 4035 | F46: =$D$16-D46 -> 247 | G46: =G45+1 -> 31 | H46: =$H$16-K46 -> 1860 | I46: -1925 | J46: =H46-I46 -> 3785 | K46: =$I$16-I46 -> 267 | L46: =L45+1 -> 31 | M46: =$M$16-P46 -> 1972 | N46: -1365 | O46: =M46-N46 -> 3337 | P46: =$N$16-N46 -> 210
A47: 45764 | B47: =B46+1 -> 32 | C47: =$C$16-F47 -> 1885 | D47: -2150 | E47: =C47-D47 -> 4035 | F47: =$D$16-D47 -> 252 | G47: =G46+1 -> 32 | H47: =$H$16-K47 -> 1853 | I47: -1932 | J47: =H47-I47 -> 3785 | K47: =$I$16-I47 -> 274 | L47: =L46+1 -> 32 | M47: =$M$16-P47 -> 1967 | N47: -1370 | O47: =M47-N47 -> 3337 | P47: =$N$16-N47 -> 215
A48: 45765 | B48: =B47+1 -> 33 | C48: =$C$16-F48 -> 1878 | D48: -2157 | E48: =C48-D48 -> 4035 | F48: =$D$16-D48 -> 259 | G48: =G47+1 -> 33 | H48: =$H$16-K48 -> 1846 | I48: -1939 | J48: =H48-I48 -> 3785 | K48: =$I$16-I48 -> 281 | L48: =L47+1 -> 33 | M48: =$M$16-P48 -> 1959 | N48: -1378 | O48: =M48-N48 -> 3337 | P48: =$N$16-N48 -> 223
A49: 45766 | B49: =B48+1 -> 34 | C49: =$C$16-F49 -> 1871 | D49: -2164 | E49: =C49-D49 -> 4035 | F49: =$D$16-D49 -> 266 | G49: =G48+1 -> 34 | H49: =$H$16-K49 -> 1838 | I49: -1947 | J49: =H49-I49 -> 3785 | K49: =$I$16-I49 -> 289 | L49: =L48+1 -> 34 | M49: =$M$16-P49 -> 1951 | N49: -1386 | O49: =M49-N49 -> 3337 | P49: =$N$16-N49 -> 231
A50: 45767 | B50: =B49+1 -> 35 | C50: =$C$16-F50 -> 1864 | D50: -2171 | E50: =C50-D50 -> 4035 | F50: =$D$16-D50 -> 273 | G50: =G49+1 -> 35 | H50: =$H$16-K50 -> 1830 | I50: -1955 | J50: =H50-I50 -> 3785 | K50: =$I$16-I50 -> 297 | L50: =L49+1 -> 35 | M50: =$M$16-P50 -> 1944 | N50: -1393 | O50: =M50-N50 -> 3337 | P50: =$N$16-N50 -> 238
A51: 45768 | B51: =B50+1 -> 36 | C51: =$C$16-F51 -> 1857 | D51: -2178 | E51: =C51-D51 -> 4035 | F51: =$D$16-D51 -> 280 | G51: =G50+1 -> 36 | H51: =$H$16-K51 -> 1822 | I51: -1963 | J51: =H51-I51 -> 3785 | K51: =$I$16-I51 -> 305 | L51: =L50+1 -> 36 | M51: =$M$16-P51 -> 1933 | N51: -1404 | O51: =M51-N51 -> 3337 | P51: =$N$16-N51 -> 249
A52: 45769 | B52: =B51+1 -> 37 | C52: =$C$16-F52 -> 1850 | D52: -2185 | E52: =C52-D52 -> 4035 | F52: =$D$16-D52 -> 287 | G52: =G51+1 -> 37 | H52: =$H$16-K52 -> 1815 | I52: -1970 | J52: =H52-I52 -> 3785 | K52: =$I$16-I52 -> 312 | L52: =L51+1 -> 37 | M52: =$M$16-P52 -> 1923 | N52: -1414 | O52: =M52-N52 -> 3337 | P52: =$N$16-N52 -> 259
... A147: 45864 | B147: =B146+1 -> 132 | C147: =$C$16-F147 -> 1511 | D147: -2524 | E147: =C147-D147 -> 4035 | F147: =$D$16-D147 -> 626 | G147: =G146+1 -> 132 | H147: =$H$16-K147 -> 1447 | I147: -2338 | J147: =H147-I147 -> 3785 | K147: =$I$16-I147 -> 680 | L147: =L146+1 -> 132 | M147: =$M$16-P147 -> 1626 | N147: -1711 | O147: =M147-N147 -> 3337 | P147: =$N$16-N147 -> 556
A148: 45865 | B148: =B147+1 -> 133 | C148: 1572 | D148: -2528 | E148: =C148-D148 -> 4100 | F148: =$D$16-D148 -> 630 | G148: =G147+1 -> 133 | H148: 1597 | I148: -2343 | J148: =H148-I148 -> 3940 | K148: =$I$16-I148 -> 685 | L148: =L147+1 -> 133 | M148: =$M$16-P148 -> 1621 | N148: -1716 | O148: =M148-N148 -> 3337 | P148: =$N$16-N148 -> 561
A149: 45866 | B149: =B148+1 -> 134 | C149: =$C$16-F149 -> 1503 | D149: -2532 | E149: =C149-D149 -> 4035 | F149: =$D$16-D149 -> 634 | G149: =G148+1 -> 134 | H149: =$H$16-K149 -> 1437 | I149: -2348 | J149: =H149-I149 -> 3785 | K149: =$I$16-I149 -> 690 | L149: =L148+1 -> 134 | M149: =$M$16-P149 -> 1616 | N149: -1721 | O149: =M149-N149 -> 3337 | P149: =$N$16-N149 -> 566
A150: 45867 | B150: =B149+1 -> 135 | C150: 1573 | D150: -2536 | E150: =C150-D150 -> 4109 | F150: =$D$16-D150 -> 638 | G150: =G149+1 -> 135 | H150: 1598 | I150: -2353 | J150: =H150-I150 -> 3951 | K150: =$I$16-I150 -> 695 | L150: =L149+1 -> 135 | M150: =$M$16-P150 -> 1611 | N150: -1726 | O150: =M150-N150 -> 3337 | P150: =$N$16-N150 -> 571
A151: 45868 | B151: =B150+1 -> 136 | C151: =$C$16-F151 -> 1495 | D151: -2540 | E151: =C151-D151 -> 4035 | F151: =$D$16-D151 -> 642 | G151: =G150+1 -> 136 | H151: =$H$16-K151 -> 1427 | I151: -2358 | J151: =H151-I151 -> 3785 | K151: =$I$16-I151 -> 700 | L151: =L150+1 -> 136 | M151: =$M$16-P151 -> 1606 | N151: -1731 | O151: =M151-N151 -> 3337 | P151: =$N$16-N151 -> 576
A152: 45869 | B152: =B151+1 -> 137 | C152: 1574 | D152: -2544 | E152: =C152-D152 -> 4118 | F152: =$D$16-D152 -> 646 | G152: =G151+1 -> 137 | H152: 1599 | I152: -2358 | J152: =H152-I152 -> 3957 | K152: =$I$16-I152 -> 700 | L152: =L151+1 -> 137 | M152: =$M$16-P152 -> 1590 | N152: -1747 | O152: =M152-N152 -> 3337 | P152: =$N$16-N152 -> 592
A153: 45870 | B153: =B152+1 -> 138 | C153: =$C$16-F153 -> 1487 | D153: -2548 | E153: =C153-D153 -> 4035 | F153: =$D$16-D153 -> 650 | G153: =G152+1 -> 138 | H153: =$H$16-K153 -> 1413 | I153: -2372 | J153: =H153-I153 -> 3785 | K153: =$I$16-I153 -> 714 | L153: =L152+1 -> 138 | M153: =$M$16-P153 -> 1588 | N153: -1749 | O153: =M153-N153 -> 3337 | P153: =$N$16-N153 -> 594
A154: 45871 | B154: =B153+1 -> 139 | C154: 1575 | D154: -2552 | E154: =C154-D154 -> 4127 | F154: =$D$16-D154 -> 654 | G154: =G153+1 -> 139 | H154: 1600 | I154: -2386 | J154: =H154-I154 -> 3986 | K154: =$I$16-I154 -> 728 | L154: =L153+1 -> 139 | M154: =$M$16-P154 -> 1586 | N154: -1751 | O154: =M154-N154 -> 3337 | P154: =$N$16-N154 -> 596
A155: 45872 | B155: =B154+1 -> 140 | C155: =$C$16-F155 -> 1479 | D155: -2556 | E155: =C155-D155 -> 4035 | F155: =$D$16-D155 -> 658 | G155: =G154+1 -> 140 | H155: =$H$16-K155 -> 1385 | I155: -2400 | J155: =H155-I155 -> 3785 | K155: =$I$16-I155 -> 742 | L155: =L154+1 -> 140 | M155: =$M$16-P155 -> 1584 | N155: -1753 | O155: =M155-N155 -> 3337 | P155: =$N$16-N155 -> 598
A156: 45873 | B156: =B155+1 -> 141 | C156: 1576 | D156: -2560 | E156: =C156-D156 -> 4136 | F156: =$D$16-D156 -> 662 | G156: =G155+1 -> 141 | H156: 1601 | I156: -2414 | J156: =H156-I156 -> 4015 | K156: =$I$16-I156 -> 756 | L156: =L155+1 -> 141 | M156: =$M$16-P156 -> 1582 | N156: -1755 | O156: =M156-N156 -> 3337 | P156: =$N$16-N156 -> 600
A157: 45874 | B157: =B156+1 -> 142 | C157: =$C$16-F157 -> 1471 | D157: -2564 | E157: =C157-D157 -> 4035 | F157: =$D$16-D157 -> 666 | G157: =G156+1 -> 142 | H157: =$H$16-K157 -> 1357 | I157: -2428 | J157: =H157-I157 -> 3785 | K157: =$I$16-I157 -> 770 | L157: =L156+1 -> 142 | M157: =$M$16-P157 -> 1580 | N157: -1757 | O157: =M157-N157 -> 3337 | P157: =$N$16-N157 -> 602
A158: 45875 | B158: =B157+1 -> 143 | C158: 1577 | D158: -2574 | E158: =C158-D158 -> 4151 | F158: =$D$16-D158 -> 676 | G158: =G157+1 -> 143 | H158: 1602 | I158: -2442 | J158: =H158-I158 -> 4044 | K158: =$I$16-I158 -> 784 | L158: =L157+1 -> 143 | M158: =$M$16-P158 -> 1578 | N158: -1759 | O158: =M158-N158 -> 3337 | P158: =$N$16-N158 -> 604

Sheet QTL-KM118+790
A2: BẢNG SỐ LIỆU QUAN TRẮC THIẾT BỊ ĐO LÚN MẶT
A3: I. SỐ ĐỌC BAN ĐẦU
A4: Vùng (Đường) | B4: Bàn quan trắc lún | D4: Ngày lắp đặt | F4: =+"Cao trình nghiệm thu [m] ("&TEXT(A16,"dd/mm/yy")&")" -> Cao trình nghiệm thu [m] (20/07/25) | L4: Tọa độ | P4: Mốc tọa độ tham chiếu
F5: Cao trình MĐTN | G5: Cao trình đắp | I5: Cao trình đỉnh ống | K5: Cao trình tấm đế | L5: X [m] | N5: Y [m]
A6: VÙNG 2A (ĐƯỜNG N1) | B6: SSP2-4 | P6: CS3
B7: SSP2-5 | P7: Tọa độ [m]
B8: SSP2-6
A10: II. SỐ LIỆU QUAN TRẮC
A11: Ngày quan trắc | B11: ĐỘ LÚN TRÁI | G11: ĐỘ LÚN TIM | L11: ĐỘ LÚN PHẢI | Q11: Áp Đ.hồ Pvac | R11: Ghi chú
B12: Thời gian tích lũy | C12: Cao độ đắp | D12: Cao độ bàn đo lún | E12: Chiều cao đắp | F12: Độ lún | G12: Thời gian tích lũy | H12: Cao độ đắp | I12: Cao độ bàn đo lún | J12: Chiều cao đắp | K12: Độ lún | L12: Thời gian tích lũy | M12: Cao độ đắp | N12: Cao độ bàn đo lún | O12: Chiều cao đắp | P12: Độ lún
B14: [Ngày] | C14: [mm] | D14: [m.m] | E14: [mm] | F14: [m.m] | G14: [Ngày] | H14: [mm] | I14: [m.m] | J14: [mm] | K14: [m.m] | L14: [Ngày] | M14: [mm] | N14: [m.m] | O14: [mm] | P14: [m.m] | Q14: [kPa]
A15: 1 | B15: =+A15+1 -> 2 | C15: =+B15+1 -> 3 | D15: =+C15+1 -> 4 | E15: =+D15+1 -> 5 | F15: =+E15+1 -> 6 | G15: =+F15+1 -> 7 | H15: =+G15+1 -> 8 | I15: =+H15+1 -> 9 | ... R15: =+Q15+1 -> 18
A16: 45858 | B16: 1 | C16: 1767 | D16: -1208 | E16: =C16-D16 -> 2975 | F16: 0 | G16: 1 | H16: 1632 | I16: -1188 | J16: =H16-I16 -> 2820 | K16: 0 | L16: 1 | M16: 1727 | N16: -1127 | O16: =M16-N16 -> 2854 | P16: 0
A17: 45859 | B17: =B16+1 -> 2 | C17: =$C$16-F17 -> 1737 | D17: -1238 | E17: =C17-D17 -> 2975 | F17: =$D$16-D17 -> 30 | G17: =G16+1 -> 2 | H17: =$H$16-K17 -> 1627 | I17: -1193 | J17: =H17-I17 -> 2820 | K17: =$I$16-I17 -> 5 | L17: =L16+1 -> 2 | M17: =$M$16-P17 -> 1725 | N17: -1129 | O17: =M17-N17 -> 2854 | P17: =$N$16-N17 -> 2
A18: 45860 | B18: =B17+1 -> 3 | C18: =$C$16-F18 -> 1727 | D18: -1248 | E18: =C18-D18 -> 2975 | F18: =$D$16-D18 -> 40 | G18: =G17+1 -> 3 | H18: =$H$16-K18 -> 1617 | I18: -1203 | J18: =H18-I18 -> 2820 | K18: =$I$16-I18 -> 15 | L18: =L17+1 -> 3 | M18: =$M$16-P18 -> 1723 | N18: -1131 | O18: =M18-N18 -> 2854 | P18: =$N$16-N18 -> 4
A19: 45861 | B19: =B18+1 -> 4 | C19: =$C$16-F19 -> 1717 | D19: -1258 | E19: =C19-D19 -> 2975 | F19: =$D$16-D19 -> 50 | G19: =G18+1 -> 4 | H19: =$H$16-K19 -> 1599 | I19: -1221 | J19: =H19-I19 -> 2820 | K19: =$I$16-I19 -> 33 | L19: =L18+1 -> 4 | M19: =$M$16-P19 -> 1713 | N19: -1141 | O19: =M19-N19 -> 2854 | P19: =$N$16-N19 -> 14
A20: 45862 | B20: =B19+1 -> 5 | C20: =$C$16-F20 -> 1707 | D20: -1268 | E20: =C20-D20 -> 2975 | F20: =$D$16-D20 -> 60 | G20: =G19+1 -> 5 | H20: =$H$16-K20 -> 1581 | I20: -1239 | J20: =H20-I20 -> 2820 | K20: =$I$16-I20 -> 51 | L20: =L19+1 -> 5 | M20: =$M$16-P20 -> 1703 | N20: -1151 | O20: =M20-N20 -> 2854 | P20: =$N$16-N20 -> 24
A21: 45863 | B21: =B20+1 -> 6 | C21: =$C$16-F21 -> 1697 | D21: -1278 | E21: =C21-D21 -> 2975 | F21: =$D$16-D21 -> 70 | G21: =G20+1 -> 6 | H21: =$H$16-K21 -> 1563 | I21: -1257 | J21: =H21-I21 -> 2820 | K21: =$I$16-I21 -> 69 | L21: =L20+1 -> 6 | M21: =$M$16-P21 -> 1693 | N21: -1161 | O21: =M21-N21 -> 2854 | P21: =$N$16-N21 -> 34
A22: 45864 | B22: =B21+1 -> 7 | C22: =$C$16-F22 -> 1687 | D22: -1288 | E22: =C22-D22 -> 2975 | F22: =$D$16-D22 -> 80 | G22: =G21+1 -> 7 | H22: =$H$16-K22 -> 1545 | I22: -1275 | J22: =H22-I22 -> 2820 | K22: =$I$16-I22 -> 87 | L22: =L21+1 -> 7 | M22: =$M$16-P22 -> 1683 | N22: -1171 | O22: =M22-N22 -> 2854 | P22: =$N$16-N22 -> 44
A23: 45865 | B23: =B22+1 -> 8 | C23: =$C$16-F23 -> 1677 | D23: -1298 | E23: =C23-D23 -> 2975 | F23: =$D$16-D23 -> 90 | G23: =G22+1 -> 8 | H23: =$H$16-K23 -> 1527 | I23: -1293 | J23: =H23-I23 -> 2820 | K23: =$I$16-I23 -> 105 | L23: =L22+1 -> 8 | M23: =$M$16-P23 -> 1673 | N23: -1181 | O23: =M23-N23 -> 2854 | P23: =$N$16-N23 -> 54
A24: 45866 | B24: =B23+1 -> 9 | C24: =$C$16-F24 -> 1667 | D24: -1308 | E24: =C24-D24 -> 2975 | F24: =$D$16-D24 -> 100 | G24: =G23+1 -> 9 | H24: =$H$16-K24 -> 1509 | I24: -1311 | J24: =H24-I24 -> 2820 | K24: =$I$16-I24 -> 123 | L24: =L23+1 -> 9 | M24: =$M$16-P24 -> 1663 | N24: -1191 | O24: =M24-N24 -> 2854 | P24: =$N$16-N24 -> 64
A25: 45867 | B25: =B24+1 -> 10 | C25: =$C$16-F25 -> 1657 | D25: -1318 | E25: =C25-D25 -> 2975 | F25: =$D$16-D25 -> 110 | G25: =G24+1 -> 10 | H25: =$H$16-K25 -> 1491 | I25: -1329 | J25: =H25-I25 -> 2820 | K25: =$I$16-I25 -> 141 | L25: =L24+1 -> 10 | M25: =$M$16-P25 -> 1653 | N25: -1201 | O25: =M25-N25 -> 2854 | P25: =$N$16-N25 -> 74
A26: 45868 | B26: =B25+1 -> 11 | C26: =$C$16-F26 -> 1647 | D26: -1328 | E26: =C26-D26 -> 2975 | F26: =$D$16-D26 -> 120 | G26: =G25+1 -> 11 | H26: =$H$16-K26 -> 1473 | I26: -1347 | J26: =H26-I26 -> 2820 | K26: =$I$16-I26 -> 159 | L26: =L25+1 -> 11 | M26: =$M$16-P26 -> 1643 | N26: -1211 | O26: =M26-N26 -> 2854 | P26: =$N$16-N26 -> 84
A27: 45869 | B27: =B26+1 -> 12 | C27: =$C$16-F27 -> 1637 | D27: -1338 | E27: =C27-D27 -> 2975 | F27: =$D$16-D27 -> 130 | G27: =G26+1 -> 12 | H27: =$H$16-K27 -> 1455 | I27: -1365 | J27: =H27-I27 -> 2820 | K27: =$I$16-I27 -> 177 | L27: =L26+1 -> 12 | M27: =$M$16-P27 -> 1633 | N27: -1221 | O27: =M27-N27 -> 2854 | P27: =$N$16-N27 -> 94
A28: 45870 | B28: =B27+1 -> 13 | C28: =$C$16-F28 -> 1627 | D28: -1348 | E28: =C28-D28 -> 2975 | F28: =$D$16-D28 -> 140 | G28: =G27+1 -> 13 | H28: =$H$16-K28 -> 1437 | I28: -1383 | J28: =H28-I28 -> 2820 | K28: =$I$16-I28 -> 195 | L28: =L27+1 -> 13 | M28: =$M$16-P28 -> 1623 | N28: -1231 | O28: =M28-N28 -> 2854 | P28: =$N$16-N28 -> 104
... A33: 45875 | B33: =B32+1 -> 18 | C33: =$C$16-F33 -> 1493 | D33: -1482 | E33: =C33-D33 -> 2975 | F33: =$D$16-D33 -> 274 | G33: =G32+1 -> 18 | H33: =$H$16-K33 -> 1388 | I33: -1432 | J33: =H33-I33 -> 2820 | K33: =$I$16-I33 -> 244 | L33: =L32+1 -> 18 | M33: =$M$16-P33 -> 1557 | N33: -1297 | O33: =M33-N33 -> 2854 | P33: =$N$16-N33 -> 170
A122: Đại diện/ Representative | C122: Nhà thầu/ The Contractor | J122: Đại diện/ Representative | L122: Tư vấn giám sát/ The Consultant
A123: Chức vụ/ Position: | C123: Đội thi công/ Construction team | J123: Chức vụ/ Position: | L123: Kỹ sư trắc đạc/ Geodetic engineer | P123: Giám sát viên/ Inspector
A124: Họ tên/ Full name: | C124: Nguyễn Văn Cường | J124: Họ tên/ Full name: | L124: Nguyễn Anh Tuấn | P124: Nguyễn Phước Trung
A125: Chữ ký/ Signature: | J125: Chữ ký/ Signature:

Sheet QTL-Km118+890,00
A1: DỰ ÁN THÀNH PHẦN ĐOẠN HẬU GIANG - CÀ MAU
A2: THUỘC DỰ ÁN XÂY DỰNG CÔNG TRÌNH ĐƯỜNG BỘ CAO TỐC BẮC - NAM PHÍA ĐÔNG GIAI ĐOẠN 2021 - 2025
A3: =UPPER("GÓI THẦU XL03 :Thi Công Xây Dựng Đoạn Tuyến Km114+200 - Km126+223 Bao Gồm Tuyến Nối Nút Giao IC12 Với QL1 (bao gồm khảo sát, thiết kế BVTC)") -> GÓI THẦU XL03 :THI CÔNG XÂY DỰNG ĐOẠN TUYẾN KM114+200 - KM126+223 BAO GỒM TUYẾN NỐI NÚT GIAO IC12 VỚI QL1 (BAO GỒM KHẢO SÁT, THIẾT KẾ BVTC)
A4: CHỦ ĐẦU TƯ | M4: NHÀ THẦU
A5: BAN QUẢN LÝ DỰ ÁN MỸ THUẬN | M5: LIÊN DANH CC1 - HẢI ĐĂNG - VẠN CƯỜNG - 492 - BẮC TRUNG NAM
A7: BẢNG SỐ LIỆU QUAN TRẮC THIẾT BỊ ĐO LÚN MẶT
A8: I. SỐ ĐỌC BAN ĐẦU
A9: Vùng (Đường) | B9: Bàn quan trắc lún | D9: Ngày lắp đặt | F9: =+"Cao trình nghiệm thu [m] ("&TEXT(A21,"dd/mm/yy")&")" -> #REF! | L9: Tọa độ | P9: Mốc tọa độ tham chiếu
F10: Cao trình MĐTN | G10: Cao trình đắp | I10: Cao trình đỉnh ống | K10: Cao trình tấm đế | L10: X [m] | N10: Y [m] | S10: Chuẩn | T10: GĐ1
A11: VÙNG 2A (ĐƯỜNG N1) | B11: SSP2-4 | P11: CS3 | S11: 1 | T11: 1
B12: SSP2-5 | P12: Tọa độ [m]
B13: SSP2-6
A15: II. SỐ LIỆU QUAN TRẮC
A16: Ngày quan trắc | B16: ĐỘ LÚN TRÁI | G16: ĐỘ LÚN TIM | L16: ĐỘ LÚN PHẢI | Q16: Áp Đ.hồ Pvac | R16: Ghi chú
B17: Thời gian tích lũy | C17: Cao độ đắp | D17: Cao độ bàn đo lún | E17: Chiều cao đắp | F17: Độ lún | G17: Thời gian tích lũy | H17: Cao độ đắp | I17: Cao độ bàn đo lún | J17: Chiều cao đắp | K17: Độ lún | L17: Thời gian tích lũy | M17: Cao độ đắp | N17: Cao độ bàn đo lún | O17: Chiều cao đắp | P17: Độ lún
B19: [Ngày] | C19: [mm] | D19: [m.m] | E19: [mm] | F19: [m.m] | G19: [Ngày] | H19: [mm] | I19: [m.m] | J19: [mm] | K19: [m.m] | L19: [Ngày] | M19: [mm] | N19: [m.m] | O19: [mm] | P19: [m.m] | Q19: [kPa]
A20: 1 | B20: =+A20+1 -> 2 | C20: =+B20+1 -> 3 | D20: =+C20+1 -> 4 | E20: =+D20+1 -> 5 | F20: =+E20+1 -> 6 | G20: =+F20+1 -> 7 | H20: =+G20+1 -> 8 | I20: =+H20+1 -> 9 | ... T20: =+S20+1 -> 20
A21: =#REF! -> #REF! | B21: =+A21-$A$21 -> #REF! | C21: 1550 | D21: -1753 | E21: =C21-D21 -> 3303 | F21: 0 | G21: =B21 -> #REF! | H21: 1553 | I21: -956 | J21: =H21-I21 -> 2509 | K21: 0 | L21: =B21 -> #REF! | M21: 1529 | N21: -1107 | O21: 2636 | P21: 0 | Q21: =VLOOKUP(A21,#REF!,10,0) -> #REF! | S21: =+A21 -> #REF! | T21: =+(#REF!+2*J21+O21)/4 -> #REF!
A22: =#REF! -> #REF! | B22: =+A22-$A$21 -> #REF! | C22: =$C$21-F22 -> 1541 | D22: -1762 | E22: =C22-D22 -> 3303 | F22: =+$D$21-D22 -> 9 | G22: =B22 -> #REF! | H22: =$H$21-K22 -> 1523 | I22: -986 | J22: =H22-I22 -> 2509 | K22: =+$I$21-I22 -> 30 | L22: =B22 -> #REF! | M22: =$M$21-P22 -> 1523 | N22: -1113 | O22: 2636 | P22: =+$N$21-N22 -> 6 | Q22: =VLOOKUP(A22,#REF!,10,0) -> #REF! | S22: =+A22 -> #REF! | T22: =+(#REF!+2*J22+O22)/4 -> #REF!
A23: =#REF! -> #REF! | B23: =+A23-$A$21 -> #REF! | C23: =$C$21-F23 -> 1514 | D23: -1789 | E23: =C23-D23 -> 3303 | F23: =+$D$21-D23 -> 36 | G23: =B23 -> #REF! | H23: =$H$21-K23 -> 1498 | I23: -1011 | J23: =H23-I23 -> 2509 | K23: =+$I$21-I23 -> 55 | L23: =B23 -> #REF! | M23: =$M$21-P23 -> 1492 | N23: -1144 | O23: 2636 | P23: =+$N$21-N23 -> 37 | Q23: =VLOOKUP(A23,#REF!,10,0) -> #REF! | S23: =+A23 -> #REF! | T23: =+(E22+2*J23+O23)/4 -> 2739.25
A24: =#REF! -> #REF! | B24: =+A24-$A$21 -> #REF! | C24: =$C$21-F24 -> 1482 | D24: -1821 | E24: =C24-D24 -> 3303 | F24: =+$D$21-D24 -> 68 | G24: =B24 -> #REF! | H24: =$H$21-K24 -> 1457 | I24: -1052 | J24: =H24-I24 -> 2509 | K24: =+$I$21-I24 -> 96 | L24: =B24 -> #REF! | M24: =$M$21-P24 -> 1466 | N24: -1170 | O24: 2636 | P24: =+$N$21-N24 -> 63 | Q24: =VLOOKUP(A24,#REF!,10,0) -> #REF! | S24: =+A24 -> #REF! | T24: =+(E24+2*J24+O24)/4 -> 2739.25
A25: =#REF! -> #REF! | B25: =+A25-$A$21 -> #REF! | C25: =$C$21-F25 -> 1455 | D25: -1848 | E25: =C25-D25 -> 3303 | F25: =+$D$21-D25 -> 95 | G25: =B25 -> #REF! | H25: =$H$21-K25 -> 1422 | I25: -1087 | J25: =H25-I25 -> 2509 | K25: =+$I$21-I25 -> 131 | L25: =B25 -> #REF! | M25: =$M$21-P25 -> 1436 | N25: -1200 | O25: 2636 | P25: =+$N$21-N25 -> 93 | Q25: =VLOOKUP(A25,#REF!,10,0) -> #REF! | S25: =+A25 -> #REF! | T25: =+(E25+2*J25+O25)/4 -> 2739.25
A26: =#REF! -> #REF! | B26: =+A26-$A$21 -> #REF! | C26: =$C$21-F26 -> 1423 | D26: -1880 | E26: =C26-D26 -> 3303 | F26: =+$D$21-D26 -> 127 | G26: =B26 -> #REF! | H26: =$H$21-K26 -> 1383 | I26: -1126 | J26: =H26-I26 -> 2509 | K26: =+$I$21-I26 -> 170 | L26: =B26 -> #REF! | M26: =$M$21-P26 -> 1405 | N26: -1231 | O26: 2636 | P26: =+$N$21-N26 -> 124 | Q26: =VLOOKUP(A26,#REF!,10,0) -> #REF! | S26: =+A26 -> #REF! | T26: =+(E26+2*J26+O26)/4 -> 2739.25
A27: =#REF! -> #REF! | B27: =+A27-$A$21 -> #REF! | C27: =$C$21-F27 -> 1407 | D27: -1896 | E27: =C27-D27 -> 3303 | F27: =+$D$21-D27 -> 143 | G27: =B27 -> #REF! | H27: =$H$21-K27 -> 1361 | I27: -1148 | J27: =H27-I27 -> 2509 | K27: =+$I$21-I27 -> 192 | L27: =B27 -> #REF! | M27: =$M$21-P27 -> 1390 | N27: -1246 | O27: 2636 | P27: =+$N$21-N27 -> 139 | Q27: =VLOOKUP(A27,#REF!,10,0) -> #REF! | S27: =+A27 -> #REF! | T27: =+(#REF!+2*J27+O27)/4 -> #REF!
A28: =#REF! -> #REF! | B28: =+A28-$A$21 -> #REF! | C28: =$C$21-F28 -> 1379 | D28: -1924 | E28: =C28-D28 -> 3303 | F28: =+$D$21-D28 -> 171 | G28: =B28 -> #REF! | H28: =$H$21-K28 -> 1325 | I28: -1184 | J28: =H28-I28 -> 2509 | K28: =+$I$21-I28 -> 228 | L28: =B28 -> #REF! | M28: =$M$21-P28 -> 1387 | N28: -1249 | O28: 2636 | P28: =+$N$21-N28 -> 142 | Q28: =VLOOKUP(A28,#REF!,10,0) -> #REF! | S28: =+A28 -> #REF! | T28: =+(E28+2*J28+O28)/4 -> 2739.25
A29: =#REF! -> #REF! | B29: =+A29-$A$21 -> #REF! | C29: =$C$21-F29 -> 1372 | D29: -1931 | E29: =C29-D29 -> 3303 | F29: =+$D$21-D29 -> 178 | G29: =B29 -> #REF! | H29: =$H$21-K29 -> 1312 | I29: -1197 | J29: =H29-I29 -> 2509 | K29: =+$I$21-I29 -> 241 | L29: =B29 -> #REF! | M29: =$M$21-P29 -> 1378 | N29: -1258 | O29: 2636 | P29: =+$N$21-N29 -> 151 | Q29: =VLOOKUP(A29,#REF!,10,0) -> #REF! | S29: =+A29 -> #REF! | T29: =+(E29+2*J29+O29)/4 -> 2739.25
A30: =#REF! -> #REF! | B30: =+A30-$A$21 -> #REF! | C30: =$C$21-F30 -> 1353 | D30: -1950 | E30: =C30-D30 -> 3303 | F30: =+$D$21-D30 -> 197 | G30: =B30 -> #REF! | H30: =$H$21-K30 -> 1290 | I30: -1219 | J30: =H30-I30 -> 2509 | K30: =+$I$21-I30 -> 263 | L30: =B30 -> #REF! | M30: =$M$21-P30 -> 1357 | N30: -1279 | O30: 2636 | P30: =+$N$21-N30 -> 172 | Q30: =VLOOKUP(A30,#REF!,10,0) -> #REF! | S30: =+A30 -> #REF! | T30: =+(E30+2*J30+O30)/4 -> 2739.25
A31: =#REF! -> #REF! | B31: =+A31-$A$21 -> #REF! | C31: =$C$21-F31 -> 1329 | D31: -1974 | E31: =C31-D31 -> 3303 | F31: =+$D$21-D31 -> 221 | G31: =B31 -> #REF! | H31: =$H$21-K31 -> 1263 | I31: -1246 | J31: =H31-I31 -> 2509 | K31: =+$I$21-I31 -> 290 | L31: =B31 -> #REF! | M31: =$M$21-P31 -> 1317 | N31: -1319 | O31: 2636 | P31: =+$N$21-N31 -> 212 | S31: =+A31 -> #REF! | T31: =+(E31+2*J31+O31)/4 -> 2739.25
A32: =#REF! -> #REF! | B32: =+A32-$A$21 -> #REF! | C32: =$C$21-F32 -> 1307 | D32: -1996 | E32: =C32-D32 -> 3303 | F32: =+$D$21-D32 -> 243 | G32: =B32 -> #REF! | H32: =$H$21-K32 -> 1237 | I32: -1272 | J32: =H32-I32 -> 2509 | K32: =+$I$21-I32 -> 316 | L32: =B32 -> #REF! | M32: =$M$21-P32 -> 1306 | N32: -1330 | O32: 2636 | P32: =+$N$21-N32 -> 223 | S32: =+A32 -> #REF! | T32: =+(E32+2*J32+O32)/4 -> 2739.25
A33: =#REF! -> #REF! | B33: =+A33-$A$21 -> #REF! | C33: =$C$21-F33 -> 1292 | D33: -2011 | E33: =C33-D33 -> 3303 | F33: =+$D$21-D33 -> 258 | G33: =B33 -> #REF! | H33: =$H$21-K33 -> 1218 | I33: -1291 | J33: =H33-I33 -> 2509 | K33: =+$I$21-I33 -> 335 | L33: =B33 -> #REF! | M33: =$M$21-P33 -> 1288 | N33: -1348 | O33: 2636 | P33: =+$N$21-N33 -> 241 | S33: =+A33 -> #REF! | T33: =+(E33+2*J33+O33)/4 -> 2739.25
A34: =#REF! -> #REF! | B34: =+A34-$A$21 -> #REF! | C34: =$C$21-F34 -> 1280 | D34: -2023 | E34: =C34-D34 -> 3303 | F34: =+$D$21-D34 -> 270 | G34: =B34 -> #REF! | H34: =$H$21-K34 -> 1195 | I34: -1314 | J34: =H34-I34 -> 2509 | K34: =+$I$21-I34 -> 358 | L34: =B34 -> #REF! | M34: =$M$21-P34 -> 1267 | N34: -1369 | O34: 2636 | P34: =+$N$21-N34 -> 262 | S34: =+A34 -> #REF! | T34: =+(E34+2*J34+O34)/4 -> 2739.25
A35: =#REF! -> #REF! | B35: =+A35-$A$21 -> #REF! | C35: =$C$21-F35 -> 1271 | D35: -2032 | E35: =C35-D35 -> 3303 | F35: =+$D$21-D35 -> 279 | G35: =B35 -> #REF! | H35: =$H$21-K35 -> 1187 | I35: -1322 | J35: =H35-I35 -> 2509 | K35: =+$I$21-I35 -> 366 | L35: =B35 -> #REF! | M35: =$M$21-P35 -> 1258 | N35: -1378 | O35: 2636 | P35: =+$N$21-N35 -> 271 | S35: =+A35 -> #REF! | T35: =+(E35+2*J35+O35)/4 -> 2739.25
A36: =#REF! -> #REF! | B36: =+A36-$A$21 -> #REF! | C36: =$C$21-F36 -> 1263 | D36: -2040 | E36: =C36-D36 -> 3303 | F36: =+$D$21-D36 -> 287 | G36: =B36 -> #REF! | H36: =$H$21-K36 -> 1178 | I36: -1331 | J36: =H36-I36 -> 2509 | K36: =+$I$21-I36 -> 375 | L36: =B36 -> #REF! | M36: =$M$21-P36 -> 1250 | N36: -1386 | O36: 2636 | P36: =+$N$21-N36 -> 279 | S36: =+A36 -> #REF! | T36: =+(E36+2*J36+O36)/4 -> 2739.25
A37: =#REF! -> #REF! | B37: =+A37-$A$21 -> #REF! | C37: =$C$21-F37 -> 1246 | D37: -2057 | E37: =C37-D37 -> 3303 | F37: =+$D$21-D37 -> 304 | G37: =B37 -> #REF! | H37: =$H$21-K37 -> 1157 | I37: -1352 | J37: =H37-I37 -> 2509 | K37: =+$I$21-I37 -> 396 | L37: =B37 -> #REF! | M37: =$M$21-P37 -> 1235 | N37: -1401 | O37: 2636 | P37: =+$N$21-N37 -> 294 | S37: =+A37 -> #REF! | T37: =+(E37+2*J37+O37)/4 -> 2739.25
A38: =#REF! -> #REF! | B38: =+A38-$A$21 -> #REF! | C38: =$C$21-F38 -> 1225 | D38: -2078 | E38: =C38-D38 -> 3303 | F38: =+$D$21-D38 -> 325 | G38: =B38 -> #REF! | H38: =$H$21-K38 -> 1130 | I38: -1379 | J38: =H38-I38 -> 2509 | K38: =+$I$21-I38 -> 423 | L38: =B38 -> #REF! | M38: =$M$21-P38 -> 1216 | N38: -1420 | O38: 2636 | P38: =+$N$21-N38 -> 313 | S38: =+A38 -> #REF! | T38: =+(E38+2*J38+O38)/4 -> 2739.25
A39: =#REF! -> #REF! | B39: =+A39-$A$21 -> #REF! | C39: =$C$21-F39 -> 1204 | D39: -2099 | E39: =C39-D39 -> 3303 | F39: =+$D$21-D39 -> 346 | G39: =B39 -> #REF! | H39: =$H$21-K39 -> 1114 | I39: -1395 | J39: =H39-I39 -> 2509 | K39: =+$I$21-I39 -> 439 | L39: =B39 -> #REF! | M39: =$M$21-P39 -> 1201 | N39: -1435 | O39: 2636 | P39: =+$N$21-N39 -> 328 | S39: =+A39 -> #REF! | T39: =+(E39+2*J39+O39)/4 -> 2739.25
A40: =#REF! -> #REF! | B40: =+A40-$A$21 -> #REF! | C40: =$C$21-F40 -> 1194 | D40: -2109 | E40: =C40-D40 -> 3303 | F40: =+$D$21-D40 -> 356 | G40: =B40 -> #REF! | H40: =$H$21-K40 -> 1097 | I40: -1412 | J40: =H40-I40 -> 2509 | K40: =+$I$21-I40 -> 456 | L40: =B40 -> #REF! | M40: =$M$21-P40 -> 1189 | N40: -1447 | O40: 2636 | P40: =+$N$21-N40 -> 340 | S40: =+A40 -> #REF! | T40: =+(E40+2*J40+O40)/4 -> 2739.25
A41: =#REF! -> #REF! | B41: =+A41-$A$21 -> #REF! | C41: =$C$21-F41 -> 1181 | D41: -2122 | E41: =C41-D41 -> 3303 | F41: =+$D$21-D41 -> 369 | G41: =B41 -> #REF! | H41: =$H$21-K41 -> 1079 | I41: -1430 | J41: =H41-I41 -> 2509 | K41: =+$I$21-I41 -> 474 | L41: =B41 -> #REF! | M41: =$M$21-P41 -> 1178 | N41: -1458 | O41: 2636 | P41: =+$N$21-N41 -> 351 | S41: =+A41 -> #REF! | T41: =+(E41+2*J41+O41)/4 -> 2739.25
A42: =#REF! -> #REF! | B42: =+A42-$A$21 -> #REF! | C42: =$C$21-F42 -> 1168 | D42: -2135 | E42: =C42-D42 -> 3303 | F42: =+$D$21-D42 -> 382 | G42: =B42 -> #REF! | H42: =$H$21-K42 -> 1063 | I42: -1446 | J42: =H42-I42 -> 2509 | K42: =+$I$21-I42 -> 490 | L42: =B42 -> #REF! | M42: =$M$21-P42 -> 1164 | N42: -1472 | O42: 2636 | P42: =+$N$21-N42 -> 365
A43: =#REF! -> #REF! | B43: =+A43-$A$21 -> #REF! | C43: =$C$21-F43 -> 1147 | D43: -2156 | E43: =C43-D43 -> 3303 | F43: =+$D$21-D43 -> 403 | G43: =B43 -> #REF! | H43: =$H$21-K43 -> 1049 | I43: -1460 | J43: =H43-I43 -> 2509 | K43: =+$I$21-I43 -> 504 | L43: =B43 -> #REF! | M43: =$M$21-P43 -> 1146 | N43: -1490 | O43: 2636 | P43: =+$N$21-N43 -> 383 | S43: =+A43 -> #REF! | T43: =+(E43+2*J43+O43)/4 -> 2739.25
A44: =#REF! -> #REF! | B44: =+A44-$A$21 -> #REF! | C44: =$C$21-F44 -> 1143 | D44: -2160 | E44: =C44-D44 -> 3303 | F44: =+$D$21-D44 -> 407 | G44: =B44 -> #REF! | H44: =$H$21-K44 -> 1030 | I44: -1479 | J44: =H44-I44 -> 2509 | K44: =+$I$21-I44 -> 523 | L44: =B44 -> #REF! | M44: =$M$21-P44 -> 1132 | N44: -1504 | O44: 2636 | P44: =+$N$21-N44 -> 397 | S44: =+A44 -> #REF! | T44: =+(E44+2*J44+O44)/4 -> 2739.25
A45: =#REF! -> #REF! | B45: =+A45-$A$21 -> #REF! | C45: =$C$21-F45 -> 1140 | D45: -2163 | E45: =C45-D45 -> 3303 | F45: =+$D$21-D45 -> 410 | G45: =B45 -> #REF! | H45: =$H$21-K45 -> 1027 | I45: -1482 | J45: =H45-I45 -> 2509 | K45: =+$I$21-I45 -> 526 | L45: =B45 -> #REF! | M45: =$M$21-P45 -> 1130 | N45: -1506 | O45: 2636 | P45: =+$N$21-N45 -> 399 | S45: =+A45 -> #REF! | T45: =+(E45+2*J45+O45)/4 -> 2739.25
A46: =#REF! -> #REF! | B46: =+A46-$A$21 -> #REF! | C46: =$C$21-F46 -> 1138 | D46: -2165 | E46: =C46-D46 -> 3303 | F46: =+$D$21-D46 -> 412 | G46: =B46 -> #REF! | H46: =$H$21-K46 -> 1024 | I46: -1485 | J46: =H46-I46 -> 2509 | K46: =+$I$21-I46 -> 529 | L46: =B46 -> #REF! | M46: =$M$21-P46 -> 1128 | N46: -1508 | O46: 2636 | P46: =+$N$21-N46 -> 401 | S46: =+A46 -> #REF! | T46: =+(E46+2*J46+O46)/4 -> 2739.25
A47: =#REF! -> #REF! | B47: =+A47-$A$21 -> #REF! | C47: =$C$21-F47 -> 1135 | D47: -2168 | E47: =C47-D47 -> 3303 | F47: =+$D$21-D47 -> 415 | G47: =B47 -> #REF! | H47: =$H$21-K47 -> 1020 | I47: -1489 | J47: =H47-I47 -> 2509 | K47: =+$I$21-I47 -> 533 | L47: =B47 -> #REF! | M47: =$M$21-P47 -> 1127 | N47: -1509 | O47: 2636 | P47: =+$N$21-N47 -> 402 | S47: =+A47 -> #REF! | T47: =+(E47+2*J47+O47)/4 -> 2739.25
A48: =#REF! -> #REF! | B48: =+A48-$A$21 -> #REF! | C48: =$C$21-F48 -> 1130 | D48: -2173 | E48: =C48-D48 -> 3303 | F48: =+$D$21-D48 -> 420 | G48: =B48 -> #REF! | H48: =$H$21-K48 -> 1014 | I48: -1495 | J48: =H48-I48 -> 2509 | K48: =+$I$21-I48 -> 539 | L48: =B48 -> #REF! | M48: =$M$21-P48 -> 1121 | N48: -1515 | O48: 2636 | P48: =+$N$21-N48 -> 408 | S48: =+A48 -> #REF! | T48: =+(E48+2*J48+O48)/4 -> 2739.25
A49: =#REF! -> #REF! | B49: =+A49-$A$21 -> #REF! | C49: =$C$21-F49 -> 1125 | D49: -2178 | E49: =C49-D49 -> 3303 | F49: =+$D$21-D49 -> 425 | G49: =B49 -> #REF! | H49: =$H$21-K49 -> 1009 | I49: -1500 | J49: =H49-I49 -> 2509 | K49: =+$I$21-I49 -> 544 | L49: =B49 -> #REF! | M49: =$M$21-P49 -> 1114 | N49: -1522 | O49: 2636 | P49: =+$N$21-N49 -> 415 | S49: =+A49 -> #REF! | T49: =+(E49+2*J49+O49)/4 -> 2739.25
A50: =#REF! -> #REF! | B50: =+A50-$A$21 -> #REF! | C50: =$C$21-F50 -> 1118 | D50: -2185 | E50: =C50-D50 -> 3303 | F50: =+$D$21-D50 -> 432 | G50: =B50 -> #REF! | H50: =$H$21-K50 -> 999 | I50: -1510 | J50: =H50-I50 -> 2509 | K50: =+$I$21-I50 -> 554 | L50: =B50 -> #REF! | M50: =$M$21-P50 -> 1109 | N50: -1527 | O50: 2636 | P50: =+$N$21-N50 -> 420 | S50: =+A50 -> #REF! | T50: =+(E50+2*J50+O50)/4 -> 2739.25
A51: =#REF! -> #REF! | B51: =+A51-$A$21 -> #REF! | C51: =$C$21-F51 -> 1113 | D51: -2190 | E51: =C51-D51 -> 3303 | F51: =+$D$21-D51 -> 437 | G51: =B51 -> #REF! | H51: =$H$21-K51 -> 989 | I51: -1520 | J51: =H51-I51 -> 2509 | K51: =+$I$21-I51 -> 564 | L51: =B51 -> #REF! | M51: =$M$21-P51 -> 1102 | N51: -1534 | O51: 2636 | P51: =+$N$21-N51 -> 427 | S51: =+A51 -> #REF! | T51: =+(E51+2*J51+O51)/4 -> 2739.25
A52: =#REF! -> #REF! | B52: =+A52-$A$21 -> #REF! | C52: =$C$21-F52 -> 1105 | D52: -2198 | E52: =C52-D52 -> 3303 | F52: =+$D$21-D52 -> 445 | G52: =B52 -> #REF! | H52: =$H$21-K52 -> 983 | I52: -1526 | J52: =H52-I52 -> 2509 | K52: =+$I$21-I52 -> 570 | L52: =B52 -> #REF! | M52: =$M$21-P52 -> 1098 | N52: -1538 | O52: 2636 | P52: =+$N$21-N52 -> 431 | S52: =+A52 -> #REF! | T52: =+(E52+2*J52+O52)/4 -> 2739.25
A53: =#REF! -> #REF! | B53: =+A53-$A$21 -> #REF! | C53: =$C$21-F53 -> 1103 | D53: -2200 | E53: =C53-D53 -> 3303 | F53: =+$D$21-D53 -> 447 | G53: =B53 -> #REF! | H53: =$H$21-K53 -> 974 | I53: -1535 | J53: =H53-I53 -> 2509 | K53: =+$I$21-I53 -> 579 | L53: =B53 -> #REF! | M53: =$M$21-P53 -> 1090 | N53: -1546 | O53: 2636 | P53: =+$N$21-N53 -> 439 | S53: =+A53 -> #REF! | T53: =+(E53+2*J53+O53)/4 -> 2739.25
A54: =#REF! -> #REF! | B54: =+A54-$A$21 -> #REF! | C54: =$C$21-F54 -> 1100 | D54: -2203 | E54: =C54-D54 -> 3303 | F54: =+$D$21-D54 -> 450 | G54: =B54 -> #REF! | H54: =$H$21-K54 -> 965 | I54: -1544 | J54: =H54-I54 -> 2509 | K54: =+$I$21-I54 -> 588 | L54: =B54 -> #REF! | M54: =$M$21-P54 -> 1082 | N54: -1554 | O54: 2636 | P54: =+$N$21-N54 -> 447 | S54: =+A54 -> #REF! | T54: =+(E54+2*J54+O54)/4 -> 2739.25
... A66: =#REF! -> #REF! | B66: =+A66-$A$21 -> #REF! | C66: =$C$21-F66 -> 1027 | D66: -2276 | E66: =C66-D66 -> 3303 | F66: =+$D$21-D66 -> 523 | G66: =B66 -> #REF! | H66: =$H$21-K66 -> 868 | I66: -1641 | J66: =H66-I66 -> 2509 | K66: =+$I$21-I66 -> 685 | L66: =B66 -> #REF! | M66: =$M$21-P66 -> 997 | N66: -1639 | O66: 2636 | P66: =+$N$21-N66 -> 532 | S66: =+A66 -> #REF! | T66: =+(E66+2*J66+O66)/4 -> 2739.25
A67: =#REF! -> #REF! | B67: =+A67-$A$21 -> #REF! | C67: =$C$21-F67 -> 1013 | D67: -2290 | E67: =C67-D67 -> 3303 | F67: =+$D$21-D67 -> 537 | G67: =B67 -> #REF! | H67: =$H$21-K67 -> 861 | I67: -1648 | J67: =H67-I67 -> 2509 | K67: =+$I$21-I67 -> 692 | L67: =B67 -> #REF! | M67: =$M$21-P67 -> 994 | N67: -1642 | O67: 2636 | P67: =+$N$21-N67 -> 535
A68: =#REF! -> #REF! | B68: =+A68-$A$21 -> #REF! | C68: =$C$21-F68 -> 1000 | D68: -2303 | E68: =C68-D68 -> 3303 | F68: =+$D$21-D68 -> 550 | G68: =B68 -> #REF! | H68: =$H$21-K68 -> 855 | I68: -1654 | J68: =H68-I68 -> 2509 | K68: =+$I$21-I68 -> 698 | L68: =B68 -> #REF! | M68: =$M$21-P68 -> 991 | N68: -1645 | O68: 2636 | P68: =+$N$21-N68 -> 538 | S68: =+A68 -> #REF! | T68: =+(E68+2*J68+O68)/4 -> 2739.25
A69: =#REF! -> #REF! | B69: =+A69-$A$21 -> #REF! | C69: =$C$21-F69 -> 990 | D69: -2313 | E69: =C69-D69 -> 3303 | F69: =+$D$21-D69 -> 560 | G69: =B69 -> #REF! | H69: =$H$21-K69 -> 851 | I69: -1658 | J69: =H69-I69 -> 2509 | K69: =+$I$21-I69 -> 702 | L69: =B69 -> #REF! | M69: =$M$21-P69 -> 988 | N69: -1648 | O69: 2636 | P69: =+$N$21-N69 -> 541 | S69: =+A69 -> #REF! | T69: =+(E72+2*J69+O69)/4 -> 2739.25
A70: =#REF! -> #REF! | B70: =+A70-$A$21 -> #REF! | C70: =$C$21-F70 -> 980 | D70: -2323 | E70: =C70-D70 -> 3303 | F70: =+$D$21-D70 -> 570 | G70: =B70 -> #REF! | H70: =$H$21-K70 -> 840 | I70: -1669 | J70: =H70-I70 -> 2509 | K70: =+$I$21-I70 -> 713 | L70: =B70 -> #REF! | M70: =$M$21-P70 -> 979 | N70: -1657 | O70: 2636 | P70: =+$N$21-N70 -> 550 | S70: =+A70 -> #REF! | T70: =+(E70+2*J70+O70)/4 -> 2739.25
A71: =#REF! -> #REF! | B71: =+A71-$A$21 -> #REF! | C71: =$C$21-F71 -> 970 | D71: -2333 | E71: =C71-D71 -> 3303 | F71: =+$D$21-D71 -> 580 | G71: =B71 -> #REF! | H71: =$H$21-K71 -> 830 | I71: -1679 | J71: =H71-I71 -> 2509 | K71: =+$I$21-I71 -> 723 | L71: =B71 -> #REF! | M71: =$M$21-P71 -> 969 | N71: -1667 | O71: 2636 | P71: =+$N$21-N71 -> 560 | S71: =+A71 -> #REF! | T71: =+(E71+2*J71+O71)/4 -> 2739.25
A72: =#REF! -> #REF! | B72: =+A72-$A$21 -> #REF! | C72: =$C$21-F72 -> 960 | D72: -2343 | E72: =C72-D72 -> 3303 | F72: =+$D$21-D72 -> 590 | G72: =B72 -> #REF! | H72: =$H$21-K72 -> 820 | I72: -1689 | J72: =H72-I72 -> 2509 | K72: =+$I$21-I72 -> 733 | L72: =B72 -> #REF! | M72: =$M$21-P72 -> 958 | N72: -1678 | O72: 2636 | P72: =+$N$21-N72 -> 571 | S72: =+A72 -> #REF! | T72: =+(#REF!+2*J72+O72)/4 -> #REF!
A73: =#REF! -> #REF! | B73: =+A73-$A$21 -> #REF! | C73: =$C$21-F73 -> 956 | D73: -2347 | E73: =C73-D73 -> 3303 | F73: =+$D$21-D73 -> 594 | G73: =B73 -> #REF! | H73: =$H$21-K73 -> 815 | I73: -1694 | J73: =H73-I73 -> 2509 | K73: =+$I$21-I73 -> 738 | L73: =B73 -> #REF! | M73: =$M$21-P73 -> 952 | N73: -1684 | O73: 2636 | P73: =+$N$21-N73 -> 577 | S73: =+A73 -> #REF! | T73: =+(E73+2*J73+O73)/4 -> 2739.25
A74: =#REF! -> #REF! | B74: =+A74-$A$21 -> #REF! | C74: =$C$21-F74 -> 953 | D74: -2350 | E74: =C74-D74 -> 3303 | F74: =+$D$21-D74 -> 597 | G74: =B74 -> #REF! | H74: =$H$21-K74 -> 810 | I74: -1699 | J74: =H74-I74 -> 2509 | K74: =+$I$21-I74 -> 743 | L74: =B74 -> #REF! | M74: =$M$21-P74 -> 947 | N74: -1689 | O74: 2636 | P74: =+$N$21-N74 -> 582 | S74: =+A74 -> #REF! | T74: =+(E74+2*J74+O74)/4 -> 2739.25
A75: =#REF! -> #REF! | B75: =+A75-$A$21 -> #REF! | C75: =$C$21-F75 -> 950 | D75: -2353 | E75: =C75-D75 -> 3303 | F75: =+$D$21-D75 -> 600 | G75: =B75 -> #REF! | H75: =$H$21-K75 -> 805 | I75: -1704 | J75: =H75-I75 -> 2509 | K75: =+$I$21-I75 -> 748 | L75: =B75 -> #REF! | M75: =$M$21-P75 -> 942 | N75: -1694 | O75: 2636 | P75: =+$N$21-N75 -> 587 | S75: =+A75 -> #REF! | T75: =+(E75+2*J75+O75)/4 -> 2739.25
A76: =#REF! -> #REF! | B76: =+A76-$A$21 -> #REF! | C76: =$C$21-F76 -> 946 | D76: -2357 | E76: =C76-D76 -> 3303 | F76: =+$D$21-D76 -> 604 | G76: =B76 -> #REF! | H76: =$H$21-K76 -> 803 | I76: -1706 | J76: =H76-I76 -> 2509 | K76: =+$I$21-I76 -> 750 | L76: =B76 -> #REF! | M76: =$M$21-P76 -> 940 | N76: -1696 | O76: 2636 | P76: =+$N$21-N76 -> 589 | S76: =+A76 -> #REF! | T76: =+(E76+2*J76+O76)/4 -> 2739.25
A77: =#REF! -> #REF! | B77: =+A77-$A$21 -> #REF! | C77: =$C$21-F77 -> 943 | D77: -2360 | E77: =C77-D77 -> 3303 | F77: =+$D$21-D77 -> 607 | G77: =B77 -> #REF! | H77: =$H$21-K77 -> 801 | I77: -1708 | J77: =H77-I77 -> 2509 | K77: =+$I$21-I77 -> 752 | L77: =B77 -> #REF! | M77: =$M$21-P77 -> 938 | N77: -1698 | O77: 2636 | P77: =+$N$21-N77 -> 591 | S77: =+A77 -> #REF! | T77: =+(E77+2*J77+O77)/4 -> 2739.25
A78: =#REF! -> #REF! | B78: =+A78-$A$21 -> #REF! | C78: =$C$21-F78 -> 940 | D78: -2363 | E78: =C78-D78 -> 3303 | F78: =+$D$21-D78 -> 610 | G78: =B78 -> #REF! | H78: =$H$21-K78 -> 800 | I78: -1709 | J78: =H78-I78 -> 2509 | K78: =+$I$21-I78 -> 753 | L78: =B78 -> #REF! | M78: =$M$21-P78 -> 937 | N78: -1699 | O78: 2636 | P78: =+$N$21-N78 -> 592 | S78: =+A78 -> #REF! | T78: =+(E78+2*J78+O78)/4 -> 2739.25
A79: 45709 | B79: =+A79-$A$21 -> #REF! | C79: =$C$21-F79 -> 937 | D79: -2366 | E79: =C79-D79 -> 3303 | F79: =+$D$21-D79 -> 613 | G79: =B79 -> #REF! | H79: =$H$21-K79 -> 799 | I79: -1710 | J79: =H79-I79 -> 2509 | K79: =+$I$21-I79 -> 754 | L79: =B79 -> #REF! | M79: =$M$21-P79 -> 935 | N79: -1701 | O79: 2636 | P79: =+$N$21-N79 -> 594 | S79: =+A79 -> 45709 | T79: =+(E79+2*J79+O79)/4 -> 2739.25
A80: 45710 | B80: =+A80-$A$21 -> #REF! | C80: =$C$21-F80 -> 934 | D80: -2369 | E80: =C80-D80 -> 3303 | F80: =+$D$21-D80 -> 616 | G80: =B80 -> #REF! | H80: =$H$21-K80 -> 798 | I80: -1711 | J80: =H80-I80 -> 2509 | K80: =+$I$21-I80 -> 755 | L80: =B80 -> #REF! | M80: =$M$21-P80 -> 933 | N80: -1703 | O80: 2636 | P80: =+$N$21-N80 -> 596 | S80: =+A80 -> 45710 | T80: =+(E80+2*J80+O80)/4 -> 2739.25
A81: 45711 | B81: =+A81-$A$21 -> #REF! | C81: =$C$21-F81 -> 928 | D81: -2375 | E81: =C81-D81 -> 3303 | F81: =+$D$21-D81 -> 622 | G81: =B81 -> #REF! | H81: =$H$21-K81 -> 787 | I81: -1722 | J81: =H81-I81 -> 2509 | K81: =+$I$21-I81 -> 766 | L81: =B81 -> #REF! | M81: =$M$21-P81 -> 929 | N81: -1707 | O81: 2636 | P81: =+$N$21-N81 -> 600 | S81: =+A81 -> 45711 | T81: =+(E81+2*J81+O81)/4 -> 2739.25
A82: 45712 | B82: =+A82-$A$21 -> #REF! | C82: =$C$21-F82 -> 923 | D82: -2380 | E82: =C82-D82 -> 3303 | F82: =+$D$21-D82 -> 627 | G82: =B82 -> #REF! | H82: =$H$21-K82 -> 776 | I82: -1733 | J82: =H82-I82 -> 2509 | K82: =+$I$21-I82 -> 777 | L82: =B82 -> #REF! | M82: =$M$21-P82 -> 922 | N82: -1714 | O82: 2636 | P82: =+$N$21-N82 -> 607 | S82: =+A82 -> 45712 | T82: =+(E82+2*J82+O82)/4 -> 2739.25
A83: 45713 | B83: =+A83-$A$21 -> #REF! | C83: =$C$21-F83 -> 910 | D83: -2393 | E83: =C83-D83 -> 3303 | F83: =+$D$21-D83 -> 640 | G83: =B83 -> #REF! | H83: =$H$21-K83 -> 765 | I83: -1744 | J83: =H83-I83 -> 2509 | K83: =+$I$21-I83 -> 788 | L83: =B83 -> #REF! | M83: =$M$21-P83 -> 913 | N83: -1723 | O83: 2636 | P83: =+$N$21-N83 -> 616 | S83: =+A83 -> 45713 | T83: =+(E83+2*J83+O83)/4 -> 2739.25
A84: 45714 | B84: =+A84-$A$21 -> #REF! | C84: =$C$21-F84 -> 903 | D84: -2400 | E84: =C84-D84 -> 3303 | F84: =+$D$21-D84 -> 647 | G84: =B84 -> #REF! | H84: =$H$21-K84 -> 756 | I84: -1753 | J84: =H84-I84 -> 2509 | K84: =+$I$21-I84 -> 797 | L84: =B84 -> #REF! | M84: =$M$21-P84 -> 905 | N84: -1731 | O84: 2636 | P84: =+$N$21-N84 -> 624 | S84: =+A84 -> 45714 | T84: =+(E84+2*J84+O84)/4 -> 2739.25
A85: 45715 | B85: =+A85-$A$21 -> #REF! | C85: =$C$21-F85 -> 897 | D85: -2406 | E85: =C85-D85 -> 3303 | F85: =+$D$21-D85 -> 653 | G85: =B85 -> #REF! | H85: =$H$21-K85 -> 747 | I85: -1762 | J85: =H85-I85 -> 2509 | K85: =+$I$21-I85 -> 806 | L85: =B85 -> #REF! | M85: =$M$21-P85 -> 897 | N85: -1739 | O85: 2636 | P85: =+$N$21-N85 -> 632 | S85: =+A85 -> 45715 | T85: =+(E85+2*J85+O85)/4 -> 2739.25
A86: 45716 | B86: =+A86-$A$21 -> #REF! | C86: =$C$21-F86 -> 891 | D86: -2412 | E86: =C86-D86 -> 3303 | F86: =+$D$21-D86 -> 659 | G86: =B86 -> #REF! | H86: =$H$21-K86 -> 741 | I86: -1768 | J86: =H86-I86 -> 2509 | K86: =+$I$21-I86 -> 812 | L86: =B86 -> #REF! | M86: =$M$21-P86 -> 891 | N86: -1745 | O86: 2636 | P86: =+$N$21-N86 -> 638 | S86: =+A86 -> 45716 | T86: =+(E86+2*J86+O86)/4 -> 2739.25
A87: 45717 | B87: =+A87-$A$21 -> #REF! | C87: =$C$21-F87 -> 885 | D87: -2418 | E87: =C87-D87 -> 3303 | F87: =+$D$21-D87 -> 665 | G87: =B87 -> #REF! | H87: =$H$21-K87 -> 735 | I87: -1774 | J87: =H87-I87 -> 2509 | K87: =+$I$21-I87 -> 818 | L87: =B87 -> #REF! | M87: =$M$21-P87 -> 887 | N87: -1749 | O87: 2636 | P87: =+$N$21-N87 -> 642 | S87: =+A87 -> 45717 | T87: =+(E87+2*J87+O87)/4 -> 2739.25
A88: 45718 | B88: =+A88-$A$21 -> #REF! | C88: =$C$21-F88 -> 879 | D88: -2424 | E88: =C88-D88 -> 3303 | F88: =+$D$21-D88 -> 671 | G88: =B88 -> #REF! | H88: =$H$21-K88 -> 721 | I88: -1788 | J88: =H88-I88 -> 2509 | K88: =+$I$21-I88 -> 832 | L88: =B88 -> #REF! | M88: =$M$21-P88 -> 877 | N88: -1759 | O88: 2636 | P88: =+$N$21-N88 -> 652 | S88: =+A88 -> 45718 | T88: =+(E88+2*J88+O88)/4 -> 2739.25
A89: 45719 | B89: =+A89-$A$21 -> #REF! | C89: =$C$21-F89 -> 873 | D89: -2430 | E89: =C89-D89 -> 3303 | F89: =+$D$21-D89 -> 677 | G89: =B89 -> #REF! | H89: =$H$21-K89 -> 716 | I89: -1793 | J89: =H89-I89 -> 2509 | K89: =+$I$21-I89 -> 837 | L89: =B89 -> #REF! | M89: =$M$21-P89 -> 874 | N89: -1762 | O89: 2636 | P89: =+$N$21-N89 -> 655 | S89: =+A89 -> 45719 | T89: =+(E89+2*J89+O89)/4 -> 2739.25
A90: 45720 | B90: =+A90-$A$21 -> #REF! | C90: =$C$21-F90 -> 870 | D90: -2433 | E90: =C90-D90 -> 3303 | F90: =+$D$21-D90 -> 680 | G90: =B90 -> #REF! | H90: =$H$21-K90 -> 714 | I90: -1795 | J90: =H90-I90 -> 2509 | K90: =+$I$21-I90 -> 839 | L90: =B90 -> #REF! | M90: =$M$21-P90 -> 870 | N90: -1766 | O90: 2636 | P90: =+$N$21-N90 -> 659 | S90: =+A90 -> 45720 | T90: =+(E90+2*J90+O90)/4 -> 2739.25
... A100: 45730 | B100: =+A100-$A$21 -> #REF! | C100: =$C$21-F100 -> 810 | D100: -2493 | E100: =C100-D100 -> 3303 | F100: =+$D$21-D100 -> 740 | G100: =B100 -> #REF! | H100: =$H$21-K100 -> 645 | I100: -1864 | J100: =H100-I100 -> 2509 | K100: =+$I$21-I100 -> 908 | L100: =B100 -> #REF! | M100: =$M$21-P100 -> 805 | N100: -1831 | O100: 2636 | P100: =+$N$21-N100 -> 724 | S100: =+A100 -> 45730 | T100: =+(E100+2*J100+O100)/4 -> 2739.25
A101: 45731 | B101: =+A101-$A$21 -> #REF! | C101: =$C$21-F101 -> 803 | D101: -2500 | E101: =C101-D101 -> 3303 | F101: =+$D$21-D101 -> 747 | G101: =B101 -> #REF! | H101: =$H$21-K101 -> 643 | I101: -1866 | J101: =H101-I101 -> 2509 | K101: =+$I$21-I101 -> 910 | L101: =B101 -> #REF! | M101: =$M$21-P101 -> 800 | N101: -1836 | O101: 2636 | P101: =+$N$21-N101 -> 729
A102: 45732 | B102: =+A102-$A$21 -> #REF! | C102: =$C$21-F102 -> 799 | D102: -2504 | E102: =C102-D102 -> 3303 | F102: =+$D$21-D102 -> 751 | G102: =B102 -> #REF! | H102: =$H$21-K102 -> 635 | I102: -1874 | J102: =H102-I102 -> 2509 | K102: =+$I$21-I102 -> 918 | L102: =B102 -> #REF! | M102: =$M$21-P102 -> 794 | N102: -1842 | O102: 2636 | P102: =+$N$21-N102 -> 735
A103: 45733 | B103: =+A103-$A$21 -> #REF! | C103: =$C$21-F103 -> 795 | D103: -2508 | E103: =C103-D103 -> 3303 | F103: =+$D$21-D103 -> 755 | G103: =B103 -> #REF! | H103: =$H$21-K103 -> 627 | I103: -1882 | J103: =H103-I103 -> 2509 | K103: =+$I$21-I103 -> 926 | L103: =B103 -> #REF! | M103: =$M$21-P103 -> 787 | N103: -1849 | O103: 2636 | P103: =+$N$21-N103 -> 742
A104: 45734 | B104: =+A104-$A$21 -> #REF! | C104: =$C$21-F104 -> 791 | D104: -2512 | E104: =C104-D104 -> 3303 | F104: =+$D$21-D104 -> 759 | G104: =B104 -> #REF! | H104: =$H$21-K104 -> 618 | I104: -1891 | J104: =H104-I104 -> 2509 | K104: =+$I$21-I104 -> 935 | L104: =B104 -> #REF! | M104: =$M$21-P104 -> 780 | N104: -1856 | O104: 2636 | P104: =+$N$21-N104 -> 749
A105: 45735 | B105: =+A105-$A$21 -> #REF! | C105: =$C$21-F105 -> 791 | D105: -2512 | E105: =C105-D105 -> 3303 | F105: =+$D$21-D105 -> 759 | G105: =B105 -> #REF! | H105: =$H$21-K105 -> 618 | I105: -1891 | J105: =H105-I105 -> 2509 | K105: =+$I$21-I105 -> 935 | L105: =B105 -> #REF! | M105: =$M$21-P105 -> 780 | N105: -1856 | O105: 2636 | P105: =+$N$21-N105 -> 749
A106: 45736 | B106: =+A106-$A$21 -> #REF! | C106: =$C$21-F106 -> 791 | D106: -2512 | E106: =C106-D106 -> 3303 | F106: =+$D$21-D106 -> 759 | G106: =B106 -> #REF! | H106: =$H$21-K106 -> 618 | I106: -1891 | J106: =H106-I106 -> 2509 | K106: =+$I$21-I106 -> 935 | L106: =B106 -> #REF! | M106: =$M$21-P106 -> 780 | N106: -1856 | O106: 2636 | P106: =+$N$21-N106 -> 749
A107: 45737 | B107: =+A107-$A$21 -> #REF! | C107: =$C$21-F107 -> 789 | D107: -2514 | E107: =C107-D107 -> 3303 | F107: =+$D$21-D107 -> 761 | G107: =B107 -> #REF! | H107: =$H$21-K107 -> 609 | I107: -1900 | J107: =H107-I107 -> 2509 | K107: =+$I$21-I107 -> 944 | L107: =B107 -> #REF! | M107: =$M$21-P107 -> 775 | N107: -1861 | O107: 2636 | P107: =+$N$21-N107 -> 754
A108: 45738 | B108: =+A108-$A$21 -> #REF! | C108: =$C$21-F108 -> 782 | D108: -2521 | E108: =C108-D108 -> 3303 | F108: =+$D$21-D108 -> 768 | G108: =B108 -> #REF! | H108: =$H$21-K108 -> 601 | I108: -1908 | J108: =H108-I108 -> 2509 | K108: =+$I$21-I108 -> 952 | L108: =B108 -> #REF! | M108: =$M$21-P108 -> 771 | N108: -1865 | O108: 2636 | P108: =+$N$21-N108 -> 758
A109: 45739 | B109: =+A109-$A$21 -> #REF! | C109: =$C$21-F109 -> 773 | D109: -2530 | E109: =C109-D109 -> 3303 | F109: =+$D$21-D109 -> 777 | G109: =B109 -> #REF! | H109: =$H$21-K109 -> 593 | I109: -1916 | J109: =H109-I109 -> 2509 | K109: =+$I$21-I109 -> 960 | L109: =B109 -> #REF! | M109: =$M$21-P109 -> 765 | N109: -1871 | O109: 2636 | P109: =+$N$21-N109 -> 764
A110: 45740 | B110: =+A110-$A$21 -> #REF! | C110: =$C$21-F110 -> 770 | D110: -2533 | E110: =C110-D110 -> 3303 | F110: =+$D$21-D110 -> 780 | G110: =B110 -> #REF! | H110: =$H$21-K110 -> 590 | I110: -1919 | J110: =H110-I110 -> 2509 | K110: =+$I$21-I110 -> 963 | L110: =B110 -> #REF! | M110: =$M$21-P110 -> 760 | N110: -1876 | O110: 2636 | P110: =+$N$21-N110 -> 769
A111: 45741 | B111: =+A111-$A$21 -> #REF! | C111: =$C$21-F111 -> 767 | D111: -2536 | E111: =C111-D111 -> 3303 | F111: =+$D$21-D111 -> 783 | G111: =B111 -> #REF! | H111: =$H$21-K111 -> 586 | I111: -1923 | J111: =H111-I111 -> 2509 | K111: =+$I$21-I111 -> 967 | L111: =B111 -> #REF! | M111: =$M$21-P111 -> 754 | N111: -1882 | O111: 2636 | P111: =+$N$21-N111 -> 775
A112: 45742 | B112: =+A112-$A$21 -> #REF! | C112: =$C$21-F112 -> 762 | D112: -2541 | E112: =C112-D112 -> 3303 | F112: =+$D$21-D112 -> 788 | G112: =B112 -> #REF! | H112: =$H$21-K112 -> 582 | I112: -1927 | J112: =H112-I112 -> 2509 | K112: =+$I$21-I112 -> 971 | L112: =B112 -> #REF! | M112: =$M$21-P112 -> 751 | N112: -1885 | O112: 2636 | P112: =+$N$21-N112 -> 778
... A199: 45829 | B199: =+A199-$A$21 -> #REF! | C199: =$C$21-F199 -> 527 | D199: -2776 | E199: =C199-D199 -> 3303 | F199: =+$D$21-D199 -> 1023 | G199: =B199 -> #REF! | H199: =$H$21-K199 -> 307 | I199: -2202 | J199: =H199-I199 -> 2509 | K199: =+$I$21-I199 -> 1246 | L199: =B199 -> #REF! | M199: =$M$21-P199 -> 504 | N199: -2132 | O199: 2636 | P199: =+$N$21-N199 -> 1025
A200: 45830 | B200: =+A200-$A$21 -> #REF! | C200: =$C$21-F200 -> 525 | D200: -2778 | E200: =C200-D200 -> 3303 | F200: =+$D$21-D200 -> 1025 | G200: =B200 -> #REF! | H200: 500 | I200: -2208 | J200: =H200-I200 -> 2708 | K200: =+$I$21-I200 -> 1252 | L200: =B200 -> #REF! | M200: 1332 | N200: -2129 | O200: 2636 | P200: =+$N$21-N200 -> 1022
A201: 45831 | B201: =+A201-$A$21 -> #REF! | C201: =$C$21-F201 -> 525 | D201: -2778 | E201: =C201-D201 -> 3303 | F201: =+$D$21-D201 -> 1025 | G201: =B201 -> #REF! | H201: 500 | I201: -2208 | J201: =H201-I201 -> 2708 | K201: =+$I$21-I201 -> 1252 | L201: =B201 -> #REF! | M201: 1332 | N201: -2129 | O201: 2636 | P201: =+$N$21-N201 -> 1022
A202: 45832 | B202: =+A202-$A$21 -> #REF! | C202: =$C$21-F202 -> 525 | D202: -2778 | E202: =C202-D202 -> 3303 | F202: =+$D$21-D202 -> 1025 | G202: =B202 -> #REF! | H202: 500 | I202: -2208 | J202: =H202-I202 -> 2708 | K202: =+$I$21-I202 -> 1252 | L202: =B202 -> #REF! | M202: 1332 | N202: -2129 | O202: 2636 | P202: =+$N$21-N202 -> 1022
A203: 45833 | B203: =+A203-$A$21 -> #REF! | C203: =$C$21-F203 -> 525 | D203: -2778 | E203: =C203-D203 -> 3303 | F203: =+$D$21-D203 -> 1025 | G203: =B203 -> #REF! | H203: 500 | I203: -2208 | J203: =H203-I203 -> 2708 | K203: =+$I$21-I203 -> 1252 | L203: =B203 -> #REF! | M203: 1332 | N203: -2129 | O203: 2636 | P203: =+$N$21-N203 -> 1022
A204: 45834 | B204: =+A204-$A$21 -> #REF! | C204: =$C$21-F204 -> 525 | D204: -2778 | E204: =C204-D204 -> 3303 | F204: =+$D$21-D204 -> 1025 | G204: =B204 -> #REF! | H204: 500 | I204: -2208 | J204: =H204-I204 -> 2708 | K204: =+$I$21-I204 -> 1252 | L204: =B204 -> #REF! | M204: 1332 | N204: -2129 | O204: 2636 | P204: =+$N$21-N204 -> 1022
A205: 45835 | B205: =+A205-$A$21 -> #REF! | C205: =$C$21-F205 -> 525 | D205: -2778 | E205: =C205-D205 -> 3303 | F205: =+$D$21-D205 -> 1025 | G205: =B205 -> #REF! | H205: 500 | I205: -2208 | J205: =H205-I205 -> 2708 | K205: =+$I$21-I205 -> 1252 | L205: =B205 -> #REF! | M205: 1332 | N205: -2129 | O205: 2636 | P205: =+$N$21-N205 -> 1022
A206: 45836 | B206: =+A206-$A$21 -> #REF! | C206: =$C$21-F206 -> 525 | D206: -2778 | E206: =C206-D206 -> 3303 | F206: =+$D$21-D206 -> 1025 | G206: =B206 -> #REF! | H206: 500 | I206: -2208 | J206: =H206-I206 -> 2708 | K206: =+$I$21-I206 -> 1252 | L206: =B206 -> #REF! | M206: 1332 | N206: -2129 | O206: 2636 | P206: =+$N$21-N206 -> 1022
A207: 45837 | B207: =+A207-$A$21 -> #REF! | C207: =$C$21-F207 -> 525 | D207: -2778 | E207: =C207-D207 -> 3303 | F207: =+$D$21-D207 -> 1025 | G207: =B207 -> #REF! | H207: 500 | I207: -2208 | J207: =H207-I207 -> 2708 | K207: =+$I$21-I207 -> 1252 | L207: =B207 -> #REF! | M207: 1332 | N207: -2129 | O207: 2636 | P207: =+$N$21-N207 -> 1022
A208: 45838 | B208: =+A208-$A$21 -> #REF! | C208: =$C$21-F208 -> 525 | D208: -2778 | E208: =C208-D208 -> 3303 | F208: =+$D$21-D208 -> 1025 | G208: =B208 -> #REF! | H208: 800 | I208: -2208 | J208: =H208-I208 -> 3008 | K208: =+$I$21-I208 -> 1252 | L208: =B208 -> #REF! | M208: 1332 | N208: -2129 | O208: 2636 | P208: =+$N$21-N208 -> 1022
A209: 45839 | B209: =+A209-$A$21 -> #REF! | C209: =$C$21-F209 -> 525 | D209: -2778 | E209: =C209-D209 -> 3303 | F209: =+$D$21-D209 -> 1025 | G209: =B209 -> #REF! | H209: 800 | I209: -2208 | J209: =H209-I209 -> 3008 | K209: =+$I$21-I209 -> 1252 | L209: =B209 -> #REF! | M209: 1332 | N209: -2129 | O209: 2636 | P209: =+$N$21-N209 -> 1022
...

Sheet Calib Pz
A3: No | B3: S/N | D3: G | E3: K
A4: 1 | B4: 1440368 | C4: 8 | D4: -0.1123 | E4: -0.05007
A5: 2 | B5: 1440369 | C5: 8 | D5: -0.1049 | E5: -0.07825
A6: 3 | B6: 1440370 | C6: 8 | D6: -0.1129 | E6: -0.03086
A7: 4 | B7: 1440365 | C7: 10 | D7: -0.1163 | E7: 0.01049
A8: 5 | B8: 1440366 | C8: 10 | D8: -0.1066 | E8: -0.06221
A9: 6 | B9: 1440364 | C9: 10 | D9: -0.113 | E9: 0.01449
A10: 7 | B10: 1440367 | C10: 10 | D10: -0.104 | E10: -0.07036
A11: 8 | B11: 1440360 | C11: 12 | D11: -0.1094 | E11: -0.002215
A12: 9 | B12: 1440361 | C12: 12 | D12: -0.1088 | E12: 0.1204
A13: 10 | B13: 1440363 | C13: 12 | D13: -0.1077 | E13: 0.01703
A14: 11 | B14: 1440362 | C14: 12 | D14: -0.1128 | E14: -0.0355
A15: 12 | B15: 1440357 | C15: 14 | D15: -0.1154 | E15: 0.007994
... A47: 44 | B47: 1218342 | C47: 7 | D47: -0.1101 | E47: -0.02474

Sheet -
A1: CÔNG TY CỔ PHẦN ĐẦU TƯ ĐỊA ỐC ĐẠI QUANG MINH / DAI QUANG MINH REAL ESTATE CORPORATION
A2: DỰ ÁN ĐẦU TƯ XÂY DỰNG 4 TUYẾN ĐƯỜNG CHÍNH TRONG KHU ĐÔ THỊ MỚI THỦ THIÊM
A3: INVESTMENT AND CONSTRUCTION PROJECT OF 4 MAIN ROADS IN THU THIEM NEW URBANIZED AREA
A4: GÓI THẦU (XL24.ĐYR3.2A): THI CÔNG BẤC THẤM HÚT CHÂN KHÔNG TUYẾN R3 (KM0+366.2 – KM1+785.0)
A5: PACKAGE (XL24.ĐYR3.2A): SOIL IMPROVEMENT WORK BY PVDV FOR ROAD R3 (KM0+366.2 – KM1+785.0)
A6: Nhà thầu /The Constractor: | K6: Tư vấn giám sát/ The Consultants:
A7: CÔNG TY CỔ PHẦN XỬ LÝ NỀN FECON SHANGHAI HARBOUR/ FECON SHANGHAI HARBOUR SOIL IMPROVEMENT JSC | K7: KUNHWA ENGINEERING &CONSULTING CO.,LTD
A8: MONITORING RECORDS - SỐ LIỆU QUAN TRẮC
A9: SETTLEMENT PLATE/ TẤM ĐO LÚN: SP3-L, SP3, SP3-R - ZONE R3-1A
A10: I. INITIAL READING/ SỐ ĐỌC BAN ĐẦU
A11: Section/ khu vực | B11: Settlement Plate/ Tấm đo lún | D11: Installation Date/ Ngày lắp đặt | F11: Elevation - Cao trình [m] | N11: Coordinates/ Tọa độ | R11: Reference Bench Mark (RBM)/ Mốc tọa độ tham chiếu
F12: Orignal Ground Level | H12: Filling | J12: Rod | L12: Bottom Plate | N12: X [m] | P12: Y [m] | V12: Chuẩn | W12: GĐ1
A13: R3-1A (Km0+600) | B13: SP3-L | D13: =+VLOOKUP(B13,#REF!,3,0) -> #REF! | F13: =+VLOOKUP(B13,#REF!,23,0) -> #REF! | H13: =+C23 -> 1.807 | J13: =+VLOOKUP(B13,#REF!,9,0) -> #REF! | L13: =+VLOOKUP(B13,#REF!,10,0) -> #REF! | N13: =+VLOOKUP(B13,#REF!,4,0) -> #REF! | P13: =+VLOOKUP(B13,#REF!,5,0) -> #REF! | R13: CS7 | V13: 1 | W13: 1
B14: SP3 | D14: =+VLOOKUP(B14,#REF!,3,0) -> #REF! | F14: =+VLOOKUP(B14,#REF!,23,0) -> #REF! | H14: =+I23 -> 1.827 | J14: =+VLOOKUP(B14,#REF!,9,0) -> #REF! | L14: =+VLOOKUP(B14,#REF!,10,0) -> #REF! | N14: =+VLOOKUP(B14,#REF!,4,0) -> #REF! | P14: =+VLOOKUP(B14,#REF!,5,0) -> #REF! | R14: Cao trình [m]: | U14: =+VLOOKUP(R13,#REF!,4,0) -> #REF!
B15: SP3-R | D15: =+VLOOKUP(B15,#REF!,3,0) -> #REF! | F15: =+VLOOKUP(B15,#REF!,23,0) -> #REF! | H15: =+O23 -> 1.258 | J15: =+VLOOKUP(B15,#REF!,9,0) -> #REF! | L15: =+VLOOKUP(B15,#REF!,10,0) -> #REF! | N15: =+VLOOKUP(B15,#REF!,4,0) -> #REF! | P15: =+VLOOKUP(B15,#REF!,5,0) -> #REF! | R15: Tọa độ [m]: | U15: =+VLOOKUP(R13,#REF!,5,0) -> #REF!
A17: II. MINITORING RESULTS/ SỐ LIỆU QUAN TRẮC
A18: Monitoring date/ Ngày quan trắc | B18: =IF(B13="","",B13) -> SP3-L | H18: =+B14 -> SP3 | N18: =+B15 -> SP3-R | T18: Pvac./ Áp Đ.hồ (kPa) | U18: Remark/ Ghi chú
B19: Acc. Time/ Thời gian T.L | C19: Filling EL./ Cao trình đắp | D19: Rod EL./ Cao trình đỉnh ống | E19: Fill Height/ Chiều cao đắp | F19: Sett. Độ lún | G19: Rate / Tốc độ lún | H19: Acc. Time/ Thời gian T.L | I19: Filling EL./ Cao trình đắp | J19: Rod EL./ Cao trình đỉnh ống | K19: Fill Height/ Chiều cao đắp | L19: Sett. / Độ lún | M19: Rate / Tốc độ lún | N19: Acc. Time/ Thời gian T.L | O19: Filling EL./ Cao trình đắp | P19: Rod EL./ Cao trình đỉnh ống | Q19: Fill Height/ Chiều cao đắp | R19: Sett./ Độ lún | S19: Rate / Tốc độ lún
B21: [Ngày] | C21: [m] | D21: [m] | E21: [m] | F21: [m] | G21: [mm/Ngày] | H21: [Ngày] | I21: [m] | J21: [m] | K21: [m] | L21: [m] | M21: [mm/Ngày] | N21: [Ngày] | O21: [m] | P21: [m] | Q21: [m] | R21: [m] | S21: [mm/Ngày] | T21: [kPa] | Y21: =+H18 -> SP3 | Z21: =+B18 -> SP3-L
B22: 1 | C22: =+B22+1 -> 2 | D22: =+C22+1 -> 3 | E22: =+D22+1 -> 4 | F22: =+E22+1 -> 5 | G22: =+F22+1 -> 6 | H22: =+G22+1 -> 7 | I22: =+H22+1 -> 8 | J22: =+I22+1 -> 9 | ... R22: =+Q22+1 -> 17 | T22: =+R22+1 -> 18
A23: 42002 | B23: =+A23-$A$23 -> 0 | C23: 1.807 | D23: 2.859 | E23: =+C23-($F$13)+F23 -> #REF! | F23: =+$D$23-D23 -> 0 | G23: 0 | H23: =+A23-$A$23 -> 0 | I23: 1.827 | J23: 2.865 | K23: =+I23-($F$14)+L23 -> #REF! | L23: =+$J$23-J23 -> 0 | M23: 0 | N23: =+A23-$A$23 -> 0 | O23: 1.258 | P23: 2.838 | Q23: =+(O23-$F$15+R23) -> #REF! | R23: =+$O$23-O23 -> 0 | S23: 0 | T23: =+VLOOKUP(A23,#REF!,2,0) -> #REF! | U23: =+IF(VLOOKUP(A23,#REF!,11,0)="","",VLOOKUP(A23,#REF!,11,0)) -> #REF! | V23: =+A23 -> 42002 | W23: =+(E23+K23+Q23)/3 -> #REF!
A24: =+A23+1 -> 42003 | B24: =+A24-$A$23 -> 1 | C24: 1.695 | D24: 2.772 | E24: =+C24-($F$13)+F24 -> #REF! | F24: =+$D$23-D24 -> 0.087 | G24: =1000*(F24-F23)/(B24-B23) -> 87 | H24: =+A24-$A$23 -> 1 | I24: 1.676 | J24: 2.741 | K24: =+I24-($F$14)+L24 -> #REF! | L24: =+$J$23-J24 -> 0.124 | M24: =1000*(L24-L23)/(H24-H23) -> 124 | N24: =+A24-$A$23 -> 1 | O24: 1.647 | P24: 2.732 | Q24: =+(O24-$F$15+R24) -> #REF! | R24: =+$P$23-P24 -> 0.106 | S24: =1000*(R24-R23)/(N24-N23) -> 106 | T24: =+VLOOKUP(A24,#REF!,2,0) -> #REF! | U24: =+IF(VLOOKUP(A24,#REF!,11,0)="","",VLOOKUP(A24,#REF!,11,0)) -> #REF! | V24: =+A24 -> 42003 | W24: =+(E24+K24+Q24)/3 -> #REF!
A25: =+A24+1 -> 42004 | B25: =+A25-$A$23 -> 2 | C25: 1.659 | D25: 2.724 | E25: =+C25-($F$13)+F25 -> #REF! | F25: =+$D$23-D25 -> 0.135 | G25: =1000*(F25-F24)/(B25-B24) -> 48 | H25: =+A25-$A$23 -> 2 | I25: 1.591 | J25: 2.67 | K25: =+I25-($F$14)+L25 -> #REF! | L25: =+$J$23-J25 -> 0.195 | M25: =1000*(L25-L24)/(H25-H24) -> 71 | N25: =+A25-$A$23 -> 2 | O25: 1.626 | P25: 2.674 | Q25: =+(O25-$F$15+R25) -> #REF! | R25: =+$P$23-P25 -> 0.164 | S25: =1000*(R25-R24)/(N25-N24) -> 58 | T25: =+VLOOKUP(A25,#REF!,2,0) -> #REF! | U25: =+IF(VLOOKUP(A25,#REF!,11,0)="","",VLOOKUP(A25,#REF!,11,0)) -> #REF! | V25: =+A25 -> 42004 | W25: =+(E25+K25+Q25)/3 -> #REF!
A26: =+A25+2 -> 42006 | B26: =+A26-$A$23 -> 4 | C26: 1.655 | D26: 2.726 | E26: =+C26-($F$13)+F26 -> #REF! | F26: =+$D$23-D26 -> 0.133 | G26: =1000*(F26-F25)/(B26-B25) -> -1 | H26: =+A26-$A$23 -> 4 | I26: 1.605 | J26: 2.665 | K26: =+I26-($F$14)+L26 -> #REF! | L26: =+$J$23-J26 -> 0.2 | M26: =1000*(L26-L25)/(H26-H25) -> 2.5 | N26: =+A26-$A$23 -> 4 | O26: 1.615 | P26: 2.673 | Q26: =+(O26-$F$15+R26) -> #REF! | R26: =+$P$23-P26 -> 0.165 | S26: =1000*(R26-R25)/(N26-N25) -> 0.5 | T26: =+VLOOKUP(A26,#REF!,2,0) -> #REF! | U26: =+IF(VLOOKUP(A26,#REF!,11,0)="","",VLOOKUP(A26,#REF!,11,0)) -> #REF! | V26: =+A26 -> 42006 | W26: =+(E26+K26+Q26)/3 -> #REF!
A27: =+A26+1 -> 42007 | B27: =+A27-$A$23 -> 5 | C27: 1.645 | D27: 2.709 | E27: =+C27-($F$13)+F27 -> #REF! | F27: =+$D$23-D27 -> 0.15 | G27: =1000*(F27-F26)/(B27-B26) -> 17 | H27: =+A27-$A$23 -> 5 | I27: 1.564 | J27: 2.639 | K27: =+I27-($F$14)+L27 -> #REF! | L27: =+$J$23-J27 -> 0.226 | M27: =1000*(L27-L26)/(H27-H26) -> 26 | N27: =+A27-$A$23 -> 5 | O27: 1.568 | P27: 2.653 | Q27: =+(O27-$F$15+R27) -> #REF! | R27: =+$P$23-P27 -> 0.185 | S27: =1000*(R27-R26)/(N27-N26) -> 20 | T27: =+VLOOKUP(A27,#REF!,2,0) -> #REF! | U27: =+IF(VLOOKUP(A27,#REF!,11,0)="","",VLOOKUP(A27,#REF!,11,0)) -> #REF! | V27: =+A27 -> 42007 | W27: =+(E27+K27+Q27)/3 -> #REF!
A28: =+A27+1 -> 42008 | B28: =+A28-$A$23 -> 6 | C28: 1.601 | D28: 2.665 | E28: =+C28-($F$13)+F28 -> #REF! | F28: =+$D$23-D28 -> 0.194 | G28: =1000*(F28-F27)/(B28-B27) -> 44 | H28: =+A28-$A$23 -> 6 | I28: 1.53 | J28: 2.576 | K28: =+I28-($F$14)+L28 -> #REF! | L28: =+$J$23-J28 -> 0.289 | M28: =1000*(L28-L27)/(H28-H27) -> 63 | N28: =+A28-$A$23 -> 6 | O28: 1.516 | P28: 2.602 | Q28: =+(O28-$F$15+R28) -> #REF! | R28: =+$P$23-P28 -> 0.236 | S28: =1000*(R28-R27)/(N28-N27) -> 51 | T28: =+VLOOKUP(A28,#REF!,2,0) -> #REF! | V28: =+A28 -> 42008 | W28: =+(E28+K28+Q28)/3 -> #REF!
V29: =+A29 -> 0 | W29: =+(E29+K29+Q29)/3 -> 0
V30: =+A30 -> 0 | W30: =+(E30+K30+Q30)/3 -> 0
V31: =+A31 -> 0 | W31: =+(E31+K31+Q31)/3 -> 0
V32: =+A32 -> 0 | W32: =+(E32+K32+Q32)/3 -> 0
V33: =+A33 -> 0 | W33: =+(E33+K33+Q33)/3 -> 0
V34: =+A34 -> 0 | W34: =+(E34+K34+Q34)/3 -> 0
V35: =+A35 -> 0 | W35: =+(E35+K35+Q35)/3 -> 0
V36: =+A36 -> 0 | W36: =+(E36+K36+Q36)/3 -> 0
V37: =+A37 -> 0 | W37: =+(E37+K37+Q37)/3 -> 0
V38: =+A38 -> 0 | W38: =+(E38+K38+Q38)/3 -> 0
V39: =+A39 -> 0 | W39: =+(E39+K39+Q39)/3 -> 0
V40: =+A40 -> 0 | W40: =+(E40+K40+Q40)/3 -> 0
... V184: =+A184 -> 0 | W184: =+(E184+K184+Q184)/3 -> 0
V215: =+A215 -> 0 | W215: 1 | Y215: =+IF(I215="","",1) | Z215: =+IF(C215="","",1)
V216: =+A216 -> 0 | W216: 1 | Y216: =+IF(I216="","",1) | Z216: =+IF(C216="","",1)
V217: =+A217 -> 0 | W217: 1 | Y217: =+IF(I217="","",1) | Z217: =+IF(C217="","",1)
V218: =+A218 -> 0 | W218: 1 | Y218: =+IF(I218="","",1) | Z218: =+IF(C218="","",1)
V219: =+A219 -> 0 | W219: 1 | Y219: =+IF(I219="","",1) | Z219: =+IF(C219="","",1)
V220: =+A220 -> 0 | W220: 1 | Y220: =+IF(I220="","",1) | Z220: =+IF(C220="","",1)
V221: =+A221 -> 0 | W221: 1 | Y221: =+IF(I221="","",1) | Z221: =+IF(C221="","",1)
V222: =+A222 -> 0 | W222: 1 | Y222: =+IF(I222="","",1) | Z222: =+IF(C222="","",1)
V223: =+A223 -> 0 | W223: 1 | Y223: =+IF(I223="","",1) | Z223: =+IF(C223="","",1)
V224: =+A224 -> 0 | W224: 1 | Y224: =+IF(I224="","",1) | Z224: =+IF(C224="","",1)
V225: =+A225 -> 0 | W225: 1 | Y225: =+IF(I225="","",1) | Z225: =+IF(C225="","",1)
V226: =+A226 -> 0 | W226: 1 | Y226: =+IF(I226="","",1) | Z226: =+IF(C226="","",1)
... V231: =+A231 -> 0 | W231: 1 | Y231: =+IF(I231="","",1) | Z231: =+IF(C231="","",1)
C232: Đại diện nhà thầu thi công / Contractor' representative | M232: Đại diện Tư vấn giám sát / Consultant' representative
A233: Chức vụ /Position: | C233: Đội thi công / Construction team | G233: Kỹ sư quan trắc/ Monitoring Eng. | K233: Chức vụ | M233: Kỹ sư trắc địa / Surveying Eng. | R233: Giám sát viên/ Inspector
A234: Họ tên/ Full name: | K234: Tên
A235: Chữ ký /Signature: | K235: Chữ ký
A236: Ngày/ Date | K236: Ngày/ Date
G240: =+AVERAGE(G94:G100) -> #DIV/0!

Sheet Sp2-1-3
B8: Nhà thầu: | K8: Tư vấn giám sát:
A9: CÔNG TY CỔ PHẦN XỬ LÝ NỀN FECON SHANGHAI HARBOUR | J9: CÔNG TY CỔ PHẦN TƯ VẤN THIẾT KẾ GIAO THÔNG VẬN TẢI PHÍA NAM TEDI SOUTH
A10: BẢNG SỐ LIỆU QUAN TRẮC THIẾT BỊ ĐO LÚN MẶT
A11: =+""&B15&", "&B16&", "&B17&" - "&A15&"" -> SSP2-1, SSP2-2, SSP2-3 - VÙNG 2A (ĐƯỜNG N1)
A12: I. SỐ ĐỌC BAN ĐẦU
A13: Vùng (Đường) | B13: Bàn quan trắc lún | D13: Ngày lắp đặt | F13: =+"Cao trình nghiệm thu [m] ("&TEXT(A27,"dd/mm/yy")&")" -> Cao trình nghiệm thu [m] (#REF!) | N13: Tọa độ | R13: Mốc tọa độ tham chiếu
F14: Cao trình MĐTN | H14: Cao trình đắp | J14: Cao trình đỉnh ống | L14: Cao trình tấm đế | N14: X [m] | P14: Y [m] | V14: Chuẩn | W14: GĐ1
A15: VÙNG 2A (ĐƯỜNG N1) | B15: SSP2-1 | D15: #REF! | F15: #REF! | H15: =+C27 -> #REF! | J15: #REF! | L15: #REF! | N15: #REF! | P15: #REF! | R15: CS3 | V15: 1 | W15: 1
B16: SSP2-2 | D16: #REF! | F16: #REF! | H16: =+I27 -> #REF! | J16: #REF! | L16: #REF! | N16: #REF! | P16: #REF! | R16: Tọa độ [m]
B17: SSP2-3 | D17: #REF! | F17: #REF! | H17: =+O27 -> #REF! | J17: #REF! | L17: #REF! | N17: #REF! | P17: #REF! | R17: #REF!
A19: II. SỐ LIỆU QUAN TRẮC
A20: Ngày quan trắc | B20: =IF(B15="","",B15) -> SSP2-1 | H20: =+B16 -> SSP2-2 | N20: =+B17 -> SSP2-3 | T20: Áp Đ.hồ Pvac | U20: Ghi chú
B21: Thời gian tích lũy | C21: Cao trình đắp | D21: Cao trình đỉnh ống | E21: Chiều cao đắp | F21: Độ lún | G21: Tốc độ lún | H21: Thời gian tích lũy | I21: Cao trình đắp | J21: Cao trình đỉnh ống | K21: Chiều cao đắp | L21: Độ lún | M21: Tốc độ lún | N21: Thời gian tích lũy | O21: Cao trình đắp | P21: Cao trình đỉnh ống | Q21: Chiều cao đắp | R21: Độ lún | S21: Tốc độ lún
B23: [Ngày] | C23: [m] | D23: [m] | E23: [m] | F23: [m] | G23: [mm/Ngày] | H23: [Ngày] | I23: [m] | J23: [m] | K23: [m] | L23: [m] | M23: [mm/Ngày] | N23: [Ngày] | O23: [m] | P23: [m] | Q23: [m] | R23: [m] | S23: [mm/Ngày] | T23: [kPa]
C24: #REF! | D24: =+C24+1 -> #VALUE! | I24: #REF! | J24: =+I24+1 -> #VALUE! | O24: #REF! | P24: =+O24+1 -> #VALUE!
F25: =+B20 -> SSP2-1 | L25: =+H20 -> SSP2-2 | R25: =+N20 -> SSP2-3 | W25: SP18-F
A26: 1 | B26: =+A26+1 -> 2 | C26: =+B26+1 -> 3 | D26: =+C26+1 -> 4 | E26: =+D26+1 -> 5 | F26: =+E26+1 -> 6 | G26: =+F26+1 -> 7 | H26: =+G26+1 -> 8 | I26: =+H26+1 -> 9 | ... W26: =+V26+1 -> 23
A27: #REF! | B27: =+A27-$A$27 -> #VALUE! | C27: #REF! | D27: #REF! | E27: =+C27-($H$15)+F27 -> #VALUE! | F27: =+$D$27-D27 -> #VALUE! | G27: 0 | H27: =+A27-$A$27 -> #VALUE! | I27: #REF! | J27: #REF! | K27: =+I27-($H$16)+L27 -> #VALUE! | L27: =+$J$27-J27 -> #VALUE! | M27: 0 | N27: =+A27-$A$27 -> #VALUE! | O27: #REF! | P27: #REF! | Q27: =+(O27-$H$17+R27) -> #VALUE! | R27: =+$O$27-O27 -> #VALUE! | S27: 0 | T27: =+VLOOKUP(A27,#REF!,10,0) -> #REF! | V27: =+A27 -> #REF! | W27: =+(E27+2*K27+Q27)/4 -> #VALUE!
A28: #REF! | B28: =+A28-$A$27 -> #VALUE! | C28: =+$C$27-F28 -> #VALUE! | D28: #REF! | E28: =+C28-($H$15)+F28 -> #VALUE! | F28: =+$D$27-D28 -> #VALUE! | G28: =+(F28-F27)/(A28-A27)*1000 -> #VALUE! | H28: =+A28-$A$27 -> #VALUE! | I28: =+$I$27-L28 -> #VALUE! | J28: #REF! | K28: =+I28-($H$16)+L28 -> #VALUE! | L28: =+$J$27-J28 -> #VALUE! | M28: =+(L28-L27)/(A28-A27)*1000 -> #VALUE! | N28: =+A28-$A$27 -> #VALUE! | O28: =+$O$27-R28 -> #VALUE! | P28: #REF! | Q28: =+(O28-$H$17+R28) -> #VALUE! | R28: =+$P$27-P28 -> #VALUE! | S28: =+(R28-R27)/(A28-A27)*1000 -> #VALUE! | T28: =+VLOOKUP(A28,#REF!,10,0) -> #REF! | V28: =+A28 -> #REF! | W28: =+(E28+2*K28+Q28)/4 -> #VALUE!
A29: #REF! | B29: =+A29-$A$27 -> #VALUE! | C29: =+$C$27-F29 -> #VALUE! | D29: #REF! | E29: =+C29-($H$15)+F29 -> #VALUE! | F29: =+$D$27-D29 -> #VALUE! | G29: =+(F29-F28)/(A29-A28)*1000 -> #VALUE! | H29: =+A29-$A$27 -> #VALUE! | I29: =+$I$27-L29 -> #VALUE! | J29: #REF! | K29: =+I29-($H$16)+L29 -> #VALUE! | L29: =+$J$27-J29 -> #VALUE! | M29: =+(L29-L28)/(A29-A28)*1000 -> #VALUE! | N29: =+A29-$A$27 -> #VALUE! | O29: =+$O$27-R29 -> #VALUE! | P29: #REF! | Q29: =+(O29-$H$17+R29) -> #VALUE! | R29: =+$P$27-P29 -> #VALUE! | S29: =+(R29-R28)/(A29-A28)*1000 -> #VALUE! | T29: =+VLOOKUP(A29,#REF!,10,0) -> #REF! | V29: =+A29 -> #REF! | W29: =+(E29+2*K29+Q29)/4 -> #VALUE!
A30: #REF! | B30: =+A30-$A$27 -> #VALUE! | C30: =+$C$27-F30 -> #VALUE! | D30: #REF! | E30: =+C30-($H$15)+F30 -> #VALUE! | F30: =+$D$27-D30 -> #VALUE! | G30: =+(F30-F29)/(A30-A29)*1000 -> #VALUE! | H30: =+A30-$A$27 -> #VALUE! | I30: =+$I$27-L30 -> #VALUE! | J30: #REF! | K30: =+I30-($H$16)+L30 -> #VALUE! | L30: =+$J$27-J30 -> #VALUE! | M30: =+(L30-L29)/(A30-A29)*1000 -> #VALUE! | N30: =+A30-$A$27 -> #VALUE! | O30: =+$O$27-R30 -> #VALUE! | P30: #REF! | Q30: =+(O30-$H$17+R30) -> #VALUE! | R30: =+$P$27-P30 -> #VALUE! | S30: =+(R30-R29)/(A30-A29)*1000 -> #VALUE! | T30: =+VLOOKUP(A30,#REF!,10,0) -> #REF! | V30: =+A30 -> #REF! | W30: =+(E30+2*K30+Q30)/4 -> #VALUE!
A31: #REF! | B31: =+A31-$A$27 -> #VALUE! | C31: =+$C$27-F31 -> #VALUE! | D31: #REF! | E31: =+C31-($H$15)+F31 -> #VALUE! | F31: =+$D$27-D31 -> #VALUE! | G31: =+(F31-F30)/(A31-A30)*1000 -> #VALUE! | H31: =+A31-$A$27 -> #VALUE! | I31: =+$I$27-L31 -> #VALUE! | J31: #REF! | K31: =+I31-($H$16)+L31 -> #VALUE! | L31: =+$J$27-J31 -> #VALUE! | M31: =+(L31-L30)/(A31-A30)*1000 -> #VALUE! | N31: =+A31-$A$27 -> #VALUE! | O31: =+$O$27-R31 -> #VALUE! | P31: #REF! | Q31: =+(O31-$H$17+R31) -> #VALUE! | R31: =+$P$27-P31 -> #VALUE! | S31: =+(R31-R30)/(A31-A30)*1000 -> #VALUE! | T31: =+VLOOKUP(A31,#REF!,10,0) -> #REF! | V31: =+A31 -> #REF! | W31: =+(E31+2*K31+Q31)/4 -> #VALUE!
A32: #REF! | B32: =+A32-$A$27 -> #VALUE! | C32: =+$C$27-F32 -> #VALUE! | D32: #REF! | E32: =+C32-($H$15)+F32 -> #VALUE! | F32: =+$D$27-D32 -> #VALUE! | G32: =+(F32-F31)/(A32-A31)*1000 -> #VALUE! | H32: =+A32-$A$27 -> #VALUE! | I32: =+$I$27-L32 -> #VALUE! | J32: #REF! | K32: =+I32-($H$16)+L32 -> #VALUE! | L32: =+$J$27-J32 -> #VALUE! | M32: =+(L32-L31)/(A32-A31)*1000 -> #VALUE! | N32: =+A32-$A$27 -> #VALUE! | O32: =+$O$27-R32 -> #VALUE! | P32: #REF! | Q32: =+(O32-$H$17+R32) -> #VALUE! | R32: =+$P$27-P32 -> #VALUE! | S32: =+(R32-R31)/(A32-A31)*1000 -> #VALUE! | T32: =+VLOOKUP(A32,#REF!,10,0) -> #REF! | V32: =+A32 -> #REF! | W32: =+(E32+2*K32+Q32)/4 -> #VALUE!
A33: #REF! | B33: =+A33-$A$27 -> #VALUE! | C33: =+$C$27-F33 -> #VALUE! | D33: #REF! | E33: =+C33-($H$15)+F33 -> #VALUE! | F33: =+$D$27-D33 -> #VALUE! | G33: =+(F33-F32)/(A33-A32)*1000 -> #VALUE! | H33: =+A33-$A$27 -> #VALUE! | I33: =+$I$27-L33 -> #VALUE! | J33: #REF! | K33: =+I33-($H$16)+L33 -> #VALUE! | L33: =+$J$27-J33 -> #VALUE! | M33: =+(L33-L32)/(A33-A32)*1000 -> #VALUE! | N33: =+A33-$A$27 -> #VALUE! | O33: =+$O$27-R33 -> #VALUE! | P33: #REF! | Q33: =+(O33-$H$17+R33) -> #VALUE! | R33: =+$P$27-P33 -> #VALUE! | S33: =+(R33-R32)/(A33-A32)*1000 -> #VALUE! | T33: =+VLOOKUP(A33,#REF!,10,0) -> #REF! | V33: =+A33 -> #REF! | W33: =+(E33+2*K33+Q33)/4 -> #VALUE!
A34: #REF! | B34: =+A34-$A$27 -> #VALUE! | C34: =+$C$27-F34 -> #VALUE! | D34: #REF! | E34: =+C34-($H$15)+F34 -> #VALUE! | F34: =+$D$27-D34 -> #VALUE! | G34: =+(F34-F33)/(A34-A33)*1000 -> #VALUE! | H34: =+A34-$A$27 -> #VALUE! | I34: =+$I$27-L34 -> #VALUE! | J34: #REF! | K34: =+I34-($H$16)+L34 -> #VALUE! | L34: =+$J$27-J34 -> #VALUE! | M34: =+(L34-L33)/(A34-A33)*1000 -> #VALUE! | N34: =+A34-$A$27 -> #VALUE! | O34: =+$O$27-R34 -> #VALUE! | P34: #REF! | Q34: =+(O34-$H$17+R34) -> #VALUE! | R34: =+$P$27-P34 -> #VALUE! | S34: =+(R34-R33)/(A34-A33)*1000 -> #VALUE! | T34: =+VLOOKUP(A34,#REF!,10,0) -> #REF! | V34: =+A34 -> #REF! | W34: =+(E34+2*K34+Q34)/4 -> #VALUE!
A35: #REF! | B35: =+A35-$A$27 -> #VALUE! | C35: =+$C$27-F35 -> #VALUE! | D35: #REF! | E35: =+C35-($H$15)+F35 -> #VALUE! | F35: =+$D$27-D35 -> #VALUE! | G35: =+(F35-F34)/(A35-A34)*1000 -> #VALUE! | H35: =+A35-$A$27 -> #VALUE! | I35: =+$I$27-L35 -> #VALUE! | J35: #REF! | K35: =+I35-($H$16)+L35 -> #VALUE! | L35: =+$J$27-J35 -> #VALUE! | M35: =+(L35-L34)/(A35-A34)*1000 -> #VALUE! | N35: =+A35-$A$27 -> #VALUE! | O35: =+$O$27-R35 -> #VALUE! | P35: #REF! | Q35: =+(O35-$H$17+R35) -> #VALUE! | R35: =+$P$27-P35 -> #VALUE! | S35: =+(R35-R34)/(A35-A34)*1000 -> #VALUE! | T35: =+VLOOKUP(A35,#REF!,10,0) -> #REF! | V35: =+A35 -> #REF! | W35: =+(E35+2*K35+Q35)/4 -> #VALUE!
A36: #REF! | B36: =+A36-$A$27 -> #VALUE! | C36: =+$C$27-F36 -> #VALUE! | D36: #REF! | E36: =+C36-($H$15)+F36 -> #VALUE! | F36: =+$D$27-D36 -> #VALUE! | G36: =+(F36-F35)/(A36-A35)*1000 -> #VALUE! | H36: =+A36-$A$27 -> #VALUE! | I36: =+$I$27-L36 -> #VALUE! | J36: #REF! | K36: =+I36-($H$16)+L36 -> #VALUE! | L36: =+$J$27-J36 -> #VALUE! | M36: =+(L36-L35)/(A36-A35)*1000 -> #VALUE! | N36: =+A36-$A$27 -> #VALUE! | O36: =+$O$27-R36 -> #VALUE! | P36: #REF! | Q36: =+(O36-$H$17+R36) -> #VALUE! | R36: =+$P$27-P36 -> #VALUE! | S36: =+(R36-R35)/(A36-A35)*1000 -> #VALUE! | T36: =+VLOOKUP(A36,#REF!,10,0) -> #REF! | V36: =+A36 -> #REF! | W36: =+(E36+2*K36+Q36)/4 -> #VALUE!
A37: #REF! | B37: =+A37-$A$27 -> #VALUE! | C37: =+$C$27-F37 -> #VALUE! | D37: #REF! | E37: =+C37-($H$15)+F37 -> #VALUE! | F37: =+$D$27-D37 -> #VALUE! | G37: =+(F37-F36)/(A37-A36)*1000 -> #VALUE! | H37: =+A37-$A$27 -> #VALUE! | I37: =+$I$27-L37 -> #VALUE! | J37: #REF! | K37: =+I37-($H$16)+L37 -> #VALUE! | L37: =+$J$27-J37 -> #VALUE! | M37: =+(L37-L36)/(A37-A36)*1000 -> #VALUE! | N37: =+A37-$A$27 -> #VALUE! | O37: =+$O$27-R37 -> #VALUE! | P37: #REF! | Q37: =+(O37-$H$17+R37) -> #VALUE! | R37: =+$P$27-P37 -> #VALUE! | S37: =+(R37-R36)/(A37-A36)*1000 -> #VALUE! | T37: =+VLOOKUP(A37,#REF!,10,0) -> #REF! | V37: =+A37 -> #REF! | W37: =+(E37+2*K37+Q37)/4 -> #VALUE!
A38: #REF! | B38: =+A38-$A$27 -> #VALUE! | C38: =+$C$27-F38 -> #VALUE! | D38: #REF! | E38: =+C38-($H$15)+F38 -> #VALUE! | F38: =+$D$27-D38 -> #VALUE! | G38: =+(F38-F37)/(A38-A37)*1000 -> #VALUE! | H38: =+A38-$A$27 -> #VALUE! | I38: =+$I$27-L38 -> #VALUE! | J38: #REF! | K38: =+I38-($H$16)+L38 -> #VALUE! | L38: =+$J$27-J38 -> #VALUE! | M38: =+(L38-L37)/(A38-A37)*1000 -> #VALUE! | N38: =+A38-$A$27 -> #VALUE! | O38: =+$O$27-R38 -> #VALUE! | P38: #REF! | Q38: =+(O38-$H$17+R38) -> #VALUE! | R38: =+$P$27-P38 -> #VALUE! | S38: =+(R38-R37)/(A38-A37)*1000 -> #VALUE! | T38: =+VLOOKUP(A38,#REF!,10,0) -> #REF! | V38: =+A38 -> #REF! | W38: =+(E38+2*K38+Q38)/4 -> #VALUE!
A39: #REF! | B39: =+A39-$A$27 -> #VALUE! | C39: =+$C$27-F39 -> #VALUE! | D39: #REF! | E39: =+C39-($H$15)+F39 -> #VALUE! | F39: =+$D$27-D39 -> #VALUE! | G39: =+(F39-F38)/(A39-A38)*1000 -> #VALUE! | H39: =+A39-$A$27 -> #VALUE! | I39: =+$I$27-L39 -> #VALUE! | J39: #REF! | K39: =+I39-($H$16)+L39 -> #VALUE! | L39: =+$J$27-J39 -> #VALUE! | M39: =+(L39-L38)/(A39-A38)*1000 -> #VALUE! | N39: =+A39-$A$27 -> #VALUE! | O39: =+$O$27-R39 -> #VALUE! | P39: #REF! | Q39: =+(O39-$H$17+R39) -> #VALUE! | R39: =+$P$27-P39 -> #VALUE! | S39: =+(R39-R38)/(A39-A38)*1000 -> #VALUE! | T39: =+VLOOKUP(A39,#REF!,10,0) -> #REF! | V39: =+A39 -> #REF! | W39: =+(E39+2*K39+Q39)/4 -> #VALUE!
... A47: #REF! | B47: =+A47-$A$27 -> #VALUE! | C47: =+$C$27-F47 -> #VALUE! | D47: #REF! | E47: =+C47-($H$15)+F47 -> #VALUE! | F47: =+$D$27-D47 -> #VALUE! | G47: =+(F47-F46)/(A47-A46)*1000 -> #VALUE! | H47: =+A47-$A$27 -> #VALUE! | I47: =+$I$27-L47 -> #VALUE! | J47: #REF! | K47: =+I47-($H$16)+L47 -> #VALUE! | L47: =+$J$27-J47 -> #VALUE! | M47: =+(L47-L46)/(A47-A46)*1000 -> #VALUE! | N47: =+A47-$A$27 -> #VALUE! | O47: =+$O$27-R47 -> #VALUE! | P47: #REF! | Q47: =+(O47-$H$17+R47) -> #VALUE! | R47: =+$P$27-P47 -> #VALUE! | S47: =+(R47-R46)/(A47-A46)*1000 -> #VALUE! | T47: =+VLOOKUP(A47,#REF!,10,0) -> #REF! | V47: =+A47 -> #REF! | W47: =+(E47+2*K47+Q47)/4 -> #VALUE!
A48: #REF! | B48: =+A48-$A$27 -> #VALUE! | C48: #REF! | D48: #REF! | E48: =+C48-($H$15)+F48 -> #VALUE! | F48: =+$D$27-D48 -> #VALUE! | G48: =+(F48-F47)/(A48-A47)*1000 -> #VALUE! | H48: =+A48-$A$27 -> #VALUE! | I48: #REF! | J48: #REF! | K48: =+I48-($H$16)+L48 -> #VALUE! | L48: =+$J$27-J48 -> #VALUE! | M48: =+(L48-L47)/(A48-A47)*1000 -> #VALUE! | N48: =+A48-$A$27 -> #VALUE! | O48: #REF! | P48: #REF! | Q48: =+(O48-$H$17+R48) -> #VALUE! | R48: =+$P$27-P48 -> #VALUE! | S48: =+(R48-R47)/(A48-A47)*1000 -> #VALUE! | T48: =+VLOOKUP(A48,#REF!,10,0) -> #REF! | V48: =+A48 -> #REF! | W48: =+(E48+2*K48+Q48)/4 -> #VALUE!
D49: 2.762 | J49: 2.561 | P49: 2.77
A50: #REF! | B50: =+A50-$A$27 -> #VALUE! | C50: #REF! | D50: #REF! | E50: =+C50-($H$15)+F50 -> #VALUE! | F50: =+$F$48+$D$49-D50 -> #VALUE! | G50: =+(F50-F48)/(A50-A48)*1000 -> #VALUE! | H50: =+A50-$A$27 -> #VALUE! | I50: #REF! | J50: #REF! | K50: =+I50-($H$16)+L50 -> #VALUE! | L50: =+$L$48+$J$49-J50 -> #VALUE! | M50: =+(L50-L48)/(A50-A48)*1000 -> #VALUE! | N50: =+A50-$A$27 -> #VALUE! | O50: #REF! | P50: #REF! | Q50: =+(O50-$H$17+R50) -> #VALUE! | R50: =+$R$48+$P$49-P50 -> #VALUE! | S50: =+(R50-R48)/(A50-A48)*1000 -> #VALUE! | T50: =+VLOOKUP(A50,#REF!,10,0) -> #REF! | V50: =+A50 -> #REF! | W50: =+(E50+2*K50+Q50)/4 -> #VALUE!
A51: #REF! | B51: =+A51-$A$27 -> #VALUE! | C51: #REF! | D51: #REF! | E51: =+C51-($H$15)+F51 -> #VALUE! | F51: =+$F$48+$D$49-D51 -> #VALUE! | G51: =+(F51-F50)/(A51-A50)*1000 -> #VALUE! | H51: =+A51-$A$27 -> #VALUE! | I51: #REF! | J51: #REF! | K51: =+I51-($H$16)+L51 -> #VALUE! | L51: =+$L$48+$J$49-J51 -> #VALUE! | M51: =+(L51-L50)/(A51-A50)*1000 -> #VALUE! | N51: =+A51-$A$27 -> #VALUE! | O51: #REF! | P51: #REF! | Q51: =+(O51-$H$17+R51) -> #VALUE! | R51: =+$R$48+$P$49-P51 -> #VALUE! | S51: =+(R51-R50)/(A51-A50)*1000 -> #VALUE! | T51: =+VLOOKUP(A51,#REF!,10,0) -> #REF! | V51: =+A51 -> #REF! | W51: =+(E51+2*K51+Q51)/4 -> #VALUE!
A52: #REF! | B52: =+A52-$A$27 -> #VALUE! | C52: #REF! | D52: #REF! | E52: =+C52-($H$15)+F52 -> #VALUE! | F52: =+$F$48+$D$49-D52 -> #VALUE! | G52: =+(F52-F51)/(A52-A51)*1000 -> #VALUE! | H52: =+A52-$A$27 -> #VALUE! | I52: #REF! | J52: #REF! | K52: =+I52-($H$16)+L52 -> #VALUE! | L52: =+$L$48+$J$49-J52 -> #VALUE! | M52: =+(L52-L51)/(A52-A51)*1000 -> #VALUE! | N52: =+A52-$A$27 -> #VALUE! | O52: #REF! | P52: #REF! | Q52: =+(O52-$H$17+R52) -> #VALUE! | R52: =+$R$48+$P$49-P52 -> #VALUE! | S52: =+(R52-R51)/(A52-A51)*1000 -> #VALUE! | T52: =+VLOOKUP(A52,#REF!,10,0) -> #REF! | V52: =+A52 -> #REF! | W52: =+(E52+2*K52+Q52)/4 -> #VALUE!
A53: #REF! | B53: =+A53-$A$27 -> #VALUE! | C53: #REF! | D53: #REF! | E53: =+C53-($H$15)+F53 -> #VALUE! | F53: =+$F$48+$D$49-D53 -> #VALUE! | G53: =+(F53-F52)/(A53-A52)*1000 -> #VALUE! | H53: =+A53-$A$27 -> #VALUE! | I53: #REF! | J53: #REF! | K53: =+I53-($H$16)+L53 -> #VALUE! | L53: =+$L$48+$J$49-J53 -> #VALUE! | M53: =+(L53-L52)/(A53-A52)*1000 -> #VALUE! | N53: =+A53-$A$27 -> #VALUE! | O53: #REF! | P53: #REF! | Q53: =+(O53-$H$17+R53) -> #VALUE! | R53: =+$R$48+$P$49-P53 -> #VALUE! | S53: =+(R53-R52)/(A53-A52)*1000 -> #VALUE! | T53: =+VLOOKUP(A53,#REF!,10,0) -> #REF! | V53: =+A53 -> #REF! | W53: =+(E53+2*K53+Q53)/4 -> #VALUE!
A54: #REF! | B54: =+A54-$A$27 -> #VALUE! | C54: #REF! | D54: #REF! | E54: =+C54-($H$15)+F54 -> #VALUE! | F54: =+$F$48+$D$49-D54 -> #VALUE! | G54: =+(F54-F53)/(A54-A53)*1000 -> #VALUE! | H54: =+A54-$A$27 -> #VALUE! | I54: #REF! | J54: #REF! | K54: =+I54-($H$16)+L54 -> #VALUE! | L54: =+$L$48+$J$49-J54 -> #VALUE! | M54: =+(L54-L53)/(A54-A53)*1000 -> #VALUE! | N54: =+A54-$A$27 -> #VALUE! | O54: #REF! | P54: #REF! | Q54: =+(O54-$H$17+R54) -> #VALUE! | R54: =+$R$48+$P$49-P54 -> #VALUE! | S54: =+(R54-R53)/(A54-A53)*1000 -> #VALUE! | T54: =+VLOOKUP(A54,#REF!,10,0) -> #REF! | V54: =+A54 -> #REF! | W54: =+(E54+2*K54+Q54)/4 -> #VALUE!
A55: #REF! | B55: =+A55-$A$27 -> #VALUE! | C55: #REF! | D55: #REF! | E55: =+C55-($H$15)+F55 -> #VALUE! | F55: =+$F$48+$D$49-D55 -> #VALUE! | G55: =+(F55-F54)/(A55-A54)*1000 -> #VALUE! | H55: =+A55-$A$27 -> #VALUE! | I55: #REF! | J55: #REF! | K55: =+I55-($H$16)+L55 -> #VALUE! | L55: =+$L$48+$J$49-J55 -> #VALUE! | M55: =+(L55-L54)/(A55-A54)*1000 -> #VALUE! | N55: =+A55-$A$27 -> #VALUE! | O55: #REF! | P55: #REF! | Q55: =+(O55-$H$17+R55) -> #VALUE! | R55: =+$R$48+$P$49-P55 -> #VALUE! | S55: =+(R55-R54)/(A55-A54)*1000 -> #VALUE! | T55: =+VLOOKUP(A55,#REF!,10,0) -> #REF! | V55: =+A55 -> #REF! | W55: =+(E55+2*K55+Q55)/4 -> #VALUE!
