Workbook

Sheet 115+040
A1: =UPPER("GÓI THẦU XL03 :Thi Công Xây Dựng Đoạn Tuyến Km114+200 - Km126+223 Bao Gồm Tuyến Nối Nút Giao IC12 Với QL1 (bao gồm khảo sát, thiết kế BVTC)") -> GÓI THẦU XL03 :THI CÔNG XÂY DỰNG ĐOẠN TUYẾN KM114+200 - KM126+223 BAO GỒM TUYẾN NỐI NÚT GIAO IC12 VỚI QL1 (BAO GỒM KHẢO SÁT, THIẾT KẾ BVTC)
A2: CHỦ ĐẦU TƯ | J2: TƯ VẤN GIÁM SÁT | T2: NHÀ THẦU
A3: BAN QUẢN LÝ DỰ ÁN MỸ THUẬN | J3: =UPPER("Liên danh Phân viện KHCN GTVT phía Nam - Công ty Cổ phần Tư vấn kỹ thuật và xây dựng Hồng Hà") -> LIÊN DANH PHÂN VIỆN KHCN GTVT PHÍA NAM - CÔNG TY CỔ PHẦN TƯ VẤN KỸ THUẬT VÀ XÂY DỰNG HỒNG HÀ | T3: LIÊN DANH CC1 - HẢI ĐĂNG - VẠN CƯỜNG - 492 - BẮC TRUNG NAM
A4: BIỂU GHI ĐO QUAN TRẮC LÚN
A5: Người lập: | L5: Tên mốc:
A6: Thời tiết: | C6: Nắng | L6: Cao độ mốc: | N6: =C11 -> 1069
A7: Lý trình: | C7: Km115+040 | L7: Ngày đặt bàn: | N7: =B11 -> 10/12/2023
A8: Stt | C8: Cao độ mốc (mm) | D8: Số đọc tại mốc (mm) | F8: Số đọc mia (mm) | I8: Cao độ quan trắc (mm) | L8: Chiều dài cần nối (mm) | O8: Cao độ bàn đo lún (mm) | R8: Tốc độ lún (mm) | Y8: Chiều dày lớp đắp (m) | Z8: Đội quan trắc | AA8: Tư Vấn Giám Sát | AB8: Ghi chú
F10: Trái | G10: Giữa | H10: Phải | I10: Trái | J10: Giữa | K10: Phải | L10: Trái | M10: Giữa | N10: Phải | O10: Trái | P10: Giữa | Q10: Phải | R10: Trái | S10: Giữa | T10: Phải | X10: Phải
A11: 0 | B11: 10/12/2023 | C11: 1069 | D11: 1725 | E11: =C11+D11 -> 2794 | F11: =C11+D11-I11 -> 1014 | G11: =C11+D11-J11 -> 1004 | H11: =D11+C11-K11 -> 934 | I11: =L11+O11 -> 1780 | J11: =M11+P11 -> 1790 | K11: =N11+Q11 -> 1860 | L11: 2000 | M11: 2000 | N11: 2000 | O11: -220 | P11: -210 | Q11: -140 | R11: 0 | S11: 0 | T11: 0 | U11: =U10-R11 -> 0 | V11: =V10-S11 -> 0 | W11: =W10-T11 -> 0 | X11: -0.21 | AB11: Lắp đặt ban đầu
A12: 1 | B12: 11/12/2023 | C12: =C11 -> 1069 | D12: =D11-2 -> 1723 | E12: =C12+D12 -> 2792 | F12: =C12+D12-I12 -> 1012 | G12: =C12+D12-J12 -> 1002 | H12: =D12+C12-K12 -> 932 | I12: =L12+O12 -> 1780 | J12: =M12+P12 -> 1790 | K12: =N12+Q12 -> 1860 | L12: =L11 -> 2000 | M12: =M11 -> 2000 | N12: =N11 -> 2000 | O12: =O11-R12 -> -220 | P12: =P11-S12 -> -210 | Q12: =Q11-T12 -> -140 | R12: 0 | S12: 0 | T12: 0 | U12: =U11-R12 -> 0 | V12: =V11-S12 -> 0 | W12: =W11-T12 -> 0 | X12: -0.21
A13: 2 | B13: 12/12/2023 | C13: =C12 -> 1069 | D13: =D12-2 -> 1721 | E13: =C13+D13 -> 2790 | F13: =C13+D13-I13 -> 1010 | G13: =C13+D13-J13 -> 1000 | H13: =D13+C13-K13 -> 930 | I13: =L13+O13 -> 1780 | J13: =M13+P13 -> 1790 | K13: =N13+Q13 -> 1860 | L13: =L12 -> 2000 | M13: =M12 -> 2000 | N13: =N12 -> 2000 | O13: =O12-R13 -> -220 | P13: =P12-S13 -> -210 | Q13: =Q12-T13 -> -140 | R13: 0 | S13: 0 | T13: 0 | U13: =U12-R13 -> 0 | V13: =V12-S13 -> 0 | W13: =W12-T13 -> 0 | X13: -0.21
A14: 3 | B14: 13/12/2023 | C14: =C13 -> 1069 | D14: =D13-2 -> 1719 | E14: =C14+D14 -> 2788 | F14: =C14+D14-I14 -> 1008 | G14: =C14+D14-J14 -> 998 | H14: =D14+C14-K14 -> 928 | I14: =L14+O14 -> 1780 | J14: =M14+P14 -> 1790 | K14: =N14+Q14 -> 1860 | L14: =L13 -> 2000 | M14: =M13 -> 2000 | N14: =N13 -> 2000 | O14: =O13-R14 -> -220 | P14: =P13-S14 -> -210 | Q14: =Q13-T14 -> -140 | R14: 0 | S14: 0 | T14: 0 | U14: =U13-R14 -> 0 | V14: =V13-S14 -> 0 | W14: =W13-T14 -> 0 | X14: -0.21 | AD14: 45273
A15: 4 | B15: 14/12/2023 | C15: =C14 -> 1069 | D15: =D14-2 -> 1717 | E15: =C15+D15 -> 2786 | F15: =C15+D15-I15 -> 1006 | G15: =C15+D15-J15 -> 996 | H15: =D15+C15-K15 -> 926 | I15: =L15+O15 -> 1780 | J15: =M15+P15 -> 1790 | K15: =N15+Q15 -> 1860 | L15: =L14 -> 2000 | M15: =M14 -> 2000 | N15: =N14 -> 2000 | O15: =O14-R15 -> -220 | P15: =P14-S15 -> -210 | Q15: =Q14-T15 -> -140 | R15: 0 | S15: 0 | T15: 0 | U15: =U14-R15 -> 0 | V15: =V14-S15 -> 0 | W15: =W14-T15 -> 0 | X15: -0.21 | AD15: 45277
A16: 5 | B16: 15/12/2023 | C16: =C15 -> 1069 | D16: =D15-2 -> 1715 | E16: =C16+D16 -> 2784 | F16: =C16+D16-I16 -> 1004 | G16: =C16+D16-J16 -> 994 | H16: =D16+C16-K16 -> 924 | I16: =L16+O16 -> 1780 | J16: =M16+P16 -> 1790 | K16: =N16+Q16 -> 1860 | L16: =L15 -> 2000 | M16: =M15 -> 2000 | N16: =N15 -> 2000 | O16: =O15-R16 -> -220 | P16: =P15-S16 -> -210 | Q16: =Q15-T16 -> -140 | R16: 0 | S16: 0 | T16: 0 | U16: =U15-R16 -> 0 | V16: =V15-S16 -> 0 | W16: =W15-T16 -> 0 | X16: -0.21 | AD16: 45281
A17: 6 | B17: 16/12/2023 | C17: =C16 -> 1069 | D17: =D16-2 -> 1713 | E17: =C17+D17 -> 2782 | F17: =C17+D17-I17 -> 1002 | G17: =C17+D17-J17 -> 992 | H17: =D17+C17-K17 -> 922 | I17: =L17+O17 -> 1780 | J17: =M17+P17 -> 1790 | K17: =N17+Q17 -> 1860 | L17: =L16 -> 2000 | M17: =M16 -> 2000 | N17: =N16 -> 2000 | O17: =O16-R17 -> -220 | P17: =P16-S17 -> -210 | Q17: =Q16-T17 -> -140 | R17: 0 | S17: 0 | T17: 0 | U17: =U16-R17 -> 0 | V17: =V16-S17 -> 0 | W17: =W16-T17 -> 0 | X17: -0.21 | AD17: 45287
A18: 7 | B18: 17/12/2023 | C18: =C17 -> 1069 | D18: =D17-2 -> 1711 | E18: =C18+D18 -> 2780 | F18: =C18+D18-I18 -> 1000 | G18: =C18+D18-J18 -> 990 | H18: =D18+C18-K18 -> 920 | I18: =L18+O18 -> 1780 | J18: =M18+P18 -> 1790 | K18: =N18+Q18 -> 1860 | L18: =L17 -> 2000 | M18: =M17 -> 2000 | N18: =N17 -> 2000 | O18: =O17-R18 -> -220 | P18: =P17-S18 -> -210 | Q18: =Q17-T18 -> -140 | R18: 0 | S18: 0 | T18: 0 | U18: =U17-R18 -> 0 | V18: =V17-S18 -> 0 | W18: =W17-T18 -> 0 | X18: -0.21 | AD18: 45293
A19: 8 | B19: 18/12/2023 | C19: =C18 -> 1069 | D19: =D18-2 -> 1709 | E19: =C19+D19 -> 2778 | F19: =C19+D19-I19 -> 998 | G19: =C19+D19-J19 -> 988 | H19: =D19+C19-K19 -> 918 | I19: =L19+O19 -> 1780 | J19: =M19+P19 -> 1790 | K19: =N19+Q19 -> 1860 | L19: =L18 -> 2000 | M19: =M18 -> 2000 | N19: =N18 -> 2000 | O19: =O18-R19 -> -220 | P19: =P18-S19 -> -210 | Q19: =Q18-T19 -> -140 | R19: 0 | S19: 0 | T19: 0 | U19: =U18-R19 -> 0 | V19: =V18-S19 -> 0 | W19: =W18-T19 -> 0 | X19: -0.21 | AD19: 45299
A20: 9 | B20: 19/12/2023 | C20: =C19 -> 1069 | D20: =D19-2 -> 1707 | E20: =C20+D20 -> 2776 | F20: =C20+D20-I20 -> 996 | G20: =C20+D20-J20 -> 986 | H20: =D20+C20-K20 -> 916 | I20: =L20+O20 -> 1780 | J20: =M20+P20 -> 1790 | K20: =N20+Q20 -> 1860 | L20: =L19 -> 2000 | M20: =M19 -> 2000 | N20: =N19 -> 2000 | O20: =O19-R20 -> -220 | P20: =P19-S20 -> -210 | Q20: =Q19-T20 -> -140 | R20: 0 | S20: 0 | T20: 0 | U20: =U19-R20 -> 0 | V20: =V19-S20 -> 0 | W20: =W19-T20 -> 0 | X20: -0.21 | AD20: 45305
A21: 10 | B21: 20/12/2023 | C21: =C20 -> 1069 | D21: =D20-2 -> 1705 | E21: =C21+D21 -> 2774 | F21: =C21+D21-I21 -> 994 | G21: =C21+D21-J21 -> 984 | H21: =D21+C21-K21 -> 914 | I21: =L21+O21 -> 1780 | J21: =M21+P21 -> 1790 | K21: =N21+Q21 -> 1860 | L21: =L20 -> 2000 | M21: =M20 -> 2000 | N21: =N20 -> 2000 | O21: =O20-R21 -> -220 | P21: =P20-S21 -> -210 | Q21: =Q20-T21 -> -140 | R21: 0 | S21: 0 | T21: 0 | U21: =U20-R21 -> 0 | V21: =V20-S21 -> 0 | W21: =W20-T21 -> 0 | X21: -0.21 | AD21: 45311
A22: 11 | B22: 21/12/2023 | C22: =C21 -> 1069 | D22: =D21-2 -> 1703 | E22: =C22+D22 -> 2772 | F22: =C22+D22-I22 -> 992 | G22: =C22+D22-J22 -> 982 | H22: =D22+C22-K22 -> 912 | I22: =L22+O22 -> 1780 | J22: =M22+P22 -> 1790 | K22: =N22+Q22 -> 1860 | L22: =L21 -> 2000 | M22: =M21 -> 2000 | N22: =N21 -> 2000 | O22: =O21-R22 -> -220 | P22: =P21-S22 -> -210 | Q22: =Q21-T22 -> -140 | R22: 0 | S22: 0 | T22: 0 | U22: =U21-R22 -> 0 | V22: =V21-S22 -> 0 | W22: =W21-T22 -> 0 | X22: -0.21 | AD22: 45396
A23: 12 | B23: 22/12/2023 | C23: =C22 -> 1069 | D23: =D22-2 -> 1701 | E23: =C23+D23 -> 2770 | F23: =C23+D23-I23 -> 990 | G23: =C23+D23-J23 -> 980 | H23: =D23+C23-K23 -> 910 | I23: =L23+O23 -> 1780 | J23: =M23+P23 -> 1790 | K23: =N23+Q23 -> 1860 | L23: =L22 -> 2000 | M23: =M22 -> 2000 | N23: =N22 -> 2000 | O23: =O22-R23 -> -220 | P23: =P22-S23 -> -210 | Q23: =Q22-T23 -> -140 | R23: 0 | S23: 0 | T23: 0 | U23: =U22-R23 -> 0 | V23: =V22-S23 -> 0 | W23: =W22-T23 -> 0 | X23: -0.21 | AD23: 45400
A24: 13 | B24: 23/12/2023 | C24: =C23 -> 1069 | D24: =D23-2 -> 1699 | E24: =C24+D24 -> 2768 | F24: =C24+D24-I24 -> 988 | G24: =C24+D24-J24 -> 978 | H24: =D24+C24-K24 -> 908 | I24: =L24+O24 -> 1780 | J24: =M24+P24 -> 1790 | K24: =N24+Q24 -> 1860 | L24: =L23 -> 2000 | M24: =M23 -> 2000 | N24: =N23 -> 2000 | O24: =O23-R24 -> -220 | P24: =P23-S24 -> -210 | Q24: =Q23-T24 -> -140 | R24: 0 | S24: 0 | T24: 0 | U24: =U23-R24 -> 0 | V24: =V23-S24 -> 0 | W24: =W23-T24 -> 0 | X24: -0.21 | AD24: 45405
A25: 14 | B25: 24/12/2023 | C25: =C24 -> 1069 | D25: =D24-2 -> 1697 | E25: =C25+D25 -> 2766 | F25: =C25+D25-I25 -> 986 | G25: =C25+D25-J25 -> 976 | H25: =D25+C25-K25 -> 906 | I25: =L25+O25 -> 1780 | J25: =M25+P25 -> 1790 | K25: =N25+Q25 -> 1860 | L25: =L24 -> 2000 | M25: =M24 -> 2000 | N25: =N24 -> 2000 | O25: =O24-R25 -> -220 | P25: =P24-S25 -> -210 | Q25: =Q24-T25 -> -140 | R25: 0 | S25: 0 | T25: 0 | U25: =U24-R25 -> 0 | V25: =V24-S25 -> 0 | W25: =W24-T25 -> 0 | X25: -0.21
A26: 15 | B26: 25/12/2023 | C26: =C25 -> 1069 | D26: =D25-2 -> 1695 | E26: =C26+D26 -> 2764 | F26: =C26+D26-I26 -> 984 | G26: =C26+D26-J26 -> 974 | H26: =D26+C26-K26 -> 904 | I26: =L26+O26 -> 1780 | J26: =M26+P26 -> 1790 | K26: =N26+Q26 -> 1860 | L26: =L25 -> 2000 | M26: =M25 -> 2000 | N26: =N25 -> 2000 | O26: =O25-R26 -> -220 | P26: =P25-S26 -> -210 | Q26: =Q25-T26 -> -140 | R26: 0 | S26: 0 | T26: 0 | U26: =U25-R26 -> 0 | V26: =V25-S26 -> 0 | W26: =W25-T26 -> 0 | X26: -0.21
A27: 16 | B27: 26/12/2023 | C27: =C26 -> 1069 | D27: =D26-2 -> 1693 | E27: =C27+D27 -> 2762 | F27: =C27+D27-I27 -> 982 | G27: =C27+D27-J27 -> 972 | H27: =D27+C27-K27 -> 902 | I27: =L27+O27 -> 1780 | J27: =M27+P27 -> 1790 | K27: =N27+Q27 -> 1860 | L27: =L26 -> 2000 | M27: =M26 -> 2000 | N27: =N26 -> 2000 | O27: =O26-R27 -> -220 | P27: =P26-S27 -> -210 | Q27: =Q26-T27 -> -140 | R27: 0 | S27: 0 | T27: 0 | U27: =U26-R27 -> 0 | V27: =V26-S27 -> 0 | W27: =W26-T27 -> 0 | X27: -0.21
A28: 17 | B28: 27/12/2023 | C28: =C27 -> 1069 | D28: =D27-2 -> 1691 | E28: =C28+D28 -> 2760 | F28: =C28+D28-I28 -> 987 | G28: =C28+D28-J28 -> 978 | H28: =D28+C28-K28 -> 908 | I28: =L28+O28 -> 1773 | J28: =M28+P28 -> 1782 | K28: =N28+Q28 -> 1852 | L28: =L27 -> 2000 | M28: =M27 -> 2000 | N28: =N27 -> 2000 | O28: =O27-R28 -> -227 | P28: =P27-S28 -> -218 | Q28: =Q27-T28 -> -148 | R28: 7 | S28: 8 | T28: 8 | U28: =U27-R28 -> -7 | V28: =V27-S28 -> -8 | W28: =W27-T28 -> -8 | X28: -0.108 | AB28: 8
A29: 18 | B29: 28/12/2023 | C29: =C28 -> 1069 | D29: =D28-2 -> 1689 | E29: =C29+D29 -> 2758 | F29: =C29+D29-I29 -> 988 | G29: =C29+D29-J29 -> 979 | H29: =D29+C29-K29 -> 912 | I29: =L29+O29 -> 1770 | J29: =M29+P29 -> 1779 | K29: =N29+Q29 -> 1846 | L29: =L28 -> 2000 | M29: =M28 -> 2000 | N29: =N28 -> 2000 | O29: =O28-R29 -> -230 | P29: =P28-S29 -> -221 | Q29: =Q28-T29 -> -154 | R29: 3 | S29: 3 | T29: 6 | U29: =U28-R29 -> -10 | V29: =V28-S29 -> -11 | W29: =W28-T29 -> -14 | X29: -0.111
A30: 19 | B30: 29/12/2023 | C30: =C29 -> 1069 | D30: =D29-2 -> 1687 | E30: =C30+D30 -> 2756 | F30: =C30+D30-I30 -> 990 | G30: =C30+D30-J30 -> 981 | H30: =D30+C30-K30 -> 916 | I30: =L30+O30 -> 1766 | J30: =M30+P30 -> 1775 | K30: =N30+Q30 -> 1840 | L30: =L29 -> 2000 | M30: =M29 -> 2000 | N30: =N29 -> 2000 | O30: =O29-R30 -> -234 | P30: =P29-S30 -> -225 | Q30: =Q29-T30 -> -160 | R30: 4 | S30: 4 | T30: 6 | U30: =U29-R30 -> -14 | V30: =V29-S30 -> -15 | W30: =W29-T30 -> -20 | X30: -0.115
A31: 20 | B31: 30/12/2023 | C31: =C30 -> 1069 | D31: =D30-2 -> 1685 | E31: =C31+D31 -> 2754 | F31: =C31+D31-I31 -> 993 | G31: =C31+D31-J31 -> 981 | H31: =D31+C31-K31 -> 920 | I31: =L31+O31 -> 1761 | J31: =M31+P31 -> 1773 | K31: =N31+Q31 -> 1834 | L31: =L30 -> 2000 | M31: =M30 -> 2000 | N31: =N30 -> 2000 | O31: =O30-R31 -> -239 | P31: =P30-S31 -> -227 | Q31: =Q30-T31 -> -166 | R31: 5 | S31: 2 | T31: 6 | U31: =U30-R31 -> -19 | V31: =V30-S31 -> -17 | W31: =W30-T31 -> -26 | X31: -0.117
A32: 21 | B32: 31/12/2023 | C32: =C31 -> 1069 | D32: =D31-2 -> 1683 | E32: =C32+D32 -> 2752 | F32: =C32+D32-I32 -> 1000 | G32: =C32+D32-J32 -> 987 | H32: =D32+C32-K32 -> 927 | I32: =L32+O32 -> 1752 | J32: =M32+P32 -> 1765 | K32: =N32+Q32 -> 1825 | L32: =L31 -> 2000 | M32: =M31 -> 2000 | N32: =N31 -> 2000 | O32: =O31-R32 -> -248 | P32: =P31-S32 -> -235 | Q32: =Q31-T32 -> -175 | R32: 9 | S32: 8 | T32: 9 | U32: =U31-R32 -> -28 | V32: =V31-S32 -> -25 | W32: =W31-T32 -> -35 | X32: -0.125
A33: 22 | B33: 01/01/2024 | C33: =C32 -> 1069 | D33: =D32-2 -> 1681 | E33: =C33+D33 -> 2750 | F33: =C33+D33-I33 -> 1002 | G33: =C33+D33-J33 -> 988 | H33: =D33+C33-K33 -> 928 | I33: =L33+O33 -> 1748 | J33: =M33+P33 -> 1762 | K33: =N33+Q33 -> 1822 | L33: =L32 -> 2000 | M33: =M32 -> 2000 | N33: =N32 -> 2000 | O33: =O32-R33 -> -252 | P33: =P32-S33 -> -238 | Q33: =Q32-T33 -> -178 | R33: 4 | S33: 3 | T33: 3 | U33: =U32-R33 -> -32 | V33: =V32-S33 -> -28 | W33: =W32-T33 -> -38 | X33: -0.128
A34: 23 | B34: 02/01/2024 | C34: =C33 -> 1069 | D34: =D33-2 -> 1679 | E34: =C34+D34 -> 2748 | F34: =C34+D34-I34 -> 1004 | G34: =C34+D34-J34 -> 991 | H34: =D34+C34-K34 -> 929 | I34: =L34+O34 -> 1744 | J34: =M34+P34 -> 1757 | K34: =N34+Q34 -> 1819 | L34: =L33 -> 2000 | M34: =M33 -> 2000 | N34: =N33 -> 2000 | O34: =O33-R34 -> -256 | P34: =P33-S34 -> -243 | Q34: =Q33-T34 -> -181 | R34: 4 | S34: 5 | T34: 3 | U34: =U33-R34 -> -36 | V34: =V33-S34 -> -33 | W34: =W33-T34 -> -41 | X34: 0.167 | Y34: 0.3 | Z34: =Z33+Y34 -> 0.3 | AB34: 7
A35: 24 | B35: 03/01/2024 | C35: =C34 -> 1069 | D35: =D34-2 -> 1677 | E35: =C35+D35 -> 2746 | F35: =C35+D35-I35 -> 1006 | G35: =C35+D35-J35 -> 993 | H35: =D35+C35-K35 -> 930 | I35: =L35+O35 -> 1740 | J35: =M35+P35 -> 1753 | K35: =N35+Q35 -> 1816 | L35: =L34 -> 2000 | M35: =M34 -> 2000 | N35: =N34 -> 2000 | O35: =O34-R35 -> -260 | P35: =P34-S35 -> -247 | Q35: =Q34-T35 -> -184 | R35: 4 | S35: 4 | T35: 3 | U35: =U34-R35 -> -40 | V35: =V34-S35 -> -37 | W35: =W34-T35 -> -44 | X35: 0.163 | Z35: =Z34+Y35 -> 0.3
A36: 25 | B36: 04/01/2024 | C36: =C35 -> 1069 | D36: =D35-2 -> 1675 | E36: =C36+D36 -> 2744 | F36: =C36+D36-I36 -> 1007 | G36: =C36+D36-J36 -> 994 | H36: =D36+C36-K36 -> 930 | I36: =L36+O36 -> 1737 | J36: =M36+P36 -> 1750 | K36: =N36+Q36 -> 1814 | L36: =L35 -> 2000 | M36: =M35 -> 2000 | N36: =N35 -> 2000 | O36: =O35-R36 -> -263 | P36: =P35-S36 -> -250 | Q36: =Q35-T36 -> -186 | R36: 3 | S36: 3 | T36: 2 | U36: =U35-R36 -> -43 | V36: =V35-S36 -> -40 | W36: =W35-T36 -> -46 | X36: 0.16 | Z36: =Z35+Y36 -> 0.3
A37: 26 | B37: 05/01/2024 | C37: =C36 -> 1069 | D37: =D36-2 -> 1673 | E37: =C37+D37 -> 2742 | F37: =C37+D37-I37 -> 1007 | G37: =C37+D37-J37 -> 995 | H37: =D37+C37-K37 -> 930 | I37: =L37+O37 -> 1735 | J37: =M37+P37 -> 1747 | K37: =N37+Q37 -> 1812 | L37: =L36 -> 2000 | M37: =M36 -> 2000 | N37: =N36 -> 2000 | O37: =O36-R37 -> -265 | P37: =P36-S37 -> -253 | Q37: =Q36-T37 -> -188 | R37: 2 | S37: 3 | T37: 2 | U37: =U36-R37 -> -45 | V37: =V36-S37 -> -43 | W37: =W36-T37 -> -48 | X37: 0.157 | Z37: =Z36+Y37 -> 0.3
A38: 27 | B38: 06/01/2024 | C38: =C37 -> 1069 | D38: =D37-2 -> 1671 | E38: =C38+D38 -> 2740 | F38: =C38+D38-I38 -> 1006 | G38: =C38+D38-J38 -> 994 | H38: =D38+C38-K38 -> 929 | I38: =L38+O38 -> 1734 | J38: =M38+P38 -> 1746 | K38: =N38+Q38 -> 1811 | L38: =L37 -> 2000 | M38: =M37 -> 2000 | N38: =N37 -> 2000 | O38: =O37-R38 -> -266 | P38: =P37-S38 -> -254 | Q38: =Q37-T38 -> -189 | R38: 1 | S38: 1 | T38: 1 | U38: =U37-R38 -> -46 | V38: =V37-S38 -> -44 | W38: =W37-T38 -> -49 | X38: 0.156 | Z38: =Z37+Y38 -> 0.3
A39: 28 | B39: 07/01/2024 | C39: =C38 -> 1069 | D39: =D38-2 -> 1669 | E39: =C39+D39 -> 2738 | F39: =C39+D39-I39 -> 1004 | G39: =C39+D39-J39 -> 992 | H39: =D39+C39-K39 -> 927 | I39: =L39+O39 -> 1734 | J39: =M39+P39 -> 1746 | K39: =N39+Q39 -> 1811 | L39: =L38 -> 2000 | M39: =M38 -> 2000 | N39: =N38 -> 2000 | O39: =O38-R39 -> -266 | P39: =P38-S39 -> -254 | Q39: =Q38-T39 -> -189 | R39: 0 | S39: 0 | T39: 0 | U39: =U38-R39 -> -46 | V39: =V38-S39 -> -44 | W39: =W38-T39 -> -49 | X39: 0.156 | Z39: =Z38+Y39 -> 0.3
A40: 29 | B40: 08/01/2024 | C40: =C39 -> 1069 | D40: =D39-2 -> 1667 | E40: =C40+D40 -> 2736 | F40: =C40+D40-I40 -> 1006 | G40: =C40+D40-J40 -> 995 | H40: =D40+C40-K40 -> 928 | I40: =L40+O40 -> 1730 | J40: =M40+P40 -> 1741 | K40: =N40+Q40 -> 1808 | L40: =L39 -> 2000 | M40: =M39 -> 2000 | N40: =N39 -> 2000 | O40: =O39-R40 -> -270 | P40: =P39-S40 -> -259 | Q40: =Q39-T40 -> -192 | R40: 4 | S40: 5 | T40: 3 | U40: =U39-R40 -> -50 | V40: =V39-S40 -> -49 | W40: =W39-T40 -> -52 | X40: 0.451 | Y40: 0.3 | Z40: =Z39+Y40 -> 0.6 | AB40: 6
A41: 30 | B41: 09/01/2024 | C41: =C40 -> 1069 | D41: =D40-2 -> 1665 | E41: =C41+D41 -> 2734 | F41: =C41+D41-I41 -> 1008 | G41: =C41+D41-J41 -> 997 | H41: =D41+C41-K41 -> 929 | I41: =L41+O41 -> 1726 | J41: =M41+P41 -> 1737 | K41: =N41+Q41 -> 1805 | L41: =L40 -> 2000 | M41: =M40 -> 2000 | N41: =N40 -> 2000 | O41: =O40-R41 -> -274 | P41: =P40-S41 -> -263 | Q41: =Q40-T41 -> -195 | R41: 4 | S41: 4 | T41: 3 | U41: =U40-R41 -> -54 | V41: =V40-S41 -> -53 | W41: =W40-T41 -> -55 | X41: 0.447 | Z41: =Z40+Y41 -> 0.6
A42: 31 | B42: 10/01/2024 | C42: =C41 -> 1069 | D42: =D41-2 -> 1663 | E42: =C42+D42 -> 2732 | F42: =C42+D42-I42 -> 1009 | G42: =C42+D42-J42 -> 998 | H42: =D42+C42-K42 -> 929 | I42: =L42+O42 -> 1723 | J42: =M42+P42 -> 1734 | K42: =N42+Q42 -> 1803 | L42: =L41 -> 2000 | M42: =M41 -> 2000 | N42: =N41 -> 2000 | O42: =O41-R42 -> -277 | P42: =P41-S42 -> -266 | Q42: =Q41-T42 -> -197 | R42: 3 | S42: 3 | T42: 2 | U42: =U41-R42 -> -57 | V42: =V41-S42 -> -56 | W42: =W41-T42 -> -57 | X42: 0.444 | Z42: =Z41+Y42 -> 0.6
A43: 32 | B43: 11/01/2024 | C43: =C42 -> 1069 | D43: =D42-2 -> 1661 | E43: =C43+D43 -> 2730 | F43: =C43+D43-I43 -> 1009 | G43: =C43+D43-J43 -> 999 | H43: =D43+C43-K43 -> 929 | I43: =L43+O43 -> 1721 | J43: =M43+P43 -> 1731 | K43: =N43+Q43 -> 1801 | L43: =L42 -> 2000 | M43: =M42 -> 2000 | N43: =N42 -> 2000 | O43: =O42-R43 -> -279 | P43: =P42-S43 -> -269 | Q43: =Q42-T43 -> -199 | R43: 2 | S43: 3 | T43: 2 | U43: =U42-R43 -> -59 | V43: =V42-S43 -> -59 | W43: =W42-T43 -> -59 | X43: 0.441 | Z43: =Z42+Y43 -> 0.6
A44: 33 | B44: 12/01/2024 | C44: =C43 -> 1069 | D44: =D43-2 -> 1659 | E44: =C44+D44 -> 2728 | F44: =C44+D44-I44 -> 1008 | G44: =C44+D44-J44 -> 998 | H44: =D44+C44-K44 -> 928 | I44: =L44+O44 -> 1720 | J44: =M44+P44 -> 1730 | K44: =N44+Q44 -> 1800 | L44: =L43 -> 2000 | M44: =M43 -> 2000 | N44: =N43 -> 2000 | O44: =O43-R44 -> -280 | P44: =P43-S44 -> -270 | Q44: =Q43-T44 -> -200 | R44: 1 | S44: 1 | T44: 1 | U44: =U43-R44 -> -60 | V44: =V43-S44 -> -60 | W44: =W43-T44 -> -60 | X44: 0.44 | Z44: =Z43+Y44 -> 0.6
A45: 34 | B45: 13/01/2024 | C45: =C44 -> 1069 | D45: =D44-2 -> 1657 | E45: =C45+D45 -> 2726 | F45: =C45+D45-I45 -> 1006 | G45: =C45+D45-J45 -> 996 | H45: =D45+C45-K45 -> 926 | I45: =L45+O45 -> 1720 | J45: =M45+P45 -> 1730 | K45: =N45+Q45 -> 1800 | L45: =L44 -> 2000 | M45: =M44 -> 2000 | N45: =N44 -> 2000 | O45: =O44-R45 -> -280 | P45: =P44-S45 -> -270 | Q45: =Q44-T45 -> -200 | R45: 0 | S45: 0 | T45: 0 | U45: =U44-R45 -> -60 | V45: =V44-S45 -> -60 | W45: =W44-T45 -> -60 | X45: 0.44 | Z45: =Z44+Y45 -> 0.6
A46: 35 | B46: 14/01/2024 | C46: =C45 -> 1069 | D46: =D45-2 -> 1655 | E46: =C46+D46 -> 2724 | F46: =C46+D46-I46 -> 1008 | G46: =C46+D46-J46 -> 999 | H46: =D46+C46-K46 -> 927 | I46: =L46+O46 -> 1716 | J46: =M46+P46 -> 1725 | K46: =N46+Q46 -> 1797 | L46: =L45 -> 2000 | M46: =M45 -> 2000 | N46: =N45 -> 2000 | O46: =O45-R46 -> -284 | P46: =P45-S46 -> -275 | Q46: =Q45-T46 -> -203 | R46: 4 | S46: 5 | T46: 3 | U46: =U45-R46 -> -64 | V46: =V45-S46 -> -65 | W46: =W45-T46 -> -63 | X46: 0.735 | Y46: 0.3 | Z46: =Z45+Y46 -> 0.9 | AB46: 5
A47: 36 | B47: 15/01/2024 | C47: =C46 -> 1069 | D47: =D46-2 -> 1653 | E47: =C47+D47 -> 2722 | F47: =C47+D47-I47 -> 1010 | G47: =C47+D47-J47 -> 1001 | H47: =D47+C47-K47 -> 928 | I47: =L47+O47 -> 1712 | J47: =M47+P47 -> 1721 | K47: =N47+Q47 -> 1794 | L47: =L46 -> 2000 | M47: =M46 -> 2000 | N47: =N46 -> 2000 | O47: =O46-R47 -> -288 | P47: =P46-S47 -> -279 | Q47: =Q46-T47 -> -206 | R47: 4 | S47: 4 | T47: 3 | U47: =U46-R47 -> -68 | V47: =V46-S47 -> -69 | W47: =W46-T47 -> -66 | X47: 0.731 | Z47: =Z46+Y47 -> 0.9
A48: 37 | B48: 16/01/2024 | C48: =C47 -> 1069 | D48: =D47-2 -> 1651 | E48: =C48+D48 -> 2720 | F48: =C48+D48-I48 -> 1011 | G48: =C48+D48-J48 -> 1002 | H48: =D48+C48-K48 -> 928 | I48: =L48+O48 -> 1709 | J48: =M48+P48 -> 1718 | K48: =N48+Q48 -> 1792 | L48: =L47 -> 2000 | M48: =M47 -> 2000 | N48: =N47 -> 2000 | O48: =O47-R48 -> -291 | P48: =P47-S48 -> -282 | Q48: =Q47-T48 -> -208 | R48: 3 | S48: 3 | T48: 2 | U48: =U47-R48 -> -71 | V48: =V47-S48 -> -72 | W48: =W47-T48 -> -68 | X48: 0.728 | Z48: =Z47+Y48 -> 0.9
A49: 38 | B49: 17/01/2024 | C49: =C48 -> 1069 | D49: =D48-2 -> 1649 | E49: =C49+D49 -> 2718 | F49: =C49+D49-I49 -> 1011 | G49: =C49+D49-J49 -> 1003 | H49: =D49+C49-K49 -> 928 | I49: =L49+O49 -> 1707 | J49: =M49+P49 -> 1715 | K49: =N49+Q49 -> 1790 | L49: =L48 -> 2000 | M49: =M48 -> 2000 | N49: =N48 -> 2000 | O49: =O48-R49 -> -293 | P49: =P48-S49 -> -285 | Q49: =Q48-T49 -> -210 | R49: 2 | S49: 3 | T49: 2 | U49: =U48-R49 -> -73 | V49: =V48-S49 -> -75 | W49: =W48-T49 -> -70 | X49: 0.725 | Z49: =Z48+Y49 -> 0.9
A50: 39 | B50: 18/01/2024 | C50: =C49 -> 1069 | D50: =D49-2 -> 1647 | E50: =C50+D50 -> 2716 | F50: =C50+D50-I50 -> 1010 | G50: =C50+D50-J50 -> 1002 | H50: =D50+C50-K50 -> 927 | I50: =L50+O50 -> 1706 | J50: =M50+P50 -> 1714 | K50: =N50+Q50 -> 1789 | L50: =L49 -> 2000 | M50: =M49 -> 2000 | N50: =N49 -> 2000 | O50: =O49-R50 -> -294 | P50: =P49-S50 -> -286 | Q50: =Q49-T50 -> -211 | R50: 1 | S50: 1 | T50: 1 | U50: =U49-R50 -> -74 | V50: =V49-S50 -> -76 | W50: =W49-T50 -> -71 | X50: 0.724 | Z50: =Z49+Y50 -> 0.9
A51: 40 | B51: 19/01/2024 | C51: =C50 -> 1069 | D51: =D50-2 -> 1645 | E51: =C51+D51 -> 2714 | F51: =C51+D51-I51 -> 1008 | G51: =C51+D51-J51 -> 1000 | H51: =D51+C51-K51 -> 925 | I51: =L51+O51 -> 1706 | J51: =M51+P51 -> 1714 | K51: =N51+Q51 -> 1789 | L51: =L50 -> 2000 | M51: =M50 -> 2000 | N51: =N50 -> 2000 | O51: =O50-R51 -> -294 | P51: =P50-S51 -> -286 | Q51: =Q50-T51 -> -211 | R51: 0 | S51: 0 | T51: 0 | U51: =U50-R51 -> -74 | V51: =V50-S51 -> -76 | W51: =W50-T51 -> -71 | X51: 0.724 | Z51: =Z50+Y51 -> 0.9
A52: 41 | B52: 20/01/2024 | C52: =C51 -> 1069 | D52: =D51-2 -> 1643 | E52: =C52+D52 -> 2712 | F52: =C52+D52-I52 -> 1011 | G52: =C52+D52-J52 -> 1003 | H52: =D52+C52-K52 -> 927 | I52: =L52+O52 -> 1701 | J52: =M52+P52 -> 1709 | K52: =N52+Q52 -> 1785 | L52: =L51 -> 2000 | M52: =M51 -> 2000 | N52: =N51 -> 2000 | O52: =O51-R52 -> -299 | P52: =P51-S52 -> -291 | Q52: =Q51-T52 -> -215 | R52: 5 | S52: 5 | T52: 4 | U52: =U51-R52 -> -79 | V52: =V51-S52 -> -81 | W52: =W51-T52 -> -75 | X52: 1.019 | Y52: 0.3 | Z52: =Z51+Y52 -> 1.2 | AB52: 4
A53: 42 | B53: 21/01/2024 | C53: =C52 -> 1069 | D53: =D52-2 -> 1641 | E53: =C53+D53 -> 2710 | F53: =C53+D53-I53 -> 1014 | G53: =C53+D53-J53 -> 1006 | H53: =D53+C53-K53 -> 929 | I53: =L53+O53 -> 1696 | J53: =M53+P53 -> 1704 | K53: =N53+Q53 -> 1781 | L53: =L52 -> 2000 | M53: =M52 -> 2000 | N53: =N52 -> 2000 | O53: =O52-R53 -> -304 | P53: =P52-S53 -> -296 | Q53: =Q52-T53 -> -219 | R53: 5 | S53: 5 | T53: 4 | U53: =U52-R53 -> -84 | V53: =V52-S53 -> -86 | W53: =W52-T53 -> -79 | X53: 1.014 | Z53: =Z52+Y53 -> 1.2
A54: 43 | B54: 22/01/2024 | C54: =C53 -> 1069 | D54: =D53-2 -> 1639 | E54: =C54+D54 -> 2708 | F54: =C54+D54-I54 -> 1017 | G54: =C54+D54-J54 -> 1009 | H54: =D54+C54-K54 -> 931 | I54: =L54+O54 -> 1691 | J54: =M54+P54 -> 1699 | K54: =N54+Q54 -> 1777 | L54: =L53 -> 2000 | M54: =M53 -> 2000 | N54: =N53 -> 2000 | O54: =O53-R54 -> -309 | P54: =P53-S54 -> -301 | Q54: =Q53-T54 -> -223 | R54: 5 | S54: 5 | T54: 4 | U54: =U53-R54 -> -89 | V54: =V53-S54 -> -91 | W54: =W53-T54 -> -83 | X54: 1.009 | Z54: =Z53+Y54 -> 1.2
A55: 44 | B55: 23/01/2024 | C55: =C54 -> 1069 | D55: =D54-2 -> 1637 | E55: =C55+D55 -> 2706 | F55: =C55+D55-I55 -> 1020 | G55: =C55+D55-J55 -> 1012 | H55: =D55+C55-K55 -> 933 | I55: =L55+O55 -> 1686 | J55: =M55+P55 -> 1694 | K55: =N55+Q55 -> 1773 | L55: =L54 -> 2000 | M55: =M54 -> 2000 | N55: =N54 -> 2000 | O55: =O54-R55 -> -314 | P55: =P54-S55 -> -306 | Q55: =Q54-T55 -> -227 | R55: 5 | S55: 5 | T55: 4 | U55: =U54-R55 -> -94 | V55: =V54-S55 -> -96 | W55: =W54-T55 -> -87 | X55: 1.004 | Z55: =Z54+Y55 -> 1.2
A56: 45 | B56: 24/01/2024 | C56: =C55 -> 1069 | D56: =D55-2 -> 1635 | E56: =C56+D56 -> 2704 | F56: =C56+D56-I56 -> 1023 | G56: =C56+D56-J56 -> 1015 | H56: =D56+C56-K56 -> 935 | I56: =L56+O56 -> 1681 | J56: =M56+P56 -> 1689 | K56: =N56+Q56 -> 1769 | L56: =L55 -> 2000 | M56: =M55 -> 2000 | N56: =N55 -> 2000 | O56: =O55-R56 -> -319 | P56: =P55-S56 -> -311 | Q56: =Q55-T56 -> -231 | R56: 5 | S56: 5 | T56: 4 | U56: =U55-R56 -> -99 | V56: =V55-S56 -> -101 | W56: =W55-T56 -> -91 | X56: 0.999 | Z56: =Z55+Y56 -> 1.2
A57: 46 | B57: 25/01/2024 | C57: =C56 -> 1069 | D57: =D56-2 -> 1633 | E57: =C57+D57 -> 2702 | F57: =C57+D57-I57 -> 1026 | G57: =C57+D57-J57 -> 1018 | H57: =D57+C57-K57 -> 937 | I57: =L57+O57 -> 1676 | J57: =M57+P57 -> 1684 | K57: =N57+Q57 -> 1765 | L57: =L56 -> 2000 | M57: =M56 -> 2000 | N57: =N56 -> 2000 | O57: =O56-R57 -> -324 | P57: =P56-S57 -> -316 | Q57: =Q56-T57 -> -235 | R57: 5 | S57: 5 | T57: 4 | U57: =U56-R57 -> -104 | V57: =V56-S57 -> -106 | W57: =W56-T57 -> -95 | X57: 0.994 | Z57: =Z56+Y57 -> 1.2
A58: 47 | B58: 26/01/2024 | C58: =C57 -> 1069 | D58: =D57-2 -> 1631 | E58: =C58+D58 -> 2700 | F58: =C58+D58-I58 -> 1029 | G58: =C58+D58-J58 -> 1021 | H58: =D58+C58-K58 -> 939 | I58: =L58+O58 -> 1671 | J58: =M58+P58 -> 1679 | K58: =N58+Q58 -> 1761 | L58: =L57 -> 2000 | M58: =M57 -> 2000 | N58: =N57 -> 2000 | O58: =O57-R58 -> -329 | P58: =P57-S58 -> -321 | Q58: =Q57-T58 -> -239 | R58: 5 | S58: 5 | T58: 4 | U58: =U57-R58 -> -109 | V58: =V57-S58 -> -111 | W58: =W57-T58 -> -99 | X58: 0.989 | Z58: =Z57+Y58 -> 1.2
A59: 48 | B59: 27/01/2024 | C59: =C58 -> 1069 | D59: =D58-2 -> 1629 | E59: =C59+D59 -> 2698 | F59: =C59+D59-I59 -> 1032 | G59: =C59+D59-J59 -> 1024 | H59: =D59+C59-K59 -> 941 | I59: =L59+O59 -> 1666 | J59: =M59+P59 -> 1674 | K59: =N59+Q59 -> 1757 | L59: =L58 -> 2000 | M59: =M58 -> 2000 | N59: =N58 -> 2000 | O59: =O58-R59 -> -334 | P59: =P58-S59 -> -326 | Q59: =Q58-T59 -> -243 | R59: 5 | S59: 5 | T59: 4 | U59: =U58-R59 -> -114 | V59: =V58-S59 -> -116 | W59: =W58-T59 -> -103 | X59: 0.984 | Z59: =Z58+Y59 -> 1.2
A60: 49 | B60: 28/01/2024 | C60: =C59 -> 1069 | D60: =D59-2 -> 1627 | E60: =C60+D60 -> 2696 | F60: =C60+D60-I60 -> 1035 | G60: =C60+D60-J60 -> 1027 | H60: =D60+C60-K60 -> 943 | I60: =L60+O60 -> 1661 | J60: =M60+P60 -> 1669 | K60: =N60+Q60 -> 1753 | L60: =L59 -> 2000 | M60: =M59 -> 2000 | N60: =N59 -> 2000 | O60: =O59-R60 -> -339 | P60: =P59-S60 -> -331 | Q60: =Q59-T60 -> -247 | R60: 5 | S60: 5 | T60: 4 | U60: =U59-R60 -> -119 | V60: =V59-S60 -> -121 | W60: =W59-T60 -> -107 | X60: 0.979 | Z60: =Z59+Y60 -> 1.2
A61: 50 | B61: 29/01/2024 | C61: =C60 -> 1069 | D61: =D60-2 -> 1625 | E61: =C61+D61 -> 2694 | F61: =C61+D61-I61 -> 1038 | G61: =C61+D61-J61 -> 1030 | H61: =D61+C61-K61 -> 945 | I61: =L61+O61 -> 1656 | J61: =M61+P61 -> 1664 | K61: =N61+Q61 -> 1749 | L61: =L60 -> 2000 | M61: =M60 -> 2000 | N61: =N60 -> 2000 | O61: =O60-R61 -> -344 | P61: =P60-S61 -> -336 | Q61: =Q60-T61 -> -251 | R61: 5 | S61: 5 | T61: 4 | U61: =U60-R61 -> -124 | V61: =V60-S61 -> -126 | W61: =W60-T61 -> -111 | X61: 0.974 | Z61: =Z60+Y61 -> 1.2
A62: 51 | B62: 30/01/2024 | C62: =C61 -> 1069 | D62: =D61-2 -> 1623 | E62: =C62+D62 -> 2692 | F62: =C62+D62-I62 -> 1041 | G62: =C62+D62-J62 -> 1033 | H62: =D62+C62-K62 -> 947 | I62: =L62+O62 -> 1651 | J62: =M62+P62 -> 1659 | K62: =N62+Q62 -> 1745 | L62: =L61 -> 2000 | M62: =M61 -> 2000 | N62: =N61 -> 2000 | O62: =O61-R62 -> -349 | P62: =P61-S62 -> -341 | Q62: =Q61-T62 -> -255 | R62: 5 | S62: 5 | T62: 4 | U62: =U61-R62 -> -129 | V62: =V61-S62 -> -131 | W62: =W61-T62 -> -115 | X62: 0.969 | Z62: =Z61+Y62 -> 1.2
A63: 52 | B63: 31/01/2024 | C63: =C62 -> 1069 | D63: =D62-2 -> 1621 | E63: =C63+D63 -> 2690 | F63: =C63+D63-I63 -> 1044 | G63: =C63+D63-J63 -> 1036 | H63: =D63+C63-K63 -> 949 | I63: =L63+O63 -> 1646 | J63: =M63+P63 -> 1654 | K63: =N63+Q63 -> 1741 | L63: =L62 -> 2000 | M63: =M62 -> 2000 | N63: =N62 -> 2000 | O63: =O62-R63 -> -354 | P63: =P62-S63 -> -346 | Q63: =Q62-T63 -> -259 | R63: 5 | S63: 5 | T63: 4 | U63: =U62-R63 -> -134 | V63: =V62-S63 -> -136 | W63: =W62-T63 -> -119 | X63: 0.964 | Z63: =Z62+Y63 -> 1.2
A64: 53 | B64: 01/02/2024 | C64: =C63 -> 1069 | D64: =D63-2 -> 1619 | E64: =C64+D64 -> 2688 | F64: =C64+D64-I64 -> 1047 | G64: =C64+D64-J64 -> 1039 | H64: =D64+C64-K64 -> 951 | I64: =L64+O64 -> 1641 | J64: =M64+P64 -> 1649 | K64: =N64+Q64 -> 1737 | L64: =L63 -> 2000 | M64: =M63 -> 2000 | N64: =N63 -> 2000 | O64: =O63-R64 -> -359 | P64: =P63-S64 -> -351 | Q64: =Q63-T64 -> -263 | R64: 5 | S64: 5 | T64: 4 | U64: =U63-R64 -> -139 | V64: =V63-S64 -> -141 | W64: =W63-T64 -> -123 | X64: 0.959 | Z64: =Z63+Y64 -> 1.2
... A123: 112 | B123: 31/03/2024 | C123: =C122 -> 1069 | D123: =D122-2 -> 1501 | E123: =C123+D123 -> 2570 | F123: =C123+D123-I123 -> 1043 | G123: =C123+D123-J123 -> 1066 | H123: =D123+C123-K123 -> 927 | I123: =L123+O123 -> 1527 | J123: =M123+P123 -> 1504 | K123: =N123+Q123 -> 1643 | L123: =L122 -> 2000 | M123: =M122 -> 2000 | N123: =N122 -> 2000 | O123: =O122-R123 -> -473 | P123: =P122-S123 -> -496 | Q123: =Q122-T123 -> -357 | R123: 0 | S123: 0 | T123: 0 | U123: =U122-R123 -> -253 | V123: =V122-S123 -> -286 | W123: =W122-T123 -> -217 | X123: 0.814 | Z123: =Z122+Y123 -> 1.2
A124: 113 | B124: 01/04/2024 | C124: =C123 -> 1069 | D124: =D123+2 -> 1503 | E124: =C124+D124 -> 2572 | F124: =C124+D124-I124 -> 1045 | G124: =C124+D124-J124 -> 1068 | H124: =D124+C124-K124 -> 929 | I124: =L124+O124 -> 1527 | J124: =M124+P124 -> 1504 | K124: =N124+Q124 -> 1643 | L124: =L123 -> 2000 | M124: =M123 -> 2000 | N124: =N123 -> 2000 | O124: =O123-R124 -> -473 | P124: =P123-S124 -> -496 | Q124: =Q123-T124 -> -357 | R124: 0 | S124: 0 | T124: 0 | U124: =U123-R124 -> -253 | V124: =V123-S124 -> -286 | W124: =W123-T124 -> -217 | X124: 0.814 | Z124: =Z123+Y124 -> 1.2
A125: 114 | B125: 02/04/2024 | C125: =C124 -> 1069 | D125: =D124+2 -> 1505 | E125: =C125+D125 -> 2574 | F125: =C125+D125-I125 -> 1047 | G125: =C125+D125-J125 -> 1070 | H125: =D125+C125-K125 -> 931 | I125: =L125+O125 -> 1527 | J125: =M125+P125 -> 1504 | K125: =N125+Q125 -> 1643 | L125: =L124 -> 2000 | M125: =M124 -> 2000 | N125: =N124 -> 2000 | O125: =O124-R125 -> -473 | P125: =P124-S125 -> -496 | Q125: =Q124-T125 -> -357 | R125: 0 | S125: 0 | T125: 0 | U125: =U124-R125 -> -253 | V125: =V124-S125 -> -286 | W125: =W124-T125 -> -217 | X125: 0.814 | Z125: =Z124+Y125 -> 1.2
A126: 115 | B126: 03/04/2024 | C126: =C125 -> 1069 | D126: =D125+2 -> 1507 | E126: =C126+D126 -> 2576 | F126: =C126+D126-I126 -> 1049 | G126: =C126+D126-J126 -> 1072 | H126: =D126+C126-K126 -> 933 | I126: =L126+O126 -> 1527 | J126: =M126+P126 -> 1504 | K126: =N126+Q126 -> 1643 | L126: =L125 -> 2000 | M126: =M125 -> 2000 | N126: =N125 -> 2000 | O126: =O125-R126 -> -473 | P126: =P125-S126 -> -496 | Q126: =Q125-T126 -> -357 | R126: 0 | S126: 0 | T126: 0 | U126: =U125-R126 -> -253 | V126: =V125-S126 -> -286 | W126: =W125-T126 -> -217 | X126: 0.814 | Z126: =Z125+Y126 -> 1.2
A127: 116 | B127: 04/04/2024 | C127: =C126 -> 1069 | D127: =D126+2 -> 1509 | E127: =C127+D127 -> 2578 | F127: =C127+D127-I127 -> 1051 | G127: =C127+D127-J127 -> 1074 | H127: =D127+C127-K127 -> 935 | I127: =L127+O127 -> 1527 | J127: =M127+P127 -> 1504 | K127: =N127+Q127 -> 1643 | L127: =L126 -> 2000 | M127: =M126 -> 2000 | N127: =N126 -> 2000 | O127: =O126-R127 -> -473 | P127: =P126-S127 -> -496 | Q127: =Q126-T127 -> -357 | R127: 0 | S127: 0 | T127: 0 | U127: =U126-R127 -> -253 | V127: =V126-S127 -> -286 | W127: =W126-T127 -> -217 | X127: 0.814 | Z127: =Z126+Y127 -> 1.2
A128: 117 | B128: 05/04/2024 | C128: =C127 -> 1069 | D128: =D127+2 -> 1511 | E128: =C128+D128 -> 2580 | F128: =C128+D128-I128 -> 1053 | G128: =C128+D128-J128 -> 1076 | H128: =D128+C128-K128 -> 937 | I128: =L128+O128 -> 1527 | J128: =M128+P128 -> 1504 | K128: =N128+Q128 -> 1643 | L128: =L127 -> 2000 | M128: =M127 -> 2000 | N128: =N127 -> 2000 | O128: =O127-R128 -> -473 | P128: =P127-S128 -> -496 | Q128: =Q127-T128 -> -357 | R128: 0 | S128: 0 | T128: 0 | U128: =U127-R128 -> -253 | V128: =V127-S128 -> -286 | W128: =W127-T128 -> -217 | X128: 0.814 | Z128: =Z127+Y128 -> 1.2
A129: 118 | B129: 06/04/2024 | C129: =C128 -> 1069 | D129: =D128+2 -> 1513 | E129: =C129+D129 -> 2582 | F129: =C129+D129-I129 -> 1055 | G129: =C129+D129-J129 -> 1078 | H129: =D129+C129-K129 -> 939 | I129: =L129+O129 -> 1527 | J129: =M129+P129 -> 1504 | K129: =N129+Q129 -> 1643 | L129: =L128 -> 2000 | M129: =M128 -> 2000 | N129: =N128 -> 2000 | O129: =O128-R129 -> -473 | P129: =P128-S129 -> -496 | Q129: =Q128-T129 -> -357 | R129: 0 | S129: 0 | T129: 0 | U129: =U128-R129 -> -253 | V129: =V128-S129 -> -286 | W129: =W128-T129 -> -217 | X129: 0.814 | Z129: =Z128+Y129 -> 1.2
A130: 119 | B130: 07/04/2024 | C130: =C129 -> 1069 | D130: =D129+2 -> 1515 | E130: =C130+D130 -> 2584 | F130: =C130+D130-I130 -> 1057 | G130: =C130+D130-J130 -> 1080 | H130: =D130+C130-K130 -> 941 | I130: =L130+O130 -> 1527 | J130: =M130+P130 -> 1504 | K130: =N130+Q130 -> 1643 | L130: =L129 -> 2000 | M130: =M129 -> 2000 | N130: =N129 -> 2000 | O130: =O129-R130 -> -473 | P130: =P129-S130 -> -496 | Q130: =Q129-T130 -> -357 | R130: 0 | S130: 0 | T130: 0 | U130: =U129-R130 -> -253 | V130: =V129-S130 -> -286 | W130: =W129-T130 -> -217 | X130: 0.814 | Z130: =Z129+Y130 -> 1.2
A131: 120 | B131: 08/04/2024 | C131: =C130 -> 1069 | D131: =D130+2 -> 1517 | E131: =C131+D131 -> 2586 | F131: =C131+D131-I131 -> 1059 | G131: =C131+D131-J131 -> 1082 | H131: =D131+C131-K131 -> 943 | I131: =L131+O131 -> 1527 | J131: =M131+P131 -> 1504 | K131: =N131+Q131 -> 1643 | L131: =L130 -> 2000 | M131: =M130 -> 2000 | N131: =N130 -> 2000 | O131: =O130-R131 -> -473 | P131: =P130-S131 -> -496 | Q131: =Q130-T131 -> -357 | R131: 0 | S131: 0 | T131: 0 | U131: =U130-R131 -> -253 | V131: =V130-S131 -> -286 | W131: =W130-T131 -> -217 | X131: 0.814 | Z131: =Z130+Y131 -> 1.2
A132: 121 | B132: 09/04/2024 | C132: =C131 -> 1069 | D132: =D131+2 -> 1519 | E132: =C132+D132 -> 2588 | F132: =C132+D132-I132 -> 1061 | G132: =C132+D132-J132 -> 1084 | H132: =D132+C132-K132 -> 945 | I132: =L132+O132 -> 1527 | J132: =M132+P132 -> 1504 | K132: =N132+Q132 -> 1643 | L132: =L131 -> 2000 | M132: =M131 -> 2000 | N132: =N131 -> 2000 | O132: =O131-R132 -> -473 | P132: =P131-S132 -> -496 | Q132: =Q131-T132 -> -357 | R132: 0 | S132: 0 | T132: 0 | U132: =U131-R132 -> -253 | V132: =V131-S132 -> -286 | W132: =W131-T132 -> -217 | X132: 0.814 | Z132: =Z131+Y132 -> 1.2
A133: 122 | B133: 10/04/2024 | C133: =C132 -> 1069 | D133: =D132+2 -> 1521 | E133: =C133+D133 -> 2590 | F133: =C133+D133-I133 -> 1063 | G133: =C133+D133-J133 -> 1086 | H133: =D133+C133-K133 -> 947 | I133: =L133+O133 -> 1527 | J133: =M133+P133 -> 1504 | K133: =N133+Q133 -> 1643 | L133: =L132 -> 2000 | M133: =M132 -> 2000 | N133: =N132 -> 2000 | O133: =O132-R133 -> -473 | P133: =P132-S133 -> -496 | Q133: =Q132-T133 -> -357 | R133: 0 | S133: 0 | T133: 0 | U133: =U132-R133 -> -253 | V133: =V132-S133 -> -286 | W133: =W132-T133 -> -217 | X133: 0.814 | Z133: =Z132+Y133 -> 1.2
A134: 123 | B134: 11/04/2024 | C134: =C133 -> 1069 | D134: =D133+2 -> 1523 | E134: =C134+D134 -> 2592 | F134: =C134+D134-I134 -> 1065 | G134: =C134+D134-J134 -> 1088 | H134: =D134+C134-K134 -> 949 | I134: =L134+O134 -> 1527 | J134: =M134+P134 -> 1504 | K134: =N134+Q134 -> 1643 | L134: =L133 -> 2000 | M134: =M133 -> 2000 | N134: =N133 -> 2000 | O134: =O133-R134 -> -473 | P134: =P133-S134 -> -496 | Q134: =Q133-T134 -> -357 | R134: 0 | S134: 0 | T134: 0 | U134: =U133-R134 -> -253 | V134: =V133-S134 -> -286 | W134: =W133-T134 -> -217 | X134: 0.814 | Z134: =Z133+Y134 -> 1.2
A135: 124 | B135: 12/04/2024 | C135: =C134 -> 1069 | D135: =D134+2 -> 1525 | E135: =C135+D135 -> 2594 | F135: =C135+D135-I135 -> 1067 | G135: =C135+D135-J135 -> 1090 | H135: =D135+C135-K135 -> 951 | I135: =L135+O135 -> 1527 | J135: =M135+P135 -> 1504 | K135: =N135+Q135 -> 1643 | L135: =L134 -> 2000 | M135: =M134 -> 2000 | N135: =N134 -> 2000 | O135: =O134-R135 -> -473 | P135: =P134-S135 -> -496 | Q135: =Q134-T135 -> -357 | R135: 0 | S135: 0 | T135: 0 | U135: =U134-R135 -> -253 | V135: =V134-S135 -> -286 | W135: =W134-T135 -> -217 | X135: 0.814 | Z135: =Z134+Y135 -> 1.2
A136: 125 | B136: 13/04/2024 | C136: =C135 -> 1069 | D136: =D135+2 -> 1527 | E136: =C136+D136 -> 2596 | F136: =C136+D136-I136 -> 1069 | G136: =C136+D136-J136 -> 1092 | H136: =D136+C136-K136 -> 953 | I136: =L136+O136 -> 1527 | J136: =M136+P136 -> 1504 | K136: =N136+Q136 -> 1643 | L136: =L135 -> 2000 | M136: =M135 -> 2000 | N136: =N135 -> 2000 | O136: =O135-R136 -> -473 | P136: =P135-S136 -> -496 | Q136: =Q135-T136 -> -357 | R136: 0 | S136: 0 | T136: 0 | U136: =U135-R136 -> -253 | V136: =V135-S136 -> -286 | W136: =W135-T136 -> -217 | X136: 0.814 | Z136: =Z135+Y136 -> 1.2
A137: 126 | B137: 14/04/2024 | C137: =C136 -> 1069 | D137: =D136+2 -> 1529 | E137: =C137+D137 -> 2598 | F137: =C137+D137-I137 -> 1075 | G137: =C137+D137-J137 -> 1099 | H137: =D137+C137-K137 -> 959 | I137: =L137+O137 -> 1523 | J137: =M137+P137 -> 1499 | K137: =N137+Q137 -> 1639 | L137: =L136 -> 2000 | M137: =M136 -> 2000 | N137: =N136 -> 2000 | O137: =O136-R137 -> -477 | P137: =P136-S137 -> -501 | Q137: =Q136-T137 -> -361 | R137: 4 | S137: 5 | T137: 4 | U137: =U136-R137 -> -257 | V137: =V136-S137 -> -291 | W137: =W136-T137 -> -221 | X137: 1.109 | Y137: 0.3 | Z137: =Z136+Y137 -> 1.5 | AB137: 3
A138: 127 | B138: 15/04/2024 | C138: =C137 -> 1069 | D138: =D137+2 -> 1531 | E138: =C138+D138 -> 2600 | F138: =C138+D138-I138 -> 1080 | G138: =C138+D138-J138 -> 1105 | H138: =D138+C138-K138 -> 964 | I138: =L138+O138 -> 1520 | J138: =M138+P138 -> 1495 | K138: =N138+Q138 -> 1636 | L138: =L137 -> 2000 | M138: =M137 -> 2000 | N138: =N137 -> 2000 | O138: =O137-R138 -> -480 | P138: =P137-S138 -> -505 | Q138: =Q137-T138 -> -364 | R138: 3 | S138: 4 | T138: 3 | U138: =U137-R138 -> -260 | V138: =V137-S138 -> -295 | W138: =W137-T138 -> -224 | X138: 1.105 | Z138: =Z137+Y138 -> 1.5
A139: 128 | B139: 16/04/2024 | C139: =C138 -> 1069 | D139: =D138+2 -> 1533 | E139: =C139+D139 -> 2602 | F139: =C139+D139-I139 -> 1084 | G139: =C139+D139-J139 -> 1109 | H139: =D139+C139-K139 -> 967 | I139: =L139+O139 -> 1518 | J139: =M139+P139 -> 1493 | K139: =N139+Q139 -> 1635 | L139: =L138 -> 2000 | M139: =M138 -> 2000 | N139: =N138 -> 2000 | O139: =O138-R139 -> -482 | P139: =P138-S139 -> -507 | Q139: =Q138-T139 -> -365 | R139: 2 | S139: 2 | T139: 1 | U139: =U138-R139 -> -262 | V139: =V138-S139 -> -297 | W139: =W138-T139 -> -225 | X139: 1.103 | Z139: =Z138+Y139 -> 1.5
A140: 129 | B140: 17/04/2024 | C140: =C139 -> 1069 | D140: =D139+2 -> 1535 | E140: =C140+D140 -> 2604 | F140: =C140+D140-I140 -> 1086 | G140: =C140+D140-J140 -> 1111 | H140: =D140+C140-K140 -> 969 | I140: =L140+O140 -> 1518 | J140: =M140+P140 -> 1493 | K140: =N140+Q140 -> 1635 | L140: =L139 -> 2000 | M140: =M139 -> 2000 | N140: =N139 -> 2000 | O140: =O139-R140 -> -482 | P140: =P139-S140 -> -507 | Q140: =Q139-T140 -> -365 | R140: 0 | S140: 0 | T140: 0 | U140: =U139-R140 -> -262 | V140: =V139-S140 -> -297 | W140: =W139-T140 -> -225 | X140: 1.103 | Z140: =Z139+Y140 -> 1.5
A141: 130 | B141: 18/04/2024 | C141: =C140 -> 1069 | D141: =D140+2 -> 1537 | E141: =C141+D141 -> 2606 | F141: =C141+D141-I141 -> 1092 | G141: =C141+D141-J141 -> 1118 | H141: =D141+C141-K141 -> 974 | I141: =L141+O141 -> 1514 | J141: =M141+P141 -> 1488 | K141: =N141+Q141 -> 1632 | L141: =L140 -> 2000 | M141: =M140 -> 2000 | N141: =N140 -> 2000 | O141: =O140-R141 -> -486 | P141: =P140-S141 -> -512 | Q141: =Q140-T141 -> -368 | R141: 4 | S141: 5 | T141: 3 | U141: =U140-R141 -> -266 | V141: =V140-S141 -> -302 | W141: =W140-T141 -> -228 | X141: 1.398 | Y141: 0.3 | Z141: =Z140+Y141 -> 1.8 | AB141: 2
A142: 131 | B142: 19/04/2024 | C142: =C141 -> 1069 | D142: =D141+2 -> 1539 | E142: =C142+D142 -> 2608 | F142: =C142+D142-I142 -> 1097 | G142: =C142+D142-J142 -> 1124 | H142: =D142+C142-K142 -> 979 | I142: =L142+O142 -> 1511 | J142: =M142+P142 -> 1484 | K142: =N142+Q142 -> 1629 | L142: =L141 -> 2000 | M142: =M141 -> 2000 | N142: =N141 -> 2000 | O142: =O141-R142 -> -489 | P142: =P141-S142 -> -516 | Q142: =Q141-T142 -> -371 | R142: 3 | S142: 4 | T142: 3 | U142: =U141-R142 -> -269 | V142: =V141-S142 -> -306 | W142: =W141-T142 -> -231 | X142: 1.394 | Z142: =Z141+Y142 -> 1.8
A143: 132 | B143: 20/04/2024 | C143: =C142 -> 1069 | D143: =D142+2 -> 1541 | E143: =C143+D143 -> 2610 | F143: =C143+D143-I143 -> 1101 | G143: =C143+D143-J143 -> 1129 | H143: =D143+C143-K143 -> 983 | I143: =L143+O143 -> 1509 | J143: =M143+P143 -> 1481 | K143: =N143+Q143 -> 1627 | L143: =L142 -> 2000 | M143: =M142 -> 2000 | N143: =N142 -> 2000 | O143: =O142-R143 -> -491 | P143: =P142-S143 -> -519 | Q143: =Q142-T143 -> -373 | R143: 2 | S143: 3 | T143: 2 | U143: =U142-R143 -> -271 | V143: =V142-S143 -> -309 | W143: =W142-T143 -> -233 | X143: 1.391 | Z143: =Z142+Y143 -> 1.8
A144: 133 | B144: 21/04/2024 | C144: =C143 -> 1069 | D144: =D143+2 -> 1543 | E144: =C144+D144 -> 2612 | F144: =C144+D144-I144 -> 1105 | G144: =C144+D144-J144 -> 1132 | H144: =D144+C144-K144 -> 986 | I144: =L144+O144 -> 1507 | J144: =M144+P144 -> 1480 | K144: =N144+Q144 -> 1626 | L144: =L143 -> 2000 | M144: =M143 -> 2000 | N144: =N143 -> 2000 | O144: =O143-R144 -> -493 | P144: =P143-S144 -> -520 | Q144: =Q143-T144 -> -374 | R144: 2 | S144: 1 | T144: 1 | U144: =U143-R144 -> -273 | V144: =V143-S144 -> -310 | W144: =W143-T144 -> -234 | X144: 1.39 | Z144: =Z143+Y144 -> 1.8 | AB144: Trước nối cần
A145: 134 | B145: 22/04/2024 | C145: =C144 -> 1069 | D145: =D144+2 -> 1545 | E145: =C145+D145 -> 2614 | F145: =C145+D145-I145 -> 107 | G145: =C145+D145-J145 -> 134 | H145: =D145+C145-K145 -> -12 | I145: =L145+O145 -> 2507 | J145: =M145+P145 -> 2480 | K145: =N145+Q145 -> 2626 | L145: =L144+1000 -> 3000 | M145: =M144+1000 -> 3000 | N145: =N144+1000 -> 3000 | O145: =O144-R145 -> -493 | P145: =P144-S145 -> -520 | Q145: =Q144-T145 -> -374 | R145: 0 | S145: 0 | T145: 0 | U145: =U144-R145 -> -273 | V145: =V144-S145 -> -310 | W145: =W144-T145 -> -234 | X145: 1.39 | Z145: =Z144+Y145 -> 1.8 | AB145: Sau nối cần
A146: 135 | B146: 23/04/2024 | C146: =C145 -> 1069 | D146: =D145+2 -> 1547 | E146: =C146+D146 -> 2616 | F146: =C146+D146-I146 -> 113 | G146: =C146+D146-J146 -> 141 | H146: =D146+C146-K146 -> -6 | I146: =L146+O146 -> 2503 | J146: =M146+P146 -> 2475 | K146: =N146+Q146 -> 2622 | L146: =L145 -> 3000 | M146: =M145 -> 3000 | N146: =N145 -> 3000 | O146: =O145-R146 -> -497 | P146: =P145-S146 -> -525 | Q146: =Q145-T146 -> -378 | R146: 4 | S146: 5 | T146: 4 | U146: =U145-R146 -> -277 | V146: =V145-S146 -> -315 | W146: =W145-T146 -> -238 | X146: 1.685 | Y146: 0.3 | Z146: =Z145+Y146 -> 2.1 | AB146: 1
A147: 136 | B147: 24/04/2024 | C147: =C146 -> 1069 | D147: =D146+2 -> 1549 | E147: =C147+D147 -> 2618 | F147: =C147+D147-I147 -> 119 | G147: =C147+D147-J147 -> 148 | H147: =D147+C147-K147 -> 0 | I147: =L147+O147 -> 2499 | J147: =M147+P147 -> 2470 | K147: =N147+Q147 -> 2618 | L147: =L146 -> 3000 | M147: =M146 -> 3000 | N147: =N146 -> 3000 | O147: =O146-R147 -> -501 | P147: =P146-S147 -> -530 | Q147: =Q146-T147 -> -382 | R147: 4 | S147: 5 | T147: 4 | U147: =U146-R147 -> -281 | V147: =V146-S147 -> -320 | W147: =W146-T147 -> -242 | X147: 1.68 | Z147: =Z146+Y147 -> 2.1
A148: 137 | B148: 25/04/2024 | C148: =C147 -> 1069 | D148: =D147+2 -> 1551 | E148: =C148+D148 -> 2620 | F148: =C148+D148-I148 -> 125 | G148: =C148+D148-J148 -> 155 | H148: =D148+C148-K148 -> 6 | I148: =L148+O148 -> 2495 | J148: =M148+P148 -> 2465 | K148: =N148+Q148 -> 2614 | L148: =L147 -> 3000 | M148: =M147 -> 3000 | N148: =N147 -> 3000 | O148: =O147-R148 -> -505 | P148: =P147-S148 -> -535 | Q148: =Q147-T148 -> -386 | R148: 4 | S148: 5 | T148: 4 | U148: =U147-R148 -> -285 | V148: =V147-S148 -> -325 | W148: =W147-T148 -> -246 | X148: 1.675 | Z148: =Z147+Y148 -> 2.1
A149: 138 | B149: 26/04/2024 | C149: =C148 -> 1069 | D149: =D148+2 -> 1553 | E149: =C149+D149 -> 2622 | F149: =C149+D149-I149 -> 131 | G149: =C149+D149-J149 -> 162 | H149: =D149+C149-K149 -> 12 | I149: =L149+O149 -> 2491 | J149: =M149+P149 -> 2460 | K149: =N149+Q149 -> 2610 | L149: =L148 -> 3000 | M149: =M148 -> 3000 | N149: =N148 -> 3000 | O149: =O148-R149 -> -509 | P149: =P148-S149 -> -540 | Q149: =Q148-T149 -> -390 | R149: 4 | S149: 5 | T149: 4 | U149: =U148-R149 -> -289 | V149: =V148-S149 -> -330 | W149: =W148-T149 -> -250 | X149: 1.67 | Z149: =Z148+Y149 -> 2.1
A150: 139 | B150: 27/04/2024 | C150: =C149 -> 1069 | D150: =D149+2 -> 1555 | E150: =C150+D150 -> 2624 | F150: =C150+D150-I150 -> 137 | G150: =C150+D150-J150 -> 169 | H150: =D150+C150-K150 -> 18 | I150: =L150+O150 -> 2487 | J150: =M150+P150 -> 2455 | K150: =N150+Q150 -> 2606 | L150: =L149 -> 3000 | M150: =M149 -> 3000 | N150: =N149 -> 3000 | O150: =O149-R150 -> -513 | P150: =P149-S150 -> -545 | Q150: =Q149-T150 -> -394 | R150: 4 | S150: 5 | T150: 4 | U150: =U149-R150 -> -293 | V150: =V149-S150 -> -335 | W150: =W149-T150 -> -254 | X150: 1.665 | Z150: =Z149+Y150 -> 2.1
A151: 140 | B151: 28/04/2024 | C151: =C150 -> 1069 | D151: =D150+2 -> 1557 | E151: =C151+D151 -> 2626 | F151: =C151+D151-I151 -> 143 | G151: =C151+D151-J151 -> 176 | H151: =D151+C151-K151 -> 24 | I151: =L151+O151 -> 2483 | J151: =M151+P151 -> 2450 | K151: =N151+Q151 -> 2602 | L151: =L150 -> 3000 | M151: =M150 -> 3000 | N151: =N150 -> 3000 | O151: =O150-R151 -> -517 | P151: =P150-S151 -> -550 | Q151: =Q150-T151 -> -398 | R151: 4 | S151: 5 | T151: 4 | U151: =U150-R151 -> -297 | V151: =V150-S151 -> -340 | W151: =W150-T151 -> -258 | X151: 1.66 | Z151: =Z150+Y151 -> 2.1
A152: 141 | B152: 29/04/2024 | C152: =C151 -> 1069 | D152: =D151+2 -> 1559 | E152: =C152+D152 -> 2628 | F152: =C152+D152-I152 -> 149 | G152: =C152+D152-J152 -> 183 | H152: =D152+C152-K152 -> 30 | I152: =L152+O152 -> 2479 | J152: =M152+P152 -> 2445 | K152: =N152+Q152 -> 2598 | L152: =L151 -> 3000 | M152: =M151 -> 3000 | N152: =N151 -> 3000 | O152: =O151-R152 -> -521 | P152: =P151-S152 -> -555 | Q152: =Q151-T152 -> -402 | R152: 4 | S152: 5 | T152: 4 | U152: =U151-R152 -> -301 | V152: =V151-S152 -> -345 | W152: =W151-T152 -> -262 | X152: 1.655 | Z152: =Z151+Y152 -> 2.1
A153: 142 | B153: 30/04/2024 | C153: =C152 -> 1069 | D153: =D152+2 -> 1561 | E153: =C153+D153 -> 2630 | F153: =C153+D153-I153 -> 155 | G153: =C153+D153-J153 -> 190 | H153: =D153+C153-K153 -> 36 | I153: =L153+O153 -> 2475 | J153: =M153+P153 -> 2440 | K153: =N153+Q153 -> 2594 | L153: =L152 -> 3000 | M153: =M152 -> 3000 | N153: =N152 -> 3000 | O153: =O152-R153 -> -525 | P153: =P152-S153 -> -560 | Q153: =Q152-T153 -> -406 | R153: 4 | S153: 5 | T153: 4 | U153: =U152-R153 -> -305 | V153: =V152-S153 -> -350 | W153: =W152-T153 -> -266 | X153: 1.65 | Z153: =Z152+Y153 -> 2.1
A154: 143 | B154: 01/05/2024 | C154: =C153 -> 1069 | D154: =D153+2 -> 1563 | E154: =C154+D154 -> 2632 | F154: =C154+D154-I154 -> 161 | G154: =C154+D154-J154 -> 197 | H154: =D154+C154-K154 -> 42 | I154: =L154+O154 -> 2471 | J154: =M154+P154 -> 2435 | K154: =N154+Q154 -> 2590 | L154: =L153 -> 3000 | M154: =M153 -> 3000 | N154: =N153 -> 3000 | O154: =O153-R154 -> -529 | P154: =P153-S154 -> -565 | Q154: =Q153-T154 -> -410 | R154: 4 | S154: 5 | T154: 4 | U154: =U153-R154 -> -309 | V154: =V153-S154 -> -355 | W154: =W153-T154 -> -270 | X154: 1.645 | Z154: =Z153+Y154 -> 2.1
A155: 144 | B155: 02/05/2024 | C155: =C154 -> 1069 | D155: =D154+2 -> 1565 | E155: =C155+D155 -> 2634 | F155: =C155+D155-I155 -> 167 | G155: =C155+D155-J155 -> 204 | H155: =D155+C155-K155 -> 48 | I155: =L155+O155 -> 2467 | J155: =M155+P155 -> 2430 | K155: =N155+Q155 -> 2586 | L155: =L154 -> 3000 | M155: =M154 -> 3000 | N155: =N154 -> 3000 | O155: =O154-R155 -> -533 | P155: =P154-S155 -> -570 | Q155: =Q154-T155 -> -414 | R155: 4 | S155: 5 | T155: 4 | U155: =U154-R155 -> -313 | V155: =V154-S155 -> -360 | W155: =W154-T155 -> -274 | X155: 1.64 | Z155: =Z154+Y155 -> 2.1
A156: 145 | B156: 03/05/2024 | C156: =C155 -> 1069 | D156: =D155+2 -> 1567 | E156: =C156+D156 -> 2636 | F156: =C156+D156-I156 -> 173 | G156: =C156+D156-J156 -> 211 | H156: =D156+C156-K156 -> 54 | I156: =L156+O156 -> 2463 | J156: =M156+P156 -> 2425 | K156: =N156+Q156 -> 2582 | L156: =L155 -> 3000 | M156: =M155 -> 3000 | N156: =N155 -> 3000 | O156: =O155-R156 -> -537 | P156: =P155-S156 -> -575 | Q156: =Q155-T156 -> -418 | R156: 4 | S156: 5 | T156: 4 | U156: =U155-R156 -> -317 | V156: =V155-S156 -> -365 | W156: =W155-T156 -> -278 | X156: 1.635 | Z156: =Z155+Y156 -> 2.1
A157: 146 | B157: 04/05/2024 | C157: =C156 -> 1069 | D157: =D156+2 -> 1569 | E157: =C157+D157 -> 2638 | F157: =C157+D157-I157 -> 179 | G157: =C157+D157-J157 -> 218 | H157: =D157+C157-K157 -> 60 | I157: =L157+O157 -> 2459 | J157: =M157+P157 -> 2420 | K157: =N157+Q157 -> 2578 | L157: =L156 -> 3000 | M157: =M156 -> 3000 | N157: =N156 -> 3000 | O157: =O156-R157 -> -541 | P157: =P156-S157 -> -580 | Q157: =Q156-T157 -> -422 | R157: 4 | S157: 5 | T157: 4 | U157: =U156-R157 -> -321 | V157: =V156-S157 -> -370 | W157: =W156-T157 -> -282 | X157: 1.63 | Z157: =Z156+Y157 -> 2.1
A158: 147 | B158: 05/05/2024 | C158: =C157 -> 1069 | D158: =D157+2 -> 1571 | E158: =C158+D158 -> 2640 | F158: =C158+D158-I158 -> 185 | G158: =C158+D158-J158 -> 225 | H158: =D158+C158-K158 -> 66 | I158: =L158+O158 -> 2455 | J158: =M158+P158 -> 2415 | K158: =N158+Q158 -> 2574 | L158: =L157 -> 3000 | M158: =M157 -> 3000 | N158: =N157 -> 3000 | O158: =O157-R158 -> -545 | P158: =P157-S158 -> -585 | Q158: =Q157-T158 -> -426 | R158: 4 | S158: 5 | T158: 4 | U158: =U157-R158 -> -325 | V158: =V157-S158 -> -375 | W158: =W157-T158 -> -286 | X158: 1.625 | Z158: =Z157+Y158 -> 2.1
... A275: 264 | B275: 30/08/2024 | C275: =C274 -> 1069 | D275: =D274+2 -> 1805 | E275: =C275+D275 -> 2874 | F275: =C275+D275-I275 -> 864 | G275: =C275+D275-J275 -> 978 | H275: =D275+C275-K275 -> 653 | I275: =L275+O275 -> 2010 | J275: =M275+P275 -> 1896 | K275: =N275+Q275 -> 2221 | L275: =L274 -> 3000 | M275: =M274 -> 3000 | N275: =N274 -> 3000 | O275: =O274-R275 -> -990 | P275: =P274-S275 -> -1104 | Q275: =Q274-T275 -> -779 | R275: 0 | S275: 0 | T275: 0 | U275: =U274-R275 -> -770 | V275: =V274-S275 -> -894 | W275: =W274-T275 -> -639 | X275: 1.106 | Z275: =Z274+Y275 -> 2.1
...

Sheet BC.115+040
A1: 13 | B1: DỰ ÁN THÀNH PHẦN ĐOẠN HẬU GIANG - CÀ MAU
B2: THUỘC DỰ ÁN XÂY DỰNG CÔNG TRÌNH ĐƯỜNG BỘ CAO TỐC BẮC - NAM PHÍA ĐÔNG GIAI ĐOẠN 2021 - 2025
B3: =UPPER("GÓI THẦU XL03 :Thi Công Xây Dựng Đoạn Tuyến Km114+200 - Km126+223 Bao Gồm Tuyến Nối Nút Giao IC12 Với QL1 (bao gồm khảo sát, thiết kế BVTC)") -> GÓI THẦU XL03 :THI CÔNG XÂY DỰNG ĐOẠN TUYẾN KM114+200 - KM126+223 BAO GỒM TUYẾN NỐI NÚT GIAO IC12 VỚI QL1 (BAO GỒM KHẢO SÁT, THIẾT KẾ BVTC)
B4: CHỦ ĐẦU TƯ | J4: TƯ VẤN GIÁM SÁT | T4: NHÀ THẦU
B5: BAN QUẢN LÝ DỰ ÁN MỸ THUẬN | J5: =UPPER("Liên danh Phân viện KHCN GTVT phía Nam - Công ty Cổ phần Tư vấn kỹ thuật và xây dựng Hồng Hà") -> LIÊN DANH PHÂN VIỆN KHCN GTVT PHÍA NAM - CÔNG TY CỔ PHẦN TƯ VẤN KỸ THUẬT VÀ XÂY DỰNG HỒNG HÀ | T5: LIÊN DANH CC1 - HẢI ĐĂNG - VẠN CƯỜNG - 492 - BẮC TRUNG NAM
B6: BIỂU GHI ĐO QUAN TRẮC LÚN
B7: Người lập: | C7: ='115+040'!C5 -> 0 | L7: Tên mốc: | N7: ='115+040'!N5 -> 0
B8: Thời tiết: | C8: ='115+040'!C6 -> Nắng | L8: Cao độ mốc: | N8: ='115+040'!N6 -> 1069
B9: Lý trình: | C9: ='115+040'!C7 -> Km115+040 | L9: Ngày đặt bàn: | N9: ='115+040'!N7 -> 10/12/2023
B11: Ngày | C11: Ngày cộng dồn | D11: Cao độ mốc | E11: Số đọc mia của mốc | F11: Cao độ đường ngắm | G11: Trái | M11: Tim | S11: Phải | Z11: Chiều dày lớp đắp (m) | AA11: Chiều cao nền đắp (m) | AB11: Chiều dày nền đắp (m)
G12: Cao độ đắp (mm) | H12: Số đọc mia | I12: Cao độ quan trắc (mm) | J12: Cao độ bàn đo lún (mm) | K12: Độ lún (mm) | L12: Độ lún tích lũy (mm) | M12: Cao độ đắp (mm) | N12: Số đọc mia | O12: Cao độ quan trắc (mm) | P12: Cao độ bàn đo lún (mm) | Q12: Độ lún (mm) | R12: Độ lún tích lũy (mm) | S12: Cao độ đắp (mm) | T12: Số đọc mia | U12: Cao độ quan trắc (mm) | V12: Cao độ bàn đo lún (mm) | W12: Độ lún (mm) | X12: Độ lún tích lũy (mm)
B13: ='115+040'!#REF! -> #REF! | C13: 0 | D13: =VLOOKUP(B13,'115+040'!B11:AB112,2,FALSE) -> #REF! | E13: =VLOOKUP(B13,'115+040'!B11:AB112,3,FALSE) -> #REF! | F13: =D13+E13 -> #REF! | G13: =VLOOKUP(B13,'115+040'!$B$11:$AB$112,20,FALSE) -> #REF! | H13: =VLOOKUP(B13,'115+040'!$B$11:$AB$112,4,FALSE) -> #REF! | I13: =F13-H13 -> #REF! | J13: =VLOOKUP(B13,'115+040'!$B$11:$AB$112,13,FALSE) -> #REF! | K13: ='115+040'!R11 -> 0 | L13: 0 | M13: =VLOOKUP(B13,'115+040'!$B$11:$AB$112,21,FALSE) -> #REF! | N13: =VLOOKUP(B13,'115+040'!$B$11:$AB$112,5,FALSE) -> #REF! | O13: =F13-N13 -> #REF! | P13: =VLOOKUP(B13,'115+040'!$B$11:$AB$112,14,FALSE) -> #REF! | Q13: ='115+040'!S11 -> 0 | R13: 0 | S13: =VLOOKUP(B13,'115+040'!$B$11:$AB$112,22,FALSE) -> #REF! | T13: =VLOOKUP(B13,'115+040'!$B$10:$AB$112,6,FALSE) -> #REF! | U13: =F13-T13 -> #REF! | V13: =VLOOKUP(B13,'115+040'!$B$11:$AB$112,15,FALSE) -> #REF! | W13: ='[4]114+940'!S14 -> 0 | X13: 0 | Y13: 0 | Z13: =IF(Y13>0,Y13,0) -> 0 | AA13: =Z13 -> 0 | AB13: 0
B14: ='115+040'!#REF! -> #REF! | C14: =B14-B13 -> #REF! | D14: =D13 -> #REF! | E14: =VLOOKUP(B14,'115+040'!B12:AB113,3,FALSE) -> #REF! | F14: =D14+E14 -> #REF! | G14: =VLOOKUP(B14,'115+040'!$B$12:$AB$112,20,FALSE) -> #REF! | H14: =VLOOKUP(B14,'115+040'!$B$12:$AB$112,4,FALSE) -> #REF! | I14: =F14-H14 -> #REF! | J14: =VLOOKUP(B14,'115+040'!$B$12:$AB$112,13,FALSE) -> #REF! | K14: ='115+040'!R12 -> 0 | L14: =+K14+L13 -> 0 | M14: =VLOOKUP(B14,'115+040'!$B$11:$AB$112,21,FALSE) -> #REF! | N14: =VLOOKUP(B14,'115+040'!$B$12:$AB$112,5,FALSE) -> #REF! | O14: =F14-N14 -> #REF! | P14: =VLOOKUP(B14,'115+040'!$B$12:$AB$112,14,FALSE) -> #REF! | Q14: ='115+040'!S12 -> 0 | R14: =+Q14+R13 -> 0 | S14: =VLOOKUP(B14,'115+040'!$B$11:$AB$112,22,FALSE) -> #REF! | T14: =VLOOKUP(B14,'115+040'!$B$12:$AB$112,6,FALSE) -> #REF! | U14: =F14-T14 -> #REF! | V14: =VLOOKUP(B14,'115+040'!$B$12:$AB$112,15,FALSE) -> #REF! | W14: ='[4]114+940'!S15 -> 0 | X14: =+W14+X13 -> 0 | Y14: =S14-S13 -> #REF! | Z14: =IF(Y14>0,Y14,0)/1000 -> #REF! | AA14: =AA13+Z14 -> #REF! | AB14: =(M14-$M$13-R14)/1000 -> #REF!
A15: 1 | B15: ='115+040'!#REF! -> #REF! | C15: =B15-B14 -> #REF! | D15: =D14 -> #REF! | E15: =VLOOKUP(B15,'115+040'!B13:AB114,3,FALSE) -> #REF! | F15: =D15+E15 -> #REF! | G15: =VLOOKUP(B15,'115+040'!$B$12:$AB$112,20,FALSE) -> #REF! | H15: =VLOOKUP(B15,'115+040'!$B$12:$AB$112,4,FALSE) -> #REF! | I15: =F15-H15 -> #REF! | J15: =VLOOKUP(B15,'115+040'!$B$12:$AB$112,13,FALSE) -> #REF! | K15: ='115+040'!R13 -> 0 | L15: =+K15+L14 -> 0 | M15: =VLOOKUP(B15,'115+040'!$B$11:$AB$112,21,FALSE) -> #REF! | N15: =VLOOKUP(B15,'115+040'!$B$12:$AB$112,5,FALSE) -> #REF! | O15: =F15-N15 -> #REF! | P15: =VLOOKUP(B15,'115+040'!$B$12:$AB$112,14,FALSE) -> #REF! | Q15: ='115+040'!S13 -> 0 | R15: =+Q15+R14 -> 0 | S15: =VLOOKUP(B15,'115+040'!$B$11:$AB$112,22,FALSE) -> #REF! | T15: =VLOOKUP(B15,'115+040'!$B$12:$AB$112,6,FALSE) -> #REF! | U15: =F15-T15 -> #REF! | V15: =VLOOKUP(B15,'115+040'!$B$12:$AB$112,15,FALSE) -> #REF! | W15: ='[4]114+940'!S16 -> 0 | X15: =+W15+X14 -> 0 | Y15: =S15-S14 -> #REF! | Z15: =IF(Y15>0,Y15,0)/1000 -> #REF! | AA15: =AA14+Z15 -> #REF! | AB15: =(M15-$M$13-R15)/1000 -> #REF!
A16: =A15+1 -> 2 | B16: ='115+040'!#REF! -> #REF! | C16: =B16-B15 -> #REF! | D16: =D15 -> #REF! | E16: =VLOOKUP(B16,'115+040'!B14:AB115,3,FALSE) -> #REF! | F16: =D16+E16 -> #REF! | G16: =VLOOKUP(B16,'115+040'!$B$12:$AB$112,20,FALSE) -> #REF! | H16: =VLOOKUP(B16,'115+040'!$B$12:$AB$112,4,FALSE) -> #REF! | I16: =F16-H16 -> #REF! | J16: =VLOOKUP(B16,'115+040'!$B$12:$AB$112,13,FALSE) -> #REF! | K16: ='115+040'!R14 -> 0 | L16: =+K16+L15 -> 0 | M16: =VLOOKUP(B16,'115+040'!$B$11:$AB$112,21,FALSE) -> #REF! | N16: =VLOOKUP(B16,'115+040'!$B$12:$AB$112,5,FALSE) -> #REF! | O16: =F16-N16 -> #REF! | P16: =VLOOKUP(B16,'115+040'!$B$12:$AB$112,14,FALSE) -> #REF! | Q16: ='115+040'!S14 -> 0 | R16: =+Q16+R15 -> 0 | S16: =VLOOKUP(B16,'115+040'!$B$11:$AB$112,22,FALSE) -> #REF! | T16: =VLOOKUP(B16,'115+040'!$B$12:$AB$112,6,FALSE) -> #REF! | U16: =F16-T16 -> #REF! | V16: =VLOOKUP(B16,'115+040'!$B$12:$AB$112,15,FALSE) -> #REF! | W16: ='[4]114+940'!S17 -> 0 | X16: =+W16+X15 -> 0 | Y16: =S16-S15 -> #REF! | Z16: =IF(Y16>0,Y16,0)/1000 -> #REF! | AA16: =AA15+Z16 -> #REF! | AB16: =(M16-$M$13-R16)/1000 -> #REF!
A17: =A16+1 -> 3 | B17: ='115+040'!#REF! -> #REF! | C17: =B17-B16 -> #REF! | D17: =D16 -> #REF! | E17: =VLOOKUP(B17,'115+040'!B15:AB116,3,FALSE) -> #REF! | F17: =D17+E17 -> #REF! | G17: =VLOOKUP(B17,'115+040'!$B$12:$AB$112,20,FALSE) -> #REF! | H17: =VLOOKUP(B17,'115+040'!$B$12:$AB$112,4,FALSE) -> #REF! | I17: =F17-H17 -> #REF! | J17: =VLOOKUP(B17,'115+040'!$B$12:$AB$112,13,FALSE) -> #REF! | K17: ='115+040'!R15 -> 0 | L17: =+K17+L16 -> 0 | M17: =VLOOKUP(B17,'115+040'!$B$11:$AB$112,21,FALSE) -> #REF! | N17: =VLOOKUP(B17,'115+040'!$B$12:$AB$112,5,FALSE) -> #REF! | O17: =F17-N17 -> #REF! | P17: =VLOOKUP(B17,'115+040'!$B$12:$AB$112,14,FALSE) -> #REF! | Q17: ='115+040'!S15 -> 0 | R17: =+Q17+R16 -> 0 | S17: =VLOOKUP(B17,'115+040'!$B$11:$AB$112,22,FALSE) -> #REF! | T17: =VLOOKUP(B17,'115+040'!$B$12:$AB$112,6,FALSE) -> #REF! | U17: =F17-T17 -> #REF! | V17: =VLOOKUP(B17,'115+040'!$B$12:$AB$112,15,FALSE) -> #REF! | W17: ='[4]114+940'!S18 -> 0 | X17: =+W17+X16 -> 0 | Y17: =S17-S16 -> #REF! | Z17: =IF(Y17>0,Y17,0)/1000 -> #REF! | AA17: =AA16+Z17 -> #REF! | AB17: =(M17-$M$13-R17)/1000 -> #REF!
A18: =A17+1 -> 4 | B18: ='115+040'!#REF! -> #REF! | C18: =B18-B17 -> #REF! | D18: =D17 -> #REF! | E18: =VLOOKUP(B18,'115+040'!B16:AB117,3,FALSE) -> #REF! | F18: =D18+E18 -> #REF! | G18: =VLOOKUP(B18,'115+040'!$B$12:$AB$112,20,FALSE) -> #REF! | H18: =VLOOKUP(B18,'115+040'!$B$12:$AB$112,4,FALSE) -> #REF! | I18: =F18-H18 -> #REF! | J18: =VLOOKUP(B18,'115+040'!$B$12:$AB$112,13,FALSE) -> #REF! | K18: ='115+040'!R16 -> 0 | L18: =+K18+L17 -> 0 | M18: =VLOOKUP(B18,'115+040'!$B$11:$AB$112,21,FALSE) -> #REF! | N18: =VLOOKUP(B18,'115+040'!$B$12:$AB$112,5,FALSE) -> #REF! | O18: =F18-N18 -> #REF! | P18: =VLOOKUP(B18,'115+040'!$B$12:$AB$112,14,FALSE) -> #REF! | Q18: ='115+040'!S16 -> 0 | R18: =+Q18+R17 -> 0 | S18: =VLOOKUP(B18,'115+040'!$B$11:$AB$112,22,FALSE) -> #REF! | T18: =VLOOKUP(B18,'115+040'!$B$12:$AB$112,6,FALSE) -> #REF! | U18: =F18-T18 -> #REF! | V18: =VLOOKUP(B18,'115+040'!$B$12:$AB$112,15,FALSE) -> #REF! | W18: ='[4]114+940'!S19 -> 0 | X18: =+W18+X17 -> 0 | Y18: =S18-S17 -> #REF! | Z18: =IF(Y18>0,Y18,0)/1000 -> #REF! | AA18: =AA17+Z18 -> #REF! | AB18: =(M18-$M$13-R18)/1000 -> #REF!
A19: =A18+1 -> 5 | B19: ='115+040'!#REF! -> #REF! | C19: =B19-B18 -> #REF! | D19: =D18 -> #REF! | E19: =VLOOKUP(B19,'115+040'!B17:AB118,3,FALSE) -> #REF! | F19: =D19+E19 -> #REF! | G19: =VLOOKUP(B19,'115+040'!$B$12:$AB$112,20,FALSE) -> #REF! | H19: =VLOOKUP(B19,'115+040'!$B$12:$AB$112,4,FALSE) -> #REF! | I19: =F19-H19 -> #REF! | J19: =VLOOKUP(B19,'115+040'!$B$12:$AB$112,13,FALSE) -> #REF! | K19: ='115+040'!R17 -> 0 | L19: =+K19+L18 -> 0 | M19: =VLOOKUP(B19,'115+040'!$B$11:$AB$112,21,FALSE) -> #REF! | N19: =VLOOKUP(B19,'115+040'!$B$12:$AB$112,5,FALSE) -> #REF! | O19: =F19-N19 -> #REF! | P19: =VLOOKUP(B19,'115+040'!$B$12:$AB$112,14,FALSE) -> #REF! | Q19: ='115+040'!S17 -> 0 | R19: =+Q19+R18 -> 0 | S19: =VLOOKUP(B19,'115+040'!$B$11:$AB$112,22,FALSE) -> #REF! | T19: =VLOOKUP(B19,'115+040'!$B$12:$AB$112,6,FALSE) -> #REF! | U19: =F19-T19 -> #REF! | V19: =VLOOKUP(B19,'115+040'!$B$12:$AB$112,15,FALSE) -> #REF! | W19: ='[4]114+940'!S20 -> 0 | X19: =+W19+X18 -> 0 | Y19: =S19-S18 -> #REF! | Z19: =IF(Y19>0,Y19,0)/1000 -> #REF! | AA19: =AA18+Z19 -> #REF! | AB19: =(M19-$M$13-R19)/1000 -> #REF!
A20: =A19+1 -> 6 | B20: ='115+040'!#REF! -> #REF! | C20: =B20-B19 -> #REF! | D20: =D19 -> #REF! | E20: =VLOOKUP(B20,'115+040'!B18:AB119,3,FALSE) -> #REF! | F20: =D20+E20 -> #REF! | G20: =VLOOKUP(B20,'115+040'!$B$12:$AB$112,20,FALSE) -> #REF! | H20: =VLOOKUP(B20,'115+040'!$B$12:$AB$112,4,FALSE) -> #REF! | I20: =F20-H20 -> #REF! | J20: =VLOOKUP(B20,'115+040'!$B$12:$AB$112,13,FALSE) -> #REF! | K20: ='115+040'!R18 -> 0 | L20: =+K20+L19 -> 0 | M20: =VLOOKUP(B20,'115+040'!$B$11:$AB$112,21,FALSE) -> #REF! | N20: =VLOOKUP(B20,'115+040'!$B$12:$AB$112,5,FALSE) -> #REF! | O20: =F20-N20 -> #REF! | P20: =VLOOKUP(B20,'115+040'!$B$12:$AB$112,14,FALSE) -> #REF! | Q20: ='115+040'!S18 -> 0 | R20: =+Q20+R19 -> 0 | S20: =VLOOKUP(B20,'115+040'!$B$11:$AB$112,22,FALSE) -> #REF! | T20: =VLOOKUP(B20,'115+040'!$B$12:$AB$112,6,FALSE) -> #REF! | U20: =F20-T20 -> #REF! | V20: =VLOOKUP(B20,'115+040'!$B$12:$AB$112,15,FALSE) -> #REF! | W20: ='[4]114+940'!S21 -> 0 | X20: =+W20+X19 -> 0 | Y20: =S20-S19 -> #REF! | Z20: =IF(Y20>0,Y20,0)/1000 -> #REF! | AA20: =AA19+Z20 -> #REF! | AB20: =(M20-$M$13-R20)/1000 -> #REF!
A21: =A20+1 -> 7 | B21: ='115+040'!#REF! -> #REF! | C21: =B21-B20 -> #REF! | D21: =D20 -> #REF! | E21: =VLOOKUP(B21,'115+040'!B19:AB120,3,FALSE) -> #REF! | F21: =D21+E21 -> #REF! | G21: =VLOOKUP(B21,'115+040'!$B$12:$AB$112,20,FALSE) -> #REF! | H21: =VLOOKUP(B21,'115+040'!$B$12:$AB$112,4,FALSE) -> #REF! | I21: =F21-H21 -> #REF! | J21: =VLOOKUP(B21,'115+040'!$B$12:$AB$112,13,FALSE) -> #REF! | K21: ='115+040'!R19 -> 0 | L21: =+K21+L20 -> 0 | M21: =VLOOKUP(B21,'115+040'!$B$11:$AB$112,21,FALSE) -> #REF! | N21: =VLOOKUP(B21,'115+040'!$B$12:$AB$112,5,FALSE) -> #REF! | O21: =F21-N21 -> #REF! | P21: =VLOOKUP(B21,'115+040'!$B$12:$AB$112,14,FALSE) -> #REF! | Q21: ='115+040'!S19 -> 0 | R21: =+Q21+R20 -> 0 | S21: =VLOOKUP(B21,'115+040'!$B$11:$AB$112,22,FALSE) -> #REF! | T21: =VLOOKUP(B21,'115+040'!$B$12:$AB$112,6,FALSE) -> #REF! | U21: =F21-T21 -> #REF! | V21: =VLOOKUP(B21,'115+040'!$B$12:$AB$112,15,FALSE) -> #REF! | W21: ='[4]114+940'!S22 -> 0 | X21: =+W21+X20 -> 0 | Y21: =S21-S20 -> #REF! | Z21: =IF(Y21>0,Y21,0)/1000 -> #REF! | AA21: =AA20+Z21 -> #REF! | AB21: =(M21-$M$13-R21)/1000 -> #REF!
B22: ='115+040'!#REF! -> #REF! | C22: =B22-B21 -> #REF! | D22: =D21 -> #REF! | E22: =VLOOKUP(B22,'115+040'!B20:AB121,3,FALSE) -> #REF! | F22: =D22+E22 -> #REF! | G22: =VLOOKUP(B22,'115+040'!$B$12:$AB$112,20,FALSE) -> #REF! | H22: =VLOOKUP(B22,'115+040'!$B$12:$AB$112,4,FALSE) -> #REF! | I22: =F22-H22 -> #REF! | J22: =VLOOKUP(B22,'115+040'!$B$12:$AB$112,13,FALSE) -> #REF! | K22: ='115+040'!R20 -> 0 | L22: =+K22+L21 -> 0 | M22: =VLOOKUP(B22,'115+040'!$B$11:$AB$112,21,FALSE) -> #REF! | N22: =VLOOKUP(B22,'115+040'!$B$12:$AB$112,5,FALSE) -> #REF! | O22: =F22-N22 -> #REF! | P22: =VLOOKUP(B22,'115+040'!$B$12:$AB$112,14,FALSE) -> #REF! | Q22: ='115+040'!S20 -> 0 | R22: =+Q22+R21 -> 0 | S22: =VLOOKUP(B22,'115+040'!$B$11:$AB$112,22,FALSE) -> #REF! | T22: =VLOOKUP(B22,'115+040'!$B$12:$AB$112,6,FALSE) -> #REF! | U22: =F22-T22 -> #REF! | V22: =VLOOKUP(B22,'115+040'!$B$12:$AB$112,15,FALSE) -> #REF! | W22: ='[4]114+940'!S23 -> 0 | X22: =+W22+X21 -> 0 | Y22: =S22-S21 -> #REF! | Z22: =IF(Y22>0,Y22,0)/1000 -> #REF! | AA22: =AA21+Z22 -> #REF! | AB22: =(M22-$M$13-R22)/1000 -> #REF!
B23: ='115+040'!#REF! -> #REF! | C23: =B23-B22 -> #REF! | D23: =D22 -> #REF! | E23: =VLOOKUP(B23,'115+040'!B21:AB122,3,FALSE) -> #REF! | F23: =D23+E23 -> #REF! | G23: =VLOOKUP(B23,'115+040'!$B$12:$AB$112,20,FALSE) -> #REF! | H23: =VLOOKUP(B23,'115+040'!$B$12:$AB$112,4,FALSE) -> #REF! | I23: =F23-H23 -> #REF! | J23: =VLOOKUP(B23,'115+040'!$B$12:$AB$112,13,FALSE) -> #REF! | K23: ='115+040'!R21 -> 0 | L23: =+K23+L22 -> 0 | M23: =VLOOKUP(B23,'115+040'!$B$11:$AB$112,21,FALSE) -> #REF! | N23: =VLOOKUP(B23,'115+040'!$B$12:$AB$112,5,FALSE) -> #REF! | O23: =F23-N23 -> #REF! | P23: =VLOOKUP(B23,'115+040'!$B$12:$AB$112,14,FALSE) -> #REF! | Q23: ='115+040'!S21 -> 0 | R23: =+Q23+R22 -> 0 | S23: =VLOOKUP(B23,'115+040'!$B$11:$AB$112,22,FALSE) -> #REF! | T23: =VLOOKUP(B23,'115+040'!$B$12:$AB$112,6,FALSE) -> #REF! | U23: =F23-T23 -> #REF! | V23: =VLOOKUP(B23,'115+040'!$B$12:$AB$112,15,FALSE) -> #REF! | W23: ='[4]114+940'!S24 -> 0 | X23: =+W23+X22 -> 0 | Y23: =S23-S22 -> #REF! | Z23: =IF(Y23>0,Y23,0)/1000 -> #REF! | AA23: =AA22+Z23 -> #REF! | AB23: =(M23-$M$13-R23)/1000 -> #REF!
B24: ='115+040'!#REF! -> #REF! | C24: =B24-B23 -> #REF! | D24: =D23 -> #REF! | E24: =VLOOKUP(B24,'115+040'!B22:AB123,3,FALSE) -> #REF! | F24: =D24+E24 -> #REF! | G24: =VLOOKUP(B24,'115+040'!$B$12:$AB$112,20,FALSE) -> #REF! | H24: =VLOOKUP(B24,'115+040'!$B$12:$AB$112,4,FALSE) -> #REF! | I24: =F24-H24 -> #REF! | J24: =VLOOKUP(B24,'115+040'!$B$12:$AB$112,13,FALSE) -> #REF! | K24: ='115+040'!R22 -> 0 | L24: =+K24+L23 -> 0 | M24: =VLOOKUP(B24,'115+040'!$B$11:$AB$112,21,FALSE) -> #REF! | N24: =VLOOKUP(B24,'115+040'!$B$12:$AB$112,5,FALSE) -> #REF! | O24: =F24-N24 -> #REF! | P24: =VLOOKUP(B24,'115+040'!$B$12:$AB$112,14,FALSE) -> #REF! | Q24: ='115+040'!S22 -> 0 | R24: =+Q24+R23 -> 0 | S24: =VLOOKUP(B24,'115+040'!$B$11:$AB$112,22,FALSE) -> #REF! | T24: =VLOOKUP(B24,'115+040'!$B$12:$AB$112,6,FALSE) -> #REF! | U24: =F24-T24 -> #REF! | V24: =VLOOKUP(B24,'115+040'!$B$12:$AB$112,15,FALSE) -> #REF! | W24: ='[4]114+940'!S25 -> 0 | X24: =+W24+X23 -> 0 | Y24: =S24-S23 -> #REF! | Z24: =IF(Y24>0,Y24,0)/1000 -> #REF! | AA24: =AA23+Z24 -> #REF! | AB24: =(M24-$M$13-R24)/1000 -> #REF!
B25: ='115+040'!#REF! -> #REF! | C25: =B25-B24 -> #REF! | D25: =D24 -> #REF! | E25: =VLOOKUP(B25,'115+040'!B23:AB124,3,FALSE) -> #REF! | F25: =D25+E25 -> #REF! | G25: =VLOOKUP(B25,'115+040'!$B$12:$AB$112,20,FALSE) -> #REF! | H25: =VLOOKUP(B25,'115+040'!$B$12:$AB$112,4,FALSE) -> #REF! | I25: =F25-H25 -> #REF! | J25: =VLOOKUP(B25,'115+040'!$B$12:$AB$112,13,FALSE) -> #REF! | K25: ='115+040'!R23 -> 0 | L25: =+K25+L24 -> 0 | M25: =VLOOKUP(B25,'115+040'!$B$11:$AB$112,21,FALSE) -> #REF! | N25: =VLOOKUP(B25,'115+040'!$B$12:$AB$112,5,FALSE) -> #REF! | O25: =F25-N25 -> #REF! | P25: =VLOOKUP(B25,'115+040'!$B$12:$AB$112,14,FALSE) -> #REF! | Q25: ='115+040'!S23 -> 0 | R25: =+Q25+R24 -> 0 | S25: =VLOOKUP(B25,'115+040'!$B$11:$AB$112,22,FALSE) -> #REF! | T25: =VLOOKUP(B25,'115+040'!$B$12:$AB$112,6,FALSE) -> #REF! | U25: =F25-T25 -> #REF! | V25: =VLOOKUP(B25,'115+040'!$B$12:$AB$112,15,FALSE) -> #REF! | W25: ='[4]114+940'!S26 -> 0 | X25: =+W25+X24 -> 0 | Y25: =S25-S24 -> #REF! | Z25: =IF(Y25>0,Y25,0)/1000 -> #REF! | AA25: =AA24+Z25 -> #REF! | AB25: =(M25-$M$13-R25)/1000 -> #REF!
B26: ='115+040'!#REF! -> #REF! | C26: =B26-B25 -> #REF! | D26: =D25 -> #REF! | E26: =VLOOKUP(B26,'115+040'!B24:AB125,3,FALSE) -> #REF! | F26: =D26+E26 -> #REF! | G26: =VLOOKUP(B26,'115+040'!$B$12:$AB$112,20,FALSE) -> #REF! | H26: =VLOOKUP(B26,'115+040'!$B$12:$AB$112,4,FALSE) -> #REF! | I26: =F26-H26 -> #REF! | J26: =VLOOKUP(B26,'115+040'!$B$12:$AB$112,13,FALSE) -> #REF! | K26: ='115+040'!R24 -> 0 | L26: =+K26+L25 -> 0 | M26: =VLOOKUP(B26,'115+040'!$B$11:$AB$112,21,FALSE) -> #REF! | N26: =VLOOKUP(B26,'115+040'!$B$12:$AB$112,5,FALSE) -> #REF! | O26: =F26-N26 -> #REF! | P26: =VLOOKUP(B26,'115+040'!$B$12:$AB$112,14,FALSE) -> #REF! | Q26: ='115+040'!S24 -> 0 | R26: =+Q26+R25 -> 0 | S26: =VLOOKUP(B26,'115+040'!$B$11:$AB$112,22,FALSE) -> #REF! | T26: =VLOOKUP(B26,'115+040'!$B$12:$AB$112,6,FALSE) -> #REF! | U26: =F26-T26 -> #REF! | V26: =VLOOKUP(B26,'115+040'!$B$12:$AB$112,15,FALSE) -> #REF! | W26: ='[4]114+940'!S27 -> 0 | X26: =+W26+X25 -> 0 | Y26: =S26-S25 -> #REF! | Z26: =IF(Y26>0,Y26,0)/1000 -> #REF! | AA26: =AA25+Z26 -> #REF! | AB26: =(M26-$M$13-R26)/1000 -> #REF!
B27: ='115+040'!#REF! -> #REF! | C27: =B27-B26 -> #REF! | D27: =D26 -> #REF! | E27: =VLOOKUP(B27,'115+040'!B25:AB126,3,FALSE) -> #REF! | F27: =D27+E27 -> #REF! | G27: =VLOOKUP(B27,'115+040'!$B$12:$AB$112,20,FALSE) -> #REF! | H27: =VLOOKUP(B27,'115+040'!$B$12:$AB$112,4,FALSE) -> #REF! | I27: =F27-H27 -> #REF! | J27: =VLOOKUP(B27,'115+040'!$B$12:$AB$112,13,FALSE) -> #REF! | K27: ='115+040'!R25 -> 0 | L27: =+K27+L26 -> 0 | M27: =VLOOKUP(B27,'115+040'!$B$11:$AB$112,21,FALSE) -> #REF! | N27: =VLOOKUP(B27,'115+040'!$B$12:$AB$112,5,FALSE) -> #REF! | O27: =F27-N27 -> #REF! | P27: =VLOOKUP(B27,'115+040'!$B$12:$AB$112,14,FALSE) -> #REF! | Q27: ='115+040'!S25 -> 0 | R27: =+Q27+R26 -> 0 | S27: =VLOOKUP(B27,'115+040'!$B$11:$AB$112,22,FALSE) -> #REF! | T27: =VLOOKUP(B27,'115+040'!$B$12:$AB$112,6,FALSE) -> #REF! | U27: =F27-T27 -> #REF! | V27: =VLOOKUP(B27,'115+040'!$B$12:$AB$112,15,FALSE) -> #REF! | W27: ='[4]114+940'!S28 -> 0 | X27: =+W27+X26 -> 0 | Y27: =S27-S26 -> #REF! | Z27: =IF(Y27>0,Y27,0)/1000 -> #REF! | AA27: =AA26+Z27 -> #REF! | AB27: =(M27-$M$13-R27)/1000 -> #REF!
B28: ='115+040'!#REF! -> #REF! | C28: =B28-B27 -> #REF! | D28: =D27 -> #REF! | E28: =VLOOKUP(B28,'115+040'!B26:AB127,3,FALSE) -> #REF! | F28: =D28+E28 -> #REF! | G28: =VLOOKUP(B28,'115+040'!$B$12:$AB$112,20,FALSE) -> #REF! | H28: =VLOOKUP(B28,'115+040'!$B$12:$AB$112,4,FALSE) -> #REF! | I28: =F28-H28 -> #REF! | J28: =VLOOKUP(B28,'115+040'!$B$12:$AB$112,13,FALSE) -> #REF! | K28: ='115+040'!R26 -> 0 | L28: =+K28+L27 -> 0 | M28: =VLOOKUP(B28,'115+040'!$B$11:$AB$112,21,FALSE) -> #REF! | N28: =VLOOKUP(B28,'115+040'!$B$12:$AB$112,5,FALSE) -> #REF! | O28: =F28-N28 -> #REF! | P28: =VLOOKUP(B28,'115+040'!$B$12:$AB$112,14,FALSE) -> #REF! | Q28: ='115+040'!S26 -> 0 | R28: =+Q28+R27 -> 0 | S28: =VLOOKUP(B28,'115+040'!$B$11:$AB$112,22,FALSE) -> #REF! | T28: =VLOOKUP(B28,'115+040'!$B$12:$AB$112,6,FALSE) -> #REF! | U28: =F28-T28 -> #REF! | V28: =VLOOKUP(B28,'115+040'!$B$12:$AB$112,15,FALSE) -> #REF! | W28: ='[4]114+940'!S29 -> 0 | X28: =+W28+X27 -> 0 | Y28: =S28-S27 -> #REF! | Z28: =IF(Y28>0,Y28,0)/1000 -> #REF! | AA28: =AA27+Z28 -> #REF! | AB28: =(M28-$M$13-R28)/1000 -> #REF!
B29: ='115+040'!#REF! -> #REF! | C29: =B29-B28 -> #REF! | D29: =D28 -> #REF! | E29: =VLOOKUP(B29,'115+040'!B27:AB128,3,FALSE) -> #REF! | F29: =D29+E29 -> #REF! | G29: =VLOOKUP(B29,'115+040'!$B$12:$AB$112,20,FALSE) -> #REF! | H29: =VLOOKUP(B29,'115+040'!$B$12:$AB$112,4,FALSE) -> #REF! | I29: =F29-H29 -> #REF! | J29: =VLOOKUP(B29,'115+040'!$B$12:$AB$112,13,FALSE) -> #REF! | K29: ='115+040'!R27 -> 0 | L29: =+K29+L28 -> 0 | M29: =VLOOKUP(B29,'115+040'!$B$11:$AB$112,21,FALSE) -> #REF! | N29: =VLOOKUP(B29,'115+040'!$B$12:$AB$112,5,FALSE) -> #REF! | O29: =F29-N29 -> #REF! | P29: =VLOOKUP(B29,'115+040'!$B$12:$AB$112,14,FALSE) -> #REF! | Q29: ='115+040'!S27 -> 0 | R29: =+Q29+R28 -> 0 | S29: =VLOOKUP(B29,'115+040'!$B$11:$AB$112,22,FALSE) -> #REF! | T29: =VLOOKUP(B29,'115+040'!$B$12:$AB$112,6,FALSE) -> #REF! | U29: =F29-T29 -> #REF! | V29: =VLOOKUP(B29,'115+040'!$B$12:$AB$112,15,FALSE) -> #REF! | W29: ='[4]114+940'!S30 -> 0 | X29: =+W29+X28 -> 0 | Y29: =S29-S28 -> #REF! | Z29: =IF(Y29>0,Y29,0)/1000 -> #REF! | AA29: =AA28+Z29 -> #REF! | AB29: =(M29-$M$13-R29)/1000 -> #REF!
B30: ='115+040'!#REF! -> #REF! | C30: =B30-B29 -> #REF! | D30: =D29 -> #REF! | E30: =VLOOKUP(B30,'115+040'!B28:AB129,3,FALSE) -> #REF! | F30: =D30+E30 -> #REF! | G30: =VLOOKUP(B30,'115+040'!$B$12:$AB$112,20,FALSE) -> #REF! | H30: =VLOOKUP(B30,'115+040'!$B$12:$AB$112,4,FALSE) -> #REF! | I30: =F30-H30 -> #REF! | J30: =VLOOKUP(B30,'115+040'!$B$12:$AB$112,13,FALSE) -> #REF! | K30: ='115+040'!R28 -> 7 | L30: =+K30+L29 -> 7 | M30: =VLOOKUP(B30,'115+040'!$B$11:$AB$112,21,FALSE) -> #REF! | N30: =VLOOKUP(B30,'115+040'!$B$12:$AB$112,5,FALSE) -> #REF! | O30: =F30-N30 -> #REF! | P30: =VLOOKUP(B30,'115+040'!$B$12:$AB$112,14,FALSE) -> #REF! | Q30: ='115+040'!S28 -> 8 | R30: =+Q30+R29 -> 8 | S30: =VLOOKUP(B30,'115+040'!$B$11:$AB$112,22,FALSE) -> #REF! | T30: =VLOOKUP(B30,'115+040'!$B$12:$AB$112,6,FALSE) -> #REF! | U30: =F30-T30 -> #REF! | V30: =VLOOKUP(B30,'115+040'!$B$12:$AB$112,15,FALSE) -> #REF! | W30: ='[4]114+940'!S31 -> 0 | X30: =+W30+X29 -> 0 | Y30: =S30-S29 -> #REF! | Z30: =IF(Y30>0,Y30,0)/1000 -> #REF! | AA30: =AA29+Z30 -> #REF! | AB30: =(M30-$M$13-R30)/1000 -> #REF!
B31: ='115+040'!#REF! -> #REF! | C31: =B31-B30 -> #REF! | D31: =D30 -> #REF! | E31: =VLOOKUP(B31,'115+040'!B29:AB130,3,FALSE) -> #REF! | F31: =D31+E31 -> #REF! | G31: =VLOOKUP(B31,'115+040'!$B$12:$AB$112,20,FALSE) -> #REF! | H31: =VLOOKUP(B31,'115+040'!$B$12:$AB$112,4,FALSE) -> #REF! | I31: =F31-H31 -> #REF! | J31: =VLOOKUP(B31,'115+040'!$B$12:$AB$112,13,FALSE) -> #REF! | K31: ='115+040'!R29 -> 3 | L31: =+K31+L30 -> 10 | M31: =VLOOKUP(B31,'115+040'!$B$11:$AB$112,21,FALSE) -> #REF! | N31: =VLOOKUP(B31,'115+040'!$B$12:$AB$112,5,FALSE) -> #REF! | O31: =F31-N31 -> #REF! | P31: =VLOOKUP(B31,'115+040'!$B$12:$AB$112,14,FALSE) -> #REF! | Q31: ='115+040'!S29 -> 3 | R31: =+Q31+R30 -> 11 | S31: =VLOOKUP(B31,'115+040'!$B$11:$AB$112,22,FALSE) -> #REF! | T31: =VLOOKUP(B31,'115+040'!$B$12:$AB$112,6,FALSE) -> #REF! | U31: =F31-T31 -> #REF! | V31: =VLOOKUP(B31,'115+040'!$B$12:$AB$112,15,FALSE) -> #REF! | W31: ='[4]114+940'!S32 -> 0 | X31: =+W31+X30 -> 0 | Y31: =S31-S30 -> #REF! | Z31: =IF(Y31>0,Y31,0)/1000 -> #REF! | AA31: =AA30+Z31 -> #REF! | AB31: =(M31-$M$13-R31)/1000 -> #REF!
B32: ='115+040'!#REF! -> #REF! | C32: =B32-B31 -> #REF! | D32: =D31 -> #REF! | E32: =VLOOKUP(B32,'115+040'!B30:AB131,3,FALSE) -> #REF! | F32: =D32+E32 -> #REF! | G32: =VLOOKUP(B32,'115+040'!$B$12:$AB$112,20,FALSE) -> #REF! | H32: =VLOOKUP(B32,'115+040'!$B$12:$AB$112,4,FALSE) -> #REF! | I32: =F32-H32 -> #REF! | J32: =VLOOKUP(B32,'115+040'!$B$12:$AB$112,13,FALSE) -> #REF! | K32: ='115+040'!R30 -> 4 | L32: =+K32+L31 -> 14 | M32: =VLOOKUP(B32,'115+040'!$B$11:$AB$112,21,FALSE) -> #REF! | N32: =VLOOKUP(B32,'115+040'!$B$12:$AB$112,5,FALSE) -> #REF! | O32: =F32-N32 -> #REF! | P32: =VLOOKUP(B32,'115+040'!$B$12:$AB$112,14,FALSE) -> #REF! | Q32: ='115+040'!S30 -> 4 | R32: =+Q32+R31 -> 15 | S32: =VLOOKUP(B32,'115+040'!$B$11:$AB$112,22,FALSE) -> #REF! | T32: =VLOOKUP(B32,'115+040'!$B$12:$AB$112,6,FALSE) -> #REF! | U32: =F32-T32 -> #REF! | V32: =VLOOKUP(B32,'115+040'!$B$12:$AB$112,15,FALSE) -> #REF! | W32: ='[4]114+940'!S33 -> 0 | X32: =+W32+X31 -> 0 | Y32: =S32-S31 -> #REF! | Z32: =IF(Y32>0,Y32,0)/1000 -> #REF! | AA32: =AA31+Z32 -> #REF! | AB32: =(M32-$M$13-R32)/1000 -> #REF!
B33: ='115+040'!#REF! -> #REF! | C33: =B33-B32 -> #REF! | D33: =D32 -> #REF! | E33: =VLOOKUP(B33,'115+040'!B31:AB132,3,FALSE) -> #REF! | F33: =D33+E33 -> #REF! | G33: =VLOOKUP(B33,'115+040'!$B$12:$AB$112,20,FALSE) -> #REF! | H33: =VLOOKUP(B33,'115+040'!$B$12:$AB$112,4,FALSE) -> #REF! | I33: =F33-H33 -> #REF! | J33: =VLOOKUP(B33,'115+040'!$B$12:$AB$112,13,FALSE) -> #REF! | K33: ='115+040'!R31 -> 5 | L33: =+K33+L32 -> 19 | M33: =VLOOKUP(B33,'115+040'!$B$11:$AB$112,21,FALSE) -> #REF! | N33: =VLOOKUP(B33,'115+040'!$B$12:$AB$112,5,FALSE) -> #REF! | O33: =F33-N33 -> #REF! | P33: =VLOOKUP(B33,'115+040'!$B$12:$AB$112,14,FALSE) -> #REF! | Q33: ='115+040'!S31 -> 2 | R33: =+Q33+R32 -> 17 | S33: =VLOOKUP(B33,'115+040'!$B$11:$AB$112,22,FALSE) -> #REF! | T33: =VLOOKUP(B33,'115+040'!$B$12:$AB$112,6,FALSE) -> #REF! | U33: =F33-T33 -> #REF! | V33: =VLOOKUP(B33,'115+040'!$B$12:$AB$112,15,FALSE) -> #REF! | W33: ='[4]114+940'!S34 -> 0 | X33: =+W33+X32 -> 0 | Y33: =S33-S32 -> #REF! | Z33: =IF(Y33>0,Y33,0)/1000 -> #REF! | AA33: =AA32+Z33 -> #REF! | AB33: =(M33-$M$13-R33)/1000 -> #REF!
... B76: ='115+040'!#REF! -> #REF! | C76: =B76-B75 -> #REF! | D76: =D75 -> #REF! | E76: =VLOOKUP(B76,'115+040'!B74:AB175,3,FALSE) -> #REF! | F76: =D76+E76 -> #REF! | G76: =VLOOKUP(B76,'115+040'!$B$12:$AB$112,20,FALSE) -> #REF! | H76: =VLOOKUP(B76,'115+040'!$B$12:$AB$112,4,FALSE) -> #REF! | I76: =F76-H76 -> #REF! | J76: =VLOOKUP(B76,'115+040'!$B$12:$AB$112,13,FALSE) -> #REF! | K76: ='115+040'!R74 -> 5 | L76: =+K76+L75 -> 189 | M76: =VLOOKUP(B76,'115+040'!$B$11:$AB$112,21,FALSE) -> #REF! | N76: =VLOOKUP(B76,'115+040'!$B$12:$AB$112,5,FALSE) -> #REF! | O76: =F76-N76 -> #REF! | P76: =VLOOKUP(B76,'115+040'!$B$12:$AB$112,14,FALSE) -> #REF! | Q76: ='115+040'!S74 -> 5 | R76: =+Q76+R75 -> 191 | S76: =VLOOKUP(B76,'115+040'!$B$11:$AB$112,22,FALSE) -> #REF! | T76: =VLOOKUP(B76,'115+040'!$B$12:$AB$112,6,FALSE) -> #REF! | U76: =F76-T76 -> #REF! | V76: =VLOOKUP(B76,'115+040'!$B$12:$AB$112,15,FALSE) -> #REF! | W76: ='[4]114+940'!S77 -> 0 | X76: =+W76+X75 -> 144 | Y76: =S76-S75 -> #REF! | Z76: =IF(Y76>0,Y76,0)/1000 -> #REF! | AA76: =AA75+Z76 -> #REF! | AB76: =(M76-$M$13-R76)/1000 -> #REF!
A77: 42307 | B77: ='115+040'!#REF! -> #REF! | C77: =B77-B76 -> #REF! | D77: =D76 -> #REF! | E77: =VLOOKUP(B77,'115+040'!B75:AB176,3,FALSE) -> #REF! | F77: =D77+E77 -> #REF! | G77: =VLOOKUP(B77,'115+040'!$B$12:$AB$112,20,FALSE) -> #REF! | H77: =VLOOKUP(B77,'115+040'!$B$12:$AB$112,4,FALSE) -> #REF! | I77: =F77-H77 -> #REF! | J77: =VLOOKUP(B77,'115+040'!$B$12:$AB$112,13,FALSE) -> #REF! | K77: ='115+040'!R75 -> 5 | L77: =+K77+L76 -> 194 | M77: =VLOOKUP(B77,'115+040'!$B$11:$AB$112,21,FALSE) -> #REF! | N77: =VLOOKUP(B77,'115+040'!$B$12:$AB$112,5,FALSE) -> #REF! | O77: =F77-N77 -> #REF! | P77: =VLOOKUP(B77,'115+040'!$B$12:$AB$112,14,FALSE) -> #REF! | Q77: ='115+040'!S75 -> 5 | R77: =+Q77+R76 -> 196 | S77: =VLOOKUP(B77,'115+040'!$B$11:$AB$112,22,FALSE) -> #REF! | T77: =VLOOKUP(B77,'115+040'!$B$12:$AB$112,6,FALSE) -> #REF! | U77: =F77-T77 -> #REF! | V77: =VLOOKUP(B77,'115+040'!$B$12:$AB$112,15,FALSE) -> #REF! | W77: ='[4]114+940'!S78 -> 0 | X77: =+W77+X76 -> 144 | Y77: =S77-S76 -> #REF! | Z77: =IF(Y77>0,Y77,0)/1000 -> #REF! | AA77: =AA76+Z77 -> #REF! | AB77: =(M77-$M$13-R77)/1000 -> #REF!
A78: 02/11/015 | B78: ='115+040'!#REF! -> #REF! | C78: =B78-B77 -> #REF! | D78: =D77 -> #REF! | E78: =VLOOKUP(B78,'115+040'!B76:AB177,3,FALSE) -> #REF! | F78: =D78+E78 -> #REF! | G78: =VLOOKUP(B78,'115+040'!$B$12:$AB$112,20,FALSE) -> #REF! | H78: =VLOOKUP(B78,'115+040'!$B$12:$AB$112,4,FALSE) -> #REF! | I78: =F78-H78 -> #REF! | J78: =VLOOKUP(B78,'115+040'!$B$12:$AB$112,13,FALSE) -> #REF! | K78: ='115+040'!R76 -> 5 | L78: =+K78+L77 -> 199 | M78: =VLOOKUP(B78,'115+040'!$B$11:$AB$112,21,FALSE) -> #REF! | N78: =VLOOKUP(B78,'115+040'!$B$12:$AB$112,5,FALSE) -> #REF! | O78: =F78-N78 -> #REF! | P78: =VLOOKUP(B78,'115+040'!$B$12:$AB$112,14,FALSE) -> #REF! | Q78: ='115+040'!S76 -> 5 | R78: =+Q78+R77 -> 201 | S78: =VLOOKUP(B78,'115+040'!$B$11:$AB$112,22,FALSE) -> #REF! | T78: =VLOOKUP(B78,'115+040'!$B$12:$AB$112,6,FALSE) -> #REF! | U78: =F78-T78 -> #REF! | V78: =VLOOKUP(B78,'115+040'!$B$12:$AB$112,15,FALSE) -> #REF! | W78: ='[4]114+940'!S79 -> 0 | X78: =+W78+X77 -> 144 | Y78: =S78-S77 -> #REF! | Z78: =IF(Y78>0,Y78,0)/1000 -> #REF! | AA78: =AA77+Z78 -> #REF! | AB78: =(M78-$M$13-R78)/1000 -> #REF!
A79: 42313 | B79: ='115+040'!#REF! -> #REF! | C79: =B79-B78 -> #REF! | D79: =D78 -> #REF! | E79: =VLOOKUP(B79,'115+040'!B77:AB178,3,FALSE) -> #REF! | F79: =D79+E79 -> #REF! | G79: =VLOOKUP(B79,'115+040'!$B$12:$AB$112,20,FALSE) -> #REF! | H79: =VLOOKUP(B79,'115+040'!$B$12:$AB$112,4,FALSE) -> #REF! | I79: =F79-H79 -> #REF! | J79: =VLOOKUP(B79,'115+040'!$B$12:$AB$112,13,FALSE) -> #REF! | K79: ='115+040'!R77 -> 5 | L79: =+K79+L78 -> 204 | M79: =VLOOKUP(B79,'115+040'!$B$11:$AB$112,21,FALSE) -> #REF! | N79: =VLOOKUP(B79,'115+040'!$B$12:$AB$112,5,FALSE) -> #REF! | O79: =F79-N79 -> #REF! | P79: =VLOOKUP(B79,'115+040'!$B$12:$AB$112,14,FALSE) -> #REF! | Q79: ='115+040'!S77 -> 5 | R79: =+Q79+R78 -> 206 | S79: =VLOOKUP(B79,'115+040'!$B$11:$AB$112,22,FALSE) -> #REF! | T79: =VLOOKUP(B79,'115+040'!$B$12:$AB$112,6,FALSE) -> #REF! | U79: =F79-T79 -> #REF! | V79: =VLOOKUP(B79,'115+040'!$B$12:$AB$112,15,FALSE) -> #REF! | W79: ='[4]114+940'!S80 -> 0 | X79: =+W79+X78 -> 144 | Y79: =S79-S78 -> #REF! | Z79: =IF(Y79>0,Y79,0)/1000 -> #REF! | AA79: =AA78+Z79 -> #REF! | AB79: =(M79-$M$13-R79)/1000 -> #REF!
A80: 42319 | B80: ='115+040'!#REF! -> #REF! | C80: =B80-B79 -> #REF! | D80: =D79 -> #REF! | E80: =VLOOKUP(B80,'115+040'!B78:AB179,3,FALSE) -> #REF! | F80: =D80+E80 -> #REF! | G80: =VLOOKUP(B80,'115+040'!$B$12:$AB$112,20,FALSE) -> #REF! | H80: =VLOOKUP(B80,'115+040'!$B$12:$AB$112,4,FALSE) -> #REF! | I80: =F80-H80 -> #REF! | J80: =VLOOKUP(B80,'115+040'!$B$12:$AB$112,13,FALSE) -> #REF! | K80: ='115+040'!R78 -> 5 | L80: =+K80+L79 -> 209 | M80: =VLOOKUP(B80,'115+040'!$B$11:$AB$112,21,FALSE) -> #REF! | N80: =VLOOKUP(B80,'115+040'!$B$12:$AB$112,5,FALSE) -> #REF! | O80: =F80-N80 -> #REF! | P80: =VLOOKUP(B80,'115+040'!$B$12:$AB$112,14,FALSE) -> #REF! | Q80: ='115+040'!S78 -> 5 | R80: =+Q80+R79 -> 211 | S80: =VLOOKUP(B80,'115+040'!$B$11:$AB$112,22,FALSE) -> #REF! | T80: =VLOOKUP(B80,'115+040'!$B$12:$AB$112,6,FALSE) -> #REF! | U80: =F80-T80 -> #REF! | V80: =VLOOKUP(B80,'115+040'!$B$12:$AB$112,15,FALSE) -> #REF! | W80: ='[4]114+940'!S81 -> 0 | X80: =+W80+X79 -> 144 | Y80: =S80-S79 -> #REF! | Z80: =IF(Y80>0,Y80,0)/1000 -> #REF! | AA80: =AA79+Z80 -> #REF! | AB80: =(M80-$M$13-R80)/1000 -> #REF!
A81: 42322 | B81: ='115+040'!#REF! -> #REF! | C81: =B81-B80 -> #REF! | D81: =D80 -> #REF! | E81: =VLOOKUP(B81,'115+040'!B79:AB180,3,FALSE) -> #REF! | F81: =D81+E81 -> #REF! | G81: =VLOOKUP(B81,'115+040'!$B$12:$AB$112,20,FALSE) -> #REF! | H81: =VLOOKUP(B81,'115+040'!$B$12:$AB$112,4,FALSE) -> #REF! | I81: =F81-H81 -> #REF! | J81: =VLOOKUP(B81,'115+040'!$B$12:$AB$112,13,FALSE) -> #REF! | K81: ='115+040'!R79 -> 5 | L81: =+K81+L80 -> 214 | M81: =VLOOKUP(B81,'115+040'!$B$11:$AB$112,21,FALSE) -> #REF! | N81: =VLOOKUP(B81,'115+040'!$B$12:$AB$112,5,FALSE) -> #REF! | O81: =F81-N81 -> #REF! | P81: =VLOOKUP(B81,'115+040'!$B$12:$AB$112,14,FALSE) -> #REF! | Q81: ='115+040'!S79 -> 5 | R81: =+Q81+R80 -> 216 | S81: =VLOOKUP(B81,'115+040'!$B$11:$AB$112,22,FALSE) -> #REF! | T81: =VLOOKUP(B81,'115+040'!$B$12:$AB$112,6,FALSE) -> #REF! | U81: =F81-T81 -> #REF! | V81: =VLOOKUP(B81,'115+040'!$B$12:$AB$112,15,FALSE) -> #REF! | W81: ='[4]114+940'!S82 -> 0 | X81: =+W81+X80 -> 144 | Y81: =S81-S80 -> #REF! | Z81: =IF(Y81>0,Y81,0)/1000 -> #REF! | AA81: =AA80+Z81 -> #REF! | AB81: =(M81-$M$13-R81)/1000 -> #REF!
A82: 17/11/015 | B82: ='115+040'!#REF! -> #REF! | C82: =B82-B81 -> #REF! | D82: =D81 -> #REF! | E82: =VLOOKUP(B82,'115+040'!B80:AB181,3,FALSE) -> #REF! | F82: =D82+E82 -> #REF! | G82: =VLOOKUP(B82,'115+040'!$B$12:$AB$112,20,FALSE) -> #REF! | H82: =VLOOKUP(B82,'115+040'!$B$12:$AB$112,4,FALSE) -> #REF! | I82: =F82-H82 -> #REF! | J82: =VLOOKUP(B82,'115+040'!$B$12:$AB$112,13,FALSE) -> #REF! | K82: ='115+040'!R80 -> 5 | L82: =+K82+L81 -> 219 | M82: =VLOOKUP(B82,'115+040'!$B$11:$AB$112,21,FALSE) -> #REF! | N82: =VLOOKUP(B82,'115+040'!$B$12:$AB$112,5,FALSE) -> #REF! | O82: =F82-N82 -> #REF! | P82: =VLOOKUP(B82,'115+040'!$B$12:$AB$112,14,FALSE) -> #REF! | Q82: ='115+040'!S80 -> 5 | R82: =+Q82+R81 -> 221 | S82: =VLOOKUP(B82,'115+040'!$B$11:$AB$112,22,FALSE) -> #REF! | T82: =VLOOKUP(B82,'115+040'!$B$12:$AB$112,6,FALSE) -> #REF! | U82: =F82-T82 -> #REF! | V82: =VLOOKUP(B82,'115+040'!$B$12:$AB$112,15,FALSE) -> #REF! | W82: ='[4]114+940'!S83 -> 0 | X82: =+W82+X81 -> 144 | Y82: =S82-S81 -> #REF! | Z82: =IF(Y82>0,Y82,0)/1000 -> #REF! | AA82: =AA81+Z82 -> #REF! | AB82: =(M82-$M$13-R82)/1000 -> #REF!
A83: 42328 | B83: ='115+040'!#REF! -> #REF! | C83: =B83-B82 -> #REF! | D83: =D82 -> #REF! | E83: =VLOOKUP(B83,'115+040'!B81:AB182,3,FALSE) -> #REF! | F83: =D83+E83 -> #REF! | G83: =VLOOKUP(B83,'115+040'!$B$12:$AB$112,20,FALSE) -> #REF! | H83: =VLOOKUP(B83,'115+040'!$B$12:$AB$112,4,FALSE) -> #REF! | I83: =F83-H83 -> #REF! | J83: =VLOOKUP(B83,'115+040'!$B$12:$AB$112,13,FALSE) -> #REF! | K83: ='115+040'!R81 -> 4 | L83: =+K83+L82 -> 223 | M83: =VLOOKUP(B83,'115+040'!$B$11:$AB$112,21,FALSE) -> #REF! | N83: =VLOOKUP(B83,'115+040'!$B$12:$AB$112,5,FALSE) -> #REF! | O83: =F83-N83 -> #REF! | P83: =VLOOKUP(B83,'115+040'!$B$12:$AB$112,14,FALSE) -> #REF! | Q83: ='115+040'!S81 -> 6 | R83: =+Q83+R82 -> 227 | S83: =VLOOKUP(B83,'115+040'!$B$11:$AB$112,22,FALSE) -> #REF! | T83: =VLOOKUP(B83,'115+040'!$B$12:$AB$112,6,FALSE) -> #REF! | U83: =F83-T83 -> #REF! | V83: =VLOOKUP(B83,'115+040'!$B$12:$AB$112,15,FALSE) -> #REF! | W83: ='[4]114+940'!S84 -> 0 | X83: =+W83+X82 -> 144 | Y83: =S83-S82 -> #REF! | Z83: =IF(Y83>0,Y83,0)/1000 -> #REF! | AA83: =AA82+Z83 -> #REF! | AB83: =(M83-$M$13-R83)/1000 -> #REF!
A84: 42331 | B84: ='115+040'!#REF! -> #REF! | C84: =B84-B83 -> #REF! | D84: =D83 -> #REF! | E84: =VLOOKUP(B84,'115+040'!B82:AB183,3,FALSE) -> #REF! | F84: =D84+E84 -> #REF! | G84: =VLOOKUP(B84,'115+040'!$B$12:$AB$112,20,FALSE) -> #REF! | H84: =VLOOKUP(B84,'115+040'!$B$12:$AB$112,4,FALSE) -> #REF! | I84: =F84-H84 -> #REF! | J84: =VLOOKUP(B84,'115+040'!$B$12:$AB$112,13,FALSE) -> #REF! | K84: ='115+040'!R82 -> 4 | L84: =+K84+L83 -> 227 | M84: =VLOOKUP(B84,'115+040'!$B$11:$AB$112,21,FALSE) -> #REF! | N84: =VLOOKUP(B84,'115+040'!$B$12:$AB$112,5,FALSE) -> #REF! | O84: =F84-N84 -> #REF! | P84: =VLOOKUP(B84,'115+040'!$B$12:$AB$112,14,FALSE) -> #REF! | Q84: ='115+040'!S82 -> 6 | R84: =+Q84+R83 -> 233 | S84: =VLOOKUP(B84,'115+040'!$B$11:$AB$112,22,FALSE) -> #REF! | T84: =VLOOKUP(B84,'115+040'!$B$12:$AB$112,6,FALSE) -> #REF! | U84: =F84-T84 -> #REF! | V84: =VLOOKUP(B84,'115+040'!$B$12:$AB$112,15,FALSE) -> #REF! | W84: ='[4]114+940'!S85 -> 0 | X84: =+W84+X83 -> 144 | Y84: =S84-S83 -> #REF! | Z84: =IF(Y84>0,Y84,0)/1000 -> #REF! | AA84: =AA83+Z84 -> #REF! | AB84: =(M84-$M$13-R84)/1000 -> #REF!
A85: 26/11/015 | B85: ='115+040'!#REF! -> #REF! | C85: =B85-B84 -> #REF! | D85: =D84 -> #REF! | E85: =VLOOKUP(B85,'115+040'!B83:AB184,3,FALSE) -> #REF! | F85: =D85+E85 -> #REF! | G85: =VLOOKUP(B85,'115+040'!$B$12:$AB$112,20,FALSE) -> #REF! | H85: =VLOOKUP(B85,'115+040'!$B$12:$AB$112,4,FALSE) -> #REF! | I85: =F85-H85 -> #REF! | J85: =VLOOKUP(B85,'115+040'!$B$12:$AB$112,13,FALSE) -> #REF! | K85: ='115+040'!R83 -> 4 | L85: =+K85+L84 -> 231 | M85: =VLOOKUP(B85,'115+040'!$B$11:$AB$112,21,FALSE) -> #REF! | N85: =VLOOKUP(B85,'115+040'!$B$12:$AB$112,5,FALSE) -> #REF! | O85: =F85-N85 -> #REF! | P85: =VLOOKUP(B85,'115+040'!$B$12:$AB$112,14,FALSE) -> #REF! | Q85: ='115+040'!S83 -> 6 | R85: =+Q85+R84 -> 239 | S85: =VLOOKUP(B85,'115+040'!$B$11:$AB$112,22,FALSE) -> #REF! | T85: =VLOOKUP(B85,'115+040'!$B$12:$AB$112,6,FALSE) -> #REF! | U85: =F85-T85 -> #REF! | V85: =VLOOKUP(B85,'115+040'!$B$12:$AB$112,15,FALSE) -> #REF! | W85: ='[4]114+940'!S86 -> 0 | X85: =+W85+X84 -> 144 | Y85: =S85-S84 -> #REF! | Z85: =IF(Y85>0,Y85,0)/1000 -> #REF! | AA85: =AA84+Z85 -> #REF! | AB85: =(M85-$M$13-R85)/1000 -> #REF!
A86: 42337 | B86: ='115+040'!#REF! -> #REF! | C86: =B86-B85 -> #REF! | D86: =D85 -> #REF! | E86: =VLOOKUP(B86,'115+040'!B84:AB185,3,FALSE) -> #REF! | F86: =D86+E86 -> #REF! | G86: =VLOOKUP(B86,'115+040'!$B$12:$AB$112,20,FALSE) -> #REF! | H86: =VLOOKUP(B86,'115+040'!$B$12:$AB$112,4,FALSE) -> #REF! | I86: =F86-H86 -> #REF! | J86: =VLOOKUP(B86,'115+040'!$B$12:$AB$112,13,FALSE) -> #REF! | K86: ='115+040'!R84 -> 4 | L86: =+K86+L85 -> 235 | M86: =VLOOKUP(B86,'115+040'!$B$11:$AB$112,21,FALSE) -> #REF! | N86: =VLOOKUP(B86,'115+040'!$B$12:$AB$112,5,FALSE) -> #REF! | O86: =F86-N86 -> #REF! | P86: =VLOOKUP(B86,'115+040'!$B$12:$AB$112,14,FALSE) -> #REF! | Q86: ='115+040'!S84 -> 6 | R86: =+Q86+R85 -> 245 | S86: =VLOOKUP(B86,'115+040'!$B$11:$AB$112,22,FALSE) -> #REF! | T86: =VLOOKUP(B86,'115+040'!$B$12:$AB$112,6,FALSE) -> #REF! | U86: =F86-T86 -> #REF! | V86: =VLOOKUP(B86,'115+040'!$B$12:$AB$112,15,FALSE) -> #REF! | W86: ='[4]114+940'!S87 -> 0 | X86: =+W86+X85 -> 144 | Y86: =S86-S85 -> #REF! | Z86: =IF(Y86>0,Y86,0)/1000 -> #REF! | AA86: =AA85+Z86 -> #REF! | AB86: =(M86-$M$13-R86)/1000 -> #REF!
A87: 42340 | B87: ='115+040'!#REF! -> #REF! | C87: =B87-B86 -> #REF! | D87: =D86 -> #REF! | E87: =VLOOKUP(B87,'115+040'!B85:AB186,3,FALSE) -> #REF! | F87: =D87+E87 -> #REF! | G87: =VLOOKUP(B87,'115+040'!$B$12:$AB$112,20,FALSE) -> #REF! | H87: =VLOOKUP(B87,'115+040'!$B$12:$AB$112,4,FALSE) -> #REF! | I87: =F87-H87 -> #REF! | J87: =VLOOKUP(B87,'115+040'!$B$12:$AB$112,13,FALSE) -> #REF! | K87: ='115+040'!R85 -> 3 | L87: =+K87+L86 -> 238 | M87: =VLOOKUP(B87,'115+040'!$B$11:$AB$112,21,FALSE) -> #REF! | N87: =VLOOKUP(B87,'115+040'!$B$12:$AB$112,5,FALSE) -> #REF! | O87: =F87-N87 -> #REF! | P87: =VLOOKUP(B87,'115+040'!$B$12:$AB$112,14,FALSE) -> #REF! | Q87: ='115+040'!S85 -> 6 | R87: =+Q87+R86 -> 251 | S87: =VLOOKUP(B87,'115+040'!$B$11:$AB$112,22,FALSE) -> #REF! | T87: =VLOOKUP(B87,'115+040'!$B$12:$AB$112,6,FALSE) -> #REF! | U87: =F87-T87 -> #REF! | V87: =VLOOKUP(B87,'115+040'!$B$12:$AB$112,15,FALSE) -> #REF! | W87: ='[4]114+940'!S88 -> 0 | X87: =+W87+X86 -> 144 | Y87: =S87-S86 -> #REF! | Z87: =IF(Y87>0,Y87,0)/1000 -> #REF! | AA87: =AA86+Z87 -> #REF! | AB87: =(M87-$M$13-R87)/1000 -> #REF!
A88: 42343 | B88: ='115+040'!#REF! -> #REF! | C88: =B88-B87 -> #REF! | D88: =D87 -> #REF! | E88: =VLOOKUP(B88,'115+040'!B86:AB187,3,FALSE) -> #REF! | F88: =D88+E88 -> #REF! | G88: =VLOOKUP(B88,'115+040'!$B$12:$AB$112,20,FALSE) -> #REF! | H88: =VLOOKUP(B88,'115+040'!$B$12:$AB$112,4,FALSE) -> #REF! | I88: =F88-H88 -> #REF! | J88: =VLOOKUP(B88,'115+040'!$B$12:$AB$112,13,FALSE) -> #REF! | K88: ='115+040'!R86 -> 3 | L88: =+K88+L87 -> 241 | M88: =VLOOKUP(B88,'115+040'!$B$11:$AB$112,21,FALSE) -> #REF! | N88: =VLOOKUP(B88,'115+040'!$B$12:$AB$112,5,FALSE) -> #REF! | O88: =F88-N88 -> #REF! | P88: =VLOOKUP(B88,'115+040'!$B$12:$AB$112,14,FALSE) -> #REF! | Q88: ='115+040'!S86 -> 6 | R88: =+Q88+R87 -> 257 | S88: =VLOOKUP(B88,'115+040'!$B$11:$AB$112,22,FALSE) -> #REF! | T88: =VLOOKUP(B88,'115+040'!$B$12:$AB$112,6,FALSE) -> #REF! | U88: =F88-T88 -> #REF! | V88: =VLOOKUP(B88,'115+040'!$B$12:$AB$112,15,FALSE) -> #REF! | W88: ='[4]114+940'!S89 -> 0 | X88: =+W88+X87 -> 144 | Y88: =S88-S87 -> #REF! | Z88: =IF(Y88>0,Y88,0)/1000 -> #REF! | AA88: =AA87+Z88 -> #REF! | AB88: =(M88-$M$13-R88)/1000 -> #REF!
A89: 08/12/015 | B89: ='115+040'!#REF! -> #REF! | C89: =B89-B88 -> #REF! | D89: =D88 -> #REF! | E89: =VLOOKUP(B89,'115+040'!B87:AB188,3,FALSE) -> #REF! | F89: =D89+E89 -> #REF! | G89: =VLOOKUP(B89,'115+040'!$B$12:$AB$112,20,FALSE) -> #REF! | H89: =VLOOKUP(B89,'115+040'!$B$12:$AB$112,4,FALSE) -> #REF! | I89: =F89-H89 -> #REF! | J89: =VLOOKUP(B89,'115+040'!$B$12:$AB$112,13,FALSE) -> #REF! | K89: ='115+040'!R87 -> 3 | L89: =+K89+L88 -> 244 | M89: =VLOOKUP(B89,'115+040'!$B$11:$AB$112,21,FALSE) -> #REF! | N89: =VLOOKUP(B89,'115+040'!$B$12:$AB$112,5,FALSE) -> #REF! | O89: =F89-N89 -> #REF! | P89: =VLOOKUP(B89,'115+040'!$B$12:$AB$112,14,FALSE) -> #REF! | Q89: ='115+040'!S87 -> 6 | R89: =+Q89+R88 -> 263 | S89: =VLOOKUP(B89,'115+040'!$B$11:$AB$112,22,FALSE) -> #REF! | T89: =VLOOKUP(B89,'115+040'!$B$12:$AB$112,6,FALSE) -> #REF! | U89: =F89-T89 -> #REF! | V89: =VLOOKUP(B89,'115+040'!$B$12:$AB$112,15,FALSE) -> #REF! | W89: ='[4]114+940'!S90 -> 0 | X89: =+W89+X88 -> 144 | Y89: =S89-S88 -> #REF! | Z89: =IF(Y89>0,Y89,0)/1000 -> #REF! | AA89: =AA88+Z89 -> #REF! | AB89: =(M89-$M$13-R89)/1000 -> #REF!
A90: 42349 | B90: ='115+040'!#REF! -> #REF! | C90: =B90-B89 -> #REF! | D90: =D89 -> #REF! | E90: =VLOOKUP(B90,'115+040'!B88:AB189,3,FALSE) -> #REF! | F90: =D90+E90 -> #REF! | G90: =VLOOKUP(B90,'115+040'!$B$12:$AB$112,20,FALSE) -> #REF! | H90: =VLOOKUP(B90,'115+040'!$B$12:$AB$112,4,FALSE) -> #REF! | I90: =F90-H90 -> #REF! | J90: =VLOOKUP(B90,'115+040'!$B$12:$AB$112,13,FALSE) -> #REF! | K90: ='115+040'!R88 -> 3 | L90: =+K90+L89 -> 247 | M90: =VLOOKUP(B90,'115+040'!$B$11:$AB$112,21,FALSE) -> #REF! | N90: =VLOOKUP(B90,'115+040'!$B$12:$AB$112,5,FALSE) -> #REF! | O90: =F90-N90 -> #REF! | P90: =VLOOKUP(B90,'115+040'!$B$12:$AB$112,14,FALSE) -> #REF! | Q90: ='115+040'!S88 -> 5 | R90: =+Q90+R89 -> 268 | S90: =VLOOKUP(B90,'115+040'!$B$11:$AB$112,22,FALSE) -> #REF! | T90: =VLOOKUP(B90,'115+040'!$B$12:$AB$112,6,FALSE) -> #REF! | U90: =F90-T90 -> #REF! | V90: =VLOOKUP(B90,'115+040'!$B$12:$AB$112,15,FALSE) -> #REF! | W90: ='[4]114+940'!S91 -> 0 | X90: =+W90+X89 -> 144 | Y90: =S90-S89 -> #REF! | Z90: =IF(Y90>0,Y90,0)/1000 -> #REF! | AA90: =AA89+Z90 -> #REF! | AB90: =(M90-$M$13-R90)/1000 -> #REF!
A91: 42352 | B91: ='115+040'!#REF! -> #REF! | C91: =B91-B90 -> #REF! | D91: =D90 -> #REF! | E91: =VLOOKUP(B91,'115+040'!B89:AB190,3,FALSE) -> #REF! | F91: =D91+E91 -> #REF! | G91: =VLOOKUP(B91,'115+040'!$B$12:$AB$112,20,FALSE) -> #REF! | H91: =VLOOKUP(B91,'115+040'!$B$12:$AB$112,4,FALSE) -> #REF! | I91: =F91-H91 -> #REF! | J91: =VLOOKUP(B91,'115+040'!$B$12:$AB$112,13,FALSE) -> #REF! | K91: ='115+040'!R89 -> 2 | L91: =+K91+L90 -> 249 | M91: =VLOOKUP(B91,'115+040'!$B$11:$AB$112,21,FALSE) -> #REF! | N91: =VLOOKUP(B91,'115+040'!$B$12:$AB$112,5,FALSE) -> #REF! | O91: =F91-N91 -> #REF! | P91: =VLOOKUP(B91,'115+040'!$B$12:$AB$112,14,FALSE) -> #REF! | Q91: ='115+040'!S89 -> 5 | R91: =+Q91+R90 -> 273 | S91: =VLOOKUP(B91,'115+040'!$B$11:$AB$112,22,FALSE) -> #REF! | T91: =VLOOKUP(B91,'115+040'!$B$12:$AB$112,6,FALSE) -> #REF! | U91: =F91-T91 -> #REF! | V91: =VLOOKUP(B91,'115+040'!$B$12:$AB$112,15,FALSE) -> #REF! | W91: ='[4]114+940'!S92 -> 0 | X91: =+W91+X90 -> 144 | Y91: =S91-S90 -> #REF! | Z91: =IF(Y91>0,Y91,0)/1000 -> #REF! | AA91: =AA90+Z91 -> #REF! | AB91: =(M91-$M$13-R91)/1000 -> #REF!
A92: 42353 | B92: ='115+040'!#REF! -> #REF! | C92: =B92-B91 -> #REF! | D92: =D91 -> #REF! | E92: =VLOOKUP(B92,'115+040'!B90:AB191,3,FALSE) -> #REF! | F92: =D92+E92 -> #REF! | G92: =VLOOKUP(B92,'115+040'!$B$12:$AB$112,20,FALSE) -> #REF! | H92: =VLOOKUP(B92,'115+040'!$B$12:$AB$112,4,FALSE) -> #REF! | I92: =F92-H92 -> #REF! | J92: =VLOOKUP(B92,'115+040'!$B$12:$AB$112,13,FALSE) -> #REF! | K92: ='115+040'!R90 -> 2 | L92: =+K92+L91 -> 251 | M92: =VLOOKUP(B92,'115+040'!$B$11:$AB$112,21,FALSE) -> #REF! | N92: =VLOOKUP(B92,'115+040'!$B$12:$AB$112,5,FALSE) -> #REF! | O92: =F92-N92 -> #REF! | P92: =VLOOKUP(B92,'115+040'!$B$12:$AB$112,14,FALSE) -> #REF! | Q92: ='115+040'!S90 -> 4 | R92: =+Q92+R91 -> 277 | S92: =VLOOKUP(B92,'115+040'!$B$11:$AB$112,22,FALSE) -> #REF! | T92: =VLOOKUP(B92,'115+040'!$B$12:$AB$112,6,FALSE) -> #REF! | U92: =F92-T92 -> #REF! | V92: =VLOOKUP(B92,'115+040'!$B$12:$AB$112,15,FALSE) -> #REF! | W92: ='[4]114+940'!S93 -> 0 | X92: =+W92+X91 -> 144 | Y92: =S92-S91 -> #REF! | Z92: =IF(Y92>0,Y92,0)/1000 -> #REF! | AA92: =AA91+Z92 -> #REF! | AB92: =(M92-$M$13-R92)/1000 -> #REF!
A93: 42353 | B93: ='115+040'!#REF! -> #REF! | C93: =B93-B92 -> #REF! | D93: =D92 -> #REF! | E93: =VLOOKUP(B93,'115+040'!B91:AB192,3,FALSE) -> #REF! | F93: =D93+E93 -> #REF! | G93: =VLOOKUP(B93,'115+040'!$B$12:$AB$112,20,FALSE) -> #REF! | H93: =VLOOKUP(B93,'115+040'!$B$12:$AB$112,4,FALSE) -> #REF! | I93: =F93-H93 -> #REF! | J93: =VLOOKUP(B93,'115+040'!$B$12:$AB$112,13,FALSE) -> #REF! | K93: ='115+040'!R91 -> 1 | L93: =+K93+L92 -> 252 | M93: =VLOOKUP(B93,'115+040'!$B$11:$AB$112,21,FALSE) -> #REF! | N93: =VLOOKUP(B93,'115+040'!$B$12:$AB$112,5,FALSE) -> #REF! | O93: =F93-N93 -> #REF! | P93: =VLOOKUP(B93,'115+040'!$B$12:$AB$112,14,FALSE) -> #REF! | Q93: ='115+040'!S91 -> 4 | R93: =+Q93+R92 -> 281 | S93: =VLOOKUP(B93,'115+040'!$B$11:$AB$112,22,FALSE) -> #REF! | T93: =VLOOKUP(B93,'115+040'!$B$12:$AB$112,6,FALSE) -> #REF! | U93: =F93-T93 -> #REF! | V93: =VLOOKUP(B93,'115+040'!$B$12:$AB$112,15,FALSE) -> #REF! | W93: ='[4]114+940'!S94 -> 0 | X93: =+W93+X92 -> 144 | Y93: =S93-S92 -> #REF! | Z93: =IF(Y93>0,Y93,0)/1000 -> #REF! | AA93: =AA92+Z93 -> #REF! | AB93: =(M93-$M$13-R93)/1000 -> #REF!
B94: ='115+040'!#REF! -> #REF! | C94: =B94-B93 -> #REF! | D94: =D93 -> #REF! | E94: =VLOOKUP(B94,'115+040'!B92:AB193,3,FALSE) -> #REF! | F94: =D94+E94 -> #REF! | G94: =VLOOKUP(B94,'115+040'!$B$12:$AB$112,20,FALSE) -> #REF! | H94: =VLOOKUP(B94,'115+040'!$B$12:$AB$112,4,FALSE) -> #REF! | I94: =F94-H94 -> #REF! | J94: =VLOOKUP(B94,'115+040'!$B$12:$AB$112,13,FALSE) -> #REF! | K94: ='115+040'!R92 -> 1 | L94: =+K94+L93 -> 253 | M94: =VLOOKUP(B94,'115+040'!$B$11:$AB$112,21,FALSE) -> #REF! | N94: =VLOOKUP(B94,'115+040'!$B$12:$AB$112,5,FALSE) -> #REF! | O94: =F94-N94 -> #REF! | P94: =VLOOKUP(B94,'115+040'!$B$12:$AB$112,14,FALSE) -> #REF! | Q94: ='115+040'!S92 -> 3 | R94: =+Q94+R93 -> 284 | S94: =VLOOKUP(B94,'115+040'!$B$11:$AB$112,22,FALSE) -> #REF! | T94: =VLOOKUP(B94,'115+040'!$B$12:$AB$112,6,FALSE) -> #REF! | U94: =F94-T94 -> #REF! | V94: =VLOOKUP(B94,'115+040'!$B$12:$AB$112,15,FALSE) -> #REF! | W94: ='[4]114+940'!S95 -> 0 | X94: =+W94+X93 -> 144 | Y94: =S94-S93 -> #REF! | Z94: =IF(Y94>0,Y94,0)/1000 -> #REF! | AA94: =AA93+Z94 -> #REF! | AB94: =(M94-$M$13-R94)/1000 -> #REF!
B95: ='115+040'!#REF! -> #REF! | C95: =B95-B94 -> #REF! | D95: =D94 -> #REF! | E95: =VLOOKUP(B95,'115+040'!B93:AB194,3,FALSE) -> #REF! | F95: =D95+E95 -> #REF! | G95: =VLOOKUP(B95,'115+040'!$B$12:$AB$112,20,FALSE) -> #REF! | H95: =VLOOKUP(B95,'115+040'!$B$12:$AB$112,4,FALSE) -> #REF! | I95: =F95-H95 -> #REF! | J95: =VLOOKUP(B95,'115+040'!$B$12:$AB$112,13,FALSE) -> #REF! | K95: ='115+040'!R93 -> 0 | L95: =+K95+L94 -> 253 | M95: =VLOOKUP(B95,'115+040'!$B$11:$AB$112,21,FALSE) -> #REF! | N95: =VLOOKUP(B95,'115+040'!$B$12:$AB$112,5,FALSE) -> #REF! | O95: =F95-N95 -> #REF! | P95: =VLOOKUP(B95,'115+040'!$B$12:$AB$112,14,FALSE) -> #REF! | Q95: ='115+040'!S93 -> 2 | R95: =+Q95+R94 -> 286 | S95: =VLOOKUP(B95,'115+040'!$B$11:$AB$112,22,FALSE) -> #REF! | T95: =VLOOKUP(B95,'115+040'!$B$12:$AB$112,6,FALSE) -> #REF! | U95: =F95-T95 -> #REF! | V95: =VLOOKUP(B95,'115+040'!$B$12:$AB$112,15,FALSE) -> #REF! | W95: ='[4]114+940'!S96 -> 0 | X95: =+W95+X94 -> 144 | Y95: =S95-S94 -> #REF! | Z95: =IF(Y95>0,Y95,0)/1000 -> #REF! | AA95: =AA94+Z95 -> #REF! | AB95: =(M95-$M$13-R95)/1000 -> #REF!
B96: ='115+040'!#REF! -> #REF! | C96: =B96-B95 -> #REF! | D96: =D95 -> #REF! | E96: =VLOOKUP(B96,'115+040'!B94:AB195,3,FALSE) -> #REF! | F96: =D96+E96 -> #REF! | G96: =VLOOKUP(B96,'115+040'!$B$12:$AB$112,20,FALSE) -> #REF! | H96: =VLOOKUP(B96,'115+040'!$B$12:$AB$112,4,FALSE) -> #REF! | I96: =F96-H96 -> #REF! | J96: =VLOOKUP(B96,'115+040'!$B$12:$AB$112,13,FALSE) -> #REF! | K96: ='115+040'!R94 -> 0 | L96: =+K96+L95 -> 253 | M96: =VLOOKUP(B96,'115+040'!$B$11:$AB$112,21,FALSE) -> #REF! | N96: =VLOOKUP(B96,'115+040'!$B$12:$AB$112,5,FALSE) -> #REF! | O96: =F96-N96 -> #REF! | P96: =VLOOKUP(B96,'115+040'!$B$12:$AB$112,14,FALSE) -> #REF! | Q96: ='115+040'!S94 -> 0 | R96: =+Q96+R95 -> 286 | S96: =VLOOKUP(B96,'115+040'!$B$11:$AB$112,22,FALSE) -> #REF! | T96: =VLOOKUP(B96,'115+040'!$B$12:$AB$112,6,FALSE) -> #REF! | U96: =F96-T96 -> #REF! | V96: =VLOOKUP(B96,'115+040'!$B$12:$AB$112,15,FALSE) -> #REF! | W96: ='[4]114+940'!S97 -> 0 | X96: =+W96+X95 -> 144 | Y96: =S96-S95 -> #REF! | Z96: =IF(Y96>0,Y96,0)/1000 -> #REF! | AA96: =AA95+Z96 -> #REF! | AB96: =(M96-$M$13-R96)/1000 -> #REF!
B97: ='115+040'!#REF! -> #REF! | C97: =B97-B96 -> #REF! | D97: =D96 -> #REF! | E97: =VLOOKUP(B97,'115+040'!B95:AB196,3,FALSE) -> #REF! | F97: =D97+E97 -> #REF! | G97: =VLOOKUP(B97,'115+040'!$B$12:$AB$112,20,FALSE) -> #REF! | H97: =VLOOKUP(B97,'115+040'!$B$12:$AB$112,4,FALSE) -> #REF! | I97: =F97-H97 -> #REF! | J97: =VLOOKUP(B97,'115+040'!$B$12:$AB$112,13,FALSE) -> #REF! | K97: ='115+040'!R95 -> 0 | L97: =+K97+L96 -> 253 | M97: =VLOOKUP(B97,'115+040'!$B$11:$AB$112,21,FALSE) -> #REF! | N97: =VLOOKUP(B97,'115+040'!$B$12:$AB$112,5,FALSE) -> #REF! | O97: =F97-N97 -> #REF! | P97: =VLOOKUP(B97,'115+040'!$B$12:$AB$112,14,FALSE) -> #REF! | Q97: ='115+040'!S95 -> 0 | R97: =+Q97+R96 -> 286 | S97: =VLOOKUP(B97,'115+040'!$B$11:$AB$112,22,FALSE) -> #REF! | T97: =VLOOKUP(B97,'115+040'!$B$12:$AB$112,6,FALSE) -> #REF! | U97: =F97-T97 -> #REF! | V97: =VLOOKUP(B97,'115+040'!$B$12:$AB$112,15,FALSE) -> #REF! | W97: ='[4]114+940'!S98 -> 0 | X97: =+W97+X96 -> 144 | Y97: =S97-S96 -> #REF! | Z97: =IF(Y97>0,Y97,0)/1000 -> #REF! | AA97: =AA96+Z97 -> #REF! | AB97: =(M97-$M$13-R97)/1000 -> #REF!
B98: ='115+040'!#REF! -> #REF! | C98: =B98-B97 -> #REF! | D98: =D97 -> #REF! | E98: =VLOOKUP(B98,'115+040'!B96:AB197,3,FALSE) -> #REF! | F98: =D98+E98 -> #REF! | G98: =VLOOKUP(B98,'115+040'!$B$12:$AB$112,20,FALSE) -> #REF! | H98: =VLOOKUP(B98,'115+040'!$B$12:$AB$112,4,FALSE) -> #REF! | I98: =F98-H98 -> #REF! | J98: =VLOOKUP(B98,'115+040'!$B$12:$AB$112,13,FALSE) -> #REF! | K98: ='115+040'!R96 -> 0 | L98: =+K98+L97 -> 253 | M98: =VLOOKUP(B98,'115+040'!$B$11:$AB$112,21,FALSE) -> #REF! | N98: =VLOOKUP(B98,'115+040'!$B$12:$AB$112,5,FALSE) -> #REF! | O98: =F98-N98 -> #REF! | P98: =VLOOKUP(B98,'115+040'!$B$12:$AB$112,14,FALSE) -> #REF! | Q98: ='115+040'!S96 -> 0 | R98: =+Q98+R97 -> 286 | S98: =VLOOKUP(B98,'115+040'!$B$11:$AB$112,22,FALSE) -> #REF! | T98: =VLOOKUP(B98,'115+040'!$B$12:$AB$112,6,FALSE) -> #REF! | U98: =F98-T98 -> #REF! | V98: =VLOOKUP(B98,'115+040'!$B$12:$AB$112,15,FALSE) -> #REF! | W98: ='[4]114+940'!S99 -> 0 | X98: =+W98+X97 -> 144 | Y98: =S98-S97 -> #REF! | Z98: =IF(Y98>0,Y98,0)/1000 -> #REF! | AA98: =AA97+Z98 -> #REF! | AB98: =(M98-$M$13-R98)/1000 -> #REF!
B99: ='115+040'!#REF! -> #REF! | C99: =B99-B98 -> #REF! | D99: =D98 -> #REF! | E99: =VLOOKUP(B99,'115+040'!B97:AB198,3,FALSE) -> #REF! | F99: =D99+E99 -> #REF! | G99: =VLOOKUP(B99,'115+040'!$B$12:$AB$112,20,FALSE) -> #REF! | H99: =VLOOKUP(B99,'115+040'!$B$12:$AB$112,4,FALSE) -> #REF! | I99: =F99-H99 -> #REF! | J99: =VLOOKUP(B99,'115+040'!$B$12:$AB$112,13,FALSE) -> #REF! | K99: ='115+040'!R97 -> 0 | L99: =+K99+L98 -> 253 | M99: =VLOOKUP(B99,'115+040'!$B$11:$AB$112,21,FALSE) -> #REF! | N99: =VLOOKUP(B99,'115+040'!$B$12:$AB$112,5,FALSE) -> #REF! | O99: =F99-N99 -> #REF! | P99: =VLOOKUP(B99,'115+040'!$B$12:$AB$112,14,FALSE) -> #REF! | Q99: ='115+040'!S97 -> 0 | R99: =+Q99+R98 -> 286 | S99: =VLOOKUP(B99,'115+040'!$B$11:$AB$112,22,FALSE) -> #REF! | T99: =VLOOKUP(B99,'115+040'!$B$12:$AB$112,6,FALSE) -> #REF! | U99: =F99-T99 -> #REF! | V99: =VLOOKUP(B99,'115+040'!$B$12:$AB$112,15,FALSE) -> #REF! | W99: ='[4]114+940'!S100 -> 0 | X99: =+W99+X98 -> 144 | Y99: =S99-S98 -> #REF! | Z99: =IF(Y99>0,Y99,0)/1000 -> #REF! | AA99: =AA98+Z99 -> #REF! | AB99: =(M99-$M$13-R99)/1000 -> #REF!
B100: ='115+040'!#REF! -> #REF! | C100: =B100-B99 -> #REF! | D100: =D99 -> #REF! | E100: =VLOOKUP(B100,'115+040'!B98:AB199,3,FALSE) -> #REF! | F100: =D100+E100 -> #REF! | G100: =VLOOKUP(B100,'115+040'!$B$12:$AB$112,20,FALSE) -> #REF! | H100: =VLOOKUP(B100,'115+040'!$B$12:$AB$112,4,FALSE) -> #REF! | I100: =F100-H100 -> #REF! | J100: =VLOOKUP(B100,'115+040'!$B$12:$AB$112,13,FALSE) -> #REF! | K100: ='115+040'!R98 -> 0 | L100: =+K100+L99 -> 253 | M100: =VLOOKUP(B100,'115+040'!$B$11:$AB$112,21,FALSE) -> #REF! | N100: =VLOOKUP(B100,'115+040'!$B$12:$AB$112,5,FALSE) -> #REF! | O100: =F100-N100 -> #REF! | P100: =VLOOKUP(B100,'115+040'!$B$12:$AB$112,14,FALSE) -> #REF! | Q100: ='115+040'!S98 -> 0 | R100: =+Q100+R99 -> 286 | S100: =VLOOKUP(B100,'115+040'!$B$11:$AB$112,22,FALSE) -> #REF! | T100: =VLOOKUP(B100,'115+040'!$B$12:$AB$112,6,FALSE) -> #REF! | U100: =F100-T100 -> #REF! | V100: =VLOOKUP(B100,'115+040'!$B$12:$AB$112,15,FALSE) -> #REF! | W100: ='[4]114+940'!S101 -> 0 | X100: =+W100+X99 -> 144 | Y100: =S100-S99 -> #REF! | Z100: =IF(Y100>0,Y100,0)/1000 -> #REF! | AA100: =AA99+Z100 -> #REF! | AB100: =(M100-$M$13-R100)/1000 -> #REF!
B101: ='115+040'!#REF! -> #REF! | C101: =B101-B100 -> #REF! | D101: =D100 -> #REF! | E101: =VLOOKUP(B101,'115+040'!B99:AB200,3,FALSE) -> #REF! | F101: =D101+E101 -> #REF! | G101: =VLOOKUP(B101,'115+040'!$B$12:$AB$112,20,FALSE) -> #REF! | H101: =VLOOKUP(B101,'115+040'!$B$12:$AB$112,4,FALSE) -> #REF! | I101: =F101-H101 -> #REF! | J101: =VLOOKUP(B101,'115+040'!$B$12:$AB$112,13,FALSE) -> #REF! | K101: ='115+040'!R99 -> 0 | L101: =+K101+L100 -> 253 | M101: =VLOOKUP(B101,'115+040'!$B$11:$AB$112,21,FALSE) -> #REF! | N101: =VLOOKUP(B101,'115+040'!$B$12:$AB$112,5,FALSE) -> #REF! | O101: =F101-N101 -> #REF! | P101: =VLOOKUP(B101,'115+040'!$B$12:$AB$112,14,FALSE) -> #REF! | Q101: ='115+040'!S99 -> 0 | R101: =+Q101+R100 -> 286 | S101: =VLOOKUP(B101,'115+040'!$B$11:$AB$112,22,FALSE) -> #REF! | T101: =VLOOKUP(B101,'115+040'!$B$12:$AB$112,6,FALSE) -> #REF! | U101: =F101-T101 -> #REF! | V101: =VLOOKUP(B101,'115+040'!$B$12:$AB$112,15,FALSE) -> #REF! | W101: ='[4]114+940'!S102 -> 0 | X101: =+W101+X100 -> 144 | Y101: =S101-S100 -> #REF! | Z101: =IF(Y101>0,Y101,0)/1000 -> #REF! | AA101: =AA100+Z101 -> #REF! | AB101: =(M101-$M$13-R101)/1000 -> #REF!
B102: ='115+040'!#REF! -> #REF! | C102: =B102-B101 -> #REF! | D102: =D101 -> #REF! | E102: =VLOOKUP(B102,'115+040'!B100:AB201,3,FALSE) -> #REF! | F102: =D102+E102 -> #REF! | G102: =VLOOKUP(B102,'115+040'!$B$12:$AB$112,20,FALSE) -> #REF! | H102: =VLOOKUP(B102,'115+040'!$B$12:$AB$112,4,FALSE) -> #REF! | I102: =F102-H102 -> #REF! | J102: =VLOOKUP(B102,'115+040'!$B$12:$AB$112,13,FALSE) -> #REF! | K102: ='115+040'!R100 -> 0 | L102: =+K102+L101 -> 253 | M102: =VLOOKUP(B102,'115+040'!$B$11:$AB$112,21,FALSE) -> #REF! | N102: =VLOOKUP(B102,'115+040'!$B$12:$AB$112,5,FALSE) -> #REF! | O102: =F102-N102 -> #REF! | P102: =VLOOKUP(B102,'115+040'!$B$12:$AB$112,14,FALSE) -> #REF! | Q102: ='115+040'!S100 -> 0 | R102: =+Q102+R101 -> 286 | S102: =VLOOKUP(B102,'115+040'!$B$11:$AB$112,22,FALSE) -> #REF! | T102: =VLOOKUP(B102,'115+040'!$B$12:$AB$112,6,FALSE) -> #REF! | U102: =F102-T102 -> #REF! | V102: =VLOOKUP(B102,'115+040'!$B$12:$AB$112,15,FALSE) -> #REF! | W102: ='[4]114+940'!S103 -> 0 | X102: =+W102+X101 -> 144 | Y102: =S102-S101 -> #REF! | Z102: =IF(Y102>0,Y102,0)/1000 -> #REF! | AA102: =AA101+Z102 -> #REF! | AB102: =(M102-$M$13-R102)/1000 -> #REF!
B103: ='115+040'!#REF! -> #REF! | C103: =B103-B102 -> #REF! | D103: =D102 -> #REF! | E103: =VLOOKUP(B103,'115+040'!B101:AB202,3,FALSE) -> #REF! | F103: =D103+E103 -> #REF! | G103: =VLOOKUP(B103,'115+040'!$B$12:$AB$112,20,FALSE) -> #REF! | H103: =VLOOKUP(B103,'115+040'!$B$12:$AB$112,4,FALSE) -> #REF! | I103: =F103-H103 -> #REF! | J103: =VLOOKUP(B103,'115+040'!$B$12:$AB$112,13,FALSE) -> #REF! | K103: ='115+040'!R101 -> 0 | L103: =+K103+L102 -> 253 | M103: =VLOOKUP(B103,'115+040'!$B$11:$AB$112,21,FALSE) -> #REF! | N103: =VLOOKUP(B103,'115+040'!$B$12:$AB$112,5,FALSE) -> #REF! | O103: =F103-N103 -> #REF! | P103: =VLOOKUP(B103,'115+040'!$B$12:$AB$112,14,FALSE) -> #REF! | Q103: ='115+040'!S101 -> 0 | R103: =+Q103+R102 -> 286 | S103: =VLOOKUP(B103,'115+040'!$B$11:$AB$112,22,FALSE) -> #REF! | T103: =VLOOKUP(B103,'115+040'!$B$12:$AB$112,6,FALSE) -> #REF! | U103: =F103-T103 -> #REF! | V103: =VLOOKUP(B103,'115+040'!$B$12:$AB$112,15,FALSE) -> #REF! | W103: ='[4]114+940'!S104 -> 0 | X103: =+W103+X102 -> 144 | Y103: =S103-S102 -> #REF! | Z103: =IF(Y103>0,Y103,0)/1000 -> #REF! | AA103: =AA102+Z103 -> #REF! | AB103: =(M103-$M$13-R103)/1000 -> #REF!
B104: ='115+040'!#REF! -> #REF! | C104: =B104-B103 -> #REF! | D104: =D103 -> #REF! | E104: =VLOOKUP(B104,'115+040'!B102:AB203,3,FALSE) -> #REF! | F104: =D104+E104 -> #REF! | G104: =VLOOKUP(B104,'115+040'!$B$12:$AB$112,20,FALSE) -> #REF! | H104: =VLOOKUP(B104,'115+040'!$B$12:$AB$112,4,FALSE) -> #REF! | I104: =F104-H104 -> #REF! | J104: =VLOOKUP(B104,'115+040'!$B$12:$AB$112,13,FALSE) -> #REF! | K104: ='115+040'!R102 -> 0 | L104: =+K104+L103 -> 253 | M104: =VLOOKUP(B104,'115+040'!$B$11:$AB$112,21,FALSE) -> #REF! | N104: =VLOOKUP(B104,'115+040'!$B$12:$AB$112,5,FALSE) -> #REF! | O104: =F104-N104 -> #REF! | P104: =VLOOKUP(B104,'115+040'!$B$12:$AB$112,14,FALSE) -> #REF! | Q104: ='115+040'!S102 -> 0 | R104: =+Q104+R103 -> 286 | S104: =VLOOKUP(B104,'115+040'!$B$11:$AB$112,22,FALSE) -> #REF! | T104: =VLOOKUP(B104,'115+040'!$B$12:$AB$112,6,FALSE) -> #REF! | U104: =F104-T104 -> #REF! | V104: =VLOOKUP(B104,'115+040'!$B$12:$AB$112,15,FALSE) -> #REF! | W104: ='[4]114+940'!S105 -> 0 | X104: =+W104+X103 -> 144 | Y104: =S104-S103 -> #REF! | Z104: =IF(Y104>0,Y104,0)/1000 -> #REF! | AA104: =AA103+Z104 -> #REF! | AB104: =(M104-$M$13-R104)/1000 -> #REF!
B105: ='115+040'!#REF! -> #REF! | C105: =B105-B104 -> #REF! | D105: =D104 -> #REF! | E105: =VLOOKUP(B105,'115+040'!B103:AB204,3,FALSE) -> #REF! | F105: =D105+E105 -> #REF! | G105: =VLOOKUP(B105,'115+040'!$B$12:$AB$112,20,FALSE) -> #REF! | H105: =VLOOKUP(B105,'115+040'!$B$12:$AB$112,4,FALSE) -> #REF! | I105: =F105-H105 -> #REF! | J105: =VLOOKUP(B105,'115+040'!$B$12:$AB$112,13,FALSE) -> #REF! | K105: ='115+040'!R103 -> 0 | L105: =+K105+L104 -> 253 | M105: =VLOOKUP(B105,'115+040'!$B$11:$AB$112,21,FALSE) -> #REF! | N105: =VLOOKUP(B105,'115+040'!$B$12:$AB$112,5,FALSE) -> #REF! | O105: =F105-N105 -> #REF! | P105: =VLOOKUP(B105,'115+040'!$B$12:$AB$112,14,FALSE) -> #REF! | Q105: ='115+040'!S103 -> 0 | R105: =+Q105+R104 -> 286 | S105: =VLOOKUP(B105,'115+040'!$B$11:$AB$112,22,FALSE) -> #REF! | T105: =VLOOKUP(B105,'115+040'!$B$12:$AB$112,6,FALSE) -> #REF! | U105: =F105-T105 -> #REF! | V105: =VLOOKUP(B105,'115+040'!$B$12:$AB$112,15,FALSE) -> #REF! | W105: ='[4]114+940'!S106 -> 0 | X105: =+W105+X104 -> 144 | Y105: =S105-S104 -> #REF! | Z105: =IF(Y105>0,Y105,0)/1000 -> #REF! | AA105: =AA104+Z105 -> #REF! | AB105: =(M105-$M$13-R105)/1000 -> #REF!
... B114: ='115+040'!#REF! -> #REF! | C114: =B114-B113 -> #REF! | D114: =D113 -> #REF! | E114: =VLOOKUP(B114,'115+040'!B112:AB213,3,FALSE) -> #REF! | F114: =D114+E114 -> #REF! | G114: =VLOOKUP(B114,'115+040'!$B$12:$AB$112,20,FALSE) -> #REF! | H114: =VLOOKUP(B114,'115+040'!$B$12:$AB$112,4,FALSE) -> #REF! | I114: =F114-H114 -> #REF! | J114: =VLOOKUP(B114,'115+040'!$B$12:$AB$112,13,FALSE) -> #REF! | K114: ='115+040'!R112 -> 0 | L114: =+K114+L113 -> 253 | M114: =VLOOKUP(B114,'115+040'!$B$11:$AB$112,21,FALSE) -> #REF! | N114: =VLOOKUP(B114,'115+040'!$B$12:$AB$112,5,FALSE) -> #REF! | O114: =F114-N114 -> #REF! | P114: =VLOOKUP(B114,'115+040'!$B$12:$AB$112,14,FALSE) -> #REF! | Q114: ='115+040'!S112 -> 0 | R114: =+Q114+R113 -> 286 | S114: =VLOOKUP(B114,'115+040'!$B$11:$AB$112,22,FALSE) -> #REF! | T114: =VLOOKUP(B114,'115+040'!$B$12:$AB$112,6,FALSE) -> #REF! | U114: =F114-T114 -> #REF! | V114: =VLOOKUP(B114,'115+040'!$B$12:$AB$112,15,FALSE) -> #REF! | W114: ='[4]114+940'!S115 -> 0 | X114: =+W114+X113 -> 144 | Y114: =S114-S113 -> #REF! | Z114: =IF(Y114>0,Y114,0)/1000 -> #REF! | AA114: =AA113+Z114 -> #REF! | AB114: =(M114-$M$13-R114)/1000 -> #REF!
B115: ='115+040'!#REF! -> #REF! | C115: =B115-B114 -> #REF! | D115: =D114 -> #REF! | E115: =VLOOKUP(B115,'115+040'!B113:AB214,3,FALSE) -> #REF! | F115: =D115+E115 -> #REF! | G115: =VLOOKUP(B115,'115+040'!$B$12:$AB$621,20,FALSE) -> #REF! | H115: =VLOOKUP(B115,'115+040'!$B$12:$AB$621,4,FALSE) -> #REF! | I115: =F115-H115 -> #REF! | J115: =VLOOKUP(B115,'115+040'!$B$12:$AB$621,13,FALSE) -> #REF! | K115: ='115+040'!R113 -> 0 | L115: =+K115+L114 -> 253 | M115: =VLOOKUP(B115,'115+040'!$B$11:$AB$621,21,FALSE) -> #REF! | N115: =VLOOKUP(B115,'115+040'!$B$12:$AB$621,5,FALSE) -> #REF! | O115: =F115-N115 -> #REF! | P115: =VLOOKUP(B115,'115+040'!$B$12:$AB$621,14,FALSE) -> #REF! | Q115: ='115+040'!S113 -> 0 | R115: =+Q115+R114 -> 286 | S115: =VLOOKUP(B115,'115+040'!$B$11:$AB$621,22,FALSE) -> #REF! | T115: =VLOOKUP(B115,'115+040'!$B$12:$AB$621,6,FALSE) -> #REF! | U115: =F115-T115 -> #REF! | V115: =VLOOKUP(B115,'115+040'!$B$12:$AB$621,15,FALSE) -> #REF! | W115: ='[4]114+940'!S116 -> 0 | X115: =+W115+X114 -> 144 | Y115: =S115-S114 -> #REF! | Z115: =IF(Y115>0,Y115,0)/1000 -> #REF! | AA115: =AA114+Z115 -> #REF! | AB115: =(M115-$M$13-R115)/1000 -> #REF!
B116: ='115+040'!#REF! -> #REF! | C116: =B116-B115 -> #REF! | D116: =D115 -> #REF! | E116: =VLOOKUP(B116,'115+040'!B114:AB215,3,FALSE) -> #REF! | F116: =D116+E116 -> #REF! | G116: =VLOOKUP(B116,'115+040'!$B$12:$AB$621,20,FALSE) -> #REF! | H116: =VLOOKUP(B116,'115+040'!$B$12:$AB$621,4,FALSE) -> #REF! | I116: =F116-H116 -> #REF! | J116: =VLOOKUP(B116,'115+040'!$B$12:$AB$621,13,FALSE) -> #REF! | K116: ='115+040'!R114 -> 0 | L116: =+K116+L115 -> 253 | M116: =VLOOKUP(B116,'115+040'!$B$11:$AB$621,21,FALSE) -> #REF! | N116: =VLOOKUP(B116,'115+040'!$B$12:$AB$621,5,FALSE) -> #REF! | O116: =F116-N116 -> #REF! | P116: =VLOOKUP(B116,'115+040'!$B$12:$AB$621,14,FALSE) -> #REF! | Q116: ='115+040'!S114 -> 0 | R116: =+Q116+R115 -> 286 | S116: =VLOOKUP(B116,'115+040'!$B$11:$AB$621,22,FALSE) -> #REF! | T116: =VLOOKUP(B116,'115+040'!$B$12:$AB$621,6,FALSE) -> #REF! | U116: =F116-T116 -> #REF! | V116: =VLOOKUP(B116,'115+040'!$B$12:$AB$621,15,FALSE) -> #REF! | W116: ='[4]114+940'!S117 -> 0 | X116: =+W116+X115 -> 144 | Y116: =S116-S115 -> #REF! | Z116: =IF(Y116>0,Y116,0)/1000 -> #REF! | AA116: =AA115+Z116 -> #REF! | AB116: =(M116-$M$13-R116)/1000 -> #REF!
B117: ='115+040'!#REF! -> #REF! | C117: =B117-B116 -> #REF! | D117: =D116 -> #REF! | E117: =VLOOKUP(B117,'115+040'!B115:AB216,3,FALSE) -> #REF! | F117: =D117+E117 -> #REF! | G117: =VLOOKUP(B117,'115+040'!$B$12:$AB$621,20,FALSE) -> #REF! | H117: =VLOOKUP(B117,'115+040'!$B$12:$AB$621,4,FALSE) -> #REF! | I117: =F117-H117 -> #REF! | J117: =VLOOKUP(B117,'115+040'!$B$12:$AB$621,13,FALSE) -> #REF! | K117: ='115+040'!R115 -> 0 | L117: =+K117+L116 -> 253 | M117: =VLOOKUP(B117,'115+040'!$B$11:$AB$621,21,FALSE) -> #REF! | N117: =VLOOKUP(B117,'115+040'!$B$12:$AB$621,5,FALSE) -> #REF! | O117: =F117-N117 -> #REF! | P117: =VLOOKUP(B117,'115+040'!$B$12:$AB$621,14,FALSE) -> #REF! | Q117: ='115+040'!S115 -> 0 | R117: =+Q117+R116 -> 286 | S117: =VLOOKUP(B117,'115+040'!$B$11:$AB$621,22,FALSE) -> #REF! | T117: =VLOOKUP(B117,'115+040'!$B$12:$AB$621,6,FALSE) -> #REF! | U117: =F117-T117 -> #REF! | V117: =VLOOKUP(B117,'115+040'!$B$12:$AB$621,15,FALSE) -> #REF! | W117: ='[4]114+940'!S118 -> 0 | X117: =+W117+X116 -> 144 | Y117: =S117-S116 -> #REF! | Z117: =IF(Y117>0,Y117,0)/1000 -> #REF! | AA117: =AA116+Z117 -> #REF! | AB117: =(M117-$M$13-R117)/1000 -> #REF!
B118: ='115+040'!#REF! -> #REF! | C118: =B118-B117 -> #REF! | D118: =D117 -> #REF! | E118: =VLOOKUP(B118,'115+040'!B116:AB217,3,FALSE) -> #REF! | F118: =D118+E118 -> #REF! | G118: =VLOOKUP(B118,'115+040'!$B$12:$AB$621,20,FALSE) -> #REF! | H118: =VLOOKUP(B118,'115+040'!$B$12:$AB$621,4,FALSE) -> #REF! | I118: =F118-H118 -> #REF! | J118: =VLOOKUP(B118,'115+040'!$B$12:$AB$621,13,FALSE) -> #REF! | K118: ='115+040'!R116 -> 0 | L118: =+K118+L117 -> 253 | M118: =VLOOKUP(B118,'115+040'!$B$11:$AB$621,21,FALSE) -> #REF! | N118: =VLOOKUP(B118,'115+040'!$B$12:$AB$621,5,FALSE) -> #REF! | O118: =F118-N118 -> #REF! | P118: =VLOOKUP(B118,'115+040'!$B$12:$AB$621,14,FALSE) -> #REF! | Q118: ='115+040'!S116 -> 0 | R118: =+Q118+R117 -> 286 | S118: =VLOOKUP(B118,'115+040'!$B$11:$AB$621,22,FALSE) -> #REF! | T118: =VLOOKUP(B118,'115+040'!$B$12:$AB$621,6,FALSE) -> #REF! | U118: =F118-T118 -> #REF! | V118: =VLOOKUP(B118,'115+040'!$B$12:$AB$621,15,FALSE) -> #REF! | W118: ='[4]114+940'!S119 -> 0 | X118: =+W118+X117 -> 144 | Y118: =S118-S117 -> #REF! | Z118: =IF(Y118>0,Y118,0)/1000 -> #REF! | AA118: =AA117+Z118 -> #REF! | AB118: =(M118-$M$13-R118)/1000 -> #REF!
B119: ='115+040'!#REF! -> #REF! | C119: =B119-B118 -> #REF! | D119: =D118 -> #REF! | E119: =VLOOKUP(B119,'115+040'!B117:AB218,3,FALSE) -> #REF! | F119: =D119+E119 -> #REF! | G119: =VLOOKUP(B119,'115+040'!$B$12:$AB$621,20,FALSE) -> #REF! | H119: =VLOOKUP(B119,'115+040'!$B$12:$AB$621,4,FALSE) -> #REF! | I119: =F119-H119 -> #REF! | J119: =VLOOKUP(B119,'115+040'!$B$12:$AB$621,13,FALSE) -> #REF! | K119: ='115+040'!R117 -> 0 | L119: =+K119+L118 -> 253 | M119: =VLOOKUP(B119,'115+040'!$B$11:$AB$621,21,FALSE) -> #REF! | N119: =VLOOKUP(B119,'115+040'!$B$12:$AB$621,5,FALSE) -> #REF! | O119: =F119-N119 -> #REF! | P119: =VLOOKUP(B119,'115+040'!$B$12:$AB$621,14,FALSE) -> #REF! | Q119: ='115+040'!S117 -> 0 | R119: =+Q119+R118 -> 286 | S119: =VLOOKUP(B119,'115+040'!$B$11:$AB$621,22,FALSE) -> #REF! | T119: =VLOOKUP(B119,'115+040'!$B$12:$AB$621,6,FALSE) -> #REF! | U119: =F119-T119 -> #REF! | V119: =VLOOKUP(B119,'115+040'!$B$12:$AB$621,15,FALSE) -> #REF! | W119: ='[4]114+940'!S120 -> 0 | X119: =+W119+X118 -> 144 | Y119: =S119-S118 -> #REF! | Z119: =IF(Y119>0,Y119,0)/1000 -> #REF! | AA119: =AA118+Z119 -> #REF! | AB119: =(M119-$M$13-R119)/1000 -> #REF!
B120: ='115+040'!#REF! -> #REF! | C120: =B120-B119 -> #REF! | D120: =D119 -> #REF! | E120: =VLOOKUP(B120,'115+040'!B118:AB219,3,FALSE) -> #REF! | F120: =D120+E120 -> #REF! | G120: =VLOOKUP(B120,'115+040'!$B$12:$AB$621,20,FALSE) -> #REF! | H120: =VLOOKUP(B120,'115+040'!$B$12:$AB$621,4,FALSE) -> #REF! | I120: =F120-H120 -> #REF! | J120: =VLOOKUP(B120,'115+040'!$B$12:$AB$621,13,FALSE) -> #REF! | K120: ='115+040'!R118 -> 0 | L120: =+K120+L119 -> 253 | M120: =VLOOKUP(B120,'115+040'!$B$11:$AB$621,21,FALSE) -> #REF! | N120: =VLOOKUP(B120,'115+040'!$B$12:$AB$621,5,FALSE) -> #REF! | O120: =F120-N120 -> #REF! | P120: =VLOOKUP(B120,'115+040'!$B$12:$AB$621,14,FALSE) -> #REF! | Q120: ='115+040'!S118 -> 0 | R120: =+Q120+R119 -> 286 | S120: =VLOOKUP(B120,'115+040'!$B$11:$AB$621,22,FALSE) -> #REF! | T120: =VLOOKUP(B120,'115+040'!$B$12:$AB$621,6,FALSE) -> #REF! | U120: =F120-T120 -> #REF! | V120: =VLOOKUP(B120,'115+040'!$B$12:$AB$621,15,FALSE) -> #REF! | W120: ='[4]114+940'!S121 -> 0 | X120: =+W120+X119 -> 144 | Y120: =S120-S119 -> #REF! | Z120: =IF(Y120>0,Y120,0)/1000 -> #REF! | AA120: =AA119+Z120 -> #REF! | AB120: =(M120-$M$13-R120)/1000 -> #REF!
B121: ='115+040'!#REF! -> #REF! | C121: =B121-B120 -> #REF! | D121: =D120 -> #REF! | E121: =VLOOKUP(B121,'115+040'!B119:AB220,3,FALSE) -> #REF! | F121: =D121+E121 -> #REF! | G121: =VLOOKUP(B121,'115+040'!$B$12:$AB$621,20,FALSE) -> #REF! | H121: =VLOOKUP(B121,'115+040'!$B$12:$AB$621,4,FALSE) -> #REF! | I121: =F121-H121 -> #REF! | J121: =VLOOKUP(B121,'115+040'!$B$12:$AB$621,13,FALSE) -> #REF! | K121: ='115+040'!R119 -> 0 | L121: =+K121+L120 -> 253 | M121: =VLOOKUP(B121,'115+040'!$B$11:$AB$621,21,FALSE) -> #REF! | N121: =VLOOKUP(B121,'115+040'!$B$12:$AB$621,5,FALSE) -> #REF! | O121: =F121-N121 -> #REF! | P121: =VLOOKUP(B121,'115+040'!$B$12:$AB$621,14,FALSE) -> #REF! | Q121: ='115+040'!S119 -> 0 | R121: =+Q121+R120 -> 286 | S121: =VLOOKUP(B121,'115+040'!$B$11:$AB$621,22,FALSE) -> #REF! | T121: =VLOOKUP(B121,'115+040'!$B$12:$AB$621,6,FALSE) -> #REF! | U121: =F121-T121 -> #REF! | V121: =VLOOKUP(B121,'115+040'!$B$12:$AB$621,15,FALSE) -> #REF! | W121: ='[4]114+940'!S122 -> 0 | X121: =+W121+X120 -> 144 | Y121: =S121-S120 -> #REF! | Z121: =IF(Y121>0,Y121,0)/1000 -> #REF! | AA121: =AA120+Z121 -> #REF! | AB121: =(M121-$M$13-R121)/1000 -> #REF!
B122: ='115+040'!#REF! -> #REF! | C122: =B122-B121 -> #REF! | D122: =D121 -> #REF! | E122: =VLOOKUP(B122,'115+040'!B120:AB221,3,FALSE) -> #REF! | F122: =D122+E122 -> #REF! | G122: =VLOOKUP(B122,'115+040'!$B$12:$AB$621,20,FALSE) -> #REF! | H122: =VLOOKUP(B122,'115+040'!$B$12:$AB$621,4,FALSE) -> #REF! | I122: =F122-H122 -> #REF! | J122: =VLOOKUP(B122,'115+040'!$B$12:$AB$621,13,FALSE) -> #REF! | K122: ='115+040'!R120 -> 0 | L122: =+K122+L121 -> 253 | M122: =VLOOKUP(B122,'115+040'!$B$11:$AB$621,21,FALSE) -> #REF! | N122: =VLOOKUP(B122,'115+040'!$B$12:$AB$621,5,FALSE) -> #REF! | O122: =F122-N122 -> #REF! | P122: =VLOOKUP(B122,'115+040'!$B$12:$AB$621,14,FALSE) -> #REF! | Q122: ='115+040'!S120 -> 0 | R122: =+Q122+R121 -> 286 | S122: =VLOOKUP(B122,'115+040'!$B$11:$AB$621,22,FALSE) -> #REF! | T122: =VLOOKUP(B122,'115+040'!$B$12:$AB$621,6,FALSE) -> #REF! | U122: =F122-T122 -> #REF! | V122: =VLOOKUP(B122,'115+040'!$B$12:$AB$621,15,FALSE) -> #REF! | W122: ='[4]114+940'!S123 -> 0 | X122: =+W122+X121 -> 144 | Y122: =S122-S121 -> #REF! | Z122: =IF(Y122>0,Y122,0)/1000 -> #REF! | AA122: =AA121+Z122 -> #REF! | AB122: =(M122-$M$13-R122)/1000 -> #REF!
B123: ='115+040'!#REF! -> #REF! | C123: =B123-B122 -> #REF! | D123: =D122 -> #REF! | E123: =VLOOKUP(B123,'115+040'!B121:AB222,3,FALSE) -> #REF! | F123: =D123+E123 -> #REF! | G123: =VLOOKUP(B123,'115+040'!$B$12:$AB$621,20,FALSE) -> #REF! | H123: =VLOOKUP(B123,'115+040'!$B$12:$AB$621,4,FALSE) -> #REF! | I123: =F123-H123 -> #REF! | J123: =VLOOKUP(B123,'115+040'!$B$12:$AB$621,13,FALSE) -> #REF! | K123: ='115+040'!R121 -> 0 | L123: =+K123+L122 -> 253 | M123: =VLOOKUP(B123,'115+040'!$B$11:$AB$621,21,FALSE) -> #REF! | N123: =VLOOKUP(B123,'115+040'!$B$12:$AB$621,5,FALSE) -> #REF! | O123: =F123-N123 -> #REF! | P123: =VLOOKUP(B123,'115+040'!$B$12:$AB$621,14,FALSE) -> #REF! | Q123: ='115+040'!S121 -> 0 | R123: =+Q123+R122 -> 286 | S123: =VLOOKUP(B123,'115+040'!$B$11:$AB$621,22,FALSE) -> #REF! | T123: =VLOOKUP(B123,'115+040'!$B$12:$AB$621,6,FALSE) -> #REF! | U123: =F123-T123 -> #REF! | V123: =VLOOKUP(B123,'115+040'!$B$12:$AB$621,15,FALSE) -> #REF! | W123: ='[4]114+940'!S124 -> 0 | X123: =+W123+X122 -> 144 | Y123: =S123-S122 -> #REF! | Z123: =IF(Y123>0,Y123,0)/1000 -> #REF! | AA123: =AA122+Z123 -> #REF! | AB123: =(M123-$M$13-R123)/1000 -> #REF!
B124: ='115+040'!#REF! -> #REF! | C124: =B124-B123 -> #REF! | D124: =D123 -> #REF! | E124: =VLOOKUP(B124,'115+040'!B122:AB223,3,FALSE) -> #REF! | F124: =D124+E124 -> #REF! | G124: =VLOOKUP(B124,'115+040'!$B$12:$AB$621,20,FALSE) -> #REF! | H124: =VLOOKUP(B124,'115+040'!$B$12:$AB$621,4,FALSE) -> #REF! | I124: =F124-H124 -> #REF! | J124: =VLOOKUP(B124,'115+040'!$B$12:$AB$621,13,FALSE) -> #REF! | K124: ='115+040'!R122 -> 0 | L124: =+K124+L123 -> 253 | M124: =VLOOKUP(B124,'115+040'!$B$11:$AB$621,21,FALSE) -> #REF! | N124: =VLOOKUP(B124,'115+040'!$B$12:$AB$621,5,FALSE) -> #REF! | O124: =F124-N124 -> #REF! | P124: =VLOOKUP(B124,'115+040'!$B$12:$AB$621,14,FALSE) -> #REF! | Q124: ='115+040'!S122 -> 0 | R124: =+Q124+R123 -> 286 | S124: =VLOOKUP(B124,'115+040'!$B$11:$AB$621,22,FALSE) -> #REF! | T124: =VLOOKUP(B124,'115+040'!$B$12:$AB$621,6,FALSE) -> #REF! | U124: =F124-T124 -> #REF! | V124: =VLOOKUP(B124,'115+040'!$B$12:$AB$621,15,FALSE) -> #REF! | W124: ='[4]114+940'!S125 -> 0 | X124: =+W124+X123 -> 144 | Y124: =S124-S123 -> #REF! | Z124: =IF(Y124>0,Y124,0)/1000 -> #REF! | AA124: =AA123+Z124 -> #REF! | AB124: =(M124-$M$13-R124)/1000 -> #REF!
B125: ='115+040'!#REF! -> #REF! | C125: =B125-B124 -> #REF! | D125: =D124 -> #REF! | E125: =VLOOKUP(B125,'115+040'!B123:AB224,3,FALSE) -> #REF! | F125: =D125+E125 -> #REF! | G125: =VLOOKUP(B125,'115+040'!$B$12:$AB$621,20,FALSE) -> #REF! | H125: =VLOOKUP(B125,'115+040'!$B$12:$AB$621,4,FALSE) -> #REF! | I125: =F125-H125 -> #REF! | J125: =VLOOKUP(B125,'115+040'!$B$12:$AB$621,13,FALSE) -> #REF! | K125: ='115+040'!R123 -> 0 | L125: =+K125+L124 -> 253 | M125: =VLOOKUP(B125,'115+040'!$B$11:$AB$621,21,FALSE) -> #REF! | N125: =VLOOKUP(B125,'115+040'!$B$12:$AB$621,5,FALSE) -> #REF! | O125: =F125-N125 -> #REF! | P125: =VLOOKUP(B125,'115+040'!$B$12:$AB$621,14,FALSE) -> #REF! | Q125: ='115+040'!S123 -> 0 | R125: =+Q125+R124 -> 286 | S125: =VLOOKUP(B125,'115+040'!$B$11:$AB$621,22,FALSE) -> #REF! | T125: =VLOOKUP(B125,'115+040'!$B$12:$AB$621,6,FALSE) -> #REF! | U125: =F125-T125 -> #REF! | V125: =VLOOKUP(B125,'115+040'!$B$12:$AB$621,15,FALSE) -> #REF! | W125: ='[4]114+940'!S126 -> 0 | X125: =+W125+X124 -> 144 | Y125: =S125-S124 -> #REF! | Z125: =IF(Y125>0,Y125,0)/1000 -> #REF! | AA125: =AA124+Z125 -> #REF! | AB125: =(M125-$M$13-R125)/1000 -> #REF!
B126: ='115+040'!#REF! -> #REF! | C126: =B126-B125 -> #REF! | D126: =D125 -> #REF! | E126: =VLOOKUP(B126,'115+040'!B124:AB225,3,FALSE) -> #REF! | F126: =D126+E126 -> #REF! | G126: =VLOOKUP(B126,'115+040'!$B$12:$AB$621,20,FALSE) -> #REF! | H126: =VLOOKUP(B126,'115+040'!$B$12:$AB$621,4,FALSE) -> #REF! | I126: =F126-H126 -> #REF! | J126: =VLOOKUP(B126,'115+040'!$B$12:$AB$621,13,FALSE) -> #REF! | K126: ='115+040'!R124 -> 0 | L126: =+K126+L125 -> 253 | M126: =VLOOKUP(B126,'115+040'!$B$11:$AB$621,21,FALSE) -> #REF! | N126: =VLOOKUP(B126,'115+040'!$B$12:$AB$621,5,FALSE) -> #REF! | O126: =F126-N126 -> #REF! | P126: =VLOOKUP(B126,'115+040'!$B$12:$AB$621,14,FALSE) -> #REF! | Q126: ='115+040'!S124 -> 0 | R126: =+Q126+R125 -> 286 | S126: =VLOOKUP(B126,'115+040'!$B$11:$AB$621,22,FALSE) -> #REF! | T126: =VLOOKUP(B126,'115+040'!$B$12:$AB$621,6,FALSE) -> #REF! | U126: =F126-T126 -> #REF! | V126: =VLOOKUP(B126,'115+040'!$B$12:$AB$621,15,FALSE) -> #REF! | W126: ='[4]114+940'!S127 -> 0 | X126: =+W126+X125 -> 144 | Y126: =S126-S125 -> #REF! | Z126: =IF(Y126>0,Y126,0)/1000 -> #REF! | AA126: =AA125+Z126 -> #REF! | AB126: =(M126-$M$13-R126)/1000 -> #REF!
... B153: ='115+040'!#REF! -> #REF! | C153: =B153-B152 -> #REF! | D153: =D152 -> #REF! | E153: =VLOOKUP(B153,'115+040'!B151:AB252,3,FALSE) -> #REF! | F153: =D153+E153 -> #REF! | G153: =VLOOKUP(B153,'115+040'!$B$12:$AB$621,20,FALSE) -> #REF! | H153: =VLOOKUP(B153,'115+040'!$B$12:$AB$621,4,FALSE) -> #REF! | I153: =F153-H153 -> #REF! | J153: =VLOOKUP(B153,'115+040'!$B$12:$AB$621,13,FALSE) -> #REF! | K153: ='115+040'!R151 -> 4 | L153: =+K153+L152 -> 297 | M153: =VLOOKUP(B153,'115+040'!$B$11:$AB$621,21,FALSE) -> #REF! | N153: =VLOOKUP(B153,'115+040'!$B$12:$AB$621,5,FALSE) -> #REF! | O153: =F153-N153 -> #REF! | P153: =VLOOKUP(B153,'115+040'!$B$12:$AB$621,14,FALSE) -> #REF! | Q153: ='115+040'!S151 -> 5 | R153: =+Q153+R152 -> 340 | S153: =VLOOKUP(B153,'115+040'!$B$11:$AB$621,22,FALSE) -> #REF! | T153: =VLOOKUP(B153,'115+040'!$B$12:$AB$621,6,FALSE) -> #REF! | U153: =F153-T153 -> #REF! | V153: =VLOOKUP(B153,'115+040'!$B$12:$AB$621,15,FALSE) -> #REF! | W153: ='[4]114+940'!S154 -> 1 | X153: =+W153+X152 -> 204 | Y153: =S153-S152 -> #REF! | Z153: =IF(Y153>0,Y153,0)/1000 -> #REF! | AA153: =AA152+Z153 -> #REF! | AB153: =(M153-$M$13-R153)/1000 -> #REF!
B154: ='115+040'!#REF! -> #REF! | C154: =B154-B153 -> #REF! | D154: =D153 -> #REF! | E154: =VLOOKUP(B154,'115+040'!B152:AB252,3,FALSE) -> #REF! | F154: =D154+E154 -> #REF! | G154: =VLOOKUP(B154,'115+040'!$B$12:$AB$621,20,FALSE) -> #REF! | H154: =VLOOKUP(B154,'115+040'!$B$12:$AB$621,4,FALSE) -> #REF! | I154: =F154-H154 -> #REF! | J154: =VLOOKUP(B154,'115+040'!$B$12:$AB$621,13,FALSE) -> #REF! | K154: ='115+040'!R152 -> 4 | L154: =+K154+L153 -> 301 | M154: =VLOOKUP(B154,'115+040'!$B$11:$AB$621,21,FALSE) -> #REF! | N154: =VLOOKUP(B154,'115+040'!$B$12:$AB$621,5,FALSE) -> #REF! | O154: =F154-N154 -> #REF! | P154: =VLOOKUP(B154,'115+040'!$B$12:$AB$621,14,FALSE) -> #REF! | Q154: ='115+040'!S152 -> 5 | R154: =+Q154+R153 -> 345 | S154: =VLOOKUP(B154,'115+040'!$B$11:$AB$621,22,FALSE) -> #REF! | T154: =VLOOKUP(B154,'115+040'!$B$12:$AB$621,6,FALSE) -> #REF! | U154: =F154-T154 -> #REF! | V154: =VLOOKUP(B154,'115+040'!$B$12:$AB$621,15,FALSE) -> #REF! | W154: ='[4]114+940'!S155 -> 3 | X154: =+W154+X153 -> 207 | Y154: =S154-S153 -> #REF! | Z154: =IF(Y154>0,Y154,0)/1000 -> #REF! | AA154: =AA153+Z154 -> #REF! | AB154: =(M154-$M$13-R154)/1000 -> #REF!
B155: ='115+040'!#REF! -> #REF! | C155: =B155-B154 -> #REF! | D155: =D154 -> #REF! | E155: =VLOOKUP(B155,'115+040'!B153:AB252,3,FALSE) -> #REF! | F155: =D155+E155 -> #REF! | G155: =VLOOKUP(B155,'115+040'!$B$12:$AB$621,20,FALSE) -> #REF! | H155: =VLOOKUP(B155,'115+040'!$B$12:$AB$621,4,FALSE) -> #REF! | I155: =F155-H155 -> #REF! | J155: =VLOOKUP(B155,'115+040'!$B$12:$AB$621,13,FALSE) -> #REF! | K155: ='115+040'!R153 -> 4 | L155: =+K155+L154 -> 305 | M155: =VLOOKUP(B155,'115+040'!$B$11:$AB$621,21,FALSE) -> #REF! | N155: =VLOOKUP(B155,'115+040'!$B$12:$AB$621,5,FALSE) -> #REF! | O155: =F155-N155 -> #REF! | P155: =VLOOKUP(B155,'115+040'!$B$12:$AB$621,14,FALSE) -> #REF! | Q155: ='115+040'!S153 -> 5 | R155: =+Q155+R154 -> 350 | S155: =VLOOKUP(B155,'115+040'!$B$11:$AB$621,22,FALSE) -> #REF! | T155: =VLOOKUP(B155,'115+040'!$B$12:$AB$621,6,FALSE) -> #REF! | U155: =F155-T155 -> #REF! | V155: =VLOOKUP(B155,'115+040'!$B$12:$AB$621,15,FALSE) -> #REF! | W155: ='[4]114+940'!S156 -> 1 | X155: =+W155+X154 -> 208 | Y155: =S155-S154 -> #REF! | Z155: =IF(Y155>0,Y155,0)/1000 -> #REF! | AA155: =AA154+Z155 -> #REF! | AB155: =(M155-$M$13-R155)/1000 -> #REF!
B156: ='115+040'!#REF! -> #REF! | C156: =B156-B155 -> #REF! | D156: =D155 -> #REF! | E156: =VLOOKUP(B156,'115+040'!B154:AB252,3,FALSE) -> #REF! | F156: =D156+E156 -> #REF! | G156: =VLOOKUP(B156,'115+040'!$B$12:$AB$621,20,FALSE) -> #REF! | H156: =VLOOKUP(B156,'115+040'!$B$12:$AB$621,4,FALSE) -> #REF! | I156: =F156-H156 -> #REF! | J156: =VLOOKUP(B156,'115+040'!$B$12:$AB$621,13,FALSE) -> #REF! | K156: ='115+040'!R154 -> 4 | L156: =+K156+L155 -> 309 | M156: =VLOOKUP(B156,'115+040'!$B$11:$AB$621,21,FALSE) -> #REF! | N156: =VLOOKUP(B156,'115+040'!$B$12:$AB$621,5,FALSE) -> #REF! | O156: =F156-N156 -> #REF! | P156: =VLOOKUP(B156,'115+040'!$B$12:$AB$621,14,FALSE) -> #REF! | Q156: ='115+040'!S154 -> 5 | R156: =+Q156+R155 -> 355 | S156: =VLOOKUP(B156,'115+040'!$B$11:$AB$621,22,FALSE) -> #REF! | T156: =VLOOKUP(B156,'115+040'!$B$12:$AB$621,6,FALSE) -> #REF! | U156: =F156-T156 -> #REF! | V156: =VLOOKUP(B156,'115+040'!$B$12:$AB$621,15,FALSE) -> #REF! | W156: ='[4]114+940'!S157 -> 2 | X156: =+W156+X155 -> 210 | Y156: =S156-S155 -> #REF! | Z156: =IF(Y156>0,Y156,0)/1000 -> #REF! | AA156: =AA155+Z156 -> #REF! | AB156: =(M156-$M$13-R156)/1000 -> #REF!
B157: ='115+040'!#REF! -> #REF! | C157: =B157-B156 -> #REF! | D157: =D156 -> #REF! | E157: =VLOOKUP(B157,'115+040'!B155:AB252,3,FALSE) -> #REF! | F157: =D157+E157 -> #REF! | G157: =VLOOKUP(B157,'115+040'!$B$12:$AB$621,20,FALSE) -> #REF! | H157: =VLOOKUP(B157,'115+040'!$B$12:$AB$621,4,FALSE) -> #REF! | I157: =F157-H157 -> #REF! | J157: =VLOOKUP(B157,'115+040'!$B$12:$AB$621,13,FALSE) -> #REF! | K157: ='115+040'!R155 -> 4 | L157: =+K157+L156 -> 313 | M157: =VLOOKUP(B157,'115+040'!$B$11:$AB$621,21,FALSE) -> #REF! | N157: =VLOOKUP(B157,'115+040'!$B$12:$AB$621,5,FALSE) -> #REF! | O157: =F157-N157 -> #REF! | P157: =VLOOKUP(B157,'115+040'!$B$12:$AB$621,14,FALSE) -> #REF! | Q157: ='115+040'!S155 -> 5 | R157: =+Q157+R156 -> 360 | S157: =VLOOKUP(B157,'115+040'!$B$11:$AB$621,22,FALSE) -> #REF! | T157: =VLOOKUP(B157,'115+040'!$B$12:$AB$621,6,FALSE) -> #REF! | U157: =F157-T157 -> #REF! | V157: =VLOOKUP(B157,'115+040'!$B$12:$AB$621,15,FALSE) -> #REF! | W157: ='[4]114+940'!S158 -> 1 | X157: =+W157+X156 -> 211 | Y157: =S157-S156 -> #REF! | Z157: =IF(Y157>0,Y157,0)/1000 -> #REF! | AA157: =AA156+Z157 -> #REF! | AB157: =(M157-$M$13-R157)/1000 -> #REF!
B158: ='115+040'!#REF! -> #REF! | C158: =B158-B157 -> #REF! | D158: =D157 -> #REF! | E158: =VLOOKUP(B158,'115+040'!B156:AB252,3,FALSE) -> #REF! | F158: =D158+E158 -> #REF! | G158: =VLOOKUP(B158,'115+040'!$B$12:$AB$621,20,FALSE) -> #REF! | H158: =VLOOKUP(B158,'115+040'!$B$12:$AB$621,4,FALSE) -> #REF! | I158: =F158-H158 -> #REF! | J158: =VLOOKUP(B158,'115+040'!$B$12:$AB$621,13,FALSE) -> #REF! | K158: ='115+040'!R156 -> 4 | L158: =+K158+L157 -> 317 | M158: =VLOOKUP(B158,'115+040'!$B$11:$AB$621,21,FALSE) -> #REF! | N158: =VLOOKUP(B158,'115+040'!$B$12:$AB$621,5,FALSE) -> #REF! | O158: =F158-N158 -> #REF! | P158: =VLOOKUP(B158,'115+040'!$B$12:$AB$621,14,FALSE) -> #REF! | Q158: ='115+040'!S156 -> 5 | R158: =+Q158+R157 -> 365 | S158: =VLOOKUP(B158,'115+040'!$B$11:$AB$621,22,FALSE) -> #REF! | T158: =VLOOKUP(B158,'115+040'!$B$12:$AB$621,6,FALSE) -> #REF! | U158: =F158-T158 -> #REF! | V158: =VLOOKUP(B158,'115+040'!$B$12:$AB$621,15,FALSE) -> #REF! | W158: ='[4]114+940'!S159 -> 2 | X158: =+W158+X157 -> 213 | Y158: =S158-S157 -> #REF! | Z158: =IF(Y158>0,Y158,0)/1000 -> #REF! | AA158: =AA157+Z158 -> #REF! | AB158: =(M158-$M$13-R158)/1000 -> #REF!
B159: ='115+040'!#REF! -> #REF! | C159: =B159-B158 -> #REF! | D159: =D158 -> #REF! | E159: =VLOOKUP(B159,'115+040'!B157:AB252,3,FALSE) -> #REF! | F159: =D159+E159 -> #REF! | G159: =VLOOKUP(B159,'115+040'!$B$12:$AB$621,20,FALSE) -> #REF! | H159: =VLOOKUP(B159,'115+040'!$B$12:$AB$621,4,FALSE) -> #REF! | I159: =F159-H159 -> #REF! | J159: =VLOOKUP(B159,'115+040'!$B$12:$AB$621,13,FALSE) -> #REF! | K159: ='115+040'!R157 -> 4 | L159: =+K159+L158 -> 321 | M159: =VLOOKUP(B159,'115+040'!$B$11:$AB$621,21,FALSE) -> #REF! | N159: =VLOOKUP(B159,'115+040'!$B$12:$AB$621,5,FALSE) -> #REF! | O159: =F159-N159 -> #REF! | P159: =VLOOKUP(B159,'115+040'!$B$12:$AB$621,14,FALSE) -> #REF! | Q159: ='115+040'!S157 -> 5 | R159: =+Q159+R158 -> 370 | S159: =VLOOKUP(B159,'115+040'!$B$11:$AB$621,22,FALSE) -> #REF! | T159: =VLOOKUP(B159,'115+040'!$B$12:$AB$621,6,FALSE) -> #REF! | U159: =F159-T159 -> #REF! | V159: =VLOOKUP(B159,'115+040'!$B$12:$AB$621,15,FALSE) -> #REF! | W159: ='[4]114+940'!S160 -> 2 | X159: =+W159+X158 -> 215 | Y159: =S159-S158 -> #REF! | Z159: =IF(Y159>0,Y159,0)/1000 -> #REF! | AA159: =AA158+Z159 -> #REF! | AB159: =(M159-$M$13-R159)/1000 -> #REF!
B160: ='115+040'!#REF! -> #REF! | C160: =B160-B159 -> #REF! | D160: =D159 -> #REF! | E160: =VLOOKUP(B160,'115+040'!B158:AB252,3,FALSE) -> #REF! | F160: =D160+E160 -> #REF! | G160: =VLOOKUP(B160,'115+040'!$B$12:$AB$621,20,FALSE) -> #REF! | H160: =VLOOKUP(B160,'115+040'!$B$12:$AB$621,4,FALSE) -> #REF! | I160: =F160-H160 -> #REF! | J160: =VLOOKUP(B160,'115+040'!$B$12:$AB$621,13,FALSE) -> #REF! | K160: ='115+040'!R158 -> 4 | L160: =+K160+L159 -> 325 | M160: =VLOOKUP(B160,'115+040'!$B$11:$AB$621,21,FALSE) -> #REF! | N160: =VLOOKUP(B160,'115+040'!$B$12:$AB$621,5,FALSE) -> #REF! | O160: =F160-N160 -> #REF! | P160: =VLOOKUP(B160,'115+040'!$B$12:$AB$621,14,FALSE) -> #REF! | Q160: ='115+040'!S158 -> 5 | R160: =+Q160+R159 -> 375 | S160: =VLOOKUP(B160,'115+040'!$B$11:$AB$621,22,FALSE) -> #REF! | T160: =VLOOKUP(B160,'115+040'!$B$12:$AB$621,6,FALSE) -> #REF! | U160: =F160-T160 -> #REF! | V160: =VLOOKUP(B160,'115+040'!$B$12:$AB$621,15,FALSE) -> #REF! | W160: ='[4]114+940'!S161 -> 0 | X160: =+W160+X159 -> 215 | Y160: =S160-S159 -> #REF! | Z160: =IF(Y160>0,Y160,0)/1000 -> #REF! | AA160: =AA159+Z160 -> #REF! | AB160: =(M160-$M$13-R160)/1000 -> #REF!
B161: ='115+040'!#REF! -> #REF! | C161: =B161-B160 -> #REF! | D161: =D160 -> #REF! | E161: =VLOOKUP(B161,'115+040'!B159:AB252,3,FALSE) -> #REF! | F161: =D161+E161 -> #REF! | G161: =VLOOKUP(B161,'115+040'!$B$12:$AB$621,20,FALSE) -> #REF! | H161: =VLOOKUP(B161,'115+040'!$B$12:$AB$621,4,FALSE) -> #REF! | I161: =F161-H161 -> #REF! | J161: =VLOOKUP(B161,'115+040'!$B$12:$AB$621,13,FALSE) -> #REF! | K161: ='115+040'!R159 -> 4 | L161: =+K161+L160 -> 329 | M161: =VLOOKUP(B161,'115+040'!$B$11:$AB$621,21,FALSE) -> #REF! | N161: =VLOOKUP(B161,'115+040'!$B$12:$AB$621,5,FALSE) -> #REF! | O161: =F161-N161 -> #REF! | P161: =VLOOKUP(B161,'115+040'!$B$12:$AB$621,14,FALSE) -> #REF! | Q161: ='115+040'!S159 -> 5 | R161: =+Q161+R160 -> 380 | S161: =VLOOKUP(B161,'115+040'!$B$11:$AB$621,22,FALSE) -> #REF! | T161: =VLOOKUP(B161,'115+040'!$B$12:$AB$621,6,FALSE) -> #REF! | U161: =F161-T161 -> #REF! | V161: =VLOOKUP(B161,'115+040'!$B$12:$AB$621,15,FALSE) -> #REF! | W161: ='[4]114+940'!S162 -> 1 | X161: =+W161+X160 -> 216 | Y161: =S161-S160 -> #REF! | Z161: =IF(Y161>0,Y161,0)/1000 -> #REF! | AA161: =AA160+Z161 -> #REF! | AB161: =(M161-$M$13-R161)/1000 -> #REF!
B162: ='115+040'!#REF! -> #REF! | C162: =B162-B161 -> #REF! | D162: =D161 -> #REF! | E162: =VLOOKUP(B162,'115+040'!B160:AB252,3,FALSE) -> #REF! | F162: =D162+E162 -> #REF! | G162: =VLOOKUP(B162,'115+040'!$B$12:$AB$621,20,FALSE) -> #REF! | H162: =VLOOKUP(B162,'115+040'!$B$12:$AB$621,4,FALSE) -> #REF! | I162: =F162-H162 -> #REF! | J162: =VLOOKUP(B162,'115+040'!$B$12:$AB$621,13,FALSE) -> #REF! | K162: ='115+040'!R160 -> 4 | L162: =+K162+L161 -> 333 | M162: =VLOOKUP(B162,'115+040'!$B$11:$AB$621,21,FALSE) -> #REF! | N162: =VLOOKUP(B162,'115+040'!$B$12:$AB$621,5,FALSE) -> #REF! | O162: =F162-N162 -> #REF! | P162: =VLOOKUP(B162,'115+040'!$B$12:$AB$621,14,FALSE) -> #REF! | Q162: ='115+040'!S160 -> 5 | R162: =+Q162+R161 -> 385 | S162: =VLOOKUP(B162,'115+040'!$B$11:$AB$621,22,FALSE) -> #REF! | T162: =VLOOKUP(B162,'115+040'!$B$12:$AB$621,6,FALSE) -> #REF! | U162: =F162-T162 -> #REF! | V162: =VLOOKUP(B162,'115+040'!$B$12:$AB$621,15,FALSE) -> #REF! | W162: ='[4]114+940'!S163 -> 0 | X162: =+W162+X161 -> 216 | Y162: =S162-S161 -> #REF! | Z162: =IF(Y162>0,Y162,0)/1000 -> #REF! | AA162: =AA161+Z162 -> #REF! | AB162: =(M162-$M$13-R162)/1000 -> #REF!
B163: ='115+040'!#REF! -> #REF! | C163: =B163-B162 -> #REF! | D163: =D162 -> #REF! | E163: =VLOOKUP(B163,'115+040'!B161:AB252,3,FALSE) -> #REF! | F163: =D163+E163 -> #REF! | G163: =VLOOKUP(B163,'115+040'!$B$12:$AB$621,20,FALSE) -> #REF! | H163: =VLOOKUP(B163,'115+040'!$B$12:$AB$621,4,FALSE) -> #REF! | I163: =F163-H163 -> #REF! | J163: =VLOOKUP(B163,'115+040'!$B$12:$AB$621,13,FALSE) -> #REF! | K163: ='115+040'!R161 -> 4 | L163: =+K163+L162 -> 337 | M163: =VLOOKUP(B163,'115+040'!$B$11:$AB$621,21,FALSE) -> #REF! | N163: =VLOOKUP(B163,'115+040'!$B$12:$AB$621,5,FALSE) -> #REF! | O163: =F163-N163 -> #REF! | P163: =VLOOKUP(B163,'115+040'!$B$12:$AB$621,14,FALSE) -> #REF! | Q163: ='115+040'!S161 -> 5 | R163: =+Q163+R162 -> 390 | S163: =VLOOKUP(B163,'115+040'!$B$11:$AB$621,22,FALSE) -> #REF! | T163: =VLOOKUP(B163,'115+040'!$B$12:$AB$621,6,FALSE) -> #REF! | U163: =F163-T163 -> #REF! | V163: =VLOOKUP(B163,'115+040'!$B$12:$AB$621,15,FALSE) -> #REF! | W163: ='[4]114+940'!S164 -> 0 | X163: =+W163+X162 -> 216 | Y163: =S163-S162 -> #REF! | Z163: =IF(Y163>0,Y163,0)/1000 -> #REF! | AA163: =AA162+Z163 -> #REF! | AB163: =(M163-$M$13-R163)/1000 -> #REF!
B164: ='115+040'!#REF! -> #REF! | C164: =B164-B163 -> #REF! | D164: =D163 -> #REF! | E164: =VLOOKUP(B164,'115+040'!B162:AB252,3,FALSE) -> #REF! | F164: =D164+E164 -> #REF! | G164: =VLOOKUP(B164,'115+040'!$B$12:$AB$621,20,FALSE) -> #REF! | H164: =VLOOKUP(B164,'115+040'!$B$12:$AB$621,4,FALSE) -> #REF! | I164: =F164-H164 -> #REF! | J164: =VLOOKUP(B164,'115+040'!$B$12:$AB$621,13,FALSE) -> #REF! | K164: ='115+040'!R162 -> 4 | L164: =+K164+L163 -> 341 | M164: =VLOOKUP(B164,'115+040'!$B$11:$AB$621,21,FALSE) -> #REF! | N164: =VLOOKUP(B164,'115+040'!$B$12:$AB$621,5,FALSE) -> #REF! | O164: =F164-N164 -> #REF! | P164: =VLOOKUP(B164,'115+040'!$B$12:$AB$621,14,FALSE) -> #REF! | Q164: ='115+040'!S162 -> 5 | R164: =+Q164+R163 -> 395 | S164: =VLOOKUP(B164,'115+040'!$B$11:$AB$621,22,FALSE) -> #REF! | T164: =VLOOKUP(B164,'115+040'!$B$12:$AB$621,6,FALSE) -> #REF! | U164: =F164-T164 -> #REF! | V164: =VLOOKUP(B164,'115+040'!$B$12:$AB$621,15,FALSE) -> #REF! | W164: ='[4]114+940'!S165 -> 0 | X164: =+W164+X163 -> 216 | Y164: =S164-S163 -> #REF! | Z164: =IF(Y164>0,Y164,0)/1000 -> #REF! | AA164: =AA163+Z164 -> #REF! | AB164: =(M164-$M$13-R164)/1000 -> #REF!
B165: ='115+040'!#REF! -> #REF! | C165: =B165-B164 -> #REF! | D165: =D164 -> #REF! | E165: =VLOOKUP(B165,'115+040'!B163:AB252,3,FALSE) -> #REF! | F165: =D165+E165 -> #REF! | G165: =VLOOKUP(B165,'115+040'!$B$12:$AB$621,20,FALSE) -> #REF! | H165: =VLOOKUP(B165,'115+040'!$B$12:$AB$621,4,FALSE) -> #REF! | I165: =F165-H165 -> #REF! | J165: =VLOOKUP(B165,'115+040'!$B$12:$AB$621,13,FALSE) -> #REF! | K165: ='115+040'!R163 -> 4 | L165: =+K165+L164 -> 345 | M165: =VLOOKUP(B165,'115+040'!$B$11:$AB$621,21,FALSE) -> #REF! | N165: =VLOOKUP(B165,'115+040'!$B$12:$AB$621,5,FALSE) -> #REF! | O165: =F165-N165 -> #REF! | P165: =VLOOKUP(B165,'115+040'!$B$12:$AB$621,14,FALSE) -> #REF! | Q165: ='115+040'!S163 -> 5 | R165: =+Q165+R164 -> 400 | S165: =VLOOKUP(B165,'115+040'!$B$11:$AB$621,22,FALSE) -> #REF! | T165: =VLOOKUP(B165,'115+040'!$B$12:$AB$621,6,FALSE) -> #REF! | U165: =F165-T165 -> #REF! | V165: =VLOOKUP(B165,'115+040'!$B$12:$AB$621,15,FALSE) -> #REF! | W165: ='[4]114+940'!S166 -> 0 | X165: =+W165+X164 -> 216 | Y165: =S165-S164 -> #REF! | Z165: =IF(Y165>0,Y165,0)/1000 -> #REF! | AA165: =AA164+Z165 -> #REF! | AB165: =(M165-$M$13-R165)/1000 -> #REF!
B166: ='115+040'!#REF! -> #REF! | C166: =B166-B165 -> #REF! | D166: =D165 -> #REF! | E166: =VLOOKUP(B166,'115+040'!B164:AB252,3,FALSE) -> #REF! | F166: =D166+E166 -> #REF! | G166: =VLOOKUP(B166,'115+040'!$B$12:$AB$621,20,FALSE) -> #REF! | H166: =VLOOKUP(B166,'115+040'!$B$12:$AB$621,4,FALSE) -> #REF! | I166: =F166-H166 -> #REF! | J166: =VLOOKUP(B166,'115+040'!$B$12:$AB$621,13,FALSE) -> #REF! | K166: ='115+040'!R164 -> 4 | L166: =+K166+L165 -> 349 | M166: =VLOOKUP(B166,'115+040'!$B$11:$AB$621,21,FALSE) -> #REF! | N166: =VLOOKUP(B166,'115+040'!$B$12:$AB$621,5,FALSE) -> #REF! | O166: =F166-N166 -> #REF! | P166: =VLOOKUP(B166,'115+040'!$B$12:$AB$621,14,FALSE) -> #REF! | Q166: ='115+040'!S164 -> 5 | R166: =+Q166+R165 -> 405 | S166: =VLOOKUP(B166,'115+040'!$B$11:$AB$621,22,FALSE) -> #REF! | T166: =VLOOKUP(B166,'115+040'!$B$12:$AB$621,6,FALSE) -> #REF! | U166: =F166-T166 -> #REF! | V166: =VLOOKUP(B166,'115+040'!$B$12:$AB$621,15,FALSE) -> #REF! | W166: ='[4]114+940'!S167 -> 0 | X166: =+W166+X165 -> 216 | Y166: =S166-S165 -> #REF! | Z166: =IF(Y166>0,Y166,0)/1000 -> #REF! | AA166: =AA165+Z166 -> #REF! | AB166: =(M166-$M$13-R166)/1000 -> #REF!
B167: ='115+040'!#REF! -> #REF! | C167: =B167-B166 -> #REF! | D167: =D166 -> #REF! | E167: =VLOOKUP(B167,'115+040'!B165:AB252,3,FALSE) -> #REF! | F167: =D167+E167 -> #REF! | G167: =VLOOKUP(B167,'115+040'!$B$12:$AB$621,20,FALSE) -> #REF! | H167: =VLOOKUP(B167,'115+040'!$B$12:$AB$621,4,FALSE) -> #REF! | I167: =F167-H167 -> #REF! | J167: =VLOOKUP(B167,'115+040'!$B$12:$AB$621,13,FALSE) -> #REF! | K167: ='115+040'!R165 -> 4 | L167: =+K167+L166 -> 353 | M167: =VLOOKUP(B167,'115+040'!$B$11:$AB$621,21,FALSE) -> #REF! | N167: =VLOOKUP(B167,'115+040'!$B$12:$AB$621,5,FALSE) -> #REF! | O167: =F167-N167 -> #REF! | P167: =VLOOKUP(B167,'115+040'!$B$12:$AB$621,14,FALSE) -> #REF! | Q167: ='115+040'!S165 -> 5 | R167: =+Q167+R166 -> 410 | S167: =VLOOKUP(B167,'115+040'!$B$11:$AB$621,22,FALSE) -> #REF! | T167: =VLOOKUP(B167,'115+040'!$B$12:$AB$621,6,FALSE) -> #REF! | U167: =F167-T167 -> #REF! | V167: =VLOOKUP(B167,'115+040'!$B$12:$AB$621,15,FALSE) -> #REF! | W167: ='[4]114+940'!S168 -> 0 | X167: =+W167+X166 -> 216 | Y167: =S167-S166 -> #REF! | Z167: =IF(Y167>0,Y167,0)/1000 -> #REF! | AA167: =AA166+Z167 -> #REF! | AB167: =(M167-$M$13-R167)/1000 -> #REF!
B168: ='115+040'!#REF! -> #REF! | C168: =B168-B167 -> #REF! | D168: =D167 -> #REF! | E168: =VLOOKUP(B168,'115+040'!B166:AB252,3,FALSE) -> #REF! | F168: =D168+E168 -> #REF! | G168: =VLOOKUP(B168,'115+040'!$B$12:$AB$621,20,FALSE) -> #REF! | H168: =VLOOKUP(B168,'115+040'!$B$12:$AB$621,4,FALSE) -> #REF! | I168: =F168-H168 -> #REF! | J168: =VLOOKUP(B168,'115+040'!$B$12:$AB$621,13,FALSE) -> #REF! | K168: ='115+040'!R166 -> 4 | L168: =+K168+L167 -> 357 | M168: =VLOOKUP(B168,'115+040'!$B$11:$AB$621,21,FALSE) -> #REF! | N168: =VLOOKUP(B168,'115+040'!$B$12:$AB$621,5,FALSE) -> #REF! | O168: =F168-N168 -> #REF! | P168: =VLOOKUP(B168,'115+040'!$B$12:$AB$621,14,FALSE) -> #REF! | Q168: ='115+040'!S166 -> 5 | R168: =+Q168+R167 -> 415 | S168: =VLOOKUP(B168,'115+040'!$B$11:$AB$621,22,FALSE) -> #REF! | T168: =VLOOKUP(B168,'115+040'!$B$12:$AB$621,6,FALSE) -> #REF! | U168: =F168-T168 -> #REF! | V168: =VLOOKUP(B168,'115+040'!$B$12:$AB$621,15,FALSE) -> #REF! | W168: ='[4]114+940'!S169 -> 0 | X168: =+W168+X167 -> 216 | Y168: =S168-S167 -> #REF! | Z168: =IF(Y168>0,Y168,0)/1000 -> #REF! | AA168: =AA167+Z168 -> #REF! | AB168: =(M168-$M$13-R168)/1000 -> #REF!
B169: ='115+040'!#REF! -> #REF! | C169: =B169-B168 -> #REF! | D169: =D168 -> #REF! | E169: =VLOOKUP(B169,'115+040'!B167:AB252,3,FALSE) -> #REF! | F169: =D169+E169 -> #REF! | G169: =VLOOKUP(B169,'115+040'!$B$12:$AB$621,20,FALSE) -> #REF! | H169: =VLOOKUP(B169,'115+040'!$B$12:$AB$621,4,FALSE) -> #REF! | I169: =F169-H169 -> #REF! | J169: =VLOOKUP(B169,'115+040'!$B$12:$AB$621,13,FALSE) -> #REF! | K169: ='115+040'!R167 -> 4 | L169: =+K169+L168 -> 361 | M169: =VLOOKUP(B169,'115+040'!$B$11:$AB$621,21,FALSE) -> #REF! | N169: =VLOOKUP(B169,'115+040'!$B$12:$AB$621,5,FALSE) -> #REF! | O169: =F169-N169 -> #REF! | P169: =VLOOKUP(B169,'115+040'!$B$12:$AB$621,14,FALSE) -> #REF! | Q169: ='115+040'!S167 -> 5 | R169: =+Q169+R168 -> 420 | S169: =VLOOKUP(B169,'115+040'!$B$11:$AB$621,22,FALSE) -> #REF! | T169: =VLOOKUP(B169,'115+040'!$B$12:$AB$621,6,FALSE) -> #REF! | U169: =F169-T169 -> #REF! | V169: =VLOOKUP(B169,'115+040'!$B$12:$AB$621,15,FALSE) -> #REF! | W169: ='[4]114+940'!S170 -> 0 | X169: =+W169+X168 -> 216 | Y169: =S169-S168 -> #REF! | Z169: =IF(Y169>0,Y169,0)/1000 -> #REF! | AA169: =AA168+Z169 -> #REF! | AB169: =(M169-$M$13-R169)/1000 -> #REF!
B170: ='115+040'!#REF! -> #REF! | C170: =B170-B169 -> #REF! | D170: =D169 -> #REF! | E170: =VLOOKUP(B170,'115+040'!B168:AB252,3,FALSE) -> #REF! | F170: =D170+E170 -> #REF! | G170: =VLOOKUP(B170,'115+040'!$B$12:$AB$621,20,FALSE) -> #REF! | H170: =VLOOKUP(B170,'115+040'!$B$12:$AB$621,4,FALSE) -> #REF! | I170: =F170-H170 -> #REF! | J170: =VLOOKUP(B170,'115+040'!$B$12:$AB$621,13,FALSE) -> #REF! | K170: ='115+040'!R168 -> 4 | L170: =+K170+L169 -> 365 | M170: =VLOOKUP(B170,'115+040'!$B$11:$AB$621,21,FALSE) -> #REF! | N170: =VLOOKUP(B170,'115+040'!$B$12:$AB$621,5,FALSE) -> #REF! | O170: =F170-N170 -> #REF! | P170: =VLOOKUP(B170,'115+040'!$B$12:$AB$621,14,FALSE) -> #REF! | Q170: ='115+040'!S168 -> 5 | R170: =+Q170+R169 -> 425 | S170: =VLOOKUP(B170,'115+040'!$B$11:$AB$621,22,FALSE) -> #REF! | T170: =VLOOKUP(B170,'115+040'!$B$12:$AB$621,6,FALSE) -> #REF! | U170: =F170-T170 -> #REF! | V170: =VLOOKUP(B170,'115+040'!$B$12:$AB$621,15,FALSE) -> #REF! | W170: ='[4]114+940'!S171 -> 0 | X170: =+W170+X169 -> 216 | Y170: =S170-S169 -> #REF! | Z170: =IF(Y170>0,Y170,0)/1000 -> #REF! | AA170: =AA169+Z170 -> #REF! | AB170: =(M170-$M$13-R170)/1000 -> #REF!
B171: ='115+040'!#REF! -> #REF! | C171: =B171-B170 -> #REF! | D171: =D170 -> #REF! | E171: =VLOOKUP(B171,'115+040'!B169:AB252,3,FALSE) -> #REF! | F171: =D171+E171 -> #REF! | G171: =VLOOKUP(B171,'115+040'!$B$12:$AB$621,20,FALSE) -> #REF! | H171: =VLOOKUP(B171,'115+040'!$B$12:$AB$621,4,FALSE) -> #REF! | I171: =F171-H171 -> #REF! | J171: =VLOOKUP(B171,'115+040'!$B$12:$AB$621,13,FALSE) -> #REF! | K171: ='115+040'!R169 -> 4 | L171: =+K171+L170 -> 369 | M171: =VLOOKUP(B171,'115+040'!$B$11:$AB$621,21,FALSE) -> #REF! | N171: =VLOOKUP(B171,'115+040'!$B$12:$AB$621,5,FALSE) -> #REF! | O171: =F171-N171 -> #REF! | P171: =VLOOKUP(B171,'115+040'!$B$12:$AB$621,14,FALSE) -> #REF! | Q171: ='115+040'!S169 -> 5 | R171: =+Q171+R170 -> 430 | S171: =VLOOKUP(B171,'115+040'!$B$11:$AB$621,22,FALSE) -> #REF! | T171: =VLOOKUP(B171,'115+040'!$B$12:$AB$621,6,FALSE) -> #REF! | U171: =F171-T171 -> #REF! | V171: =VLOOKUP(B171,'115+040'!$B$12:$AB$621,15,FALSE) -> #REF! | W171: ='[4]114+940'!S172 -> 0 | X171: =+W171+X170 -> 216 | Y171: =S171-S170 -> #REF! | Z171: =IF(Y171>0,Y171,0)/1000 -> #REF! | AA171: =AA170+Z171 -> #REF! | AB171: =(M171-$M$13-R171)/1000 -> #REF!
B172: ='115+040'!#REF! -> #REF! | C172: =B172-B171 -> #REF! | D172: =D171 -> #REF! | E172: =VLOOKUP(B172,'115+040'!B170:AB252,3,FALSE) -> #REF! | F172: =D172+E172 -> #REF! | G172: =VLOOKUP(B172,'115+040'!$B$12:$AB$621,20,FALSE) -> #REF! | H172: =VLOOKUP(B172,'115+040'!$B$12:$AB$621,4,FALSE) -> #REF! | I172: =F172-H172 -> #REF! | J172: =VLOOKUP(B172,'115+040'!$B$12:$AB$621,13,FALSE) -> #REF! | K172: ='115+040'!R170 -> 4 | L172: =+K172+L171 -> 373 | M172: =VLOOKUP(B172,'115+040'!$B$11:$AB$621,21,FALSE) -> #REF! | N172: =VLOOKUP(B172,'115+040'!$B$12:$AB$621,5,FALSE) -> #REF! | O172: =F172-N172 -> #REF! | P172: =VLOOKUP(B172,'115+040'!$B$12:$AB$621,14,FALSE) -> #REF! | Q172: ='115+040'!S170 -> 5 | R172: =+Q172+R171 -> 435 | S172: =VLOOKUP(B172,'115+040'!$B$11:$AB$621,22,FALSE) -> #REF! | T172: =VLOOKUP(B172,'115+040'!$B$12:$AB$621,6,FALSE) -> #REF! | U172: =F172-T172 -> #REF! | V172: =VLOOKUP(B172,'115+040'!$B$12:$AB$621,15,FALSE) -> #REF! | W172: ='[4]114+940'!S173 -> 0 | X172: =+W172+X171 -> 216 | Y172: =S172-S171 -> #REF! | Z172: =IF(Y172>0,Y172,0)/1000 -> #REF! | AA172: =AA171+Z172 -> #REF! | AB172: =(M172-$M$13-R172)/1000 -> #REF!
B173: ='115+040'!#REF! -> #REF! | C173: =B173-B172 -> #REF! | D173: =D172 -> #REF! | E173: =VLOOKUP(B173,'115+040'!B171:AB252,3,FALSE) -> #REF! | F173: =D173+E173 -> #REF! | G173: =VLOOKUP(B173,'115+040'!$B$12:$AB$621,20,FALSE) -> #REF! | H173: =VLOOKUP(B173,'115+040'!$B$12:$AB$621,4,FALSE) -> #REF! | I173: =F173-H173 -> #REF! | J173: =VLOOKUP(B173,'115+040'!$B$12:$AB$621,13,FALSE) -> #REF! | K173: ='115+040'!R171 -> 4 | L173: =+K173+L172 -> 377 | M173: =VLOOKUP(B173,'115+040'!$B$11:$AB$621,21,FALSE) -> #REF! | N173: =VLOOKUP(B173,'115+040'!$B$12:$AB$621,5,FALSE) -> #REF! | O173: =F173-N173 -> #REF! | P173: =VLOOKUP(B173,'115+040'!$B$12:$AB$621,14,FALSE) -> #REF! | Q173: ='115+040'!S171 -> 5 | R173: =+Q173+R172 -> 440 | S173: =VLOOKUP(B173,'115+040'!$B$11:$AB$621,22,FALSE) -> #REF! | T173: =VLOOKUP(B173,'115+040'!$B$12:$AB$621,6,FALSE) -> #REF! | U173: =F173-T173 -> #REF! | V173: =VLOOKUP(B173,'115+040'!$B$12:$AB$621,15,FALSE) -> #REF! | W173: ='[4]114+940'!S174 -> 0 | X173: =+W173+X172 -> 216 | Y173: =S173-S172 -> #REF! | Z173: =IF(Y173>0,Y173,0)/1000 -> #REF! | AA173: =AA172+Z173 -> #REF! | AB173: =(M173-$M$13-R173)/1000 -> #REF!
B174: ='115+040'!#REF! -> #REF! | C174: =B174-B173 -> #REF! | D174: =D173 -> #REF! | E174: =VLOOKUP(B174,'115+040'!B172:AB252,3,FALSE) -> #REF! | F174: =D174+E174 -> #REF! | G174: =VLOOKUP(B174,'115+040'!$B$12:$AB$621,20,FALSE) -> #REF! | H174: =VLOOKUP(B174,'115+040'!$B$12:$AB$621,4,FALSE) -> #REF! | I174: =F174-H174 -> #REF! | J174: =VLOOKUP(B174,'115+040'!$B$12:$AB$621,13,FALSE) -> #REF! | K174: ='115+040'!R172 -> 4 | L174: =+K174+L173 -> 381 | M174: =VLOOKUP(B174,'115+040'!$B$11:$AB$621,21,FALSE) -> #REF! | N174: =VLOOKUP(B174,'115+040'!$B$12:$AB$621,5,FALSE) -> #REF! | O174: =F174-N174 -> #REF! | P174: =VLOOKUP(B174,'115+040'!$B$12:$AB$621,14,FALSE) -> #REF! | Q174: ='115+040'!S172 -> 5 | R174: =+Q174+R173 -> 445 | S174: =VLOOKUP(B174,'115+040'!$B$11:$AB$621,22,FALSE) -> #REF! | T174: =VLOOKUP(B174,'115+040'!$B$12:$AB$621,6,FALSE) -> #REF! | U174: =F174-T174 -> #REF! | V174: =VLOOKUP(B174,'115+040'!$B$12:$AB$621,15,FALSE) -> #REF! | W174: ='[4]114+940'!S175 -> 0 | X174: =+W174+X173 -> 216 | Y174: =S174-S173 -> #REF! | Z174: =IF(Y174>0,Y174,0)/1000 -> #REF! | AA174: =AA173+Z174 -> #REF! | AB174: =(M174-$M$13-R174)/1000 -> #REF!
B175: ='115+040'!#REF! -> #REF! | C175: =B175-B174 -> #REF! | D175: =D174 -> #REF! | E175: =VLOOKUP(B175,'115+040'!B173:AB252,3,FALSE) -> #REF! | F175: =D175+E175 -> #REF! | G175: =VLOOKUP(B175,'115+040'!$B$12:$AB$621,20,FALSE) -> #REF! | H175: =VLOOKUP(B175,'115+040'!$B$12:$AB$621,4,FALSE) -> #REF! | I175: =F175-H175 -> #REF! | J175: =VLOOKUP(B175,'115+040'!$B$12:$AB$621,13,FALSE) -> #REF! | K175: ='115+040'!R173 -> 4 | L175: =+K175+L174 -> 385 | M175: =VLOOKUP(B175,'115+040'!$B$11:$AB$621,21,FALSE) -> #REF! | N175: =VLOOKUP(B175,'115+040'!$B$12:$AB$621,5,FALSE) -> #REF! | O175: =F175-N175 -> #REF! | P175: =VLOOKUP(B175,'115+040'!$B$12:$AB$621,14,FALSE) -> #REF! | Q175: ='115+040'!S173 -> 5 | R175: =+Q175+R174 -> 450 | S175: =VLOOKUP(B175,'115+040'!$B$11:$AB$621,22,FALSE) -> #REF! | T175: =VLOOKUP(B175,'115+040'!$B$12:$AB$621,6,FALSE) -> #REF! | U175: =F175-T175 -> #REF! | V175: =VLOOKUP(B175,'115+040'!$B$12:$AB$621,15,FALSE) -> #REF! | W175: ='[4]114+940'!S176 -> 0 | X175: =+W175+X174 -> 216 | Y175: =S175-S174 -> #REF! | Z175: =IF(Y175>0,Y175,0)/1000 -> #REF! | AA175: =AA174+Z175 -> #REF! | AB175: =(M175-$M$13-R175)/1000 -> #REF!
B176: ='115+040'!#REF! -> #REF! | C176: =B176-B175 -> #REF! | D176: =D175 -> #REF! | E176: =VLOOKUP(B176,'115+040'!B174:AB252,3,FALSE) -> #REF! | F176: =D176+E176 -> #REF! | G176: =VLOOKUP(B176,'115+040'!$B$12:$AB$621,20,FALSE) -> #REF! | H176: =VLOOKUP(B176,'115+040'!$B$12:$AB$621,4,FALSE) -> #REF! | I176: =F176-H176 -> #REF! | J176: =VLOOKUP(B176,'115+040'!$B$12:$AB$621,13,FALSE) -> #REF! | K176: ='115+040'!R174 -> 4 | L176: =+K176+L175 -> 389 | M176: =VLOOKUP(B176,'115+040'!$B$11:$AB$621,21,FALSE) -> #REF! | N176: =VLOOKUP(B176,'115+040'!$B$12:$AB$621,5,FALSE) -> #REF! | O176: =F176-N176 -> #REF! | P176: =VLOOKUP(B176,'115+040'!$B$12:$AB$621,14,FALSE) -> #REF! | Q176: ='115+040'!S174 -> 5 | R176: =+Q176+R175 -> 455 | S176: =VLOOKUP(B176,'115+040'!$B$11:$AB$621,22,FALSE) -> #REF! | T176: =VLOOKUP(B176,'115+040'!$B$12:$AB$621,6,FALSE) -> #REF! | U176: =F176-T176 -> #REF! | V176: =VLOOKUP(B176,'115+040'!$B$12:$AB$621,15,FALSE) -> #REF! | W176: ='[4]114+940'!S177 -> 0 | X176: =+W176+X175 -> 216 | Y176: =S176-S175 -> #REF! | Z176: =IF(Y176>0,Y176,0)/1000 -> #REF! | AA176: =AA175+Z176 -> #REF! | AB176: =(M176-$M$13-R176)/1000 -> #REF!
B177: ='115+040'!#REF! -> #REF! | C177: =B177-B176 -> #REF! | D177: =D176 -> #REF! | E177: =VLOOKUP(B177,'115+040'!B175:AB252,3,FALSE) -> #REF! | F177: =D177+E177 -> #REF! | G177: =VLOOKUP(B177,'115+040'!$B$12:$AB$621,20,FALSE) -> #REF! | H177: =VLOOKUP(B177,'115+040'!$B$12:$AB$621,4,FALSE) -> #REF! | I177: =F177-H177 -> #REF! | J177: =VLOOKUP(B177,'115+040'!$B$12:$AB$621,13,FALSE) -> #REF! | K177: ='115+040'!R175 -> 4 | L177: =+K177+L176 -> 393 | M177: =VLOOKUP(B177,'115+040'!$B$11:$AB$621,21,FALSE) -> #REF! | N177: =VLOOKUP(B177,'115+040'!$B$12:$AB$621,5,FALSE) -> #REF! | O177: =F177-N177 -> #REF! | P177: =VLOOKUP(B177,'115+040'!$B$12:$AB$621,14,FALSE) -> #REF! | Q177: ='115+040'!S175 -> 5 | R177: =+Q177+R176 -> 460 | S177: =VLOOKUP(B177,'115+040'!$B$11:$AB$621,22,FALSE) -> #REF! | T177: =VLOOKUP(B177,'115+040'!$B$12:$AB$621,6,FALSE) -> #REF! | U177: =F177-T177 -> #REF! | V177: =VLOOKUP(B177,'115+040'!$B$12:$AB$621,15,FALSE) -> #REF! | W177: ='[4]114+940'!S178 -> 0 | X177: =+W177+X176 -> 216 | Y177: =S177-S176 -> #REF! | Z177: =IF(Y177>0,Y177,0)/1000 -> #REF! | AA177: =AA176+Z177 -> #REF! | AB177: =(M177-$M$13-R177)/1000 -> #REF!
...

Sheet SL.115+040
A1: DỰ ÁN THÀNH PHẦN ĐOẠN HẬU GIANG - CÀ MAU
A2: THUỘC DỰ ÁN XÂY DỰNG CÔNG TRÌNH ĐƯỜNG BỘ CAO TỐC BẮC - NAM PHÍA ĐÔNG GIAI ĐOẠN 2021 - 2025
A3: =UPPER("GÓI THẦU XL03 :Thi Công Xây Dựng Đoạn Tuyến Km114+200 - Km126+223 Bao Gồm Tuyến Nối Nút Giao IC12 Với QL1 (bao gồm khảo sát, thiết kế BVTC)") -> GÓI THẦU XL03 :THI CÔNG XÂY DỰNG ĐOẠN TUYẾN KM114+200 - KM126+223 BAO GỒM TUYẾN NỐI NÚT GIAO IC12 VỚI QL1 (BAO GỒM KHẢO SÁT, THIẾT KẾ BVTC)
A4: CHỦ ĐẦU TƯ | F4: TƯ VẤN GIÁM SÁT | K4: NHÀ THẦU
A5: BAN QUẢN LÝ DỰ ÁN MỸ THUẬN | F5: =UPPER("Liên danh Phân viện KHCN GTVT phía Nam - Công ty Cổ phần Tư vấn kỹ thuật và xây dựng Hồng Hà") -> LIÊN DANH PHÂN VIỆN KHCN GTVT PHÍA NAM - CÔNG TY CỔ PHẦN TƯ VẤN KỸ THUẬT VÀ XÂY DỰNG HỒNG HÀ | K5: LIÊN DANH CC1 - HẢI ĐĂNG - VẠN CƯỜNG - 492 - BẮC TRUNG NAM
A6: BIỂU GHI ĐO QUAN TRẮC LÚN
A7: Người lập: | B7: ='[5]BC.95+020'!C7 -> 0 | K7: Tên mốc: | M7: ='[5]BC.95+020'!N7 -> 0
A8: Thời tiết: | B8: ='[5]BC.95+020'!C8 -> năng | K8: Cao độ mốc: | M8: ='115+040'!N6 -> 1069
A9: Lý trình: | B9: ='115+040'!C7 -> Km115+040 | K9: Ngày đặt bàn: | M9: ='115+040'!N7 -> 10/12/2023
A11: ="BÀN QUAN TRẮC: "&B9 -> BÀN QUAN TRẮC: Km115+040
A12: Ngày đo | B12: Số ngày | C12: Cao độ đắp(m) | D12: Chiều cao nền đắp (m) | E12: chiều dày đắp(m) | F12: Trái | H12: Giữa | J12: Phải | L12: Độ lún (trái) (mm) | M12: Độ lún (giữa) (mm) | N12: Độ lún (phải) (mm) | O12: Ghi chú
F13: Cao độ quan trắc | G13: Cao độ bàn đo lún | H13: Cao độ quan trắc | I13: Cao độ bàn đo lún | J13: Cao độ quan trắc | K13: Cao độ bàn đo lún
A14: ='BC.115+040'!B13 -> #REF! | B14: 0 | C14: ='BC.115+040'!M13/1000 -> #REF! | D14: ='BC.115+040'!AA13 -> 0 | E14: ='BC.115+040'!AB13 -> 0 | F14: =VLOOKUP($A14,'BC.115+040'!$B$13:$X$489,8,0)/1000 -> #REF! | G14: =VLOOKUP($A14,'BC.115+040'!$B$13:$X$489,9,0)/1000 -> #REF! | H14: =VLOOKUP($A14,'BC.115+040'!$B$13:$X$489,14,0)/1000 -> #REF! | I14: =VLOOKUP($A14,'BC.115+040'!$B$13:$X$489,15,0)/1000 -> #REF! | J14: =VLOOKUP($A14,'BC.115+040'!$B$13:$X$489,20,0)/1000 -> #REF! | K14: =VLOOKUP($A14,'BC.115+040'!$B$13:$X$489,21,0)/1000 -> #REF! | L14: =(G14-$G$14)*1000 -> #REF! | M14: =(I14-$I$14)*1000 -> #REF! | N14: 0
A15: ='BC.115+040'!B14 -> #REF! | B15: 1 | C15: ='BC.115+040'!M14/1000 -> #REF! | D15: ='BC.115+040'!AA14 -> #REF! | E15: ='BC.115+040'!AB14 -> #REF! | F15: =VLOOKUP($A15,'BC.115+040'!$B$13:$X$489,8,0)/1000 -> #REF! | G15: =VLOOKUP($A15,'BC.115+040'!$B$13:$X$489,9,0)/1000 -> #REF! | H15: =VLOOKUP($A15,'BC.115+040'!$B$13:$X$489,14,0)/1000 -> #REF! | I15: =VLOOKUP($A15,'BC.115+040'!$B$13:$X$489,15,0)/1000 -> #REF! | J15: =VLOOKUP($A15,'BC.115+040'!$B$13:$X$489,20,0)/1000 -> #REF! | K15: =VLOOKUP($A15,'BC.115+040'!$B$13:$X$489,21,0)/1000 -> #REF! | L15: =(G15-$G$14)*1000 -> #REF! | M15: =(I15-$I$14)*1000 -> #REF! | N15: =(K15-$K$14)*1000 -> #REF!
A16: ='BC.115+040'!B15 -> #REF! | B16: 2 | C16: ='BC.115+040'!M15/1000 -> #REF! | D16: ='BC.115+040'!AA15 -> #REF! | E16: ='BC.115+040'!AB15 -> #REF! | F16: =VLOOKUP($A16,'BC.115+040'!$B$13:$X$489,8,0)/1000 -> #REF! | G16: =VLOOKUP($A16,'BC.115+040'!$B$13:$X$489,9,0)/1000 -> #REF! | H16: =VLOOKUP($A16,'BC.115+040'!$B$13:$X$489,14,0)/1000 -> #REF! | I16: =VLOOKUP($A16,'BC.115+040'!$B$13:$X$489,15,0)/1000 -> #REF! | J16: =VLOOKUP($A16,'BC.115+040'!$B$13:$X$489,20,0)/1000 -> #REF! | K16: =VLOOKUP($A16,'BC.115+040'!$B$13:$X$489,21,0)/1000 -> #REF! | L16: =(G16-$G$14)*1000 -> #REF! | M16: =(I16-$I$14)*1000 -> #REF! | N16: =(K16-$K$14)*1000 -> #REF!
A17: ='BC.115+040'!B16 -> #REF! | B17: 3 | C17: ='BC.115+040'!M16/1000 -> #REF! | D17: ='BC.115+040'!AA16 -> #REF! | E17: ='BC.115+040'!AB16 -> #REF! | F17: =VLOOKUP($A17,'BC.115+040'!$B$13:$X$489,8,0)/1000 -> #REF! | G17: =VLOOKUP($A17,'BC.115+040'!$B$13:$X$489,9,0)/1000 -> #REF! | H17: =VLOOKUP($A17,'BC.115+040'!$B$13:$X$489,14,0)/1000 -> #REF! | I17: =VLOOKUP($A17,'BC.115+040'!$B$13:$X$489,15,0)/1000 -> #REF! | J17: =VLOOKUP($A17,'BC.115+040'!$B$13:$X$489,20,0)/1000 -> #REF! | K17: =VLOOKUP($A17,'BC.115+040'!$B$13:$X$489,21,0)/1000 -> #REF! | L17: =(G17-$G$14)*1000 -> #REF! | M17: =(I17-$I$14)*1000 -> #REF! | N17: =(K17-$K$14)*1000 -> #REF!
A18: ='BC.115+040'!B17 -> #REF! | B18: 4 | C18: ='BC.115+040'!M17/1000 -> #REF! | D18: ='BC.115+040'!AA17 -> #REF! | E18: ='BC.115+040'!AB17 -> #REF! | F18: =VLOOKUP($A18,'BC.115+040'!$B$13:$X$489,8,0)/1000 -> #REF! | G18: =VLOOKUP($A18,'BC.115+040'!$B$13:$X$489,9,0)/1000 -> #REF! | H18: =VLOOKUP($A18,'BC.115+040'!$B$13:$X$489,14,0)/1000 -> #REF! | I18: =VLOOKUP($A18,'BC.115+040'!$B$13:$X$489,15,0)/1000 -> #REF! | J18: =VLOOKUP($A18,'BC.115+040'!$B$13:$X$489,20,0)/1000 -> #REF! | K18: =VLOOKUP($A18,'BC.115+040'!$B$13:$X$489,21,0)/1000 -> #REF! | L18: =(G18-$G$14)*1000 -> #REF! | M18: =(I18-$I$14)*1000 -> #REF! | N18: =(K18-$K$14)*1000 -> #REF!
A19: ='BC.115+040'!B18 -> #REF! | B19: 5 | C19: ='BC.115+040'!M18/1000 -> #REF! | D19: ='BC.115+040'!AA18 -> #REF! | E19: ='BC.115+040'!AB18 -> #REF! | F19: =VLOOKUP($A19,'BC.115+040'!$B$13:$X$489,8,0)/1000 -> #REF! | G19: =VLOOKUP($A19,'BC.115+040'!$B$13:$X$489,9,0)/1000 -> #REF! | H19: =VLOOKUP($A19,'BC.115+040'!$B$13:$X$489,14,0)/1000 -> #REF! | I19: =VLOOKUP($A19,'BC.115+040'!$B$13:$X$489,15,0)/1000 -> #REF! | J19: =VLOOKUP($A19,'BC.115+040'!$B$13:$X$489,20,0)/1000 -> #REF! | K19: =VLOOKUP($A19,'BC.115+040'!$B$13:$X$489,21,0)/1000 -> #REF! | L19: =(G19-$G$14)*1000 -> #REF! | M19: =(I19-$I$14)*1000 -> #REF! | N19: =(K19-$K$14)*1000 -> #REF!
A20: ='BC.115+040'!B19 -> #REF! | B20: 6 | C20: ='BC.115+040'!M19/1000 -> #REF! | D20: ='BC.115+040'!AA19 -> #REF! | E20: ='BC.115+040'!AB19 -> #REF! | F20: =VLOOKUP($A20,'BC.115+040'!$B$13:$X$489,8,0)/1000 -> #REF! | G20: =VLOOKUP($A20,'BC.115+040'!$B$13:$X$489,9,0)/1000 -> #REF! | H20: =VLOOKUP($A20,'BC.115+040'!$B$13:$X$489,14,0)/1000 -> #REF! | I20: =VLOOKUP($A20,'BC.115+040'!$B$13:$X$489,15,0)/1000 -> #REF! | J20: =VLOOKUP($A20,'BC.115+040'!$B$13:$X$489,20,0)/1000 -> #REF! | K20: =VLOOKUP($A20,'BC.115+040'!$B$13:$X$489,21,0)/1000 -> #REF! | L20: =(G20-$G$14)*1000 -> #REF! | M20: =(I20-$I$14)*1000 -> #REF! | N20: =(K20-$K$14)*1000 -> #REF!
A21: ='BC.115+040'!B20 -> #REF! | B21: 7 | C21: ='BC.115+040'!M20/1000 -> #REF! | D21: ='BC.115+040'!AA20 -> #REF! | E21: ='BC.115+040'!AB20 -> #REF! | F21: =VLOOKUP($A21,'BC.115+040'!$B$13:$X$489,8,0)/1000 -> #REF! | G21: =VLOOKUP($A21,'BC.115+040'!$B$13:$X$489,9,0)/1000 -> #REF! | H21: =VLOOKUP($A21,'BC.115+040'!$B$13:$X$489,14,0)/1000 -> #REF! | I21: =VLOOKUP($A21,'BC.115+040'!$B$13:$X$489,15,0)/1000 -> #REF! | J21: =VLOOKUP($A21,'BC.115+040'!$B$13:$X$489,20,0)/1000 -> #REF! | K21: =VLOOKUP($A21,'BC.115+040'!$B$13:$X$489,21,0)/1000 -> #REF! | L21: =(G21-$G$14)*1000 -> #REF! | M21: =(I21-$I$14)*1000 -> #REF! | N21: =(K21-$K$14)*1000 -> #REF!
A22: ='BC.115+040'!B21 -> #REF! | B22: 8 | C22: ='BC.115+040'!M21/1000 -> #REF! | D22: ='BC.115+040'!AA21 -> #REF! | E22: ='BC.115+040'!AB21 -> #REF! | F22: =VLOOKUP($A22,'BC.115+040'!$B$13:$X$489,8,0)/1000 -> #REF! | G22: =VLOOKUP($A22,'BC.115+040'!$B$13:$X$489,9,0)/1000 -> #REF! | H22: =VLOOKUP($A22,'BC.115+040'!$B$13:$X$489,14,0)/1000 -> #REF! | I22: =VLOOKUP($A22,'BC.115+040'!$B$13:$X$489,15,0)/1000 -> #REF! | J22: =VLOOKUP($A22,'BC.115+040'!$B$13:$X$489,20,0)/1000 -> #REF! | K22: =VLOOKUP($A22,'BC.115+040'!$B$13:$X$489,21,0)/1000 -> #REF! | L22: =(G22-$G$14)*1000 -> #REF! | M22: =(I22-$I$14)*1000 -> #REF! | N22: =(K22-$K$14)*1000 -> #REF!
A23: ='BC.115+040'!B22 -> #REF! | B23: 9 | C23: ='BC.115+040'!M22/1000 -> #REF! | D23: ='BC.115+040'!AA22 -> #REF! | E23: ='BC.115+040'!AB22 -> #REF! | F23: =VLOOKUP($A23,'BC.115+040'!$B$13:$X$489,8,0)/1000 -> #REF! | G23: =VLOOKUP($A23,'BC.115+040'!$B$13:$X$489,9,0)/1000 -> #REF! | H23: =VLOOKUP($A23,'BC.115+040'!$B$13:$X$489,14,0)/1000 -> #REF! | I23: =VLOOKUP($A23,'BC.115+040'!$B$13:$X$489,15,0)/1000 -> #REF! | J23: =VLOOKUP($A23,'BC.115+040'!$B$13:$X$489,20,0)/1000 -> #REF! | K23: =VLOOKUP($A23,'BC.115+040'!$B$13:$X$489,21,0)/1000 -> #REF! | L23: =(G23-$G$14)*1000 -> #REF! | M23: =(I23-$I$14)*1000 -> #REF! | N23: =(K23-$K$14)*1000 -> #REF!
A24: ='BC.115+040'!B23 -> #REF! | B24: 10 | C24: ='BC.115+040'!M23/1000 -> #REF! | D24: ='BC.115+040'!AA23 -> #REF! | E24: ='BC.115+040'!AB23 -> #REF! | F24: =VLOOKUP($A24,'BC.115+040'!$B$13:$X$489,8,0)/1000 -> #REF! | G24: =VLOOKUP($A24,'BC.115+040'!$B$13:$X$489,9,0)/1000 -> #REF! | H24: =VLOOKUP($A24,'BC.115+040'!$B$13:$X$489,14,0)/1000 -> #REF! | I24: =VLOOKUP($A24,'BC.115+040'!$B$13:$X$489,15,0)/1000 -> #REF! | J24: =VLOOKUP($A24,'BC.115+040'!$B$13:$X$489,20,0)/1000 -> #REF! | K24: =VLOOKUP($A24,'BC.115+040'!$B$13:$X$489,21,0)/1000 -> #REF! | L24: =(G24-$G$14)*1000 -> #REF! | M24: =(I24-$I$14)*1000 -> #REF! | N24: =(K24-$K$14)*1000 -> #REF!
A25: ='BC.115+040'!B24 -> #REF! | B25: 11 | C25: ='BC.115+040'!M24/1000 -> #REF! | D25: ='BC.115+040'!AA24 -> #REF! | E25: ='BC.115+040'!AB24 -> #REF! | F25: =VLOOKUP($A25,'BC.115+040'!$B$13:$X$489,8,0)/1000 -> #REF! | G25: =VLOOKUP($A25,'BC.115+040'!$B$13:$X$489,9,0)/1000 -> #REF! | H25: =VLOOKUP($A25,'BC.115+040'!$B$13:$X$489,14,0)/1000 -> #REF! | I25: =VLOOKUP($A25,'BC.115+040'!$B$13:$X$489,15,0)/1000 -> #REF! | J25: =VLOOKUP($A25,'BC.115+040'!$B$13:$X$489,20,0)/1000 -> #REF! | K25: =VLOOKUP($A25,'BC.115+040'!$B$13:$X$489,21,0)/1000 -> #REF! | L25: =(G25-$G$14)*1000 -> #REF! | M25: =(I25-$I$14)*1000 -> #REF! | N25: =(K25-$K$14)*1000 -> #REF!
A26: ='BC.115+040'!B25 -> #REF! | B26: 12 | C26: ='BC.115+040'!M25/1000 -> #REF! | D26: ='BC.115+040'!AA25 -> #REF! | E26: ='BC.115+040'!AB25 -> #REF! | F26: =VLOOKUP($A26,'BC.115+040'!$B$13:$X$489,8,0)/1000 -> #REF! | G26: =VLOOKUP($A26,'BC.115+040'!$B$13:$X$489,9,0)/1000 -> #REF! | H26: =VLOOKUP($A26,'BC.115+040'!$B$13:$X$489,14,0)/1000 -> #REF! | I26: =VLOOKUP($A26,'BC.115+040'!$B$13:$X$489,15,0)/1000 -> #REF! | J26: =VLOOKUP($A26,'BC.115+040'!$B$13:$X$489,20,0)/1000 -> #REF! | K26: =VLOOKUP($A26,'BC.115+040'!$B$13:$X$489,21,0)/1000 -> #REF! | L26: =(G26-$G$14)*1000 -> #REF! | M26: =(I26-$I$14)*1000 -> #REF! | N26: =(K26-$K$14)*1000 -> #REF!
... A91: ='BC.115+040'!B90 -> #REF! | B91: 77 | C91: ='BC.115+040'!M90/1000 -> #REF! | D91: ='BC.115+040'!AA90 -> #REF! | E91: ='BC.115+040'!AB90 -> #REF! | F91: =VLOOKUP($A91,'BC.115+040'!$B$13:$X$489,8,0)/1000 -> #REF! | G91: =VLOOKUP($A91,'BC.115+040'!$B$13:$X$489,9,0)/1000 -> #REF! | H91: =VLOOKUP($A91,'BC.115+040'!$B$13:$X$489,14,0)/1000 -> #REF! | I91: =VLOOKUP($A91,'BC.115+040'!$B$13:$X$489,15,0)/1000 -> #REF! | J91: =VLOOKUP($A91,'BC.115+040'!$B$13:$X$489,20,0)/1000 -> #REF! | K91: =VLOOKUP($A91,'BC.115+040'!$B$13:$X$489,21,0)/1000 -> #REF! | L91: =(G91-$G$14)*1000 -> #REF! | M91: =(I91-$I$14)*1000 -> #REF! | N91: =(K91-$K$14)*1000 -> #REF!
A92: ='BC.115+040'!B91 -> #REF! | B92: 78 | C92: ='BC.115+040'!M91/1000 -> #REF! | D92: ='BC.115+040'!AA91 -> #REF! | E92: ='BC.115+040'!AB91 -> #REF! | F92: =VLOOKUP($A92,'BC.115+040'!$B$13:$X$489,8,0)/1000 -> #REF! | G92: =VLOOKUP($A92,'BC.115+040'!$B$13:$X$489,9,0)/1000 -> #REF! | H92: =VLOOKUP($A92,'BC.115+040'!$B$13:$X$489,14,0)/1000 -> #REF! | I92: =VLOOKUP($A92,'BC.115+040'!$B$13:$X$489,15,0)/1000 -> #REF! | J92: =VLOOKUP($A92,'BC.115+040'!$B$13:$X$489,20,0)/1000 -> #REF! | K92: =VLOOKUP($A92,'BC.115+040'!$B$13:$X$489,21,0)/1000 -> #REF! | L92: =(G92-$G$14)*1000 -> #REF! | M92: =(I92-$I$14)*1000 -> #REF! | N92: =(K92-$K$14)*1000 -> #REF! | Y92: =A21-A14 -> #REF!
A93: ='BC.115+040'!B92 -> #REF! | B93: 79 | C93: ='BC.115+040'!M92/1000 -> #REF! | D93: ='BC.115+040'!AA92 -> #REF! | E93: ='BC.115+040'!AB92 -> #REF! | F93: =VLOOKUP($A93,'BC.115+040'!$B$13:$X$489,8,0)/1000 -> #REF! | G93: =VLOOKUP($A93,'BC.115+040'!$B$13:$X$489,9,0)/1000 -> #REF! | H93: =VLOOKUP($A93,'BC.115+040'!$B$13:$X$489,14,0)/1000 -> #REF! | I93: =VLOOKUP($A93,'BC.115+040'!$B$13:$X$489,15,0)/1000 -> #REF! | J93: =VLOOKUP($A93,'BC.115+040'!$B$13:$X$489,20,0)/1000 -> #REF! | K93: =VLOOKUP($A93,'BC.115+040'!$B$13:$X$489,21,0)/1000 -> #REF! | L93: =(G93-$G$14)*1000 -> #REF! | M93: =(I93-$I$14)*1000 -> #REF! | N93: =(K93-$K$14)*1000 -> #REF!
A94: ='BC.115+040'!B93 -> #REF! | B94: 80 | C94: ='BC.115+040'!M93/1000 -> #REF! | D94: ='BC.115+040'!AA93 -> #REF! | E94: ='BC.115+040'!AB93 -> #REF! | F94: =VLOOKUP($A94,'BC.115+040'!$B$13:$X$489,8,0)/1000 -> #REF! | G94: =VLOOKUP($A94,'BC.115+040'!$B$13:$X$489,9,0)/1000 -> #REF! | H94: =VLOOKUP($A94,'BC.115+040'!$B$13:$X$489,14,0)/1000 -> #REF! | I94: =VLOOKUP($A94,'BC.115+040'!$B$13:$X$489,15,0)/1000 -> #REF! | J94: =VLOOKUP($A94,'BC.115+040'!$B$13:$X$489,20,0)/1000 -> #REF! | K94: =VLOOKUP($A94,'BC.115+040'!$B$13:$X$489,21,0)/1000 -> #REF! | L94: =(G94-$G$14)*1000 -> #REF! | M94: =(I94-$I$14)*1000 -> #REF! | N94: =(K94-$K$14)*1000 -> #REF!
A95: ='BC.115+040'!B94 -> #REF! | B95: 81 | C95: ='BC.115+040'!M94/1000 -> #REF! | D95: ='BC.115+040'!AA94 -> #REF! | E95: ='BC.115+040'!AB94 -> #REF! | F95: =VLOOKUP($A95,'BC.115+040'!$B$13:$X$489,8,0)/1000 -> #REF! | G95: =VLOOKUP($A95,'BC.115+040'!$B$13:$X$489,9,0)/1000 -> #REF! | H95: =VLOOKUP($A95,'BC.115+040'!$B$13:$X$489,14,0)/1000 -> #REF! | I95: =VLOOKUP($A95,'BC.115+040'!$B$13:$X$489,15,0)/1000 -> #REF! | J95: =VLOOKUP($A95,'BC.115+040'!$B$13:$X$489,20,0)/1000 -> #REF! | K95: =VLOOKUP($A95,'BC.115+040'!$B$13:$X$489,21,0)/1000 -> #REF! | L95: =(G95-$G$14)*1000 -> #REF! | M95: =(I95-$I$14)*1000 -> #REF! | N95: =(K95-$K$14)*1000 -> #REF!
A96: ='BC.115+040'!B95 -> #REF! | B96: 82 | C96: ='BC.115+040'!M95/1000 -> #REF! | D96: ='BC.115+040'!AA95 -> #REF! | E96: ='BC.115+040'!AB95 -> #REF! | F96: =VLOOKUP($A96,'BC.115+040'!$B$13:$X$489,8,0)/1000 -> #REF! | G96: =VLOOKUP($A96,'BC.115+040'!$B$13:$X$489,9,0)/1000 -> #REF! | H96: =VLOOKUP($A96,'BC.115+040'!$B$13:$X$489,14,0)/1000 -> #REF! | I96: =VLOOKUP($A96,'BC.115+040'!$B$13:$X$489,15,0)/1000 -> #REF! | J96: =VLOOKUP($A96,'BC.115+040'!$B$13:$X$489,20,0)/1000 -> #REF! | K96: =VLOOKUP($A96,'BC.115+040'!$B$13:$X$489,21,0)/1000 -> #REF! | L96: =(G96-$G$14)*1000 -> #REF! | M96: =(I96-$I$14)*1000 -> #REF! | N96: =(K96-$K$14)*1000 -> #REF!
A97: ='BC.115+040'!B96 -> #REF! | B97: 83 | C97: ='BC.115+040'!M96/1000 -> #REF! | D97: ='BC.115+040'!AA96 -> #REF! | E97: ='BC.115+040'!AB96 -> #REF! | F97: =VLOOKUP($A97,'BC.115+040'!$B$13:$X$489,8,0)/1000 -> #REF! | G97: =VLOOKUP($A97,'BC.115+040'!$B$13:$X$489,9,0)/1000 -> #REF! | H97: =VLOOKUP($A97,'BC.115+040'!$B$13:$X$489,14,0)/1000 -> #REF! | I97: =VLOOKUP($A97,'BC.115+040'!$B$13:$X$489,15,0)/1000 -> #REF! | J97: =VLOOKUP($A97,'BC.115+040'!$B$13:$X$489,20,0)/1000 -> #REF! | K97: =VLOOKUP($A97,'BC.115+040'!$B$13:$X$489,21,0)/1000 -> #REF! | L97: =(G97-$G$14)*1000 -> #REF! | M97: =(I97-$I$14)*1000 -> #REF! | N97: =(K97-$K$14)*1000 -> #REF!
A98: ='BC.115+040'!B97 -> #REF! | B98: 84 | C98: ='BC.115+040'!M97/1000 -> #REF! | D98: ='BC.115+040'!AA97 -> #REF! | E98: ='BC.115+040'!AB97 -> #REF! | F98: =VLOOKUP($A98,'BC.115+040'!$B$13:$X$489,8,0)/1000 -> #REF! | G98: =VLOOKUP($A98,'BC.115+040'!$B$13:$X$489,9,0)/1000 -> #REF! | H98: =VLOOKUP($A98,'BC.115+040'!$B$13:$X$489,14,0)/1000 -> #REF! | I98: =VLOOKUP($A98,'BC.115+040'!$B$13:$X$489,15,0)/1000 -> #REF! | J98: =VLOOKUP($A98,'BC.115+040'!$B$13:$X$489,20,0)/1000 -> #REF! | K98: =VLOOKUP($A98,'BC.115+040'!$B$13:$X$489,21,0)/1000 -> #REF! | L98: =(G98-$G$14)*1000 -> #REF! | M98: =(I98-$I$14)*1000 -> #REF! | N98: =(K98-$K$14)*1000 -> #REF!
A99: ='BC.115+040'!B98 -> #REF! | B99: 85 | C99: ='BC.115+040'!M98/1000 -> #REF! | D99: ='BC.115+040'!AA98 -> #REF! | E99: ='BC.115+040'!AB98 -> #REF! | F99: =VLOOKUP($A99,'BC.115+040'!$B$13:$X$489,8,0)/1000 -> #REF! | G99: =VLOOKUP($A99,'BC.115+040'!$B$13:$X$489,9,0)/1000 -> #REF! | H99: =VLOOKUP($A99,'BC.115+040'!$B$13:$X$489,14,0)/1000 -> #REF! | I99: =VLOOKUP($A99,'BC.115+040'!$B$13:$X$489,15,0)/1000 -> #REF! | J99: =VLOOKUP($A99,'BC.115+040'!$B$13:$X$489,20,0)/1000 -> #REF! | K99: =VLOOKUP($A99,'BC.115+040'!$B$13:$X$489,21,0)/1000 -> #REF! | L99: =(G99-$G$14)*1000 -> #REF! | M99: =(I99-$I$14)*1000 -> #REF! | N99: =(K99-$K$14)*1000 -> #REF!
A100: ='BC.115+040'!B99 -> #REF! | B100: 86 | C100: ='BC.115+040'!M99/1000 -> #REF! | D100: ='BC.115+040'!AA99 -> #REF! | E100: ='BC.115+040'!AB99 -> #REF! | F100: =VLOOKUP($A100,'BC.115+040'!$B$13:$X$489,8,0)/1000 -> #REF! | G100: =VLOOKUP($A100,'BC.115+040'!$B$13:$X$489,9,0)/1000 -> #REF! | H100: =VLOOKUP($A100,'BC.115+040'!$B$13:$X$489,14,0)/1000 -> #REF! | I100: =VLOOKUP($A100,'BC.115+040'!$B$13:$X$489,15,0)/1000 -> #REF! | J100: =VLOOKUP($A100,'BC.115+040'!$B$13:$X$489,20,0)/1000 -> #REF! | K100: =VLOOKUP($A100,'BC.115+040'!$B$13:$X$489,21,0)/1000 -> #REF! | L100: =(G100-$G$14)*1000 -> #REF! | M100: =(I100-$I$14)*1000 -> #REF! | N100: =(K100-$K$14)*1000 -> #REF!
A101: ='BC.115+040'!B100 -> #REF! | B101: 87 | C101: ='BC.115+040'!M100/1000 -> #REF! | D101: ='BC.115+040'!AA100 -> #REF! | E101: ='BC.115+040'!AB100 -> #REF! | F101: =VLOOKUP($A101,'BC.115+040'!$B$13:$X$489,8,0)/1000 -> #REF! | G101: =VLOOKUP($A101,'BC.115+040'!$B$13:$X$489,9,0)/1000 -> #REF! | H101: =VLOOKUP($A101,'BC.115+040'!$B$13:$X$489,14,0)/1000 -> #REF! | I101: =VLOOKUP($A101,'BC.115+040'!$B$13:$X$489,15,0)/1000 -> #REF! | J101: =VLOOKUP($A101,'BC.115+040'!$B$13:$X$489,20,0)/1000 -> #REF! | K101: =VLOOKUP($A101,'BC.115+040'!$B$13:$X$489,21,0)/1000 -> #REF! | L101: =(G101-$G$14)*1000 -> #REF! | M101: =(I101-$I$14)*1000 -> #REF! | N101: =(K101-$K$14)*1000 -> #REF!
A102: ='BC.115+040'!B101 -> #REF! | B102: 88 | C102: ='BC.115+040'!M101/1000 -> #REF! | D102: ='BC.115+040'!AA101 -> #REF! | E102: ='BC.115+040'!AB101 -> #REF! | F102: =VLOOKUP($A102,'BC.115+040'!$B$13:$X$489,8,0)/1000 -> #REF! | G102: =VLOOKUP($A102,'BC.115+040'!$B$13:$X$489,9,0)/1000 -> #REF! | H102: =VLOOKUP($A102,'BC.115+040'!$B$13:$X$489,14,0)/1000 -> #REF! | I102: =VLOOKUP($A102,'BC.115+040'!$B$13:$X$489,15,0)/1000 -> #REF! | J102: =VLOOKUP($A102,'BC.115+040'!$B$13:$X$489,20,0)/1000 -> #REF! | K102: =VLOOKUP($A102,'BC.115+040'!$B$13:$X$489,21,0)/1000 -> #REF! | L102: =(G102-$G$14)*1000 -> #REF! | M102: =(I102-$I$14)*1000 -> #REF! | N102: =(K102-$K$14)*1000 -> #REF!
A103: ='BC.115+040'!B102 -> #REF! | B103: 89 | C103: ='BC.115+040'!M102/1000 -> #REF! | D103: ='BC.115+040'!AA102 -> #REF! | E103: ='BC.115+040'!AB102 -> #REF! | F103: =VLOOKUP($A103,'BC.115+040'!$B$13:$X$489,8,0)/1000 -> #REF! | G103: =VLOOKUP($A103,'BC.115+040'!$B$13:$X$489,9,0)/1000 -> #REF! | H103: =VLOOKUP($A103,'BC.115+040'!$B$13:$X$489,14,0)/1000 -> #REF! | I103: =VLOOKUP($A103,'BC.115+040'!$B$13:$X$489,15,0)/1000 -> #REF! | J103: =VLOOKUP($A103,'BC.115+040'!$B$13:$X$489,20,0)/1000 -> #REF! | K103: =VLOOKUP($A103,'BC.115+040'!$B$13:$X$489,21,0)/1000 -> #REF! | L103: =(G103-$G$14)*1000 -> #REF! | M103: =(I103-$I$14)*1000 -> #REF! | N103: =(K103-$K$14)*1000 -> #REF!
A104: ='BC.115+040'!B103 -> #REF! | B104: 90 | C104: ='BC.115+040'!M103/1000 -> #REF! | D104: ='BC.115+040'!AA103 -> #REF! | E104: ='BC.115+040'!AB103 -> #REF! | F104: =VLOOKUP($A104,'BC.115+040'!$B$13:$X$489,8,0)/1000 -> #REF! | G104: =VLOOKUP($A104,'BC.115+040'!$B$13:$X$489,9,0)/1000 -> #REF! | H104: =VLOOKUP($A104,'BC.115+040'!$B$13:$X$489,14,0)/1000 -> #REF! | I104: =VLOOKUP($A104,'BC.115+040'!$B$13:$X$489,15,0)/1000 -> #REF! | J104: =VLOOKUP($A104,'BC.115+040'!$B$13:$X$489,20,0)/1000 -> #REF! | K104: =VLOOKUP($A104,'BC.115+040'!$B$13:$X$489,21,0)/1000 -> #REF! | L104: =(G104-$G$14)*1000 -> #REF! | M104: =(I104-$I$14)*1000 -> #REF! | N104: =(K104-$K$14)*1000 -> #REF!
... A254: ='BC.115+040'!B253 -> #REF! | B254: 240 | C254: ='BC.115+040'!M253/1000 -> #REF! | D254: ='BC.115+040'!AA253 -> #REF! | E254: ='BC.115+040'!AB253 -> #REF! | F254: =VLOOKUP($A254,'BC.115+040'!$B$13:$X$489,8,0)/1000 -> #REF! | G254: =VLOOKUP($A254,'BC.115+040'!$B$13:$X$489,9,0)/1000 -> #REF! | H254: =VLOOKUP($A254,'BC.115+040'!$B$13:$X$489,14,0)/1000 -> #REF! | I254: =VLOOKUP($A254,'BC.115+040'!$B$13:$X$489,15,0)/1000 -> #REF! | J254: =VLOOKUP($A254,'BC.115+040'!$B$13:$X$489,20,0)/1000 -> #REF! | K254: =VLOOKUP($A254,'BC.115+040'!$B$13:$X$489,21,0)/1000 -> #REF! | L254: =(G254-$G$14)*1000 -> #REF! | M254: =(I254-$I$14)*1000 -> #REF! | N254: =(K254-$K$14)*1000 -> #REF!
A255: ='BC.115+040'!B254 -> #REF! | B255: =+B254+1 -> 241 | C255: ='BC.115+040'!M254/1000 -> #REF! | D255: ='BC.115+040'!AA254 -> #REF! | E255: ='BC.115+040'!AB254 -> #REF! | F255: =VLOOKUP($A255,'BC.115+040'!$B$13:$X$489,8,0)/1000 -> #REF! | G255: =VLOOKUP($A255,'BC.115+040'!$B$13:$X$489,9,0)/1000 -> #REF! | H255: =VLOOKUP($A255,'BC.115+040'!$B$13:$X$489,14,0)/1000 -> #REF! | I255: =VLOOKUP($A255,'BC.115+040'!$B$13:$X$489,15,0)/1000 -> #REF! | J255: =VLOOKUP($A255,'BC.115+040'!$B$13:$X$489,20,0)/1000 -> #REF! | K255: =VLOOKUP($A255,'BC.115+040'!$B$13:$X$489,21,0)/1000 -> #REF! | L255: =(G255-$G$14)*1000 -> #REF! | M255: =(I255-$I$14)*1000 -> #REF! | N255: =(K255-$K$14)*1000 -> #REF!
A256: ='BC.115+040'!B255 -> #REF! | B256: =+B255+1 -> 242 | C256: ='BC.115+040'!M255/1000 -> #REF! | D256: ='BC.115+040'!AA255 -> #REF! | E256: ='BC.115+040'!AB255 -> #REF! | F256: =VLOOKUP($A256,'BC.115+040'!$B$13:$X$489,8,0)/1000 -> #REF! | G256: =VLOOKUP($A256,'BC.115+040'!$B$13:$X$489,9,0)/1000 -> #REF! | H256: =VLOOKUP($A256,'BC.115+040'!$B$13:$X$489,14,0)/1000 -> #REF! | I256: =VLOOKUP($A256,'BC.115+040'!$B$13:$X$489,15,0)/1000 -> #REF! | J256: =VLOOKUP($A256,'BC.115+040'!$B$13:$X$489,20,0)/1000 -> #REF! | K256: =VLOOKUP($A256,'BC.115+040'!$B$13:$X$489,21,0)/1000 -> #REF! | L256: =(G256-$G$14)*1000 -> #REF! | M256: =(I256-$I$14)*1000 -> #REF! | N256: =(K256-$K$14)*1000 -> #REF!
A257: ='BC.115+040'!B256 -> #REF! | B257: =+B256+1 -> 243 | C257: ='BC.115+040'!M256/1000 -> #REF! | D257: ='BC.115+040'!AA256 -> #REF! | E257: ='BC.115+040'!AB256 -> #REF! | F257: =VLOOKUP($A257,'BC.115+040'!$B$13:$X$489,8,0)/1000 -> #REF! | G257: =VLOOKUP($A257,'BC.115+040'!$B$13:$X$489,9,0)/1000 -> #REF! | H257: =VLOOKUP($A257,'BC.115+040'!$B$13:$X$489,14,0)/1000 -> #REF! | I257: =VLOOKUP($A257,'BC.115+040'!$B$13:$X$489,15,0)/1000 -> #REF! | J257: =VLOOKUP($A257,'BC.115+040'!$B$13:$X$489,20,0)/1000 -> #REF! | K257: =VLOOKUP($A257,'BC.115+040'!$B$13:$X$489,21,0)/1000 -> #REF! | L257: =(G257-$G$14)*1000 -> #REF! | M257: =(I257-$I$14)*1000 -> #REF! | N257: =(K257-$K$14)*1000 -> #REF!
A258: ='BC.115+040'!B257 -> #REF! | B258: =+B257+1 -> 244 | C258: ='BC.115+040'!M257/1000 -> #REF! | D258: ='BC.115+040'!AA257 -> #REF! | E258: ='BC.115+040'!AB257 -> #REF! | F258: =VLOOKUP($A258,'BC.115+040'!$B$13:$X$489,8,0)/1000 -> #REF! | G258: =VLOOKUP($A258,'BC.115+040'!$B$13:$X$489,9,0)/1000 -> #REF! | H258: =VLOOKUP($A258,'BC.115+040'!$B$13:$X$489,14,0)/1000 -> #REF! | I258: =VLOOKUP($A258,'BC.115+040'!$B$13:$X$489,15,0)/1000 -> #REF! | J258: =VLOOKUP($A258,'BC.115+040'!$B$13:$X$489,20,0)/1000 -> #REF! | K258: =VLOOKUP($A258,'BC.115+040'!$B$13:$X$489,21,0)/1000 -> #REF! | L258: =(G258-$G$14)*1000 -> #REF! | M258: =(I258-$I$14)*1000 -> #REF! | N258: =(K258-$K$14)*1000 -> #REF!
A259: ='BC.115+040'!B258 -> #REF! | B259: =+B258+1 -> 245 | C259: ='BC.115+040'!M258/1000 -> #REF! | D259: ='BC.115+040'!AA258 -> #REF! | E259: ='BC.115+040'!AB258 -> #REF! | F259: =VLOOKUP($A259,'BC.115+040'!$B$13:$X$489,8,0)/1000 -> #REF! | G259: =VLOOKUP($A259,'BC.115+040'!$B$13:$X$489,9,0)/1000 -> #REF! | H259: =VLOOKUP($A259,'BC.115+040'!$B$13:$X$489,14,0)/1000 -> #REF! | I259: =VLOOKUP($A259,'BC.115+040'!$B$13:$X$489,15,0)/1000 -> #REF! | J259: =VLOOKUP($A259,'BC.115+040'!$B$13:$X$489,20,0)/1000 -> #REF! | K259: =VLOOKUP($A259,'BC.115+040'!$B$13:$X$489,21,0)/1000 -> #REF! | L259: =(G259-$G$14)*1000 -> #REF! | M259: =(I259-$I$14)*1000 -> #REF! | N259: =(K259-$K$14)*1000 -> #REF!
A260: ='BC.115+040'!B259 -> #REF! | B260: =+B259+1 -> 246 | C260: ='BC.115+040'!M259/1000 -> #REF! | D260: ='BC.115+040'!AA259 -> #REF! | E260: ='BC.115+040'!AB259 -> #REF! | F260: =VLOOKUP($A260,'BC.115+040'!$B$13:$X$489,8,0)/1000 -> #REF! | G260: =VLOOKUP($A260,'BC.115+040'!$B$13:$X$489,9,0)/1000 -> #REF! | H260: =VLOOKUP($A260,'BC.115+040'!$B$13:$X$489,14,0)/1000 -> #REF! | I260: =VLOOKUP($A260,'BC.115+040'!$B$13:$X$489,15,0)/1000 -> #REF! | J260: =VLOOKUP($A260,'BC.115+040'!$B$13:$X$489,20,0)/1000 -> #REF! | K260: =VLOOKUP($A260,'BC.115+040'!$B$13:$X$489,21,0)/1000 -> #REF! | L260: =(G260-$G$14)*1000 -> #REF! | M260: =(I260-$I$14)*1000 -> #REF! | N260: =(K260-$K$14)*1000 -> #REF!
A261: ='BC.115+040'!B260 -> #REF! | B261: =+B260+1 -> 247 | C261: ='BC.115+040'!M260/1000 -> #REF! | D261: ='BC.115+040'!AA260 -> #REF! | E261: ='BC.115+040'!AB260 -> #REF! | F261: =VLOOKUP($A261,'BC.115+040'!$B$13:$X$489,8,0)/1000 -> #REF! | G261: =VLOOKUP($A261,'BC.115+040'!$B$13:$X$489,9,0)/1000 -> #REF! | H261: =VLOOKUP($A261,'BC.115+040'!$B$13:$X$489,14,0)/1000 -> #REF! | I261: =VLOOKUP($A261,'BC.115+040'!$B$13:$X$489,15,0)/1000 -> #REF! | J261: =VLOOKUP($A261,'BC.115+040'!$B$13:$X$489,20,0)/1000 -> #REF! | K261: =VLOOKUP($A261,'BC.115+040'!$B$13:$X$489,21,0)/1000 -> #REF! | L261: =(G261-$G$14)*1000 -> #REF! | M261: =(I261-$I$14)*1000 -> #REF! | N261: =(K261-$K$14)*1000 -> #REF!
A262: ='BC.115+040'!B261 -> #REF! | B262: =+B261+1 -> 248 | C262: ='BC.115+040'!M261/1000 -> #REF! | D262: ='BC.115+040'!AA261 -> #REF! | E262: ='BC.115+040'!AB261 -> #REF! | F262: =VLOOKUP($A262,'BC.115+040'!$B$13:$X$489,8,0)/1000 -> #REF! | G262: =VLOOKUP($A262,'BC.115+040'!$B$13:$X$489,9,0)/1000 -> #REF! | H262: =VLOOKUP($A262,'BC.115+040'!$B$13:$X$489,14,0)/1000 -> #REF! | I262: =VLOOKUP($A262,'BC.115+040'!$B$13:$X$489,15,0)/1000 -> #REF! | J262: =VLOOKUP($A262,'BC.115+040'!$B$13:$X$489,20,0)/1000 -> #REF! | K262: =VLOOKUP($A262,'BC.115+040'!$B$13:$X$489,21,0)/1000 -> #REF! | L262: =(G262-$G$14)*1000 -> #REF! | M262: =(I262-$I$14)*1000 -> #REF! | N262: =(K262-$K$14)*1000 -> #REF!
A263: ='BC.115+040'!B262 -> #REF! | B263: =+B262+1 -> 249 | C263: ='BC.115+040'!M262/1000 -> #REF! | D263: ='BC.115+040'!AA262 -> #REF! | E263: ='BC.115+040'!AB262 -> #REF! | F263: =VLOOKUP($A263,'BC.115+040'!$B$13:$X$489,8,0)/1000 -> #REF! | G263: =VLOOKUP($A263,'BC.115+040'!$B$13:$X$489,9,0)/1000 -> #REF! | H263: =VLOOKUP($A263,'BC.115+040'!$B$13:$X$489,14,0)/1000 -> #REF! | I263: =VLOOKUP($A263,'BC.115+040'!$B$13:$X$489,15,0)/1000 -> #REF! | J263: =VLOOKUP($A263,'BC.115+040'!$B$13:$X$489,20,0)/1000 -> #REF! | K263: =VLOOKUP($A263,'BC.115+040'!$B$13:$X$489,21,0)/1000 -> #REF! | L263: =(G263-$G$14)*1000 -> #REF! | M263: =(I263-$I$14)*1000 -> #REF! | N263: =(K263-$K$14)*1000 -> #REF!
A264: ='BC.115+040'!B263 -> #REF! | B264: =+B263+1 -> 250 | C264: ='BC.115+040'!M263/1000 -> #REF! | D264: ='BC.115+040'!AA263 -> #REF! | E264: ='BC.115+040'!AB263 -> #REF! | F264: =VLOOKUP($A264,'BC.115+040'!$B$13:$X$489,8,0)/1000 -> #REF! | G264: =VLOOKUP($A264,'BC.115+040'!$B$13:$X$489,9,0)/1000 -> #REF! | H264: =VLOOKUP($A264,'BC.115+040'!$B$13:$X$489,14,0)/1000 -> #REF! | I264: =VLOOKUP($A264,'BC.115+040'!$B$13:$X$489,15,0)/1000 -> #REF! | J264: =VLOOKUP($A264,'BC.115+040'!$B$13:$X$489,20,0)/1000 -> #REF! | K264: =VLOOKUP($A264,'BC.115+040'!$B$13:$X$489,21,0)/1000 -> #REF! | L264: =(G264-$G$14)*1000 -> #REF! | M264: =(I264-$I$14)*1000 -> #REF! | N264: =(K264-$K$14)*1000 -> #REF!
A265: ='BC.115+040'!B264 -> #REF! | B265: =+B264+1 -> 251 | C265: ='BC.115+040'!M264/1000 -> #REF! | D265: ='BC.115+040'!AA264 -> #REF! | E265: ='BC.115+040'!AB264 -> #REF! | F265: =VLOOKUP($A265,'BC.115+040'!$B$13:$X$489,8,0)/1000 -> #REF! | G265: =VLOOKUP($A265,'BC.115+040'!$B$13:$X$489,9,0)/1000 -> #REF! | H265: =VLOOKUP($A265,'BC.115+040'!$B$13:$X$489,14,0)/1000 -> #REF! | I265: =VLOOKUP($A265,'BC.115+040'!$B$13:$X$489,15,0)/1000 -> #REF! | J265: =VLOOKUP($A265,'BC.115+040'!$B$13:$X$489,20,0)/1000 -> #REF! | K265: =VLOOKUP($A265,'BC.115+040'!$B$13:$X$489,21,0)/1000 -> #REF! | L265: =(G265-$G$14)*1000 -> #REF! | M265: =(I265-$I$14)*1000 -> #REF! | N265: =(K265-$K$14)*1000 -> #REF!
A266: ='BC.115+040'!B265 -> #REF! | B266: =+B265+1 -> 252 | C266: ='BC.115+040'!M265/1000 -> #REF! | D266: ='BC.115+040'!AA265 -> #REF! | E266: ='BC.115+040'!AB265 -> #REF! | F266: =VLOOKUP($A266,'BC.115+040'!$B$13:$X$489,8,0)/1000 -> #REF! | G266: =VLOOKUP($A266,'BC.115+040'!$B$13:$X$489,9,0)/1000 -> #REF! | H266: =VLOOKUP($A266,'BC.115+040'!$B$13:$X$489,14,0)/1000 -> #REF! | I266: =VLOOKUP($A266,'BC.115+040'!$B$13:$X$489,15,0)/1000 -> #REF! | J266: =VLOOKUP($A266,'BC.115+040'!$B$13:$X$489,20,0)/1000 -> #REF! | K266: =VLOOKUP($A266,'BC.115+040'!$B$13:$X$489,21,0)/1000 -> #REF! | L266: =(G266-$G$14)*1000 -> #REF! | M266: =(I266-$I$14)*1000 -> #REF! | N266: =(K266-$K$14)*1000 -> #REF!
... A489: ='BC.115+040'!B488 -> #REF! | B489: =+B488+1 -> 475 | C489: ='BC.115+040'!M488/1000 -> #REF! | D489: ='BC.115+040'!AA488 -> #REF! | E489: ='BC.115+040'!AB488 -> #REF! | F489: =VLOOKUP($A489,'BC.115+040'!$B$13:$X$489,8,0)/1000 -> #REF! | G489: =VLOOKUP($A489,'BC.115+040'!$B$13:$X$489,9,0)/1000 -> #REF! | H489: =VLOOKUP($A489,'BC.115+040'!$B$13:$X$489,14,0)/1000 -> #REF! | I489: =VLOOKUP($A489,'BC.115+040'!$B$13:$X$489,15,0)/1000 -> #REF! | J489: =VLOOKUP($A489,'BC.115+040'!$B$13:$X$489,20,0)/1000 -> #REF! | K489: =VLOOKUP($A489,'BC.115+040'!$B$13:$X$489,21,0)/1000 -> #REF! | L489: =(G489-$G$14)*1000 -> #REF! | M489: =(I489-$I$14)*1000 -> #REF! | N489: =(K489-$K$14)*1000 -> #REF!
A490: ='BC.115+040'!B489 -> #REF! | B490: =+B489+1 -> 476 | C490: ='BC.115+040'!M489/1000 -> #REF! | D490: ='BC.115+040'!AA489 -> #REF! | E490: ='BC.115+040'!AB489 -> #REF! | F490: =VLOOKUP($A490,'BC.115+040'!$B$13:$X$4809,8,0)/1000 -> #REF! | G490: =VLOOKUP($A490,'BC.115+040'!$B$13:$X$4809,9,0)/1000 -> #REF! | H490: =VLOOKUP($A490,'BC.115+040'!$B$13:$X$4809,14,0)/1000 -> #REF! | I490: =VLOOKUP($A490,'BC.115+040'!$B$13:$X$4089,15,0)/1000 -> #REF! | J490: =VLOOKUP($A490,'BC.115+040'!$B$13:$X$4089,20,0)/1000 -> #REF! | K490: =VLOOKUP($A490,'BC.115+040'!$B$13:$X$4089,21,0)/1000 -> #REF! | L490: =(G490-$G$14)*1000 -> #REF! | M490: =(I490-$I$14)*1000 -> #REF! | N490: =(K490-$K$14)*1000 -> #REF!
A491: ='BC.115+040'!B490 -> #REF! | B491: =+B490+1 -> 477 | C491: ='BC.115+040'!M490/1000 -> #REF! | D491: ='BC.115+040'!AA490 -> #REF! | E491: ='BC.115+040'!AB490 -> #REF! | F491: =VLOOKUP($A491,'BC.115+040'!$B$13:$X$4809,8,0)/1000 -> #REF! | G491: =VLOOKUP($A491,'BC.115+040'!$B$13:$X$4809,9,0)/1000 -> #REF! | H491: =VLOOKUP($A491,'BC.115+040'!$B$13:$X$4809,14,0)/1000 -> #REF! | I491: =VLOOKUP($A491,'BC.115+040'!$B$13:$X$4089,15,0)/1000 -> #REF! | J491: =VLOOKUP($A491,'BC.115+040'!$B$13:$X$4089,20,0)/1000 -> #REF! | K491: =VLOOKUP($A491,'BC.115+040'!$B$13:$X$4089,21,0)/1000 -> #REF! | L491: =(G491-$G$14)*1000 -> #REF! | M491: =(I491-$I$14)*1000 -> #REF! | N491: =(K491-$K$14)*1000 -> #REF!
A492: ='BC.115+040'!B491 -> #REF! | B492: =+B491+1 -> 478 | C492: ='BC.115+040'!M491/1000 -> #REF! | D492: ='BC.115+040'!AA491 -> #REF! | E492: ='BC.115+040'!AB491 -> #REF! | F492: =VLOOKUP($A492,'BC.115+040'!$B$13:$X$4809,8,0)/1000 -> #REF! | G492: =VLOOKUP($A492,'BC.115+040'!$B$13:$X$4809,9,0)/1000 -> #REF! | H492: =VLOOKUP($A492,'BC.115+040'!$B$13:$X$4809,14,0)/1000 -> #REF! | I492: =VLOOKUP($A492,'BC.115+040'!$B$13:$X$4089,15,0)/1000 -> #REF! | J492: =VLOOKUP($A492,'BC.115+040'!$B$13:$X$4089,20,0)/1000 -> #REF! | K492: =VLOOKUP($A492,'BC.115+040'!$B$13:$X$4089,21,0)/1000 -> #REF! | L492: =(G492-$G$14)*1000 -> #REF! | M492: =(I492-$I$14)*1000 -> #REF! | N492: =(K492-$K$14)*1000 -> #REF!
A493: ='BC.115+040'!B492 -> #REF! | B493: =+B492+1 -> 479 | C493: ='BC.115+040'!M492/1000 -> #REF! | D493: ='BC.115+040'!AA492 -> #REF! | E493: ='BC.115+040'!AB492 -> #REF! | F493: =VLOOKUP($A493,'BC.115+040'!$B$13:$X$4809,8,0)/1000 -> #REF! | G493: =VLOOKUP($A493,'BC.115+040'!$B$13:$X$4809,9,0)/1000 -> #REF! | H493: =VLOOKUP($A493,'BC.115+040'!$B$13:$X$4809,14,0)/1000 -> #REF! | I493: =VLOOKUP($A493,'BC.115+040'!$B$13:$X$4089,15,0)/1000 -> #REF! | J493: =VLOOKUP($A493,'BC.115+040'!$B$13:$X$4089,20,0)/1000 -> #REF! | K493: =VLOOKUP($A493,'BC.115+040'!$B$13:$X$4089,21,0)/1000 -> #REF! | L493: =(G493-$G$14)*1000 -> #REF! | M493: =(I493-$I$14)*1000 -> #REF! | N493: =(K493-$K$14)*1000 -> #REF!
A494: ='BC.115+040'!B493 -> #REF! | B494: =+B493+1 -> 480 | C494: ='BC.115+040'!M493/1000 -> #REF! | D494: ='BC.115+040'!AA493 -> #REF! | E494: ='BC.115+040'!AB493 -> #REF! | F494: =VLOOKUP($A494,'BC.115+040'!$B$13:$X$4809,8,0)/1000 -> #REF! | G494: =VLOOKUP($A494,'BC.115+040'!$B$13:$X$4809,9,0)/1000 -> #REF! | H494: =VLOOKUP($A494,'BC.115+040'!$B$13:$X$4809,14,0)/1000 -> #REF! | I494: =VLOOKUP($A494,'BC.115+040'!$B$13:$X$4089,15,0)/1000 -> #REF! | J494: =VLOOKUP($A494,'BC.115+040'!$B$13:$X$4089,20,0)/1000 -> #REF! | K494: =VLOOKUP($A494,'BC.115+040'!$B$13:$X$4089,21,0)/1000 -> #REF! | L494: =(G494-$G$14)*1000 -> #REF! | M494: =(I494-$I$14)*1000 -> #REF! | N494: =(K494-$K$14)*1000 -> #REF!
A495: ='BC.115+040'!B494 -> #REF! | B495: =+B494+1 -> 481 | C495: ='BC.115+040'!M494/1000 -> #REF! | D495: ='BC.115+040'!AA494 -> #REF! | E495: ='BC.115+040'!AB494 -> #REF! | F495: =VLOOKUP($A495,'BC.115+040'!$B$13:$X$4809,8,0)/1000 -> #REF! | G495: =VLOOKUP($A495,'BC.115+040'!$B$13:$X$4809,9,0)/1000 -> #REF! | H495: =VLOOKUP($A495,'BC.115+040'!$B$13:$X$4809,14,0)/1000 -> #REF! | I495: =VLOOKUP($A495,'BC.115+040'!$B$13:$X$4089,15,0)/1000 -> #REF! | J495: =VLOOKUP($A495,'BC.115+040'!$B$13:$X$4089,20,0)/1000 -> #REF! | K495: =VLOOKUP($A495,'BC.115+040'!$B$13:$X$4089,21,0)/1000 -> #REF! | L495: =(G495-$G$14)*1000 -> #REF! | M495: =(I495-$I$14)*1000 -> #REF! | N495: =(K495-$K$14)*1000 -> #REF!
A496: ='BC.115+040'!B495 -> #REF! | B496: =+B495+1 -> 482 | C496: ='BC.115+040'!M495/1000 -> #REF! | D496: ='BC.115+040'!AA495 -> #REF! | E496: ='BC.115+040'!AB495 -> #REF! | F496: =VLOOKUP($A496,'BC.115+040'!$B$13:$X$4809,8,0)/1000 -> #REF! | G496: =VLOOKUP($A496,'BC.115+040'!$B$13:$X$4809,9,0)/1000 -> #REF! | H496: =VLOOKUP($A496,'BC.115+040'!$B$13:$X$4809,14,0)/1000 -> #REF! | I496: =VLOOKUP($A496,'BC.115+040'!$B$13:$X$4089,15,0)/1000 -> #REF! | J496: =VLOOKUP($A496,'BC.115+040'!$B$13:$X$4089,20,0)/1000 -> #REF! | K496: =VLOOKUP($A496,'BC.115+040'!$B$13:$X$4089,21,0)/1000 -> #REF! | L496: =(G496-$G$14)*1000 -> #REF! | M496: =(I496-$I$14)*1000 -> #REF! | N496: =(K496-$K$14)*1000 -> #REF!
A497: ='BC.115+040'!B496 -> #REF! | B497: =+B496+1 -> 483 | C497: ='BC.115+040'!M496/1000 -> #REF! | D497: ='BC.115+040'!AA496 -> #REF! | E497: ='BC.115+040'!AB496 -> #REF! | F497: =VLOOKUP($A497,'BC.115+040'!$B$13:$X$4809,8,0)/1000 -> #REF! | G497: =VLOOKUP($A497,'BC.115+040'!$B$13:$X$4809,9,0)/1000 -> #REF! | H497: =VLOOKUP($A497,'BC.115+040'!$B$13:$X$4809,14,0)/1000 -> #REF! | I497: =VLOOKUP($A497,'BC.115+040'!$B$13:$X$4089,15,0)/1000 -> #REF! | J497: =VLOOKUP($A497,'BC.115+040'!$B$13:$X$4089,20,0)/1000 -> #REF! | K497: =VLOOKUP($A497,'BC.115+040'!$B$13:$X$4089,21,0)/1000 -> #REF! | L497: =(G497-$G$14)*1000 -> #REF! | M497: =(I497-$I$14)*1000 -> #REF! | N497: =(K497-$K$14)*1000 -> #REF!
A498: ='BC.115+040'!B497 -> #REF! | B498: =+B497+1 -> 484 | C498: ='BC.115+040'!M497/1000 -> #REF! | D498: ='BC.115+040'!AA497 -> #REF! | E498: ='BC.115+040'!AB497 -> #REF! | F498: =VLOOKUP($A498,'BC.115+040'!$B$13:$X$4809,8,0)/1000 -> #REF! | G498: =VLOOKUP($A498,'BC.115+040'!$B$13:$X$4809,9,0)/1000 -> #REF! | H498: =VLOOKUP($A498,'BC.115+040'!$B$13:$X$4809,14,0)/1000 -> #REF! | I498: =VLOOKUP($A498,'BC.115+040'!$B$13:$X$4089,15,0)/1000 -> #REF! | J498: =VLOOKUP($A498,'BC.115+040'!$B$13:$X$4089,20,0)/1000 -> #REF! | K498: =VLOOKUP($A498,'BC.115+040'!$B$13:$X$4089,21,0)/1000 -> #REF! | L498: =(G498-$G$14)*1000 -> #REF! | M498: =(I498-$I$14)*1000 -> #REF! | N498: =(K498-$K$14)*1000 -> #REF!
A499: ='BC.115+040'!B498 -> #REF! | B499: =+B498+1 -> 485 | C499: ='BC.115+040'!M498/1000 -> #REF! | D499: ='BC.115+040'!AA498 -> #REF! | E499: ='BC.115+040'!AB498 -> #REF! | F499: =VLOOKUP($A499,'BC.115+040'!$B$13:$X$4809,8,0)/1000 -> #REF! | G499: =VLOOKUP($A499,'BC.115+040'!$B$13:$X$4809,9,0)/1000 -> #REF! | H499: =VLOOKUP($A499,'BC.115+040'!$B$13:$X$4809,14,0)/1000 -> #REF! | I499: =VLOOKUP($A499,'BC.115+040'!$B$13:$X$4089,15,0)/1000 -> #REF! | J499: =VLOOKUP($A499,'BC.115+040'!$B$13:$X$4089,20,0)/1000 -> #REF! | K499: =VLOOKUP($A499,'BC.115+040'!$B$13:$X$4089,21,0)/1000 -> #REF! | L499: =(G499-$G$14)*1000 -> #REF! | M499: =(I499-$I$14)*1000 -> #REF! | N499: =(K499-$K$14)*1000 -> #REF!
A500: ='BC.115+040'!B499 -> #REF! | B500: =+B499+1 -> 486 | C500: ='BC.115+040'!M499/1000 -> #REF! | D500: ='BC.115+040'!AA499 -> #REF! | E500: ='BC.115+040'!AB499 -> #REF! | F500: =VLOOKUP($A500,'BC.115+040'!$B$13:$X$4809,8,0)/1000 -> #REF! | G500: =VLOOKUP($A500,'BC.115+040'!$B$13:$X$4809,9,0)/1000 -> #REF! | H500: =VLOOKUP($A500,'BC.115+040'!$B$13:$X$4809,14,0)/1000 -> #REF! | I500: =VLOOKUP($A500,'BC.115+040'!$B$13:$X$4089,15,0)/1000 -> #REF! | J500: =VLOOKUP($A500,'BC.115+040'!$B$13:$X$4089,20,0)/1000 -> #REF! | K500: =VLOOKUP($A500,'BC.115+040'!$B$13:$X$4089,21,0)/1000 -> #REF! | L500: =(G500-$G$14)*1000 -> #REF! | M500: =(I500-$I$14)*1000 -> #REF! | N500: =(K500-$K$14)*1000 -> #REF!
A501: ='BC.115+040'!B500 -> #REF! | B501: =+B500+1 -> 487 | C501: ='BC.115+040'!M500/1000 -> #REF! | D501: ='BC.115+040'!AA500 -> #REF! | E501: ='BC.115+040'!AB500 -> #REF! | F501: =VLOOKUP($A501,'BC.115+040'!$B$13:$X$4809,8,0)/1000 -> #REF! | G501: =VLOOKUP($A501,'BC.115+040'!$B$13:$X$4809,9,0)/1000 -> #REF! | H501: =VLOOKUP($A501,'BC.115+040'!$B$13:$X$4809,14,0)/1000 -> #REF! | I501: =VLOOKUP($A501,'BC.115+040'!$B$13:$X$4089,15,0)/1000 -> #REF! | J501: =VLOOKUP($A501,'BC.115+040'!$B$13:$X$4089,20,0)/1000 -> #REF! | K501: =VLOOKUP($A501,'BC.115+040'!$B$13:$X$4089,21,0)/1000 -> #REF! | L501: =(G501-$G$14)*1000 -> #REF! | M501: =(I501-$I$14)*1000 -> #REF! | N501: =(K501-$K$14)*1000 -> #REF!
... A504: ='BC.115+040'!B503 -> #REF! | B504: =+B503+1 -> 490 | C504: ='BC.115+040'!M503/1000 -> #REF! | D504: ='BC.115+040'!AA503 -> #REF! | E504: ='BC.115+040'!AB503 -> #REF! | F504: =VLOOKUP($A504,'BC.115+040'!$B$13:$X$4809,8,0)/1000 -> #REF! | G504: =VLOOKUP($A504,'BC.115+040'!$B$13:$X$4809,9,0)/1000 -> #REF! | H504: =VLOOKUP($A504,'BC.115+040'!$B$13:$X$4809,14,0)/1000 -> #REF! | I504: =VLOOKUP($A504,'BC.115+040'!$B$13:$X$4089,15,0)/1000 -> #REF! | J504: =VLOOKUP($A504,'BC.115+040'!$B$13:$X$4089,20,0)/1000 -> #REF! | K504: =VLOOKUP($A504,'BC.115+040'!$B$13:$X$4089,21,0)/1000 -> #REF! | L504: =(G504-$G$14)*1000 -> #REF! | M504: =(I504-$I$14)*1000 -> #REF! | N504: =(K504-$K$14)*1000 -> #REF!
A505: ='BC.115+040'!B504 -> #REF! | B505: =+B504+1 -> 491 | C505: ='BC.115+040'!M504/1000 -> #REF! | D505: ='BC.115+040'!AA504 -> #REF! | E505: ='BC.115+040'!AB504 -> #REF! | F505: =VLOOKUP($A505,'BC.115+040'!$B$13:$X$4809,8,0)/1000 -> #REF! | G505: =VLOOKUP($A505,'BC.115+040'!$B$13:$X$4809,9,0)/1000 -> #REF! | H505: =VLOOKUP($A505,'BC.115+040'!$B$13:$X$4809,14,0)/1000 -> #REF! | I505: =VLOOKUP($A505,'BC.115+040'!$B$13:$X$4089,15,0)/1000 -> #REF! | J505: =VLOOKUP($A505,'BC.115+040'!$B$13:$X$4089,20,0)/1000 -> #REF! | K505: =VLOOKUP($A505,'BC.115+040'!$B$13:$X$4089,21,0)/1000 -> #REF! | L505: =(G505-$G$14)*1000 -> #REF! | M505: =(I505-$I$14)*1000 -> #REF! | N505: =(K505-$K$14)*1000 -> #REF! | O505: K.Thúc GT | P505: =C505-M505/1000 -> #REF!
A506: ='BC.115+040'!B505 -> #REF! | B506: =+B505+1 -> 492 | C506: ='BC.115+040'!M505/1000 -> #REF! | D506: ='BC.115+040'!AA505 -> #REF! | E506: ='BC.115+040'!AB505 -> #REF! | F506: =VLOOKUP($A506,'BC.115+040'!$B$13:$X$4809,8,0)/1000 -> #REF! | G506: =VLOOKUP($A506,'BC.115+040'!$B$13:$X$4809,9,0)/1000 -> #REF! | H506: =VLOOKUP($A506,'BC.115+040'!$B$13:$X$4809,14,0)/1000 -> #REF! | I506: =VLOOKUP($A506,'BC.115+040'!$B$13:$X$4089,15,0)/1000 -> #REF! | J506: =VLOOKUP($A506,'BC.115+040'!$B$13:$X$4089,20,0)/1000 -> #REF! | K506: =VLOOKUP($A506,'BC.115+040'!$B$13:$X$4089,21,0)/1000 -> #REF! | L506: =(G506-$G$14)*1000 -> #REF! | M506: =(I506-$I$14)*1000 -> #REF! | N506: =(K506-$K$14)*1000 -> #REF!
A507: ='BC.115+040'!B506 -> #REF! | B507: =+B506+1 -> 493 | C507: ='BC.115+040'!M506/1000 -> #REF! | D507: ='BC.115+040'!AA506 -> #REF! | E507: ='BC.115+040'!AB506 -> #REF! | F507: =VLOOKUP($A507,'BC.115+040'!$B$13:$X$4809,8,0)/1000 -> #REF! | G507: =VLOOKUP($A507,'BC.115+040'!$B$13:$X$4809,9,0)/1000 -> #REF! | H507: =VLOOKUP($A507,'BC.115+040'!$B$13:$X$4809,14,0)/1000 -> #REF! | I507: =VLOOKUP($A507,'BC.115+040'!$B$13:$X$4089,15,0)/1000 -> #REF! | J507: =VLOOKUP($A507,'BC.115+040'!$B$13:$X$4089,20,0)/1000 -> #REF! | K507: =VLOOKUP($A507,'BC.115+040'!$B$13:$X$4089,21,0)/1000 -> #REF! | L507: =(G507-$G$14)*1000 -> #REF! | M507: =(I507-$I$14)*1000 -> #REF! | N507: =(K507-$K$14)*1000 -> #REF!
A508: ='BC.115+040'!B507 -> #REF! | B508: =+B507+1 -> 494 | C508: ='BC.115+040'!M507/1000 -> #REF! | D508: ='BC.115+040'!AA507 -> #REF! | E508: ='BC.115+040'!AB507 -> #REF! | F508: =VLOOKUP($A508,'BC.115+040'!$B$13:$X$4809,8,0)/1000 -> #REF! | G508: =VLOOKUP($A508,'BC.115+040'!$B$13:$X$4809,9,0)/1000 -> #REF! | H508: =VLOOKUP($A508,'BC.115+040'!$B$13:$X$4809,14,0)/1000 -> #REF! | I508: =VLOOKUP($A508,'BC.115+040'!$B$13:$X$4089,15,0)/1000 -> #REF! | J508: =VLOOKUP($A508,'BC.115+040'!$B$13:$X$4089,20,0)/1000 -> #REF! | K508: =VLOOKUP($A508,'BC.115+040'!$B$13:$X$4089,21,0)/1000 -> #REF! | L508: =(G508-$G$14)*1000 -> #REF! | M508: =(I508-$I$14)*1000 -> #REF! | N508: =(K508-$K$14)*1000 -> #REF!
A509: ='BC.115+040'!B508 -> #REF! | B509: =+B508+1 -> 495 | C509: ='BC.115+040'!M508/1000 -> #REF! | D509: ='BC.115+040'!AA508 -> #REF! | E509: ='BC.115+040'!AB508 -> #REF! | F509: =VLOOKUP($A509,'BC.115+040'!$B$13:$X$4809,8,0)/1000 -> #REF! | G509: =VLOOKUP($A509,'BC.115+040'!$B$13:$X$4809,9,0)/1000 -> #REF! | H509: =VLOOKUP($A509,'BC.115+040'!$B$13:$X$4809,14,0)/1000 -> #REF! | I509: =VLOOKUP($A509,'BC.115+040'!$B$13:$X$4089,15,0)/1000 -> #REF! | J509: =VLOOKUP($A509,'BC.115+040'!$B$13:$X$4089,20,0)/1000 -> #REF! | K509: =VLOOKUP($A509,'BC.115+040'!$B$13:$X$4089,21,0)/1000 -> #REF! | L509: =(G509-$G$14)*1000 -> #REF! | M509: =(I509-$I$14)*1000 -> #REF! | N509: =(K509-$K$14)*1000 -> #REF!
A510: ='BC.115+040'!B509 -> #REF! | B510: =+B509+1 -> 496 | C510: ='BC.115+040'!M509/1000 -> #REF! | D510: ='BC.115+040'!AA509 -> #REF! | E510: ='BC.115+040'!AB509 -> #REF! | F510: =VLOOKUP($A510,'BC.115+040'!$B$13:$X$4809,8,0)/1000 -> #REF! | G510: =VLOOKUP($A510,'BC.115+040'!$B$13:$X$4809,9,0)/1000 -> #REF! | H510: =VLOOKUP($A510,'BC.115+040'!$B$13:$X$4809,14,0)/1000 -> #REF! | I510: =VLOOKUP($A510,'BC.115+040'!$B$13:$X$4089,15,0)/1000 -> #REF! | J510: =VLOOKUP($A510,'BC.115+040'!$B$13:$X$4089,20,0)/1000 -> #REF! | K510: =VLOOKUP($A510,'BC.115+040'!$B$13:$X$4089,21,0)/1000 -> #REF! | L510: =(G510-$G$14)*1000 -> #REF! | M510: =(I510-$I$14)*1000 -> #REF! | N510: =(K510-$K$14)*1000 -> #REF!
A511: ='BC.115+040'!B510 -> #REF! | B511: =+B510+1 -> 497 | C511: ='BC.115+040'!M510/1000 -> #REF! | D511: ='BC.115+040'!AA510 -> #REF! | E511: ='BC.115+040'!AB510 -> #REF! | F511: =VLOOKUP($A511,'BC.115+040'!$B$13:$X$4809,8,0)/1000 -> #REF! | G511: =VLOOKUP($A511,'BC.115+040'!$B$13:$X$4809,9,0)/1000 -> #REF! | H511: =VLOOKUP($A511,'BC.115+040'!$B$13:$X$4809,14,0)/1000 -> #REF! | I511: =VLOOKUP($A511,'BC.115+040'!$B$13:$X$4089,15,0)/1000 -> #REF! | J511: =VLOOKUP($A511,'BC.115+040'!$B$13:$X$4089,20,0)/1000 -> #REF! | K511: =VLOOKUP($A511,'BC.115+040'!$B$13:$X$4089,21,0)/1000 -> #REF! | L511: =(G511-$G$14)*1000 -> #REF! | M511: =(I511-$I$14)*1000 -> #REF! | N511: =(K511-$K$14)*1000 -> #REF!
A512: ='BC.115+040'!B511 -> #REF! | B512: =+B511+1 -> 498 | C512: ='BC.115+040'!M511/1000 -> #REF! | D512: ='BC.115+040'!AA511 -> #REF! | E512: ='BC.115+040'!AB511 -> #REF! | F512: =VLOOKUP($A512,'BC.115+040'!$B$13:$X$4809,8,0)/1000 -> #REF! | G512: =VLOOKUP($A512,'BC.115+040'!$B$13:$X$4809,9,0)/1000 -> #REF! | H512: =VLOOKUP($A512,'BC.115+040'!$B$13:$X$4809,14,0)/1000 -> #REF! | I512: =VLOOKUP($A512,'BC.115+040'!$B$13:$X$4089,15,0)/1000 -> #REF! | J512: =VLOOKUP($A512,'BC.115+040'!$B$13:$X$4089,20,0)/1000 -> #REF! | K512: =VLOOKUP($A512,'BC.115+040'!$B$13:$X$4089,21,0)/1000 -> #REF! | L512: =(G512-$G$14)*1000 -> #REF! | M512: =(I512-$I$14)*1000 -> #REF! | N512: =(K512-$K$14)*1000 -> #REF!
A513: ='BC.115+040'!B512 -> #REF! | B513: =+B512+1 -> 499 | C513: ='BC.115+040'!M512/1000 -> #REF! | D513: ='BC.115+040'!AA512 -> #REF! | E513: ='BC.115+040'!AB512 -> #REF! | F513: =VLOOKUP($A513,'BC.115+040'!$B$13:$X$4809,8,0)/1000 -> #REF! | G513: =VLOOKUP($A513,'BC.115+040'!$B$13:$X$4809,9,0)/1000 -> #REF! | H513: =VLOOKUP($A513,'BC.115+040'!$B$13:$X$4809,14,0)/1000 -> #REF! | I513: =VLOOKUP($A513,'BC.115+040'!$B$13:$X$4089,15,0)/1000 -> #REF! | J513: =VLOOKUP($A513,'BC.115+040'!$B$13:$X$4089,20,0)/1000 -> #REF! | K513: =VLOOKUP($A513,'BC.115+040'!$B$13:$X$4089,21,0)/1000 -> #REF! | L513: =(G513-$G$14)*1000 -> #REF! | M513: =(I513-$I$14)*1000 -> #REF! | N513: =(K513-$K$14)*1000 -> #REF!
A514: ='BC.115+040'!B513 -> #REF! | B514: =+B513+1 -> 500 | C514: ='BC.115+040'!M513/1000 -> #REF! | D514: ='BC.115+040'!AA513 -> #REF! | E514: ='BC.115+040'!AB513 -> #REF! | F514: =VLOOKUP($A514,'BC.115+040'!$B$13:$X$4809,8,0)/1000 -> #REF! | G514: =VLOOKUP($A514,'BC.115+040'!$B$13:$X$4809,9,0)/1000 -> #REF! | H514: =VLOOKUP($A514,'BC.115+040'!$B$13:$X$4809,14,0)/1000 -> #REF! | I514: =VLOOKUP($A514,'BC.115+040'!$B$13:$X$4089,15,0)/1000 -> #REF! | J514: =VLOOKUP($A514,'BC.115+040'!$B$13:$X$4089,20,0)/1000 -> #REF! | K514: =VLOOKUP($A514,'BC.115+040'!$B$13:$X$4089,21,0)/1000 -> #REF! | L514: =(G514-$G$14)*1000 -> #REF! | M514: =(I514-$I$14)*1000 -> #REF! | N514: =(K514-$K$14)*1000 -> #REF!
A515: ='BC.115+040'!B514 -> #REF! | B515: =+B514+1 -> 501 | C515: ='BC.115+040'!M514/1000 -> #REF! | D515: ='BC.115+040'!AA514 -> #REF! | E515: ='BC.115+040'!AB514 -> #REF! | F515: =VLOOKUP($A515,'BC.115+040'!$B$13:$X$4809,8,0)/1000 -> #REF! | G515: =VLOOKUP($A515,'BC.115+040'!$B$13:$X$4809,9,0)/1000 -> #REF! | H515: =VLOOKUP($A515,'BC.115+040'!$B$13:$X$4809,14,0)/1000 -> #REF! | I515: =VLOOKUP($A515,'BC.115+040'!$B$13:$X$4089,15,0)/1000 -> #REF! | J515: =VLOOKUP($A515,'BC.115+040'!$B$13:$X$4089,20,0)/1000 -> #REF! | K515: =VLOOKUP($A515,'BC.115+040'!$B$13:$X$4089,21,0)/1000 -> #REF! | L515: =(G515-$G$14)*1000 -> #REF! | M515: =(I515-$I$14)*1000 -> #REF! | N515: =(K515-$K$14)*1000 -> #REF!
A516: ='BC.115+040'!B515 -> #REF! | B516: =+B515+1 -> 502 | C516: ='BC.115+040'!M515/1000 -> #REF! | D516: ='BC.115+040'!AA515 -> #REF! | E516: ='BC.115+040'!AB515 -> #REF! | F516: =VLOOKUP($A516,'BC.115+040'!$B$13:$X$4809,8,0)/1000 -> #REF! | G516: =VLOOKUP($A516,'BC.115+040'!$B$13:$X$4809,9,0)/1000 -> #REF! | H516: =VLOOKUP($A516,'BC.115+040'!$B$13:$X$4809,14,0)/1000 -> #REF! | I516: =VLOOKUP($A516,'BC.115+040'!$B$13:$X$4089,15,0)/1000 -> #REF! | J516: =VLOOKUP($A516,'BC.115+040'!$B$13:$X$4089,20,0)/1000 -> #REF! | K516: =VLOOKUP($A516,'BC.115+040'!$B$13:$X$4089,21,0)/1000 -> #REF! | L516: =(G516-$G$14)*1000 -> #REF! | M516: =(I516-$I$14)*1000 -> #REF! | N516: =(K516-$K$14)*1000 -> #REF!
A517: ='BC.115+040'!B516 -> #REF! | B517: =+B516+1 -> 503 | C517: ='BC.115+040'!M516/1000 -> #REF! | D517: ='BC.115+040'!AA516 -> #REF! | E517: ='BC.115+040'!AB516 -> #REF! | F517: =VLOOKUP($A517,'BC.115+040'!$B$13:$X$4809,8,0)/1000 -> #REF! | G517: =VLOOKUP($A517,'BC.115+040'!$B$13:$X$4809,9,0)/1000 -> #REF! | H517: =VLOOKUP($A517,'BC.115+040'!$B$13:$X$4809,14,0)/1000 -> #REF! | I517: =VLOOKUP($A517,'BC.115+040'!$B$13:$X$4089,15,0)/1000 -> #REF! | J517: =VLOOKUP($A517,'BC.115+040'!$B$13:$X$4089,20,0)/1000 -> #REF! | K517: =VLOOKUP($A517,'BC.115+040'!$B$13:$X$4089,21,0)/1000 -> #REF! | L517: =(G517-$G$14)*1000 -> #REF! | M517: =(I517-$I$14)*1000 -> #REF! | N517: =(K517-$K$14)*1000 -> #REF!
... A527: ='BC.115+040'!B526 -> #REF! | B527: =+B526+1 -> 513 | C527: ='BC.115+040'!M526/1000 -> #REF! | D527: ='BC.115+040'!AA526 -> #REF! | E527: ='BC.115+040'!AB526 -> #REF! | F527: =VLOOKUP($A527,'BC.115+040'!$B$13:$X$4809,8,0)/1000 -> #REF! | G527: =VLOOKUP($A527,'BC.115+040'!$B$13:$X$4809,9,0)/1000 -> #REF! | H527: =VLOOKUP($A527,'BC.115+040'!$B$13:$X$4809,14,0)/1000 -> #REF! | I527: =VLOOKUP($A527,'BC.115+040'!$B$13:$X$4089,15,0)/1000 -> #REF! | J527: =VLOOKUP($A527,'BC.115+040'!$B$13:$X$4089,20,0)/1000 -> #REF! | K527: =VLOOKUP($A527,'BC.115+040'!$B$13:$X$4089,21,0)/1000 -> #REF! | L527: =(G527-$G$14)*1000 -> #REF! | M527: =(I527-$I$14)*1000 -> #REF! | N527: =(K527-$K$14)*1000 -> #REF!

Sheet Sheet1
