Workbook

Sheet 124+900 
A1: DỰ ÁN THÀNH PHẦN ĐOẠN HẬU GIANG - CÀ MAU
A2: THUỘC DỰ ÁN XÂY DỰNG CÔNG TRÌNH ĐƯỜNG BỘ CAO TỐC BẮC - NAM PHÍA ĐÔNG GIAI ĐOẠN 2021 - 2025
A3: GÓI THẦU: THI CÔNG XÂY DỰNG ĐOẠN TUYẾN KM114+200-KM126+223
A4: CHỦ ĐẦU TƯ | I4: TƯ VẤN GIÁM SÁT | S4: NHÀ THẦU
A5: BAN QUẢN LÝ DỰ ÁN MỸ THUẬN | I5: LIÊN DANH TVGS PHÂN VIỆN KHCN GTVT PHÍA NAM VÀ CÔNG TY CỔ PHẦN TV KT&XD HỒNG HÀ | S5: LIÊN DANH TỔNG CÔNG TY XD SỐ 1 (CTCP) - CÔNG TY CỔ PHẦN HẢI ĐĂNG - CÔNG TY TNHH LIÊN HỢP XD VẠN CƯỜNG - CÔNG TY CỔ PHẦN XD VÀ ĐT 492 - CÔNG TY CỔ PHẦN XÂY DỰNG HẠ TẦNG BẮC TRUNG NAM
A6: BIỂU GHI ĐO QUAN TRẮC LÚN
A7: Người lập: | K7: Tên mốc:
A8: Thời tiết: | C8: năng | K8: Cao độ mốc: | M8: =C13 -> 1026
A9: Lý trình: | C9: Km124+900 | K9: Ngày đặt bàn: | M9: =B13 -> 45243
A11: Stt | B11: Ngày quan trắc | C11: Cao độ mốc (mm) | D11: Số đọc tại mốc (mm) | E11: Số đọc mia (mm) | H11: Cao độ quan trắc (mm) | K11: Chiều dài cần nối (mm) | N11: Cao độ bàn đo lún (mm) | Q11: Tốc độ lún trên ngày (mm) | T11: Số đọc mia tại nền đắp tại tâm (mm) | U11: Cao độ nền đắp (mm) | X11: Đội quan trắc | Y11: Nhà thầu | Z11: Tư Vấn Giám Sát | AA11: Ghi chú
E12: Trái | F12: Giữa | G12: Phải | H12: Trái | I12: Giữa | J12: Phải | K12: Trái | L12: Giữa | M12: Phải | N12: Trái | O12: Giữa | P12: Phải | Q12: Trái | R12: Giữa | S12: Phải | U12: Trái | V12: Giữa | W12: Phải | AC12: Ngày lắp | AE12: 44849
A13: 1 | B13: 45243 | C13: 1026 | D13: 1381 | E13: =C13+D13-H13 -> 1528 | F13: =C13+D13-I13 -> 1530 | G13: =D13+C13-J13 -> 1520 | H13: =K13+N13 -> 879 | I13: =L13+O13 -> 877 | J13: =M13+P13 -> 887 | K13: 1000 | L13: 1000 | M13: 1000 | N13: -121 | O13: -123 | P13: -113 | Q13: 0 | R13: 0 | S13: 0 | T13: =D13+C13-V13 -> 2530 | U13: =N13 -> -121 | V13: =O13 -> -123 | W13: =P13 -> -113 | AA13: Lắp đặt ban đầu
A14: 2 | B14: =B13+1 -> 45244 | C14: =C13 -> 1026 | D14: 1100 | E14: =C14+D14-H14 -> 1247 | F14: =C14+D14-I14 -> 1249 | G14: =D14+C14-J14 -> 1239 | H14: =K14+N14 -> 879 | I14: =L14+O14 -> 877 | J14: =M14+P14 -> 887 | K14: =K13 -> 1000 | L14: =L13 -> 1000 | M14: =M13 -> 1000 | N14: =N13-Q14 -> -121 | O14: =O13-R14 -> -123 | P14: =P13-S14 -> -113 | Q14: 0 | R14: 0 | S14: 0 | T14: =D14+C14-V14 -> 2249 | U14: =U13-Q14 -> -121 | V14: =V13-R14 -> -123 | W14: =W13-S14 -> -113 | AA14: Đang đắp GĐ1
A15: 3 | B15: =B14+1 -> 45245 | C15: =C14 -> 1026 | D15: 1488 | E15: =C15+D15-H15 -> 1635 | F15: =C15+D15-I15 -> 1637 | G15: =D15+C15-J15 -> 1627 | H15: =K15+N15 -> 879 | I15: =L15+O15 -> 877 | J15: =M15+P15 -> 887 | K15: =K14 -> 1000 | L15: =L14 -> 1000 | M15: =M14 -> 1000 | N15: =N14-Q15 -> -121 | O15: =O14-R15 -> -123 | P15: =P14-S15 -> -113 | Q15: 0 | R15: 0 | S15: 0 | T15: =D15+C15-V15 -> 2637 | U15: =U14-Q15 -> -121 | V15: =V14-R15 -> -123 | W15: =W14-S15 -> -113
A16: 4 | B16: =B15+4 -> 45249 | C16: =C15 -> 1026 | D16: 1309 | E16: =C16+D16-H16 -> 1456 | F16: =C16+D16-I16 -> 1458 | G16: =D16+C16-J16 -> 1448 | H16: =K16+N16 -> 879 | I16: =L16+O16 -> 877 | J16: =M16+P16 -> 887 | K16: =K15 -> 1000 | L16: =L15 -> 1000 | M16: =M15 -> 1000 | N16: =N15-Q16 -> -121 | O16: =O15-R16 -> -123 | P16: =P15-S16 -> -113 | Q16: 0 | R16: 0 | S16: 0 | T16: =D16+C16-V16 -> 2458 | U16: =U15-Q16 -> -121 | V16: =V15-R16 -> -123 | W16: =W15-S16 -> -113
A17: 5 | B17: =B16+3 -> 45252 | C17: =C16 -> 1026 | D17: 1374 | E17: =C17+D17-H17 -> 1521 | F17: =C17+D17-I17 -> 1523 | G17: =D17+C17-J17 -> 1513 | H17: =K17+N17 -> 879 | I17: =L17+O17 -> 877 | J17: =M17+P17 -> 887 | K17: =K16 -> 1000 | L17: =L16 -> 1000 | M17: =M16 -> 1000 | N17: =N16-Q17 -> -121 | O17: =O16-R17 -> -123 | P17: =P16-S17 -> -113 | Q17: 0 | R17: 0 | S17: 0 | T17: =D17+C17-V17 -> 2523 | U17: =U16-Q17 -> -121 | V17: =V16-R17 -> -123 | W17: =W16-S17 -> -113
A18: 6 | B18: =B17+7 -> 45259 | C18: =C17 -> 1026 | D18: 1448 | E18: =C18+D18-H18 -> 1595 | F18: =C18+D18-I18 -> 1597 | G18: =D18+C18-J18 -> 1587 | H18: =K18+N18 -> 879 | I18: =L18+O18 -> 877 | J18: =M18+P18 -> 887 | K18: =K17 -> 1000 | L18: =L17 -> 1000 | M18: =M17 -> 1000 | N18: =N17-Q18 -> -121 | O18: =O17-R18 -> -123 | P18: =P17-S18 -> -113 | Q18: 0 | R18: 0 | S18: 0 | T18: =D18+C18-V18 -> 2597 | U18: =U17-Q18 -> -121 | V18: =V17-R18 -> -123 | W18: =W17-S18 -> -113
A19: 7 | B19: =B18+4 -> 45263 | C19: =C18 -> 1026 | D19: 1495 | E19: =C19+D19-H19 -> 1642 | F19: =C19+D19-I19 -> 1644 | G19: =D19+C19-J19 -> 1634 | H19: =K19+N19 -> 879 | I19: =L19+O19 -> 877 | J19: =M19+P19 -> 887 | K19: =K18 -> 1000 | L19: =L18 -> 1000 | M19: =M18 -> 1000 | N19: =N18-Q19 -> -121 | O19: =O18-R19 -> -123 | P19: =P18-S19 -> -113 | Q19: 0 | R19: 0 | S19: 0 | T19: =D19+C19-V19 -> 2644 | U19: =U18-Q19 -> -121 | V19: =V18-R19 -> -123 | W19: =W18-S19 -> -113
A20: 8 | B20: =B19+1 -> 45264 | C20: =C19 -> 1026 | D20: 1152 | E20: =C20+D20-H20 -> 1299 | F20: =C20+D20-I20 -> 1301 | G20: =D20+C20-J20 -> 1291 | H20: =K20+N20 -> 879 | I20: =L20+O20 -> 877 | J20: =M20+P20 -> 887 | K20: =K19 -> 1000 | L20: =L19 -> 1000 | M20: =M19 -> 1000 | N20: =N19-Q20 -> -121 | O20: =O19-R20 -> -123 | P20: =P19-S20 -> -113 | Q20: 0 | R20: 0 | S20: 0 | T20: =D20+C20-V20 -> 2301 | U20: =U19-Q20 -> -121 | V20: =V19-R20 -> -123 | W20: =W19-S20 -> -113
A21: 9 | B21: =B20+1 -> 45265 | C21: =C20 -> 1026 | D21: 1480 | E21: =C21+D21-H21 -> 1627 | F21: =C21+D21-I21 -> 1629 | G21: =D21+C21-J21 -> 1619 | H21: =K21+N21 -> 879 | I21: =L21+O21 -> 877 | J21: =M21+P21 -> 887 | K21: =K20 -> 1000 | L21: =L20 -> 1000 | M21: =M20 -> 1000 | N21: =N20-Q21 -> -121 | O21: =O20-R21 -> -123 | P21: =P20-S21 -> -113 | Q21: 0 | R21: 0 | S21: 0 | T21: =D21+C21-V21 -> 2629 | U21: =U20-Q21 -> -121 | V21: =V20-R21 -> -123 | W21: =W20-S21 -> -113
A22: 10 | B22: =B21+1 -> 45266 | C22: =C21 -> 1026 | D22: 1252 | E22: =C22+D22-H22 -> 1399 | F22: =C22+D22-I22 -> 1401 | G22: =D22+C22-J22 -> 1391 | H22: =K22+N22 -> 879 | I22: =L22+O22 -> 877 | J22: =M22+P22 -> 887 | K22: =K21 -> 1000 | L22: =L21 -> 1000 | M22: =M21 -> 1000 | N22: =N21-Q22 -> -121 | O22: =O21-R22 -> -123 | P22: =P21-S22 -> -113 | Q22: 0 | R22: 0 | S22: 0 | T22: =D22+C22-V22 -> 2401 | U22: =U21-Q22 -> -121 | V22: =V21-R22 -> -123 | W22: =W21-S22 -> -113
A23: 11 | B23: =B22+1 -> 45267 | C23: =C22 -> 1026 | D23: 1432 | E23: =C23+D23-H23 -> 1579 | F23: =C23+D23-I23 -> 1581 | G23: =D23+C23-J23 -> 1571 | H23: =K23+N23 -> 879 | I23: =L23+O23 -> 877 | J23: =M23+P23 -> 887 | K23: =K22 -> 1000 | L23: =L22 -> 1000 | M23: =M22 -> 1000 | N23: =N22-Q23 -> -121 | O23: =O22-R23 -> -123 | P23: =P22-S23 -> -113 | Q23: 0 | R23: 0 | S23: 0 | T23: =D23+C23-V23 -> 2581 | U23: =U22-Q23 -> -121 | V23: =V22-R23 -> -123 | W23: =W22-S23 -> -113
A24: 12 | B24: =B23+1 -> 45268 | C24: =C23 -> 1026 | D24: 1112 | E24: =C24+D24-H24 -> 1259 | F24: =C24+D24-I24 -> 1261 | G24: =D24+C24-J24 -> 1251 | H24: =K24+N24 -> 879 | I24: =L24+O24 -> 877 | J24: =M24+P24 -> 887 | K24: =K23 -> 1000 | L24: =L23 -> 1000 | M24: =M23 -> 1000 | N24: =N23-Q24 -> -121 | O24: =O23-R24 -> -123 | P24: =P23-S24 -> -113 | Q24: 0 | R24: 0 | S24: 0 | T24: =D24+C24-V24 -> 2261 | U24: =U23-Q24 -> -121 | V24: =V23-R24 -> -123 | W24: =W23-S24 -> -113
A25: 13 | B25: =B24+1 -> 45269 | C25: =C24 -> 1026 | D25: 1337 | E25: =C25+D25-H25 -> 1484 | F25: =C25+D25-I25 -> 1486 | G25: =D25+C25-J25 -> 1476 | H25: =K25+N25 -> 879 | I25: =L25+O25 -> 877 | J25: =M25+P25 -> 887 | K25: =K24 -> 1000 | L25: =L24 -> 1000 | M25: =M24 -> 1000 | N25: =N24-Q25 -> -121 | O25: =O24-R25 -> -123 | P25: =P24-S25 -> -113 | Q25: 0 | R25: 0 | S25: 0 | T25: =D25+C25-V25 -> 2486 | U25: =U24-Q25 -> -121 | V25: =V24-R25 -> -123 | W25: =W24-S25 -> -113
A26: 14 | B26: =B25+1 -> 45270 | C26: =C25 -> 1026 | D26: 1249 | E26: =C26+D26-H26 -> 1396 | F26: =C26+D26-I26 -> 1398 | G26: =D26+C26-J26 -> 1388 | H26: =K26+N26 -> 879 | I26: =L26+O26 -> 877 | J26: =M26+P26 -> 887 | K26: =K25 -> 1000 | L26: =L25 -> 1000 | M26: =M25 -> 1000 | N26: =N25-Q26 -> -121 | O26: =O25-R26 -> -123 | P26: =P25-S26 -> -113 | Q26: 0 | R26: 0 | S26: 0 | T26: =D26+C26-V26 -> 2398 | U26: =U25-Q26 -> -121 | V26: =V25-R26 -> -123 | W26: =W25-S26 -> -113
A27: 15 | B27: =B26+1 -> 45271 | C27: =C26 -> 1026 | D27: 1485 | E27: =C27+D27-H27 -> 632 | F27: =C27+D27-I27 -> 634 | G27: =D27+C27-J27 -> 624 | H27: =K27+N27 -> 1879 | I27: =L27+O27 -> 1877 | J27: =M27+P27 -> 1887 | K27: =K26+1000 -> 2000 | L27: =L26+1000 -> 2000 | M27: =M26+1000 -> 2000 | N27: =N26-Q27 -> -121 | O27: =O26-R27 -> -123 | P27: =P26-S27 -> -113 | Q27: 0 | R27: 0 | S27: 0 | T27: =D27+C27-V27 -> 2634 | U27: =U26-Q27 -> -121 | V27: =V26-R27 -> -123 | W27: =W26-S27 -> -113 | AA27: Nối cần
A28: 16 | B28: =B27+1 -> 45272 | C28: =C27 -> 1026 | D28: 1717 | E28: =C28+D28-H28 -> 864 | F28: =C28+D28-I28 -> 866 | G28: =D28+C28-J28 -> 856 | H28: =K28+N28 -> 1879 | I28: =L28+O28 -> 1877 | J28: =M28+P28 -> 1887 | K28: =K27 -> 2000 | L28: =L27 -> 2000 | M28: =M27 -> 2000 | N28: =N27-Q28 -> -121 | O28: =O27-R28 -> -123 | P28: =P27-S28 -> -113 | Q28: 0 | R28: 0 | S28: 0 | T28: =D28+C28-V28 -> 2743 | U28: 0 | V28: 0 | W28: 0 | AA28: đắp lớp 7
A29: 17 | B29: =B28+1 -> 45273 | C29: =C28 -> 1026 | D29: 1620 | E29: =C29+D29-H29 -> 772 | F29: =C29+D29-I29 -> 776 | G29: =D29+C29-J29 -> 767 | H29: =K29+N29 -> 1874 | I29: =L29+O29 -> 1870 | J29: =M29+P29 -> 1879 | K29: =K28 -> 2000 | L29: =L28 -> 2000 | M29: =M28 -> 2000 | N29: =N28-Q29 -> -126 | O29: =O28-R29 -> -130 | P29: =P28-S29 -> -121 | Q29: 5 | R29: 7 | S29: 8 | T29: =D29+C29-V29 -> 2653 | U29: =U28-Q29 -> -5 | V29: =V28-R29 -> -7 | W29: =W28-S29 -> -8
A30: 18 | B30: =B29+1 -> 45274 | C30: =C29 -> 1026 | D30: 1856 | E30: =C30+D30-H30 -> 1012 | F30: =C30+D30-I30 -> 1019 | G30: =D30+C30-J30 -> 1011 | H30: =K30+N30 -> 1870 | I30: =L30+O30 -> 1863 | J30: =M30+P30 -> 1871 | K30: =K29 -> 2000 | L30: =L29 -> 2000 | M30: =M29 -> 2000 | N30: =N29-Q30 -> -130 | O30: =O29-R30 -> -137 | P30: =P29-S30 -> -129 | Q30: 4 | R30: 7 | S30: 8 | T30: =D30+C30-V30 -> 2896 | U30: =U29-Q30 -> -9 | V30: =V29-R30 -> -14 | W30: =W29-S30 -> -16
A31: 19 | B31: =B30+1 -> 45275 | C31: =C30 -> 1026 | D31: 1902 | E31: =C31+D31-H31 -> 1065 | F31: =C31+D31-I31 -> 1071 | G31: =D31+C31-J31 -> 1064 | H31: =K31+N31 -> 1863 | I31: =L31+O31 -> 1857 | J31: =M31+P31 -> 1864 | K31: =K30 -> 2000 | L31: =L30 -> 2000 | M31: =M30 -> 2000 | N31: =N30-Q31 -> -137 | O31: =O30-R31 -> -143 | P31: =P30-S31 -> -136 | Q31: 7 | R31: 6 | S31: 7 | T31: =D31+C31-V31 -> 2628 | U31: 300 | V31: 300 | W31: 300 | AA31: đắp lớp 6
A32: 20 | B32: =B31+1 -> 45276 | C32: =C31 -> 1026 | D32: 1836 | E32: =C32+D32-H32 -> 1004 | F32: =C32+D32-I32 -> 1012 | G32: =D32+C32-J32 -> 1006 | H32: =K32+N32 -> 1858 | I32: =L32+O32 -> 1850 | J32: =M32+P32 -> 1856 | K32: =K31 -> 2000 | L32: =L31 -> 2000 | M32: =M31 -> 2000 | N32: =N31-Q32 -> -142 | O32: =O31-R32 -> -150 | P32: =P31-S32 -> -144 | Q32: 5 | R32: 7 | S32: 8 | T32: =D32+C32-V32 -> 2569 | U32: =U31-Q32 -> 295 | V32: =V31-R32 -> 293 | W32: =W31-S32 -> 292
A33: 21 | B33: =B32+1 -> 45277 | C33: =C32 -> 1026 | D33: 1671 | E33: =C33+D33-H33 -> 846 | F33: =C33+D33-I33 -> 853 | G33: =D33+C33-J33 -> 847 | H33: =K33+N33 -> 1851 | I33: =L33+O33 -> 1844 | J33: =M33+P33 -> 1850 | K33: =K32 -> 2000 | L33: =L32 -> 2000 | M33: =M32 -> 2000 | N33: =N32-Q33 -> -149 | O33: =O32-R33 -> -156 | P33: =P32-S33 -> -150 | Q33: 7 | R33: 6 | S33: 6 | T33: =D33+C33-V33 -> 2410 | U33: =U32-Q33 -> 288 | V33: =V32-R33 -> 287 | W33: =W32-S33 -> 286
A34: 22 | B34: =B33+1 -> 45278 | C34: =C33 -> 1026 | D34: 1740 | E34: =C34+D34-H34 -> 921 | F34: =C34+D34-I34 -> 929 | G34: =D34+C34-J34 -> 923 | H34: =K34+N34 -> 1845 | I34: =L34+O34 -> 1837 | J34: =M34+P34 -> 1843 | K34: =K33 -> 2000 | L34: =L33 -> 2000 | M34: =M33 -> 2000 | N34: =N33-Q34 -> -155 | O34: =O33-R34 -> -163 | P34: =P33-S34 -> -157 | Q34: 6 | R34: 7 | S34: 7 | T34: =D34+C34-V34 -> 2166 | U34: 600 | V34: 600 | W34: 600 | AA34: đắp lớp 5
A35: 23 | B35: =B34+1 -> 45279 | C35: =C34 -> 1026 | D35: 1684 | E35: =C35+D35-H35 -> 870 | F35: =C35+D35-I35 -> 880 | G35: =D35+C35-J35 -> 875 | H35: =K35+N35 -> 1840 | I35: =L35+O35 -> 1830 | J35: =M35+P35 -> 1835 | K35: =K34 -> 2000 | L35: =L34 -> 2000 | M35: =M34 -> 2000 | N35: =N34-Q35 -> -160 | O35: =O34-R35 -> -170 | P35: =P34-S35 -> -165 | Q35: 5 | R35: 7 | S35: 8 | T35: =D35+C35-V35 -> 2117 | U35: =U34-Q35 -> 595 | V35: =V34-R35 -> 593 | W35: =W34-S35 -> 592
A36: 24 | B36: =B35+1 -> 45280 | C36: =C35 -> 1026 | D36: 1957 | E36: =C36+D36-H36 -> 149 | F36: =C36+D36-I36 -> 159 | G36: =D36+C36-J36 -> 154 | H36: =K36+N36 -> 2834 | I36: =L36+O36 -> 2824 | J36: =M36+P36 -> 2829 | K36: =K35+1000 -> 3000 | L36: =L35+1000 -> 3000 | M36: =M35+1000 -> 3000 | N36: =N35-Q36 -> -166 | O36: =O35-R36 -> -176 | P36: =P35-S36 -> -171 | Q36: 6 | R36: 6 | S36: 6 | T36: =D36+C36-V36 -> 2396 | U36: =U35-Q36 -> 589 | V36: =V35-R36 -> 587 | W36: =W35-S36 -> 586 | AA36: Nối cần
A37: 25 | B37: =B36+1 -> 45281 | C37: =C36 -> 1026 | D37: 2495 | E37: =C37+D37-H37 -> 692 | F37: =C37+D37-I37 -> 704 | G37: =D37+C37-J37 -> 699 | H37: =K37+N37 -> 2829 | I37: =L37+O37 -> 2817 | J37: =M37+P37 -> 2822 | K37: =K36 -> 3000 | L37: =L36 -> 3000 | M37: =M36 -> 3000 | N37: =N36-Q37 -> -171 | O37: =O36-R37 -> -183 | P37: =P36-S37 -> -178 | Q37: 5 | R37: 7 | S37: 7 | T37: =D37+C37-V37 -> 2621 | U37: 900 | V37: 900 | W37: 900 | AA37: đắp lớp 4
A38: 26 | B38: =B37+4 -> 45285 | C38: =C37 -> 1026 | D38: 2458 | E38: =C38+D38-H38 -> 661 | F38: =C38+D38-I38 -> 674 | G38: =D38+C38-J38 -> 668 | H38: =K38+N38 -> 2823 | I38: =L38+O38 -> 2810 | J38: =M38+P38 -> 2816 | K38: =K37 -> 3000 | L38: =L37 -> 3000 | M38: =M37 -> 3000 | N38: =N37-Q38 -> -177 | O38: =O37-R38 -> -190 | P38: =P37-S38 -> -184 | Q38: 6 | R38: 7 | S38: 6 | T38: =D38+C38-V38 -> 2591 | U38: =U37-Q38 -> 894 | V38: =V37-R38 -> 893 | W38: =W37-S38 -> 894
A39: 27 | B39: =B38+3 -> 45288 | C39: =C38 -> 1026 | D39: 2156 | E39: =C39+D39-H39 -> 367 | F39: =C39+D39-I39 -> 375 | G39: =D39+C39-J39 -> 371 | H39: =K39+N39 -> 2815 | I39: =L39+O39 -> 2807 | J39: =M39+P39 -> 2811 | K39: =K38 -> 3000 | L39: =L38 -> 3000 | M39: =M38 -> 3000 | N39: =N38-Q39 -> -185 | O39: =O38-R39 -> -193 | P39: =P38-S39 -> -189 | Q39: 8 | R39: 3 | S39: 5 | T39: =D39+C39-V39 -> 2292 | U39: =U38-Q39 -> 886 | V39: =V38-R39 -> 890 | W39: =W38-S39 -> 889
A40: 28 | B40: =B39+7 -> 45295 | C40: =C39 -> 1026 | D40: 2311 | E40: =C40+D40-H40 -> 532 | F40: =C40+D40-I40 -> 542 | G40: =D40+C40-J40 -> 536 | H40: =K40+N40 -> 2805 | I40: =L40+O40 -> 2795 | J40: =M40+P40 -> 2801 | K40: =K39 -> 3000 | L40: =L39 -> 3000 | M40: =M39 -> 3000 | N40: =N39-Q40 -> -195 | O40: =O39-R40 -> -205 | P40: =P39-S40 -> -199 | Q40: 10 | R40: 12 | S40: 10 | T40: =D40+C40-V40 -> 2459 | U40: =U39-Q40 -> 876 | V40: =V39-R40 -> 878 | W40: =W39-S40 -> 879
A41: 29 | B41: =B40+7 -> 45302 | C41: =C40 -> 1026 | D41: 2100 | E41: =C41+D41-H41 -> 343 | F41: =C41+D41-I41 -> 351 | G41: =D41+C41-J41 -> 343 | H41: =K41+N41 -> 2783 | I41: =L41+O41 -> 2775 | J41: =M41+P41 -> 2783 | K41: =K40 -> 3000 | L41: =L40 -> 3000 | M41: =M40 -> 3000 | N41: =N40-Q41 -> -217 | O41: =O40-R41 -> -225 | P41: =P40-S41 -> -217 | Q41: 22 | R41: 20 | S41: 18 | T41: =D41+C41-V41 -> 2268 | U41: =U40-Q41 -> 854 | V41: =V40-R41 -> 858 | W41: =W40-S41 -> 861
A42: 30 | B42: =B41+7 -> 45309 | C42: =C41 -> 1026 | D42: 2313 | E42: =C42+D42-H42 -> 576 | F42: =C42+D42-I42 -> 582 | G42: =D42+C42-J42 -> 572 | H42: =K42+N42 -> 2763 | I42: =L42+O42 -> 2757 | J42: =M42+P42 -> 2767 | K42: =K41 -> 3000 | L42: =L41 -> 3000 | M42: =M41 -> 3000 | N42: =N41-Q42 -> -237 | O42: =O41-R42 -> -243 | P42: =P41-S42 -> -233 | Q42: 20 | R42: 18 | S42: 16 | T42: =D42+C42-V42 -> 2499 | U42: =U41-Q42 -> 834 | V42: =V41-R42 -> 840 | W42: =W41-S42 -> 845
A43: 31 | B43: =B42+7 -> 45316 | C43: =C42 -> 1026 | D43: 2322 | E43: =C43+D43-H43 -> 604 | F43: =C43+D43-I43 -> 608 | G43: =D43+C43-J43 -> 597 | H43: =K43+N43 -> 2744 | I43: =L43+O43 -> 2740 | J43: =M43+P43 -> 2751 | K43: =K42 -> 3000 | L43: =L42 -> 3000 | M43: =M42 -> 3000 | N43: =N42-Q43 -> -256 | O43: =O42-R43 -> -260 | P43: =P42-S43 -> -249 | Q43: 19 | R43: 17 | S43: 16 | T43: =D43+C43-V43 -> 2525 | U43: =U42-Q43 -> 815 | V43: =V42-R43 -> 823 | W43: =W42-S43 -> 829
A44: 32 | B44: =B43+7 -> 45323 | C44: =C43 -> 1026 | D44: 2183 | E44: =C44+D44-H44 -> 483 | F44: =C44+D44-I44 -> 485 | G44: =D44+C44-J44 -> 473 | H44: =K44+N44 -> 2726 | I44: =L44+O44 -> 2724 | J44: =M44+P44 -> 2736 | K44: =K43 -> 3000 | L44: =L43 -> 3000 | M44: =M43 -> 3000 | N44: =N43-Q44 -> -274 | O44: =O43-R44 -> -276 | P44: =P43-S44 -> -264 | Q44: 18 | R44: 16 | S44: 15 | T44: =D44+C44-V44 -> 2402 | U44: =U43-Q44 -> 797 | V44: =V43-R44 -> 807 | W44: =W43-S44 -> 814
A45: 33 | B45: =B44+7 -> 45330 | C45: =C44 -> 1026 | D45: 2240 | E45: =C45+D45-H45 -> 557 | F45: =C45+D45-I45 -> 556 | G45: =D45+C45-J45 -> 543 | H45: =K45+N45 -> 2709 | I45: =L45+O45 -> 2710 | J45: =M45+P45 -> 2723 | K45: =K44 -> 3000 | L45: =L44 -> 3000 | M45: =M44 -> 3000 | N45: =N44-Q45 -> -291 | O45: =O44-R45 -> -290 | P45: =P44-S45 -> -277 | Q45: 17 | R45: 14 | S45: 13 | T45: =D45+C45-V45 -> 2473 | U45: =U44-Q45 -> 780 | V45: =V44-R45 -> 793 | W45: =W44-S45 -> 801
A46: 34 | B46: =B45+7 -> 45337 | C46: =C45 -> 1026 | D46: 2478 | E46: =C46+D46-H46 -> 809 | F46: =C46+D46-I46 -> 807 | G46: =D46+C46-J46 -> 794 | H46: =K46+N46 -> 2695 | I46: =L46+O46 -> 2697 | J46: =M46+P46 -> 2710 | K46: =K45 -> 3000 | L46: =L45 -> 3000 | M46: =M45 -> 3000 | N46: =N45-Q46 -> -305 | O46: =O45-R46 -> -303 | P46: =P45-S46 -> -290 | Q46: 14 | R46: 13 | S46: 13 | T46: =D46+C46-V46 -> 2724 | U46: =U45-Q46 -> 766 | V46: =V45-R46 -> 780 | W46: =W45-S46 -> 788
A47: 35 | B47: =B46+7 -> 45344 | C47: =C46 -> 1026 | D47: 2205 | E47: =C47+D47-H47 -> 548 | F47: =C47+D47-I47 -> 544 | G47: =D47+C47-J47 -> 532 | H47: =K47+N47 -> 2683 | I47: =L47+O47 -> 2687 | J47: =M47+P47 -> 2699 | K47: =K46 -> 3000 | L47: =L46 -> 3000 | M47: =M46 -> 3000 | N47: =N46-Q47 -> -317 | O47: =O46-R47 -> -313 | P47: =P46-S47 -> -301 | Q47: 12 | R47: 10 | S47: 11 | T47: =D47+C47-V47 -> 2461 | U47: =U46-Q47 -> 754 | V47: =V46-R47 -> 770 | W47: =W46-S47 -> 777
A48: 36 | B48: =B47+7 -> 45351 | C48: =C47 -> 1026 | D48: 2350 | E48: =C48+D48-H48 -> 704 | F48: =C48+D48-I48 -> 699 | G48: =D48+C48-J48 -> 687 | H48: =K48+N48 -> 2672 | I48: =L48+O48 -> 2677 | J48: =M48+P48 -> 2689 | K48: =K47 -> 3000 | L48: =L47 -> 3000 | M48: =M47 -> 3000 | N48: =N47-Q48 -> -328 | O48: =O47-R48 -> -323 | P48: =P47-S48 -> -311 | Q48: 11 | R48: 10 | S48: 10 | T48: =D48+C48-V48 -> 2616 | U48: =U47-Q48 -> 743 | V48: =V47-R48 -> 760 | W48: =W47-S48 -> 767
A49: 37 | B49: =B48+6 -> 45357 | C49: =C48 -> 1026 | D49: 2308 | E49: =C49+D49-H49 -> 670 | F49: =C49+D49-I49 -> 665 | G49: =D49+C49-J49 -> 653 | H49: =K49+N49 -> 2664 | I49: =L49+O49 -> 2669 | J49: =M49+P49 -> 2681 | K49: =K48 -> 3000 | L49: =L48 -> 3000 | M49: =M48 -> 3000 | N49: =N48-Q49 -> -336 | O49: =O48-R49 -> -331 | P49: =P48-S49 -> -319 | Q49: 8 | R49: 8 | S49: 8 | T49: =D49+C49-V49 -> 2582 | U49: =U48-Q49 -> 735 | V49: =V48-R49 -> 752 | W49: =W48-S49 -> 759
A50: 38 | B50: =B49+1 -> 45358 | C50: =C49 -> 1026 | D50: 2208 | E50: =C50+D50-H50 -> 575 | F50: =C50+D50-I50 -> 569 | G50: =D50+C50-J50 -> 556 | H50: =K50+N50 -> 2659 | I50: =L50+O50 -> 2665 | J50: =M50+P50 -> 2678 | K50: =K49 -> 3000 | L50: =L49 -> 3000 | M50: =M49 -> 3000 | N50: =N49-Q50 -> -341 | O50: =O49-R50 -> -335 | P50: =P49-S50 -> -322 | Q50: 5 | R50: 4 | S50: 3 | T50: =D50+C50-V50 -> 2486 | U50: =U49-Q50 -> 730 | V50: =V49-R50 -> 748 | W50: =W49-S50 -> 756
A51: 39 | B51: =B50+1 -> 45359 | C51: =C50 -> 1026 | D51: 2114 | E51: =C51+D51-H51 -> 485 | F51: =C51+D51-I51 -> 479 | G51: =D51+C51-J51 -> 465 | H51: =K51+N51 -> 2655 | I51: =L51+O51 -> 2661 | J51: =M51+P51 -> 2675 | K51: =K50 -> 3000 | L51: =L50 -> 3000 | M51: =M50 -> 3000 | N51: =N50-Q51 -> -345 | O51: =O50-R51 -> -339 | P51: =P50-S51 -> -325 | Q51: 4 | R51: 4 | S51: 3 | T51: =D51+C51-V51 -> 2396 | U51: =U50-Q51 -> 726 | V51: =V50-R51 -> 744 | W51: =W50-S51 -> 753
A52: 40 | B52: =B51+1 -> 45360 | C52: =C51 -> 1026 | D52: 2408 | E52: =C52+D52-H52 -> 789 | F52: =C52+D52-I52 -> 779 | G52: =D52+C52-J52 -> 764 | H52: =K52+N52 -> 2645 | I52: =L52+O52 -> 2655 | J52: =M52+P52 -> 2670 | K52: =K51 -> 3000 | L52: =L51 -> 3000 | M52: =M51 -> 3000 | N52: =N51-Q52 -> -355 | O52: =O51-R52 -> -345 | P52: =P51-S52 -> -330 | Q52: 10 | R52: 6 | S52: 5 | T52: =D52+C52-V52 -> 2234 | U52: 1200 | V52: 1200 | W52: 1200 | AA52: đắp lớp 3
A53: 41 | B53: =B52+1 -> 45361 | C53: =C52 -> 1026 | D53: 2159 | E53: =C53+D53-H53 -> 550 | F53: =C53+D53-I53 -> 536 | G53: =D53+C53-J53 -> 520 | H53: =K53+N53 -> 2635 | I53: =L53+O53 -> 2649 | J53: =M53+P53 -> 2665 | K53: =K52 -> 3000 | L53: =L52 -> 3000 | M53: =M52 -> 3000 | N53: =N52-Q53 -> -365 | O53: =O52-R53 -> -351 | P53: =P52-S53 -> -335 | Q53: 10 | R53: 6 | S53: 5 | T53: =D53+C53-V53 -> 1991 | U53: =U52-Q53 -> 1190 | V53: =V52-R53 -> 1194 | W53: =W52-S53 -> 1195
A54: 42 | B54: =B53+1 -> 45362 | C54: =C53 -> 1026 | D54: 2438 | E54: =C54+D54-H54 -> 839 | F54: =C54+D54-I54 -> 820 | G54: =D54+C54-J54 -> 804 | H54: =K54+N54 -> 2625 | I54: =L54+O54 -> 2644 | J54: =M54+P54 -> 2660 | K54: =K53 -> 3000 | L54: =L53 -> 3000 | M54: =M53 -> 3000 | N54: =N53-Q54 -> -375 | O54: =O53-R54 -> -356 | P54: =P53-S54 -> -340 | Q54: 10 | R54: 5 | S54: 5 | T54: =D54+C54-V54 -> 2275 | U54: =U53-Q54 -> 1180 | V54: =V53-R54 -> 1189 | W54: =W53-S54 -> 1190
A55: 43 | B55: =B54+1 -> 45363 | C55: =C54 -> 1026 | D55: 2387 | E55: =C55+D55-H55 -> 798 | F55: =C55+D55-I55 -> 775 | G55: =D55+C55-J55 -> 757 | H55: =K55+N55 -> 2615 | I55: =L55+O55 -> 2638 | J55: =M55+P55 -> 2656 | K55: =K54 -> 3000 | L55: =L54 -> 3000 | M55: =M54 -> 3000 | N55: =N54-Q55 -> -385 | O55: =O54-R55 -> -362 | P55: =P54-S55 -> -344 | Q55: 10 | R55: 6 | S55: 4 | T55: =D55+C55-V55 -> 2230 | U55: =U54-Q55 -> 1170 | V55: =V54-R55 -> 1183 | W55: =W54-S55 -> 1186
A56: 44 | B56: =B55+1 -> 45364 | C56: =C55 -> 1026 | D56: 2293 | E56: =C56+D56-H56 -> 714 | F56: =C56+D56-I56 -> 686 | G56: =D56+C56-J56 -> 668 | H56: =K56+N56 -> 2605 | I56: =L56+O56 -> 2633 | J56: =M56+P56 -> 2651 | K56: =K55 -> 3000 | L56: =L55 -> 3000 | M56: =M55 -> 3000 | N56: =N55-Q56 -> -395 | O56: =O55-R56 -> -367 | P56: =P55-S56 -> -349 | Q56: 10 | R56: 5 | S56: 5 | T56: =D56+C56-V56 -> 2141 | U56: =U55-Q56 -> 1160 | V56: =V55-R56 -> 1178 | W56: =W55-S56 -> 1181
A57: 45 | B57: =B56+1 -> 45365 | C57: =C56 -> 1026 | D57: 2378 | E57: =C57+D57-H57 -> 809 | F57: =C57+D57-I57 -> 777 | G57: =D57+C57-J57 -> 757 | H57: =K57+N57 -> 2595 | I57: =L57+O57 -> 2627 | J57: =M57+P57 -> 2647 | K57: =K56 -> 3000 | L57: =L56 -> 3000 | M57: =M56 -> 3000 | N57: =N56-Q57 -> -405 | O57: =O56-R57 -> -373 | P57: =P56-S57 -> -353 | Q57: 10 | R57: 6 | S57: 4 | T57: =D57+C57-V57 -> 2232 | U57: =U56-Q57 -> 1150 | V57: =V56-R57 -> 1172 | W57: =W56-S57 -> 1177
A58: 46 | B58: =B57+1 -> 45366 | C58: =C57 -> 1026 | D58: 2297 | E58: =C58+D58-H58 -> 738 | F58: =C58+D58-I58 -> 701 | G58: =D58+C58-J58 -> 681 | H58: =K58+N58 -> 2585 | I58: =L58+O58 -> 2622 | J58: =M58+P58 -> 2642 | K58: =K57 -> 3000 | L58: =L57 -> 3000 | M58: =M57 -> 3000 | N58: =N57-Q58 -> -415 | O58: =O57-R58 -> -378 | P58: =P57-S58 -> -358 | Q58: 10 | R58: 5 | S58: 5 | T58: =D58+C58-V58 -> 2156 | U58: =U57-Q58 -> 1140 | V58: =V57-R58 -> 1167 | W58: =W57-S58 -> 1172
A59: 47 | B59: =B58+1 -> 45367 | C59: =C58 -> 1026 | D59: 2276 | E59: =C59+D59-H59 -> 727 | F59: =C59+D59-I59 -> 686 | G59: =D59+C59-J59 -> 664 | H59: =K59+N59 -> 2575 | I59: =L59+O59 -> 2616 | J59: =M59+P59 -> 2638 | K59: =K58 -> 3000 | L59: =L58 -> 3000 | M59: =M58 -> 3000 | N59: =N58-Q59 -> -425 | O59: =O58-R59 -> -384 | P59: =P58-S59 -> -362 | Q59: 10 | R59: 6 | S59: 4 | T59: =D59+C59-V59 -> 2141 | U59: =U58-Q59 -> 1130 | V59: =V58-R59 -> 1161 | W59: =W58-S59 -> 1168
A60: 48 | B60: =B59+1 -> 45368 | C60: =C59 -> 1026 | D60: 2250 | E60: =C60+D60-H60 -> 711 | F60: =C60+D60-I60 -> 670 | G60: =D60+C60-J60 -> 643 | H60: =K60+N60 -> 2565 | I60: =L60+O60 -> 2606 | J60: =M60+P60 -> 2633 | K60: =K59 -> 3000 | L60: =L59 -> 3000 | M60: =M59 -> 3000 | N60: =N59-Q60 -> -435 | O60: =O59-R60 -> -394 | P60: =P59-S60 -> -367 | Q60: 10 | R60: 10 | S60: 5 | T60: =D60+C60-V60 -> 1776 | U60: 1500 | V60: 1500 | W60: 1500 | AA60: đắp lớp 2
A61: 49 | B61: =B60+1 -> 45369 | C61: =C60 -> 1026 | D61: 2458 | E61: =C61+D61-H61 -> 929 | F61: =C61+D61-I61 -> 888 | G61: =D61+C61-J61 -> 855 | H61: =K61+N61 -> 2555 | I61: =L61+O61 -> 2596 | J61: =M61+P61 -> 2629 | K61: =K60 -> 3000 | L61: =L60 -> 3000 | M61: =M60 -> 3000 | N61: =N60-Q61 -> -445 | O61: =O60-R61 -> -404 | P61: =P60-S61 -> -371 | Q61: 10 | R61: 10 | S61: 4 | T61: =D61+C61-V61 -> 1994 | U61: =U60-Q61 -> 1490 | V61: =V60-R61 -> 1490 | W61: =W60-S61 -> 1496
A62: 50 | B62: =B61+1 -> 45370 | C62: =C61 -> 1026 | D62: 2108 | E62: =C62+D62-H62 -> 589 | F62: =C62+D62-I62 -> 548 | G62: =D62+C62-J62 -> 510 | H62: =K62+N62 -> 2545 | I62: =L62+O62 -> 2586 | J62: =M62+P62 -> 2624 | K62: =K61 -> 3000 | L62: =L61 -> 3000 | M62: =M61 -> 3000 | N62: =N61-Q62 -> -455 | O62: =O61-R62 -> -414 | P62: =P61-S62 -> -376 | Q62: 10 | R62: 10 | S62: 5 | T62: =D62+C62-V62 -> 1654 | U62: =U61-Q62 -> 1480 | V62: =V61-R62 -> 1480 | W62: =W61-S62 -> 1491
A63: 51 | B63: =B62+1 -> 45371 | C63: =C62 -> 1026 | D63: 2364 | E63: =C63+D63-H63 -> 855 | F63: =C63+D63-I63 -> 814 | G63: =D63+C63-J63 -> 769 | H63: =K63+N63 -> 2535 | I63: =L63+O63 -> 2576 | J63: =M63+P63 -> 2621 | K63: =K62 -> 3000 | L63: =L62 -> 3000 | M63: =M62 -> 3000 | N63: =N62-Q63 -> -465 | O63: =O62-R63 -> -424 | P63: =P62-S63 -> -379 | Q63: 10 | R63: 10 | S63: 3 | T63: =D63+C63-V63 -> 1920 | U63: =U62-Q63 -> 1470 | V63: =V62-R63 -> 1470 | W63: =W62-S63 -> 1488
A64: 52 | B64: =B63+1 -> 45372 | C64: =C63 -> 1026 | D64: 2357 | E64: =C64+D64-H64 -> 858 | F64: =C64+D64-I64 -> 817 | G64: =D64+C64-J64 -> 767 | H64: =K64+N64 -> 2525 | I64: =L64+O64 -> 2566 | J64: =M64+P64 -> 2616 | K64: =K63 -> 3000 | L64: =L63 -> 3000 | M64: =M63 -> 3000 | N64: =N63-Q64 -> -475 | O64: =O63-R64 -> -434 | P64: =P63-S64 -> -384 | Q64: 10 | R64: 10 | S64: 5 | T64: =D64+C64-V64 -> 1923 | U64: =U63-Q64 -> 1460 | V64: =V63-R64 -> 1460 | W64: =W63-S64 -> 1483
A65: 53 | B65: =B64+1 -> 45373 | C65: =C64 -> 1026 | D65: 2313 | E65: =C65+D65-H65 -> 824 | F65: =C65+D65-I65 -> 783 | G65: =D65+C65-J65 -> 727 | H65: =K65+N65 -> 2515 | I65: =L65+O65 -> 2556 | J65: =M65+P65 -> 2612 | K65: =K64 -> 3000 | L65: =L64 -> 3000 | M65: =M64 -> 3000 | N65: =N64-Q65 -> -485 | O65: =O64-R65 -> -444 | P65: =P64-S65 -> -388 | Q65: 10 | R65: 10 | S65: 4 | T65: =D65+C65-V65 -> 1889 | U65: =U64-Q65 -> 1450 | V65: =V64-R65 -> 1450 | W65: =W64-S65 -> 1479
A66: 54 | B66: =B65+1 -> 45374 | C66: =C65 -> 1026 | D66: 2234 | E66: =C66+D66-H66 -> 755 | F66: =C66+D66-I66 -> 714 | G66: =D66+C66-J66 -> 653 | H66: =K66+N66 -> 2505 | I66: =L66+O66 -> 2546 | J66: =M66+P66 -> 2607 | K66: =K65 -> 3000 | L66: =L65 -> 3000 | M66: =M65 -> 3000 | N66: =N65-Q66 -> -495 | O66: =O65-R66 -> -454 | P66: =P65-S66 -> -393 | Q66: 10 | R66: 10 | S66: 5 | T66: =D66+C66-V66 -> 1820 | U66: =U65-Q66 -> 1440 | V66: =V65-R66 -> 1440 | W66: =W65-S66 -> 1474
A67: 55 | B67: =B66+1 -> 45375 | C67: =C66 -> 1026 | D67: 2490 | E67: =C67+D67-H67 -> 1021 | F67: =C67+D67-I67 -> 980 | G67: =D67+C67-J67 -> 913 | H67: =K67+N67 -> 2495 | I67: =L67+O67 -> 2536 | J67: =M67+P67 -> 2603 | K67: =K66 -> 3000 | L67: =L66 -> 3000 | M67: =M66 -> 3000 | N67: =N66-Q67 -> -505 | O67: =O66-R67 -> -464 | P67: =P66-S67 -> -397 | Q67: 10 | R67: 10 | S67: 4 | T67: =D67+C67-V67 -> 2086 | U67: =U66-Q67 -> 1430 | V67: =V66-R67 -> 1430 | W67: =W66-S67 -> 1470
A68: 56 | B68: =B67+1 -> 45376 | C68: =C67 -> 1026 | D68: 2833 | E68: =C68+D68-H68 -> 1374 | F68: =C68+D68-I68 -> 1333 | G68: =D68+C68-J68 -> 1259 | H68: =K68+N68 -> 2485 | I68: =L68+O68 -> 2526 | J68: =M68+P68 -> 2600 | K68: =K67 -> 3000 | L68: =L67 -> 3000 | M68: =M67 -> 3000 | N68: =N67-Q68 -> -515 | O68: =O67-R68 -> -474 | P68: =P67-S68 -> -400 | Q68: 10 | R68: 10 | S68: 3 | T68: =D68+C68-V68 -> 2439 | U68: =U67-Q68 -> 1420 | V68: =V67-R68 -> 1420 | W68: =W67-S68 -> 1467 | AA68: Nối cần
A69: 57 | B69: =B68+1 -> 45377 | C69: =C68 -> 1026 | D69: 2819 | E69: =C69+D69-H69 -> 1370 | F69: =C69+D69-I69 -> 1329 | G69: =D69+C69-J69 -> 1249 | H69: =K69+N69 -> 2475 | I69: =L69+O69 -> 2516 | J69: =M69+P69 -> 2596 | K69: =K68 -> 3000 | L69: =L68 -> 3000 | M69: =M68 -> 3000 | N69: =N68-Q69 -> -525 | O69: =O68-R69 -> -484 | P69: =P68-S69 -> -404 | Q69: 10 | R69: 10 | S69: 4 | T69: =D69+C69-V69 -> 2045 | U69: 1800 | V69: 1800 | W69: 1800 | AA69: đắp lớp 1
A70: 58 | B70: =B69+3 -> 45380 | C70: =C69 -> 1026 | D70: 2701 | E70: =C70+D70-H70 -> 1262 | F70: =C70+D70-I70 -> 1221 | G70: =D70+C70-J70 -> 1141 | H70: =K70+N70 -> 2465 | I70: =L70+O70 -> 2506 | J70: =M70+P70 -> 2586 | K70: =K69 -> 3000 | L70: =L69 -> 3000 | M70: =M69 -> 3000 | N70: =N69-Q70 -> -535 | O70: =O69-R70 -> -494 | P70: =P69-S70 -> -414 | Q70: 10 | R70: 10 | S70: 10 | T70: =D70+C70-V70 -> 1937 | U70: =U69-Q70 -> 1790 | V70: =V69-R70 -> 1790 | W70: =W69-S70 -> 1790
A71: 59 | B71: =B70+4 -> 45384 | C71: =C70 -> 1026 | D71: 2783 | E71: =C71+D71-H71 -> 1358 | F71: =C71+D71-I71 -> 1319 | G71: =D71+C71-J71 -> 1237 | H71: =K71+N71 -> 2451 | I71: =L71+O71 -> 2490 | J71: =M71+P71 -> 2572 | K71: =K70 -> 3000 | L71: =L70 -> 3000 | M71: =M70 -> 3000 | N71: =N70-Q71 -> -549 | O71: =O70-R71 -> -510 | P71: =P70-S71 -> -428 | Q71: 14 | R71: 16 | S71: 14 | T71: =D71+C71-V71 -> 2035 | U71: =U70-Q71 -> 1776 | V71: =V70-R71 -> 1774 | W71: =W70-S71 -> 1776
A72: 60 | B72: =B71+7 -> 45391 | C72: =C71 -> 1026 | D72: 2753 | E72: =C72+D72-H72 -> 1343 | F72: =C72+D72-I72 -> 1320 | G72: =D72+C72-J72 -> 1233 | H72: =K72+N72 -> 2436 | I72: =L72+O72 -> 2459 | J72: =M72+P72 -> 2546 | K72: =K71 -> 3000 | L72: =L71 -> 3000 | M72: =M71 -> 3000 | N72: =N71-Q72 -> -564 | O72: =O71-R72 -> -541 | P72: =P71-S72 -> -454 | Q72: 15 | R72: 31 | S72: 26 | T72: =D72+C72-V72 -> 2036 | U72: =U71-Q72 -> 1761 | V72: =V71-R72 -> 1743 | W72: =W71-S72 -> 1750
A73: 61 | B73: =B72+7 -> 45398 | C73: =C72 -> 1026 | D73: 2992 | E73: =C73+D73-H73 -> 1602 | F73: =C73+D73-I73 -> 1587 | G73: =D73+C73-J73 -> 1495 | H73: =K73+N73 -> 2416 | I73: =L73+O73 -> 2431 | J73: =M73+P73 -> 2523 | K73: =K72 -> 3000 | L73: =L72 -> 3000 | M73: =M72 -> 3000 | N73: =N72-Q73 -> -584 | O73: =O72-R73 -> -569 | P73: =P72-S73 -> -477 | Q73: 20 | R73: 28 | S73: 23 | T73: =D73+C73-V73 -> 2303 | U73: =U72-Q73 -> 1741 | V73: =V72-R73 -> 1715 | W73: =W72-S73 -> 1727
A74: 62 | B74: =B73+7 -> 45405 | C74: =C73 -> 1026 | D74: 2825 | E74: =C74+D74-H74 -> 1454 | F74: =C74+D74-I74 -> 1447 | G74: =D74+C74-J74 -> 1352 | H74: =K74+N74 -> 2397 | I74: =L74+O74 -> 2404 | J74: =M74+P74 -> 2499 | K74: =K73 -> 3000 | L74: =L73 -> 3000 | M74: =M73 -> 3000 | N74: =N73-Q74 -> -603 | O74: =O73-R74 -> -596 | P74: =P73-S74 -> -501 | Q74: 19 | R74: 27 | S74: 24 | T74: =D74+C74-V74 -> 2163 | U74: =U73-Q74 -> 1722 | V74: =V73-R74 -> 1688 | W74: =W73-S74 -> 1703
A75: 63 | B75: =B74+7 -> 45412 | C75: =C74 -> 1026 | D75: 2809 | E75: =C75+D75-H75 -> 1455 | F75: =C75+D75-I75 -> 1461 | G75: =D75+C75-J75 -> 1359 | H75: =K75+N75 -> 2380 | I75: =L75+O75 -> 2374 | J75: =M75+P75 -> 2476 | K75: =K74 -> 3000 | L75: =L74 -> 3000 | M75: =M74 -> 3000 | N75: =N74-Q75 -> -620 | O75: =O74-R75 -> -626 | P75: =P74-S75 -> -524 | Q75: 17 | R75: 30 | S75: 23 | T75: =D75+C75-V75 -> 2177 | U75: =U74-Q75 -> 1705 | V75: =V74-R75 -> 1658 | W75: =W74-S75 -> 1680
A76: 64 | B76: =B75+7 -> 45419 | C76: =C75 -> 1026 | D76: 2767 | E76: =C76+D76-H76 -> 1431 | F76: =C76+D76-I76 -> 1445 | G76: =D76+C76-J76 -> 1341 | H76: =K76+N76 -> 2362 | I76: =L76+O76 -> 2348 | J76: =M76+P76 -> 2452 | K76: =K75 -> 3000 | L76: =L75 -> 3000 | M76: =M75 -> 3000 | N76: =N75-Q76 -> -638 | O76: =O75-R76 -> -652 | P76: =P75-S76 -> -548 | Q76: 18 | R76: 26 | S76: 24 | T76: =D76+C76-V76 -> 2161 | U76: =U75-Q76 -> 1687 | V76: =V75-R76 -> 1632 | W76: =W75-S76 -> 1656
A77: 65 | B77: =B76+7 -> 45426 | C77: =C76 -> 1026 | D77: 2992 | E77: =C77+D77-H77 -> 1672 | F77: =C77+D77-I77 -> 1700 | G77: =D77+C77-J77 -> 1592 | H77: =K77+N77 -> 2346 | I77: =L77+O77 -> 2318 | J77: =M77+P77 -> 2426 | K77: =K76 -> 3000 | L77: =L76 -> 3000 | M77: =M76 -> 3000 | N77: =N76-Q77 -> -654 | O77: =O76-R77 -> -682 | P77: =P76-S77 -> -574 | Q77: 16 | R77: 30 | S77: 26 | T77: =D77+C77-V77 -> 2416 | U77: =U76-Q77 -> 1671 | V77: =V76-R77 -> 1602 | W77: =W76-S77 -> 1630
A78: 66 | B78: =B77+7 -> 45433 | C78: =C77 -> 1026 | D78: 2827 | E78: =C78+D78-H78 -> 1523 | F78: =C78+D78-I78 -> 1560 | G78: =D78+C78-J78 -> 1451 | H78: =K78+N78 -> 2330 | I78: =L78+O78 -> 2293 | J78: =M78+P78 -> 2402 | K78: =K77 -> 3000 | L78: =L77 -> 3000 | M78: =M77 -> 3000 | N78: =N77-Q78 -> -670 | O78: =O77-R78 -> -707 | P78: =P77-S78 -> -598 | Q78: 16 | R78: 25 | S78: 24 | T78: =D78+C78-V78 -> 2276 | U78: =U77-Q78 -> 1655 | V78: =V77-R78 -> 1577 | W78: =W77-S78 -> 1606
A79: 67 | B79: =B78+7 -> 45440 | C79: =C78 -> 1026 | D79: 2956 | E79: =C79+D79-H79 -> 1669 | F79: =C79+D79-I79 -> 1719 | G79: =D79+C79-J79 -> 1603 | H79: =K79+N79 -> 2313 | I79: =L79+O79 -> 2263 | J79: =M79+P79 -> 2379 | K79: =K78 -> 3000 | L79: =L78 -> 3000 | M79: =M78 -> 3000 | N79: =N78-Q79 -> -687 | O79: =O78-R79 -> -737 | P79: =P78-S79 -> -621 | Q79: 17 | R79: 30 | S79: 23 | T79: =D79+C79-V79 -> 2435 | U79: =U78-Q79 -> 1638 | V79: =V78-R79 -> 1547 | W79: =W78-S79 -> 1583
A80: 68 | B80: =B79+7 -> 45447 | C80: =C79 -> 1026 | D80: 2917 | E80: =C80+D80-H80 -> 1648 | F80: =C80+D80-I80 -> 1707 | G80: =D80+C80-J80 -> 1586 | H80: =K80+N80 -> 2295 | I80: =L80+O80 -> 2236 | J80: =M80+P80 -> 2357 | K80: =K79 -> 3000 | L80: =L79 -> 3000 | M80: =M79 -> 3000 | N80: =N79-Q80 -> -705 | O80: =O79-R80 -> -764 | P80: =P79-S80 -> -643 | Q80: 18 | R80: 27 | S80: 22 | T80: =D80+C80-V80 -> 2423 | U80: =U79-Q80 -> 1620 | V80: =V79-R80 -> 1520 | W80: =W79-S80 -> 1561
A81: 69 | B81: =B80+7 -> 45454 | C81: =C80 -> 1026 | D81: 2826 | E81: =C81+D81-H81 -> 1576 | F81: =C81+D81-I81 -> 1645 | G81: =D81+C81-J81 -> 1516 | H81: =K81+N81 -> 2276 | I81: =L81+O81 -> 2207 | J81: =M81+P81 -> 2336 | K81: =K80 -> 3000 | L81: =L80 -> 3000 | M81: =M80 -> 3000 | N81: =N80-Q81 -> -724 | O81: =O80-R81 -> -793 | P81: =P80-S81 -> -664 | Q81: 19 | R81: 29 | S81: 21 | T81: =D81+C81-V81 -> 2361 | U81: =U80-Q81 -> 1601 | V81: =V80-R81 -> 1491 | W81: =W80-S81 -> 1540
A82: 70 | B82: =B81+7 -> 45461 | C82: =C81 -> 1026 | D82: 2827 | E82: =C82+D82-H82 -> 1592 | F82: =C82+D82-I82 -> 1674 | G82: =D82+C82-J82 -> 1537 | H82: =K82+N82 -> 2261 | I82: =L82+O82 -> 2179 | J82: =M82+P82 -> 2316 | K82: =K81 -> 3000 | L82: =L81 -> 3000 | M82: =M81 -> 3000 | N82: =N81-Q82 -> -739 | O82: =O81-R82 -> -821 | P82: =P81-S82 -> -684 | Q82: 15 | R82: 28 | S82: 20 | T82: =D82+C82-V82 -> 2390 | U82: =U81-Q82 -> 1586 | V82: =V81-R82 -> 1463 | W82: =W81-S82 -> 1520
A83: 71 | B83: =B82+7 -> 45468 | C83: =C82 -> 1026 | D83: 2828 | E83: =C83+D83-H83 -> 1603 | F83: =C83+D83-I83 -> 1701 | G83: =D83+C83-J83 -> 1557 | H83: =K83+N83 -> 2251 | I83: =L83+O83 -> 2153 | J83: =M83+P83 -> 2297 | K83: =K82 -> 3000 | L83: =L82 -> 3000 | M83: =M82 -> 3000 | N83: =N82-Q83 -> -749 | O83: =O82-R83 -> -847 | P83: =P82-S83 -> -703 | Q83: 10 | R83: 26 | S83: 19 | T83: =D83+C83-V83 -> 2417 | U83: =U82-Q83 -> 1576 | V83: =V82-R83 -> 1437 | W83: =W82-S83 -> 1501
... A96: 84 | B96: =B95+7 -> 45559 | C96: =C95 -> 1026 | D96: 2841 | E96: =C96+D96-H96 -> 1719 | F96: =C96+D96-I96 -> 1859 | G96: =D96+C96-J96 -> 1710 | H96: =K96+N96 -> 2148 | I96: =L96+O96 -> 2008 | J96: =M96+P96 -> 2157 | K96: =K95 -> 3000 | L96: =L95 -> 3000 | M96: =M95 -> 3000 | N96: =N95-Q96 -> -852 | O96: =O95-R96 -> -992 | P96: =P95-S96 -> -843 | Q96: 6 | R96: 10 | S96: 7 | T96: =D96+C96-V96 -> 2575 | U96: =U95-Q96 -> 1473 | V96: =V95-R96 -> 1292 | W96: =W95-S96 -> 1361
A97: 85 | B97: =B96+6 -> 45565 | C97: =C96 -> 1026 | D97: 2842 | E97: =C97+D97-H97 -> 1727 | F97: =C97+D97-I97 -> 1870 | G97: =D97+C97-J97 -> 1717 | H97: =K97+N97 -> 2141 | I97: =L97+O97 -> 1998 | J97: =M97+P97 -> 2151 | K97: =K96 -> 3000 | L97: =L96 -> 3000 | M97: =M96 -> 3000 | N97: =N96-Q97 -> -859 | O97: =O96-R97 -> -1002 | P97: =P96-S97 -> -849 | Q97: 7 | R97: 10 | S97: 6 | T97: =D97+C97-V97 -> 2586 | U97: =U96-Q97 -> 1466 | V97: =V96-R97 -> 1282 | W97: =W96-S97 -> 1355
A98: 86 | B98: =B97+1 -> 45566 | C98: =C97 -> 1026 | D98: 2843 | E98: =C98+D98-H98 -> 1734 | F98: =C98+D98-I98 -> 1881 | G98: =D98+C98-J98 -> 1722 | H98: =K98+N98 -> 2135 | I98: =L98+O98 -> 1988 | J98: =M98+P98 -> 2147 | K98: =K97 -> 3000 | L98: =L97 -> 3000 | M98: =M97 -> 3000 | N98: =N97-Q98 -> -865 | O98: =O97-R98 -> -1012 | P98: =P97-S98 -> -853 | Q98: 6 | R98: 10 | S98: 4 | T98: =D98+C98-V98 -> 2597 | U98: =U97-Q98 -> 1460 | V98: =V97-R98 -> 1272 | W98: =W97-S98 -> 1351
A99: 87 | B99: =B98+1 -> 45567 | C99: =C98 -> 1026 | D99: 2844 | E99: =C99+D99-H99 -> 1740 | F99: =C99+D99-I99 -> 1892 | G99: =D99+C99-J99 -> 1726 | H99: =K99+N99 -> 2130 | I99: =L99+O99 -> 1978 | J99: =M99+P99 -> 2144 | K99: =K98 -> 3000 | L99: =L98 -> 3000 | M99: =M98 -> 3000 | N99: =N98-Q99 -> -870 | O99: =O98-R99 -> -1022 | P99: =P98-S99 -> -856 | Q99: 5 | R99: 10 | S99: 3 | T99: =D99+C99-V99 -> 2608 | U99: =U98-Q99 -> 1455 | V99: =V98-R99 -> 1262 | W99: =W98-S99 -> 1348
A100: 88 | B100: =B99+1 -> 45568 | C100: =C99 -> 1026 | D100: 2845 | E100: =C100+D100-H100 -> 1746 | F100: =C100+D100-I100 -> 1903 | G100: =D100+C100-J100 -> 1732 | H100: =K100+N100 -> 2125 | I100: =L100+O100 -> 1968 | J100: =M100+P100 -> 2139 | K100: =K99 -> 3000 | L100: =L99 -> 3000 | M100: =M99 -> 3000 | N100: =N99-Q100 -> -875 | O100: =O99-R100 -> -1032 | P100: =P99-S100 -> -861 | Q100: 5 | R100: 10 | S100: 5 | T100: =D100+C100-V100 -> 2619 | U100: =U99-Q100 -> 1450 | V100: =V99-R100 -> 1252 | W100: =W99-S100 -> 1343
A101: 89 | B101: =B100+1 -> 45569 | C101: =C100 -> 1026 | D101: 2846 | E101: =C101+D101-H101 -> 1751 | F101: =C101+D101-I101 -> 1914 | G101: =D101+C101-J101 -> 1737 | H101: =K101+N101 -> 2121 | I101: =L101+O101 -> 1958 | J101: =M101+P101 -> 2135 | K101: =K100 -> 3000 | L101: =L100 -> 3000 | M101: =M100 -> 3000 | N101: =N100-Q101 -> -879 | O101: =O100-R101 -> -1042 | P101: =P100-S101 -> -865 | Q101: 4 | R101: 10 | S101: 4 | T101: =D101+C101-V101 -> 2630 | U101: =U100-Q101 -> 1446 | V101: =V100-R101 -> 1242 | W101: =W100-S101 -> 1339
A102: 90 | B102: =B101+1 -> 45570 | C102: =C101 -> 1026 | D102: 2847 | E102: =C102+D102-H102 -> 1758 | F102: =C102+D102-I102 -> 1925 | G102: =D102+C102-J102 -> 1740 | H102: =K102+N102 -> 2115 | I102: =L102+O102 -> 1948 | J102: =M102+P102 -> 2133 | K102: =K101 -> 3000 | L102: =L101 -> 3000 | M102: =M101 -> 3000 | N102: =N101-Q102 -> -885 | O102: =O101-R102 -> -1052 | P102: =P101-S102 -> -867 | Q102: 6 | R102: 10 | S102: 2 | T102: =D102+C102-V102 -> 2641 | U102: =U101-Q102 -> 1440 | V102: =V101-R102 -> 1232 | W102: =W101-S102 -> 1337
A103: 91 | B103: =B102+1 -> 45571 | C103: =C102 -> 1026 | D103: 2848 | E103: =C103+D103-H103 -> 1764 | F103: =C103+D103-I103 -> 1936 | G103: =D103+C103-J103 -> 1746 | H103: =K103+N103 -> 2110 | I103: =L103+O103 -> 1938 | J103: =M103+P103 -> 2128 | K103: =K102 -> 3000 | L103: =L102 -> 3000 | M103: =M102 -> 3000 | N103: =N102-Q103 -> -890 | O103: =O102-R103 -> -1062 | P103: =P102-S103 -> -872 | Q103: 5 | R103: 10 | S103: 5 | T103: =D103+C103-V103 -> 2652 | U103: =U102-Q103 -> 1435 | V103: =V102-R103 -> 1222 | W103: =W102-S103 -> 1332
A104: 92 | B104: =B103+1 -> 45572 | C104: =C103 -> 1026 | D104: 2849 | E104: =C104+D104-H104 -> 1772 | F104: =C104+D104-I104 -> 1947 | G104: =D104+C104-J104 -> 1751 | H104: =K104+N104 -> 2103 | I104: =L104+O104 -> 1928 | J104: =M104+P104 -> 2124 | K104: =K103 -> 3000 | L104: =L103 -> 3000 | M104: =M103 -> 3000 | N104: =N103-Q104 -> -897 | O104: =O103-R104 -> -1072 | P104: =P103-S104 -> -876 | Q104: 7 | R104: 10 | S104: 4 | T104: =D104+C104-V104 -> 2663 | U104: =U103-Q104 -> 1428 | V104: =V103-R104 -> 1212 | W104: =W103-S104 -> 1328
A105: 93 | B105: =B104+1 -> 45573 | C105: =C104 -> 1026 | D105: 2850 | E105: =C105+D105-H105 -> 1778 | F105: =C105+D105-I105 -> 1958 | G105: =D105+C105-J105 -> 1757 | H105: =K105+N105 -> 2098 | I105: =L105+O105 -> 1918 | J105: =M105+P105 -> 2119 | K105: =K104 -> 3000 | L105: =L104 -> 3000 | M105: =M104 -> 3000 | N105: =N104-Q105 -> -902 | O105: =O104-R105 -> -1082 | P105: =P104-S105 -> -881 | Q105: 5 | R105: 10 | S105: 5 | T105: =D105+C105-V105 -> 2674 | U105: =U104-Q105 -> 1423 | V105: =V104-R105 -> 1202 | W105: =W104-S105 -> 1323
A106: 94 | B106: =B105+1 -> 45574 | C106: =C105 -> 1026 | D106: 2851 | E106: =C106+D106-H106 -> 1789 | F106: =C106+D106-I106 -> 1969 | G106: =D106+C106-J106 -> 1762 | H106: =K106+N106 -> 2088 | I106: =L106+O106 -> 1908 | J106: =M106+P106 -> 2115 | K106: =K105 -> 3000 | L106: =L105 -> 3000 | M106: =M105 -> 3000 | N106: =N105-Q106 -> -912 | O106: =O105-R106 -> -1092 | P106: =P105-S106 -> -885 | Q106: 10 | R106: 10 | S106: 4 | T106: =D106+C106-V106 -> 2685 | U106: =U105-Q106 -> 1413 | V106: =V105-R106 -> 1192 | W106: =W105-S106 -> 1319
A107: 95 | B107: =B106+1 -> 45575 | C107: =C106 -> 1026 | D107: 2852 | E107: =C107+D107-H107 -> 1800 | F107: =C107+D107-I107 -> 1980 | G107: =D107+C107-J107 -> 1765 | H107: =K107+N107 -> 2078 | I107: =L107+O107 -> 1898 | J107: =M107+P107 -> 2113 | K107: =K106 -> 3000 | L107: =L106 -> 3000 | M107: =M106 -> 3000 | N107: =N106-Q107 -> -922 | O107: =O106-R107 -> -1102 | P107: =P106-S107 -> -887 | Q107: 10 | R107: 10 | S107: 2 | T107: =D107+C107-V107 -> 2696 | U107: =U106-Q107 -> 1403 | V107: =V106-R107 -> 1182 | W107: =W106-S107 -> 1317
A108: 96 | B108: =B107+1 -> 45576 | C108: =C107 -> 1026 | D108: 2853 | E108: =C108+D108-H108 -> 1811 | F108: =C108+D108-I108 -> 1991 | G108: =D108+C108-J108 -> 1769 | H108: =K108+N108 -> 2068 | I108: =L108+O108 -> 1888 | J108: =M108+P108 -> 2110 | K108: =K107 -> 3000 | L108: =L107 -> 3000 | M108: =M107 -> 3000 | N108: =N107-Q108 -> -932 | O108: =O107-R108 -> -1112 | P108: =P107-S108 -> -890 | Q108: 10 | R108: 10 | S108: 3 | T108: =D108+C108-V108 -> 2707 | U108: =U107-Q108 -> 1393 | V108: =V107-R108 -> 1172 | W108: =W107-S108 -> 1314
A109: 97 | B109: =B108+1 -> 45577 | C109: =C108 -> 1026 | D109: 2854 | E109: =C109+D109-H109 -> 1822 | F109: =C109+D109-I109 -> 2002 | G109: =D109+C109-J109 -> 1774 | H109: =K109+N109 -> 2058 | I109: =L109+O109 -> 1878 | J109: =M109+P109 -> 2106 | K109: =K108 -> 3000 | L109: =L108 -> 3000 | M109: =M108 -> 3000 | N109: =N108-Q109 -> -942 | O109: =O108-R109 -> -1122 | P109: =P108-S109 -> -894 | Q109: 10 | R109: 10 | S109: 4 | T109: =D109+C109-V109 -> 2718 | U109: =U108-Q109 -> 1383 | V109: =V108-R109 -> 1162 | W109: =W108-S109 -> 1310
... A111: 99 | B111: =B110+1 -> 45579 | C111: =C110 -> 1026 | D111: 2856 | E111: =C111+D111-H111 -> 1844 | F111: =C111+D111-I111 -> 2024 | G111: =D111+C111-J111 -> 1783 | H111: =K111+N111 -> 2038 | I111: =L111+O111 -> 1858 | J111: =M111+P111 -> 2099 | K111: =K110 -> 3000 | L111: =L110 -> 3000 | M111: =M110 -> 3000 | N111: =N110-Q111 -> -962 | O111: =O110-R111 -> -1142 | P111: =P110-S111 -> -901 | Q111: 10 | R111: 10 | S111: 2 | T111: =D111+C111-V111 -> 2740 | U111: =U110-Q111 -> 1363 | V111: =V110-R111 -> 1142 | W111: =W110-S111 -> 1303
A112: 100 | B112: =B111+1 -> 45580 | C112: =C111 -> 1026 | D112: 2857 | E112: =C112+D112-H112 -> 1855 | F112: =C112+D112-I112 -> 2040 | G112: =D112+C112-J112 -> 1790 | H112: =K112+N112 -> 2028 | I112: =L112+O112 -> 1843 | J112: =M112+P112 -> 2093 | K112: =K111 -> 3000 | L112: =L111 -> 3000 | M112: =M111 -> 3000 | N112: =N111-Q112 -> -972 | O112: =O111-R112 -> -1157 | P112: =P111-S112 -> -907 | Q112: 10 | R112: 15 | S112: 6 | T112: =D112+C112-V112 -> 1953 | U112: 1930 | V112: 1930 | W112: 1930
A113: 101 | B113: =B112+1 -> 45581 | C113: =C112 -> 1026 | D113: 2858 | E113: =C113+D113-H113 -> 1866 | F113: =C113+D113-I113 -> 2051 | G113: =D113+C113-J113 -> 1796 | H113: =K113+N113 -> 2018 | I113: =L113+O113 -> 1833 | J113: =M113+P113 -> 2088 | K113: =K112 -> 3000 | L113: =L112 -> 3000 | M113: =M112 -> 3000 | N113: =N112-Q113 -> -982 | O113: =O112-R113 -> -1167 | P113: =P112-S113 -> -912 | Q113: 10 | R113: 10 | S113: 5 | T113: =D113+C113-V113 -> 1964 | U113: =U112-Q113 -> 1920 | V113: =V112-R113 -> 1920 | W113: =W112-S113 -> 1925
A114: 102 | B114: =B113+1 -> 45582 | C114: =C113 -> 1026 | D114: 2859 | E114: =C114+D114-H114 -> 1877 | F114: =C114+D114-I114 -> 2062 | G114: =D114+C114-J114 -> 1803 | H114: =K114+N114 -> 2008 | I114: =L114+O114 -> 1823 | J114: =M114+P114 -> 2082 | K114: =K113 -> 3000 | L114: =L113 -> 3000 | M114: =M113 -> 3000 | N114: =N113-Q114 -> -992 | O114: =O113-R114 -> -1177 | P114: =P113-S114 -> -918 | Q114: 10 | R114: 10 | S114: 6 | T114: =D114+C114-V114 -> 1755 | U114: 2130 | V114: 2130 | W114: 2130
...

Sheet BC.124+900 
A1: DỰ ÁN THÀNH PHẦN ĐOẠN HẬU GIANG - CÀ MAU
A2: THUỘC DỰ ÁN XÂY DỰNG CÔNG TRÌNH ĐƯỜNG BỘ CAO TỐC BẮC - NAM PHÍA ĐÔNG GIAI ĐOẠN 2021 - 2025
A3: GÓI THẦU: THI CÔNG XÂY DỰNG ĐOẠN TUYẾN KM114+200-KM126+223
A4: CHỦ ĐẦU TƯ | I4: TƯ VẤN GIÁM SÁT | S4: NHÀ THẦU
A5: BAN QUẢN LÝ DỰ ÁN MỸ THUẬN | I5: LIÊN DANH TVGS PHÂN VIỆN KHCN GTVT PHÍA NAM VÀ CÔNG TY CỔ PHẦN TV KT&XD HỒNG HÀ | S5: LIÊN DANH TỔNG CÔNG TY XD SỐ 1 (CTCP) - CÔNG TY CỔ PHẦN HẢI ĐĂNG - CÔNG TY TNHH LIÊN HỢP XD VẠN CƯỜNG - CÔNG TY CỔ PHẦN XD VÀ ĐT 492 - CÔNG TY CỔ PHẦN XÂY DỰNG HẠ TẦNG BẮC TRUNG NAM
B6: BIỂU GHI ĐO QUAN TRẮC LÚN
B7: Người lập: | L7: Tên mốc:
B8: Thời tiết: | C8: ='[4]124+090'!C8 -> năng | L8: Cao độ mốc: | N8: ='124+900 '!M8 -> 1026
B9: Lý trình: | C9: ='124+900 '!C9 -> Km124+900 | L9: Ngày đặt bàn: | N9: =B13 -> 45243
B11: Ngày | C11: Ngày cộng dồn | D11: Cao độ mốc | E11: Số đọc mia của mốc | F11: Cao độ đường ngắm | G11: Trái | M11: Tim | S11: Phải | Z11: Chiều dày lớp đắp (m) | AA11: Chiều dày nền đắp (m) | AB11: Chiều dày nền đắp (m)
G12: Cao độ đắp (mm) | H12: Số đọc mia | I12: Cao độ quan trắc (mm) | J12: Cao độ bàn đo lún (mm) | K12: Độ lún (mm) | L12: Độ lún tích lũy (mm) | M12: Cao độ đắp (mm) | N12: Số đọc mia | O12: Cao độ quan trắc (mm) | P12: Cao độ bàn đo lún (mm) | Q12: Độ lún (mm) | R12: Độ lún tích lũy (mm) | S12: Cao độ đắp (mm) | T12: Số đọc mia | U12: Cao độ quan trắc (mm) | V12: Cao độ bàn đo lún (mm) | W12: Độ lún (mm) | X12: Độ lún tích lũy (mm)
B13: ='124+900 '!B13 -> 45243 | C13: 0 | D13: =VLOOKUP(B13,'124+900 '!B13:AA315,2,FALSE) -> 1026 | E13: =VLOOKUP(B13,'124+900 '!B13:AA314,3,FALSE) -> 1381 | F13: =D13+E13 -> 2407 | G13: =VLOOKUP(B13,'124+900 '!$B$13:$AA$314,20,FALSE) -> -121 | H13: =VLOOKUP(B13,'124+900 '!$B$13:$AA$314,4,FALSE) -> 1528 | I13: =F13-H13 -> 879 | J13: =VLOOKUP(B13,'124+900 '!$B$13:$AA$314,13,FALSE) -> -121 | K13: 0 | L13: 0 | M13: =VLOOKUP(B13,'124+900 '!$B$13:$AA$314,21,FALSE) -> -123 | N13: =VLOOKUP(B13,'124+900 '!$B$13:$AA$314,5,FALSE) -> 1530 | O13: =F13-N13 -> 877 | P13: =VLOOKUP(B13,'124+900 '!$B$13:$AA$314,14,FALSE) -> -123 | Q13: 0 | R13: 0 | S13: =VLOOKUP(B13,'124+900 '!$B$13:$AA$314,22,FALSE) -> -113 | T13: =VLOOKUP(B13,'124+900 '!$B$13:$AA$314,6,FALSE) -> 1520 | U13: =F13-T13 -> 887 | V13: =VLOOKUP(B13,'124+900 '!$B$13:$AA$314,15,FALSE) -> -113 | W13: 0 | X13: 0 | Y13: 0 | Z13: =IF(Y13>0,Y13,0)/1000 -> 0 | AA13: =Z13 -> 0 | AB13: 0 | AD13: =I13-J13 -> 1000
A14: 1 | B14: ='124+900 '!B14 -> 45244 | C14: =B14-$B$13 -> 1 | D14: =D13 -> 1026 | E14: =VLOOKUP(B14,'124+900 '!B14:AA314,3,FALSE) -> 1100 | F14: =D14+E14 -> 2126 | G14: =VLOOKUP(B14,'124+900 '!$B$13:$AA$314,20,FALSE) -> -121 | H14: =VLOOKUP(B14,'124+900 '!$B$13:$AA$314,4,FALSE) -> 1247 | I14: =F14-H14 -> 879 | J14: =VLOOKUP(B14,'124+900 '!$B$13:$AA$314,13,FALSE) -> -121 | K14: =J14-J13 -> 0 | L14: =L13+K14 -> 0 | M14: =VLOOKUP(B14,'124+900 '!$B$13:$AA$314,21,FALSE) -> -123 | N14: =VLOOKUP(B14,'124+900 '!$B$13:$AA$314,5,FALSE) -> 1249 | O14: =F14-N14 -> 877 | P14: =VLOOKUP(B14,'124+900 '!$B$13:$AA$314,14,FALSE) -> -123 | Q14: =P14-P13 -> 0 | R14: =R13+Q14 -> 0 | S14: =VLOOKUP(B14,'124+900 '!$B$13:$AA$314,22,FALSE) -> -113 | T14: =VLOOKUP(B14,'124+900 '!$B$13:$AA$314,6,FALSE) -> 1239 | U14: =F14-T14 -> 887 | V14: =VLOOKUP(B14,'124+900 '!$B$13:$AA$314,15,FALSE) -> -113 | W14: =V14-V13 -> 0 | X14: =X13+W14 -> 0 | Y14: =M14-M13 -> 0 | Z14: =IF(Y14>0,Y14,0)/1000 -> 0 | AA14: =AA13+Z14 -> 0 | AB14: =(M14-$M$13-R14)/1000 -> 0
A15: =A14+1 -> 2 | B15: ='124+900 '!B15 -> 45245 | C15: =B15-$B$13 -> 2 | D15: =D14 -> 1026 | E15: =VLOOKUP(B15,'124+900 '!B15:AA314,3,FALSE) -> 1488 | F15: =D15+E15 -> 2514 | G15: =VLOOKUP(B15,'124+900 '!$B$13:$AA$314,20,FALSE) -> -121 | H15: =VLOOKUP(B15,'124+900 '!$B$13:$AA$314,4,FALSE) -> 1635 | I15: =F15-H15 -> 879 | J15: =VLOOKUP(B15,'124+900 '!$B$13:$AA$314,13,FALSE) -> -121 | K15: =J15-J14 -> 0 | L15: =L14+K15 -> 0 | M15: =VLOOKUP(B15,'124+900 '!$B$13:$AA$314,21,FALSE) -> -123 | N15: =VLOOKUP(B15,'124+900 '!$B$13:$AA$314,5,FALSE) -> 1637 | O15: =F15-N15 -> 877 | P15: =VLOOKUP(B15,'124+900 '!$B$13:$AA$314,14,FALSE) -> -123 | Q15: =P15-P14 -> 0 | R15: =R14+Q15 -> 0 | S15: =VLOOKUP(B15,'124+900 '!$B$13:$AA$314,22,FALSE) -> -113 | T15: =VLOOKUP(B15,'124+900 '!$B$13:$AA$314,6,FALSE) -> 1627 | U15: =F15-T15 -> 887 | V15: =VLOOKUP(B15,'124+900 '!$B$13:$AA$314,15,FALSE) -> -113 | W15: =V15-V14 -> 0 | X15: =X14+W15 -> 0 | Y15: =M15-M14 -> 0 | Z15: =IF(Y15>0,Y15,0)/1000 -> 0 | AA15: =AA14+Z15 -> 0 | AB15: =(M15-$M$13-R15)/1000 -> 0
A16: =A15+1 -> 3 | B16: ='124+900 '!B16 -> 45249 | C16: =B16-$B$13 -> 6 | D16: =D15 -> 1026 | E16: =VLOOKUP(B16,'124+900 '!B16:AA314,3,FALSE) -> 1309 | F16: =D16+E16 -> 2335 | G16: =VLOOKUP(B16,'124+900 '!$B$13:$AA$314,20,FALSE) -> -121 | H16: =VLOOKUP(B16,'124+900 '!$B$13:$AA$314,4,FALSE) -> 1456 | I16: =F16-H16 -> 879 | J16: =VLOOKUP(B16,'124+900 '!$B$13:$AA$314,13,FALSE) -> -121 | K16: =J16-J15 -> 0 | L16: =L15+K16 -> 0 | M16: =VLOOKUP(B16,'124+900 '!$B$13:$AA$314,21,FALSE) -> -123 | N16: =VLOOKUP(B16,'124+900 '!$B$13:$AA$314,5,FALSE) -> 1458 | O16: =F16-N16 -> 877 | P16: =VLOOKUP(B16,'124+900 '!$B$13:$AA$314,14,FALSE) -> -123 | Q16: =P16-P15 -> 0 | R16: =R15+Q16 -> 0 | S16: =VLOOKUP(B16,'124+900 '!$B$13:$AA$314,22,FALSE) -> -113 | T16: =VLOOKUP(B16,'124+900 '!$B$13:$AA$314,6,FALSE) -> 1448 | U16: =F16-T16 -> 887 | V16: =VLOOKUP(B16,'124+900 '!$B$13:$AA$314,15,FALSE) -> -113 | W16: =V16-V15 -> 0 | X16: =X15+W16 -> 0 | Y16: =M16-M15 -> 0 | Z16: =IF(Y16>0,Y16,0)/1000 -> 0 | AA16: =AA15+Z16 -> 0 | AB16: =(M16-$M$13-R16)/1000 -> 0
A17: =A16+1 -> 4 | B17: ='124+900 '!B17 -> 45252 | C17: =B17-$B$13 -> 9 | D17: =D16 -> 1026 | E17: =VLOOKUP(B17,'124+900 '!B17:AA314,3,FALSE) -> 1374 | F17: =D17+E17 -> 2400 | G17: =VLOOKUP(B17,'124+900 '!$B$13:$AA$314,20,FALSE) -> -121 | H17: =VLOOKUP(B17,'124+900 '!$B$13:$AA$314,4,FALSE) -> 1521 | I17: =F17-H17 -> 879 | J17: =VLOOKUP(B17,'124+900 '!$B$13:$AA$314,13,FALSE) -> -121 | K17: =J17-J16 -> 0 | L17: =L16+K17 -> 0 | M17: =VLOOKUP(B17,'124+900 '!$B$13:$AA$314,21,FALSE) -> -123 | N17: =VLOOKUP(B17,'124+900 '!$B$13:$AA$314,5,FALSE) -> 1523 | O17: =F17-N17 -> 877 | P17: =VLOOKUP(B17,'124+900 '!$B$13:$AA$314,14,FALSE) -> -123 | Q17: =P17-P16 -> 0 | R17: =R16+Q17 -> 0 | S17: =VLOOKUP(B17,'124+900 '!$B$13:$AA$314,22,FALSE) -> -113 | T17: =VLOOKUP(B17,'124+900 '!$B$13:$AA$314,6,FALSE) -> 1513 | U17: =F17-T17 -> 887 | V17: =VLOOKUP(B17,'124+900 '!$B$13:$AA$314,15,FALSE) -> -113 | W17: =V17-V16 -> 0 | X17: =X16+W17 -> 0 | Y17: =M17-M16 -> 0 | Z17: =IF(Y17>0,Y17,0)/1000 -> 0 | AA17: =AA16+Z17 -> 0 | AB17: =(M17-$M$13-R17)/1000 -> 0
A18: =A17+1 -> 5 | B18: ='124+900 '!B18 -> 45259 | C18: =B18-$B$13 -> 16 | D18: =D17 -> 1026 | E18: =VLOOKUP(B18,'124+900 '!B18:AA314,3,FALSE) -> 1448 | F18: =D18+E18 -> 2474 | G18: =VLOOKUP(B18,'124+900 '!$B$13:$AA$314,20,FALSE) -> -121 | H18: =VLOOKUP(B18,'124+900 '!$B$13:$AA$314,4,FALSE) -> 1595 | I18: =F18-H18 -> 879 | J18: =VLOOKUP(B18,'124+900 '!$B$13:$AA$314,13,FALSE) -> -121 | K18: =J18-J17 -> 0 | L18: =L17+K18 -> 0 | M18: =VLOOKUP(B18,'124+900 '!$B$13:$AA$314,21,FALSE) -> -123 | N18: =VLOOKUP(B18,'124+900 '!$B$13:$AA$314,5,FALSE) -> 1597 | O18: =F18-N18 -> 877 | P18: =VLOOKUP(B18,'124+900 '!$B$13:$AA$314,14,FALSE) -> -123 | Q18: =P18-P17 -> 0 | R18: =R17+Q18 -> 0 | S18: =VLOOKUP(B18,'124+900 '!$B$13:$AA$314,22,FALSE) -> -113 | T18: =VLOOKUP(B18,'124+900 '!$B$13:$AA$314,6,FALSE) -> 1587 | U18: =F18-T18 -> 887 | V18: =VLOOKUP(B18,'124+900 '!$B$13:$AA$314,15,FALSE) -> -113 | W18: =V18-V17 -> 0 | X18: =X17+W18 -> 0 | Y18: =M18-M17 -> 0 | Z18: =IF(Y18>0,Y18,0)/1000 -> 0 | AA18: =AA17+Z18 -> 0 | AB18: =(M18-$M$13-R18)/1000 -> 0
A19: =A18+1 -> 6 | B19: ='124+900 '!B19 -> 45263 | C19: =B19-$B$13 -> 20 | D19: =D18 -> 1026 | E19: =VLOOKUP(B19,'124+900 '!B19:AA314,3,FALSE) -> 1495 | F19: =D19+E19 -> 2521 | G19: =VLOOKUP(B19,'124+900 '!$B$13:$AA$314,20,FALSE) -> -121 | H19: =VLOOKUP(B19,'124+900 '!$B$13:$AA$314,4,FALSE) -> 1642 | I19: =F19-H19 -> 879 | J19: =VLOOKUP(B19,'124+900 '!$B$13:$AA$314,13,FALSE) -> -121 | K19: =J19-J18 -> 0 | L19: =L18+K19 -> 0 | M19: =VLOOKUP(B19,'124+900 '!$B$13:$AA$314,21,FALSE) -> -123 | N19: =VLOOKUP(B19,'124+900 '!$B$13:$AA$314,5,FALSE) -> 1644 | O19: =F19-N19 -> 877 | P19: =VLOOKUP(B19,'124+900 '!$B$13:$AA$314,14,FALSE) -> -123 | Q19: =P19-P18 -> 0 | R19: =R18+Q19 -> 0 | S19: =VLOOKUP(B19,'124+900 '!$B$13:$AA$314,22,FALSE) -> -113 | T19: =VLOOKUP(B19,'124+900 '!$B$13:$AA$314,6,FALSE) -> 1634 | U19: =F19-T19 -> 887 | V19: =VLOOKUP(B19,'124+900 '!$B$13:$AA$314,15,FALSE) -> -113 | W19: =V19-V18 -> 0 | X19: =X18+W19 -> 0 | Y19: =M19-M18 -> 0 | Z19: =IF(Y19>0,Y19,0)/1000 -> 0 | AA19: =AA18+Z19 -> 0 | AB19: =(M19-$M$13-R19)/1000 -> 0
A20: =A19+1 -> 7 | B20: ='124+900 '!B20 -> 45264 | C20: =B20-$B$13 -> 21 | D20: =D19 -> 1026 | E20: =VLOOKUP(B20,'124+900 '!B20:AA314,3,FALSE) -> 1152 | F20: =D20+E20 -> 2178 | G20: =VLOOKUP(B20,'124+900 '!$B$13:$AA$314,20,FALSE) -> -121 | H20: =VLOOKUP(B20,'124+900 '!$B$13:$AA$314,4,FALSE) -> 1299 | I20: =F20-H20 -> 879 | J20: =VLOOKUP(B20,'124+900 '!$B$13:$AA$314,13,FALSE) -> -121 | K20: =J20-J19 -> 0 | L20: =L19+K20 -> 0 | M20: =VLOOKUP(B20,'124+900 '!$B$13:$AA$314,21,FALSE) -> -123 | N20: =VLOOKUP(B20,'124+900 '!$B$13:$AA$314,5,FALSE) -> 1301 | O20: =F20-N20 -> 877 | P20: =VLOOKUP(B20,'124+900 '!$B$13:$AA$314,14,FALSE) -> -123 | Q20: =P20-P19 -> 0 | R20: =R19+Q20 -> 0 | S20: =VLOOKUP(B20,'124+900 '!$B$13:$AA$314,22,FALSE) -> -113 | T20: =VLOOKUP(B20,'124+900 '!$B$13:$AA$314,6,FALSE) -> 1291 | U20: =F20-T20 -> 887 | V20: =VLOOKUP(B20,'124+900 '!$B$13:$AA$314,15,FALSE) -> -113 | W20: =V20-V19 -> 0 | X20: =X19+W20 -> 0 | Y20: =M20-M19 -> 0 | Z20: =IF(Y20>0,Y20,0)/1000 -> 0 | AA20: =AA19+Z20 -> 0 | AB20: =(M20-$M$13-R20)/1000 -> 0
B21: ='124+900 '!B21 -> 45265 | C21: =B21-$B$13 -> 22 | D21: =D20 -> 1026 | E21: =VLOOKUP(B21,'124+900 '!B21:AA314,3,FALSE) -> 1480 | F21: =D21+E21 -> 2506 | G21: =VLOOKUP(B21,'124+900 '!$B$13:$AA$314,20,FALSE) -> -121 | H21: =VLOOKUP(B21,'124+900 '!$B$13:$AA$314,4,FALSE) -> 1627 | I21: =F21-H21 -> 879 | J21: =VLOOKUP(B21,'124+900 '!$B$13:$AA$314,13,FALSE) -> -121 | K21: =J21-J20 -> 0 | L21: =L20+K21 -> 0 | M21: =VLOOKUP(B21,'124+900 '!$B$13:$AA$314,21,FALSE) -> -123 | N21: =VLOOKUP(B21,'124+900 '!$B$13:$AA$314,5,FALSE) -> 1629 | O21: =F21-N21 -> 877 | P21: =VLOOKUP(B21,'124+900 '!$B$13:$AA$314,14,FALSE) -> -123 | Q21: =P21-P20 -> 0 | R21: =R20+Q21 -> 0 | S21: =VLOOKUP(B21,'124+900 '!$B$13:$AA$314,22,FALSE) -> -113 | T21: =VLOOKUP(B21,'124+900 '!$B$13:$AA$314,6,FALSE) -> 1619 | U21: =F21-T21 -> 887 | V21: =VLOOKUP(B21,'124+900 '!$B$13:$AA$314,15,FALSE) -> -113 | W21: =V21-V20 -> 0 | X21: =X20+W21 -> 0 | Y21: =M21-M20 -> 0 | Z21: =IF(Y21>0,Y21,0)/1000 -> 0 | AA21: =AA20+Z21 -> 0 | AB21: =(M21-$M$13-R21)/1000 -> 0
B22: ='124+900 '!B22 -> 45266 | C22: =B22-$B$13 -> 23 | D22: =D21 -> 1026 | E22: =VLOOKUP(B22,'124+900 '!B22:AA314,3,FALSE) -> 1252 | F22: =D22+E22 -> 2278 | G22: =VLOOKUP(B22,'124+900 '!$B$13:$AA$314,20,FALSE) -> -121 | H22: =VLOOKUP(B22,'124+900 '!$B$13:$AA$314,4,FALSE) -> 1399 | I22: =F22-H22 -> 879 | J22: =VLOOKUP(B22,'124+900 '!$B$13:$AA$314,13,FALSE) -> -121 | K22: =J22-J21 -> 0 | L22: =L21+K22 -> 0 | M22: =VLOOKUP(B22,'124+900 '!$B$13:$AA$314,21,FALSE) -> -123 | N22: =VLOOKUP(B22,'124+900 '!$B$13:$AA$314,5,FALSE) -> 1401 | O22: =F22-N22 -> 877 | P22: =VLOOKUP(B22,'124+900 '!$B$13:$AA$314,14,FALSE) -> -123 | Q22: =P22-P21 -> 0 | R22: =R21+Q22 -> 0 | S22: =VLOOKUP(B22,'124+900 '!$B$13:$AA$314,22,FALSE) -> -113 | T22: =VLOOKUP(B22,'124+900 '!$B$13:$AA$314,6,FALSE) -> 1391 | U22: =F22-T22 -> 887 | V22: =VLOOKUP(B22,'124+900 '!$B$13:$AA$314,15,FALSE) -> -113 | W22: =V22-V21 -> 0 | X22: =X21+W22 -> 0 | Y22: =M22-M21 -> 0 | Z22: =IF(Y22>0,Y22,0)/1000 -> 0 | AA22: =AA21+Z22 -> 0 | AB22: =(M22-$M$13-R22)/1000 -> 0
B23: ='124+900 '!B23 -> 45267 | C23: =B23-$B$13 -> 24 | D23: =D22 -> 1026 | E23: =VLOOKUP(B23,'124+900 '!B23:AA314,3,FALSE) -> 1432 | F23: =D23+E23 -> 2458 | G23: =VLOOKUP(B23,'124+900 '!$B$13:$AA$314,20,FALSE) -> -121 | H23: =VLOOKUP(B23,'124+900 '!$B$13:$AA$314,4,FALSE) -> 1579 | I23: =F23-H23 -> 879 | J23: =VLOOKUP(B23,'124+900 '!$B$13:$AA$314,13,FALSE) -> -121 | K23: =J23-J22 -> 0 | L23: =L22+K23 -> 0 | M23: =VLOOKUP(B23,'124+900 '!$B$13:$AA$314,21,FALSE) -> -123 | N23: =VLOOKUP(B23,'124+900 '!$B$13:$AA$314,5,FALSE) -> 1581 | O23: =F23-N23 -> 877 | P23: =VLOOKUP(B23,'124+900 '!$B$13:$AA$314,14,FALSE) -> -123 | Q23: =P23-P22 -> 0 | R23: =R22+Q23 -> 0 | S23: =VLOOKUP(B23,'124+900 '!$B$13:$AA$314,22,FALSE) -> -113 | T23: =VLOOKUP(B23,'124+900 '!$B$13:$AA$314,6,FALSE) -> 1571 | U23: =F23-T23 -> 887 | V23: =VLOOKUP(B23,'124+900 '!$B$13:$AA$314,15,FALSE) -> -113 | W23: =V23-V22 -> 0 | X23: =X22+W23 -> 0 | Y23: =M23-M22 -> 0 | Z23: =IF(Y23>0,Y23,0)/1000 -> 0 | AA23: =AA22+Z23 -> 0 | AB23: =(M23-$M$13-R23)/1000 -> 0
B24: ='124+900 '!B24 -> 45268 | C24: =B24-$B$13 -> 25 | D24: =D23 -> 1026 | E24: =VLOOKUP(B24,'124+900 '!B24:AA314,3,FALSE) -> 1112 | F24: =D24+E24 -> 2138 | G24: =VLOOKUP(B24,'124+900 '!$B$13:$AA$314,20,FALSE) -> -121 | H24: =VLOOKUP(B24,'124+900 '!$B$13:$AA$314,4,FALSE) -> 1259 | I24: =F24-H24 -> 879 | J24: =VLOOKUP(B24,'124+900 '!$B$13:$AA$314,13,FALSE) -> -121 | K24: =J24-J23 -> 0 | L24: =L23+K24 -> 0 | M24: =VLOOKUP(B24,'124+900 '!$B$13:$AA$314,21,FALSE) -> -123 | N24: =VLOOKUP(B24,'124+900 '!$B$13:$AA$314,5,FALSE) -> 1261 | O24: =F24-N24 -> 877 | P24: =VLOOKUP(B24,'124+900 '!$B$13:$AA$314,14,FALSE) -> -123 | Q24: =P24-P23 -> 0 | R24: =R23+Q24 -> 0 | S24: =VLOOKUP(B24,'124+900 '!$B$13:$AA$314,22,FALSE) -> -113 | T24: =VLOOKUP(B24,'124+900 '!$B$13:$AA$314,6,FALSE) -> 1251 | U24: =F24-T24 -> 887 | V24: =VLOOKUP(B24,'124+900 '!$B$13:$AA$314,15,FALSE) -> -113 | W24: =V24-V23 -> 0 | X24: =X23+W24 -> 0 | Y24: =M24-M23 -> 0 | Z24: =IF(Y24>0,Y24,0)/1000 -> 0 | AA24: =AA23+Z24 -> 0 | AB24: =(M24-$M$13-R24)/1000 -> 0
B25: ='124+900 '!B25 -> 45269 | C25: =B25-$B$13 -> 26 | D25: =D24 -> 1026 | E25: =VLOOKUP(B25,'124+900 '!B25:AA314,3,FALSE) -> 1337 | F25: =D25+E25 -> 2363 | G25: =VLOOKUP(B25,'124+900 '!$B$13:$AA$314,20,FALSE) -> -121 | H25: =VLOOKUP(B25,'124+900 '!$B$13:$AA$314,4,FALSE) -> 1484 | I25: =F25-H25 -> 879 | J25: =VLOOKUP(B25,'124+900 '!$B$13:$AA$314,13,FALSE) -> -121 | K25: =J25-J24 -> 0 | L25: =L24+K25 -> 0 | M25: =VLOOKUP(B25,'124+900 '!$B$13:$AA$314,21,FALSE) -> -123 | N25: =VLOOKUP(B25,'124+900 '!$B$13:$AA$314,5,FALSE) -> 1486 | O25: =F25-N25 -> 877 | P25: =VLOOKUP(B25,'124+900 '!$B$13:$AA$314,14,FALSE) -> -123 | Q25: =P25-P24 -> 0 | R25: =R24+Q25 -> 0 | S25: =VLOOKUP(B25,'124+900 '!$B$13:$AA$314,22,FALSE) -> -113 | T25: =VLOOKUP(B25,'124+900 '!$B$13:$AA$314,6,FALSE) -> 1476 | U25: =F25-T25 -> 887 | V25: =VLOOKUP(B25,'124+900 '!$B$13:$AA$314,15,FALSE) -> -113 | W25: =V25-V24 -> 0 | X25: =X24+W25 -> 0 | Y25: =M25-M24 -> 0 | Z25: =IF(Y25>0,Y25,0)/1000 -> 0 | AA25: =AA24+Z25 -> 0 | AB25: =(M25-$M$13-R25)/1000 -> 0
B26: ='124+900 '!B26 -> 45270 | C26: =B26-$B$13 -> 27 | D26: =D25 -> 1026 | E26: =VLOOKUP(B26,'124+900 '!B26:AA314,3,FALSE) -> 1249 | F26: =D26+E26 -> 2275 | G26: =VLOOKUP(B26,'124+900 '!$B$13:$AA$314,20,FALSE) -> -121 | H26: =VLOOKUP(B26,'124+900 '!$B$13:$AA$314,4,FALSE) -> 1396 | I26: =F26-H26 -> 879 | J26: =VLOOKUP(B26,'124+900 '!$B$13:$AA$314,13,FALSE) -> -121 | K26: =J26-J25 -> 0 | L26: =L25+K26 -> 0 | M26: =VLOOKUP(B26,'124+900 '!$B$13:$AA$314,21,FALSE) -> -123 | N26: =VLOOKUP(B26,'124+900 '!$B$13:$AA$314,5,FALSE) -> 1398 | O26: =F26-N26 -> 877 | P26: =VLOOKUP(B26,'124+900 '!$B$13:$AA$314,14,FALSE) -> -123 | Q26: =P26-P25 -> 0 | R26: =R25+Q26 -> 0 | S26: =VLOOKUP(B26,'124+900 '!$B$13:$AA$314,22,FALSE) -> -113 | T26: =VLOOKUP(B26,'124+900 '!$B$13:$AA$314,6,FALSE) -> 1388 | U26: =F26-T26 -> 887 | V26: =VLOOKUP(B26,'124+900 '!$B$13:$AA$314,15,FALSE) -> -113 | W26: =V26-V25 -> 0 | X26: =X25+W26 -> 0 | Y26: =M26-M25 -> 0 | Z26: =IF(Y26>0,Y26,0)/1000 -> 0 | AA26: =AA25+Z26 -> 0 | AB26: =(M26-$M$13-R26)/1000 -> 0
B27: ='124+900 '!B27 -> 45271 | C27: =B27-$B$13 -> 28 | D27: =D26 -> 1026 | E27: =VLOOKUP(B27,'124+900 '!B27:AA314,3,FALSE) -> 1485 | F27: =D27+E27 -> 2511 | G27: =VLOOKUP(B27,'124+900 '!$B$13:$AA$314,20,FALSE) -> -121 | H27: =VLOOKUP(B27,'124+900 '!$B$13:$AA$314,4,FALSE) -> 632 | I27: =F27-H27 -> 1879 | J27: =VLOOKUP(B27,'124+900 '!$B$13:$AA$314,13,FALSE) -> -121 | K27: =J27-J26 -> 0 | L27: =L26+K27 -> 0 | M27: =VLOOKUP(B27,'124+900 '!$B$13:$AA$314,21,FALSE) -> -123 | N27: =VLOOKUP(B27,'124+900 '!$B$13:$AA$314,5,FALSE) -> 634 | O27: =F27-N27 -> 1877 | P27: =VLOOKUP(B27,'124+900 '!$B$13:$AA$314,14,FALSE) -> -123 | Q27: =P27-P26 -> 0 | R27: =R26+Q27 -> 0 | S27: =VLOOKUP(B27,'124+900 '!$B$13:$AA$314,22,FALSE) -> -113 | T27: =VLOOKUP(B27,'124+900 '!$B$13:$AA$314,6,FALSE) -> 624 | U27: =F27-T27 -> 1887 | V27: =VLOOKUP(B27,'124+900 '!$B$13:$AA$314,15,FALSE) -> -113 | W27: =V27-V26 -> 0 | X27: =X26+W27 -> 0 | Y27: =M27-M26 -> 0 | Z27: =IF(Y27>0,Y27,0)/1000 -> 0 | AA27: =AA26+Z27 -> 0 | AB27: =(M27-$M$13-R27)/1000 -> 0
B28: ='124+900 '!B28 -> 45272 | C28: =B28-$B$13 -> 29 | D28: =D27 -> 1026 | E28: =VLOOKUP(B28,'124+900 '!B28:AA314,3,FALSE) -> 1717 | F28: =D28+E28 -> 2743 | G28: =VLOOKUP(B28,'124+900 '!$B$13:$AA$314,20,FALSE) -> 0 | H28: =VLOOKUP(B28,'124+900 '!$B$13:$AA$314,4,FALSE) -> 864 | I28: =F28-H28 -> 1879 | J28: =VLOOKUP(B28,'124+900 '!$B$13:$AA$314,13,FALSE) -> -121 | K28: =J28-J27 -> 0 | L28: =L27+K28 -> 0 | M28: =VLOOKUP(B28,'124+900 '!$B$13:$AA$314,21,FALSE) -> 0 | N28: =VLOOKUP(B28,'124+900 '!$B$13:$AA$314,5,FALSE) -> 866 | O28: =F28-N28 -> 1877 | P28: =VLOOKUP(B28,'124+900 '!$B$13:$AA$314,14,FALSE) -> -123 | Q28: =P28-P27 -> 0 | R28: =R27+Q28 -> 0 | S28: =VLOOKUP(B28,'124+900 '!$B$13:$AA$314,22,FALSE) -> 0 | T28: =VLOOKUP(B28,'124+900 '!$B$13:$AA$314,6,FALSE) -> 856 | U28: =F28-T28 -> 1887 | V28: =VLOOKUP(B28,'124+900 '!$B$13:$AA$314,15,FALSE) -> -113 | W28: =V28-V27 -> 0 | X28: =X27+W28 -> 0 | Y28: =M28-M27 -> 123 | Z28: =IF(Y28>0,Y28,0)/1000 -> 0.123 | AA28: =AA27+Z28 -> 0.123 | AB28: =(M28-$M$13-R28)/1000 -> 0.123
B29: ='124+900 '!B29 -> 45273 | C29: =B29-$B$13 -> 30 | D29: =D28 -> 1026 | E29: =VLOOKUP(B29,'124+900 '!B12:AA609,3,FALSE) -> 1620 | F29: =D29+E29 -> 2646 | G29: =VLOOKUP(B29,'124+900 '!$B$13:$AA$314,20,FALSE) -> -5 | H29: =VLOOKUP(B29,'124+900 '!$B$13:$AA$314,4,FALSE) -> 772 | I29: =F29-H29 -> 1874 | J29: =VLOOKUP(B29,'124+900 '!$B$13:$AA$314,13,FALSE) -> -126 | K29: =J29-J28 -> -5 | L29: =L28+K29 -> -5 | M29: =VLOOKUP(B29,'124+900 '!$B$13:$AA$314,21,FALSE) -> -7 | N29: =VLOOKUP(B29,'124+900 '!$B$13:$AA$314,5,FALSE) -> 776 | O29: =F29-N29 -> 1870 | P29: =VLOOKUP(B29,'124+900 '!$B$13:$AA$314,14,FALSE) -> -130 | Q29: =P29-P28 -> -7 | R29: =R28+Q29 -> -7 | S29: =VLOOKUP(B29,'124+900 '!$B$13:$AA$314,22,FALSE) -> -8 | T29: =VLOOKUP(B29,'124+900 '!$B$13:$AA$314,6,FALSE) -> 767 | U29: =F29-T29 -> 1879 | V29: =VLOOKUP(B29,'124+900 '!$B$13:$AA$314,15,FALSE) -> -121 | W29: =V29-V28 -> -8 | X29: =X28+W29 -> -8 | Y29: =M29-M28 -> -7 | Z29: =IF(Y29>0,Y29,0)/1000 -> 0 | AA29: =AA28+Z29 -> 0.123 | AB29: =(M29-$M$13-R29)/1000 -> 0.123
B30: ='124+900 '!B30 -> 45274 | C30: =B30-$B$13 -> 31 | D30: =D29 -> 1026 | E30: =VLOOKUP(B30,'124+900 '!B13:AA610,3,FALSE) -> 1856 | F30: =D30+E30 -> 2882 | G30: =VLOOKUP(B30,'124+900 '!$B$13:$AA$314,20,FALSE) -> -9 | H30: =VLOOKUP(B30,'124+900 '!$B$13:$AA$314,4,FALSE) -> 1012 | I30: =F30-H30 -> 1870 | J30: =VLOOKUP(B30,'124+900 '!$B$13:$AA$314,13,FALSE) -> -130 | K30: =J30-J29 -> -4 | L30: =L29+K30 -> -9 | M30: =VLOOKUP(B30,'124+900 '!$B$13:$AA$314,21,FALSE) -> -14 | N30: =VLOOKUP(B30,'124+900 '!$B$13:$AA$314,5,FALSE) -> 1019 | O30: =F30-N30 -> 1863 | P30: =VLOOKUP(B30,'124+900 '!$B$13:$AA$314,14,FALSE) -> -137 | Q30: =P30-P29 -> -7 | R30: =R29+Q30 -> -14 | S30: =VLOOKUP(B30,'124+900 '!$B$13:$AA$314,22,FALSE) -> -16 | T30: =VLOOKUP(B30,'124+900 '!$B$13:$AA$314,6,FALSE) -> 1011 | U30: =F30-T30 -> 1871 | V30: =VLOOKUP(B30,'124+900 '!$B$13:$AA$314,15,FALSE) -> -129 | W30: =V30-V29 -> -8 | X30: =X29+W30 -> -16 | Y30: =M30-M29 -> -7 | Z30: =IF(Y30>0,Y30,0)/1000 -> 0 | AA30: =AA29+Z30 -> 0.123 | AB30: =(M30-$M$13-R30)/1000 -> 0.123
B31: ='124+900 '!B31 -> 45275 | C31: =B31-$B$13 -> 32 | D31: =D30 -> 1026 | E31: =VLOOKUP(B31,'124+900 '!B13:AA611,3,FALSE) -> 1902 | F31: =D31+E31 -> 2928 | G31: =VLOOKUP(B31,'124+900 '!$B$13:$AA$314,20,FALSE) -> 300 | H31: =VLOOKUP(B31,'124+900 '!$B$13:$AA$314,4,FALSE) -> 1065 | I31: =F31-H31 -> 1863 | J31: =VLOOKUP(B31,'124+900 '!$B$13:$AA$314,13,FALSE) -> -137 | K31: =J31-J30 -> -7 | L31: =L30+K31 -> -16 | M31: =VLOOKUP(B31,'124+900 '!$B$13:$AA$314,21,FALSE) -> 300 | N31: =VLOOKUP(B31,'124+900 '!$B$13:$AA$314,5,FALSE) -> 1071 | O31: =F31-N31 -> 1857 | P31: =VLOOKUP(B31,'124+900 '!$B$13:$AA$314,14,FALSE) -> -143 | Q31: =P31-P30 -> -6 | R31: =R30+Q31 -> -20 | S31: =VLOOKUP(B31,'124+900 '!$B$13:$AA$314,22,FALSE) -> 300 | T31: =VLOOKUP(B31,'124+900 '!$B$13:$AA$314,6,FALSE) -> 1064 | U31: =F31-T31 -> 1864 | V31: =VLOOKUP(B31,'124+900 '!$B$13:$AA$314,15,FALSE) -> -136 | W31: =V31-V30 -> -7 | X31: =X30+W31 -> -23 | Y31: =M31-M30 -> 314 | Z31: =IF(Y31>0,Y31,0)/1000 -> 0.314 | AA31: =AA30+Z31 -> 0.437 | AB31: =(M31-$M$13-R31)/1000 -> 0.443
B32: ='124+900 '!B32 -> 45276 | C32: =B32-$B$13 -> 33 | D32: =D31 -> 1026 | E32: =VLOOKUP(B32,'124+900 '!B14:AA612,3,FALSE) -> 1836 | F32: =D32+E32 -> 2862 | G32: =VLOOKUP(B32,'124+900 '!$B$13:$AA$314,20,FALSE) -> 295 | H32: =VLOOKUP(B32,'124+900 '!$B$13:$AA$314,4,FALSE) -> 1004 | I32: =F32-H32 -> 1858 | J32: =VLOOKUP(B32,'124+900 '!$B$13:$AA$314,13,FALSE) -> -142 | K32: =J32-J31 -> -5 | L32: =L31+K32 -> -21 | M32: =VLOOKUP(B32,'124+900 '!$B$13:$AA$314,21,FALSE) -> 293 | N32: =VLOOKUP(B32,'124+900 '!$B$13:$AA$314,5,FALSE) -> 1012 | O32: =F32-N32 -> 1850 | P32: =VLOOKUP(B32,'124+900 '!$B$13:$AA$314,14,FALSE) -> -150 | Q32: =P32-P31 -> -7 | R32: =R31+Q32 -> -27 | S32: =VLOOKUP(B32,'124+900 '!$B$13:$AA$314,22,FALSE) -> 292 | T32: =VLOOKUP(B32,'124+900 '!$B$13:$AA$314,6,FALSE) -> 1006 | U32: =F32-T32 -> 1856 | V32: =VLOOKUP(B32,'124+900 '!$B$13:$AA$314,15,FALSE) -> -144 | W32: =V32-V31 -> -8 | X32: =X31+W32 -> -31 | Y32: =M32-M31 -> -7 | Z32: =IF(Y32>0,Y32,0)/1000 -> 0 | AA32: =AA31+Z32 -> 0.437 | AB32: =(M32-$M$13-R32)/1000 -> 0.443
B33: ='124+900 '!B33 -> 45277 | C33: =B33-$B$13 -> 34 | D33: =D32 -> 1026 | E33: =VLOOKUP(B33,'124+900 '!B15:AA613,3,FALSE) -> 1671 | F33: =D33+E33 -> 2697 | G33: =VLOOKUP(B33,'124+900 '!$B$13:$AA$314,20,FALSE) -> 288 | H33: =VLOOKUP(B33,'124+900 '!$B$13:$AA$314,4,FALSE) -> 846 | I33: =F33-H33 -> 1851 | J33: =VLOOKUP(B33,'124+900 '!$B$13:$AA$314,13,FALSE) -> -149 | K33: =J33-J32 -> -7 | L33: =L32+K33 -> -28 | M33: =VLOOKUP(B33,'124+900 '!$B$13:$AA$314,21,FALSE) -> 287 | N33: =VLOOKUP(B33,'124+900 '!$B$13:$AA$314,5,FALSE) -> 853 | O33: =F33-N33 -> 1844 | P33: =VLOOKUP(B33,'124+900 '!$B$13:$AA$314,14,FALSE) -> -156 | Q33: =P33-P32 -> -6 | R33: =R32+Q33 -> -33 | S33: =VLOOKUP(B33,'124+900 '!$B$13:$AA$314,22,FALSE) -> 286 | T33: =VLOOKUP(B33,'124+900 '!$B$13:$AA$314,6,FALSE) -> 847 | U33: =F33-T33 -> 1850 | V33: =VLOOKUP(B33,'124+900 '!$B$13:$AA$314,15,FALSE) -> -150 | W33: =V33-V32 -> -6 | X33: =X32+W33 -> -37 | Y33: =M33-M32 -> -6 | Z33: =IF(Y33>0,Y33,0)/1000 -> 0 | AA33: =AA32+Z33 -> 0.437 | AB33: =(M33-$M$13-R33)/1000 -> 0.443
B34: ='124+900 '!B34 -> 45278 | C34: =B34-$B$13 -> 35 | D34: =D33 -> 1026 | E34: =VLOOKUP(B34,'124+900 '!B16:AA614,3,FALSE) -> 1740 | F34: =D34+E34 -> 2766 | G34: =VLOOKUP(B34,'124+900 '!$B$13:$AA$314,20,FALSE) -> 600 | H34: =VLOOKUP(B34,'124+900 '!$B$13:$AA$314,4,FALSE) -> 921 | I34: =F34-H34 -> 1845 | J34: =VLOOKUP(B34,'124+900 '!$B$13:$AA$314,13,FALSE) -> -155 | K34: =J34-J33 -> -6 | L34: =L33+K34 -> -34 | M34: =VLOOKUP(B34,'124+900 '!$B$13:$AA$314,21,FALSE) -> 600 | N34: =VLOOKUP(B34,'124+900 '!$B$13:$AA$314,5,FALSE) -> 929 | O34: =F34-N34 -> 1837 | P34: =VLOOKUP(B34,'124+900 '!$B$13:$AA$314,14,FALSE) -> -163 | Q34: =P34-P33 -> -7 | R34: =R33+Q34 -> -40 | S34: =VLOOKUP(B34,'124+900 '!$B$13:$AA$314,22,FALSE) -> 600 | T34: =VLOOKUP(B34,'124+900 '!$B$13:$AA$314,6,FALSE) -> 923 | U34: =F34-T34 -> 1843 | V34: =VLOOKUP(B34,'124+900 '!$B$13:$AA$314,15,FALSE) -> -157 | W34: =V34-V33 -> -7 | X34: =X33+W34 -> -44 | Y34: =M34-M33 -> 313 | Z34: =IF(Y34>0,Y34,0)/1000 -> 0.313 | AA34: =AA33+Z34 -> 0.75 | AB34: =(M34-$M$13-R34)/1000 -> 0.763
B35: ='124+900 '!B35 -> 45279 | C35: =B35-$B$13 -> 36 | D35: =D34 -> 1026 | E35: =VLOOKUP(B35,'124+900 '!B17:AA615,3,FALSE) -> 1684 | F35: =D35+E35 -> 2710 | G35: =VLOOKUP(B35,'124+900 '!$B$13:$AA$314,20,FALSE) -> 595 | H35: =VLOOKUP(B35,'124+900 '!$B$13:$AA$314,4,FALSE) -> 870 | I35: =F35-H35 -> 1840 | J35: =VLOOKUP(B35,'124+900 '!$B$13:$AA$314,13,FALSE) -> -160 | K35: =J35-J34 -> -5 | L35: =L34+K35 -> -39 | M35: =VLOOKUP(B35,'124+900 '!$B$13:$AA$314,21,FALSE) -> 593 | N35: =VLOOKUP(B35,'124+900 '!$B$13:$AA$314,5,FALSE) -> 880 | O35: =F35-N35 -> 1830 | P35: =VLOOKUP(B35,'124+900 '!$B$13:$AA$314,14,FALSE) -> -170 | Q35: =P35-P34 -> -7 | R35: =R34+Q35 -> -47 | S35: =VLOOKUP(B35,'124+900 '!$B$13:$AA$314,22,FALSE) -> 592 | T35: =VLOOKUP(B35,'124+900 '!$B$13:$AA$314,6,FALSE) -> 875 | U35: =F35-T35 -> 1835 | V35: =VLOOKUP(B35,'124+900 '!$B$13:$AA$314,15,FALSE) -> -165 | W35: =V35-V34 -> -8 | X35: =X34+W35 -> -52 | Y35: =M35-M34 -> -7 | Z35: =IF(Y35>0,Y35,0)/1000 -> 0 | AA35: =AA34+Z35 -> 0.75 | AB35: =(M35-$M$13-R35)/1000 -> 0.763
B36: ='124+900 '!B36 -> 45280 | C36: =B36-$B$13 -> 37 | D36: =D35 -> 1026 | E36: =VLOOKUP(B36,'124+900 '!B18:AA616,3,FALSE) -> 1957 | F36: =D36+E36 -> 2983 | G36: =VLOOKUP(B36,'124+900 '!$B$13:$AA$314,20,FALSE) -> 589 | H36: =VLOOKUP(B36,'124+900 '!$B$13:$AA$314,4,FALSE) -> 149 | I36: =F36-H36 -> 2834 | J36: =VLOOKUP(B36,'124+900 '!$B$13:$AA$314,13,FALSE) -> -166 | K36: =J36-J35 -> -6 | L36: =L35+K36 -> -45 | M36: =VLOOKUP(B36,'124+900 '!$B$13:$AA$314,21,FALSE) -> 587 | N36: =VLOOKUP(B36,'124+900 '!$B$13:$AA$314,5,FALSE) -> 159 | O36: =F36-N36 -> 2824 | P36: =VLOOKUP(B36,'124+900 '!$B$13:$AA$314,14,FALSE) -> -176 | Q36: =P36-P35 -> -6 | R36: =R35+Q36 -> -53 | S36: =VLOOKUP(B36,'124+900 '!$B$13:$AA$314,22,FALSE) -> 586 | T36: =VLOOKUP(B36,'124+900 '!$B$13:$AA$314,6,FALSE) -> 154 | U36: =F36-T36 -> 2829 | V36: =VLOOKUP(B36,'124+900 '!$B$13:$AA$314,15,FALSE) -> -171 | W36: =V36-V35 -> -6 | X36: =X35+W36 -> -58 | Y36: =M36-M35 -> -6 | Z36: =IF(Y36>0,Y36,0)/1000 -> 0 | AA36: =AA35+Z36 -> 0.75 | AB36: =(M36-$M$13-R36)/1000 -> 0.763
B37: ='124+900 '!B37 -> 45281 | C37: =B37-$B$13 -> 38 | D37: =D36 -> 1026 | E37: =VLOOKUP(B37,'124+900 '!B19:AA617,3,FALSE) -> 2495 | F37: =D37+E37 -> 3521 | G37: =VLOOKUP(B37,'124+900 '!$B$13:$AA$314,20,FALSE) -> 900 | H37: =VLOOKUP(B37,'124+900 '!$B$13:$AA$314,4,FALSE) -> 692 | I37: =F37-H37 -> 2829 | J37: =VLOOKUP(B37,'124+900 '!$B$13:$AA$314,13,FALSE) -> -171 | K37: =J37-J36 -> -5 | L37: =L36+K37 -> -50 | M37: =VLOOKUP(B37,'124+900 '!$B$13:$AA$314,21,FALSE) -> 900 | N37: =VLOOKUP(B37,'124+900 '!$B$13:$AA$314,5,FALSE) -> 704 | O37: =F37-N37 -> 2817 | P37: =VLOOKUP(B37,'124+900 '!$B$13:$AA$314,14,FALSE) -> -183 | Q37: =P37-P36 -> -7 | R37: =R36+Q37 -> -60 | S37: =VLOOKUP(B37,'124+900 '!$B$13:$AA$314,22,FALSE) -> 900 | T37: =VLOOKUP(B37,'124+900 '!$B$13:$AA$314,6,FALSE) -> 699 | U37: =F37-T37 -> 2822 | V37: =VLOOKUP(B37,'124+900 '!$B$13:$AA$314,15,FALSE) -> -178 | W37: =V37-V36 -> -7 | X37: =X36+W37 -> -65 | Y37: =M37-M36 -> 313 | Z37: =IF(Y37>0,Y37,0)/1000 -> 0.313 | AA37: =AA36+Z37 -> 1.063 | AB37: =(M37-$M$13-R37)/1000 -> 1.083
B38: ='124+900 '!B38 -> 45285 | C38: =B38-$B$13 -> 42 | D38: =D37 -> 1026 | E38: =VLOOKUP(B38,'124+900 '!B20:AA618,3,FALSE) -> 2458 | F38: =D38+E38 -> 3484 | G38: =VLOOKUP(B38,'124+900 '!$B$13:$AA$314,20,FALSE) -> 894 | H38: =VLOOKUP(B38,'124+900 '!$B$13:$AA$314,4,FALSE) -> 661 | I38: =F38-H38 -> 2823 | J38: =VLOOKUP(B38,'124+900 '!$B$13:$AA$314,13,FALSE) -> -177 | K38: =J38-J37 -> -6 | L38: =L37+K38 -> -56 | M38: =VLOOKUP(B38,'124+900 '!$B$13:$AA$314,21,FALSE) -> 893 | N38: =VLOOKUP(B38,'124+900 '!$B$13:$AA$314,5,FALSE) -> 674 | O38: =F38-N38 -> 2810 | P38: =VLOOKUP(B38,'124+900 '!$B$13:$AA$314,14,FALSE) -> -190 | Q38: =P38-P37 -> -7 | R38: =R37+Q38 -> -67 | S38: =VLOOKUP(B38,'124+900 '!$B$13:$AA$314,22,FALSE) -> 894 | T38: =VLOOKUP(B38,'124+900 '!$B$13:$AA$314,6,FALSE) -> 668 | U38: =F38-T38 -> 2816 | V38: =VLOOKUP(B38,'124+900 '!$B$13:$AA$314,15,FALSE) -> -184 | W38: =V38-V37 -> -6 | X38: =X37+W38 -> -71 | Y38: =M38-M37 -> -7 | Z38: =IF(Y38>0,Y38,0)/1000 -> 0 | AA38: =AA37+Z38 -> 1.063 | AB38: =(M38-$M$13-R38)/1000 -> 1.083
B39: ='124+900 '!B39 -> 45288 | C39: =B39-$B$13 -> 45 | D39: =D38 -> 1026 | E39: =VLOOKUP(B39,'124+900 '!B21:AA619,3,FALSE) -> 2156 | F39: =D39+E39 -> 3182 | G39: =VLOOKUP(B39,'124+900 '!$B$13:$AA$314,20,FALSE) -> 886 | H39: =VLOOKUP(B39,'124+900 '!$B$13:$AA$314,4,FALSE) -> 367 | I39: =F39-H39 -> 2815 | J39: =VLOOKUP(B39,'124+900 '!$B$13:$AA$314,13,FALSE) -> -185 | K39: =J39-J38 -> -8 | L39: =L38+K39 -> -64 | M39: =VLOOKUP(B39,'124+900 '!$B$13:$AA$314,21,FALSE) -> 890 | N39: =VLOOKUP(B39,'124+900 '!$B$13:$AA$314,5,FALSE) -> 375 | O39: =F39-N39 -> 2807 | P39: =VLOOKUP(B39,'124+900 '!$B$13:$AA$314,14,FALSE) -> -193 | Q39: =P39-P38 -> -3 | R39: =R38+Q39 -> -70 | S39: =VLOOKUP(B39,'124+900 '!$B$13:$AA$314,22,FALSE) -> 889 | T39: =VLOOKUP(B39,'124+900 '!$B$13:$AA$314,6,FALSE) -> 371 | U39: =F39-T39 -> 2811 | V39: =VLOOKUP(B39,'124+900 '!$B$13:$AA$314,15,FALSE) -> -189 | W39: =V39-V38 -> -5 | X39: =X38+W39 -> -76 | Y39: =M39-M38 -> -3 | Z39: =IF(Y39>0,Y39,0)/1000 -> 0 | AA39: =AA38+Z39 -> 1.063 | AB39: =(M39-$M$13-R39)/1000 -> 1.083
B40: ='124+900 '!B40 -> 45295 | C40: =B40-$B$13 -> 52 | D40: =D39 -> 1026 | E40: =VLOOKUP(B40,'124+900 '!B22:AA620,3,FALSE) -> 2311 | F40: =D40+E40 -> 3337 | G40: =VLOOKUP(B40,'124+900 '!$B$13:$AA$314,20,FALSE) -> 876 | H40: =VLOOKUP(B40,'124+900 '!$B$13:$AA$314,4,FALSE) -> 532 | I40: =F40-H40 -> 2805 | J40: =VLOOKUP(B40,'124+900 '!$B$13:$AA$314,13,FALSE) -> -195 | K40: =J40-J39 -> -10 | L40: =L39+K40 -> -74 | M40: =VLOOKUP(B40,'124+900 '!$B$13:$AA$314,21,FALSE) -> 878 | N40: =VLOOKUP(B40,'124+900 '!$B$13:$AA$314,5,FALSE) -> 542 | O40: =F40-N40 -> 2795 | P40: =VLOOKUP(B40,'124+900 '!$B$13:$AA$314,14,FALSE) -> -205 | Q40: =P40-P39 -> -12 | R40: =R39+Q40 -> -82 | S40: =VLOOKUP(B40,'124+900 '!$B$13:$AA$314,22,FALSE) -> 879 | T40: =VLOOKUP(B40,'124+900 '!$B$13:$AA$314,6,FALSE) -> 536 | U40: =F40-T40 -> 2801 | V40: =VLOOKUP(B40,'124+900 '!$B$13:$AA$314,15,FALSE) -> -199 | W40: =V40-V39 -> -10 | X40: =X39+W40 -> -86 | Y40: =M40-M39 -> -12 | Z40: =IF(Y40>0,Y40,0)/1000 -> 0 | AA40: =AA39+Z40 -> 1.063 | AB40: =(M40-$M$13-R40)/1000 -> 1.083
B41: ='124+900 '!B41 -> 45302 | C41: =B41-$B$13 -> 59 | D41: =D40 -> 1026 | E41: =VLOOKUP(B41,'124+900 '!B23:AA621,3,FALSE) -> 2100 | F41: =D41+E41 -> 3126 | G41: =VLOOKUP(B41,'124+900 '!$B$13:$AA$314,20,FALSE) -> 854 | H41: =VLOOKUP(B41,'124+900 '!$B$13:$AA$314,4,FALSE) -> 343 | I41: =F41-H41 -> 2783 | J41: =VLOOKUP(B41,'124+900 '!$B$13:$AA$314,13,FALSE) -> -217 | K41: =J41-J40 -> -22 | L41: =L40+K41 -> -96 | M41: =VLOOKUP(B41,'124+900 '!$B$13:$AA$314,21,FALSE) -> 858 | N41: =VLOOKUP(B41,'124+900 '!$B$13:$AA$314,5,FALSE) -> 351 | O41: =F41-N41 -> 2775 | P41: =VLOOKUP(B41,'124+900 '!$B$13:$AA$314,14,FALSE) -> -225 | Q41: =P41-P40 -> -20 | R41: =R40+Q41 -> -102 | S41: =VLOOKUP(B41,'124+900 '!$B$13:$AA$314,22,FALSE) -> 861 | T41: =VLOOKUP(B41,'124+900 '!$B$13:$AA$314,6,FALSE) -> 343 | U41: =F41-T41 -> 2783 | V41: =VLOOKUP(B41,'124+900 '!$B$13:$AA$314,15,FALSE) -> -217 | W41: =V41-V40 -> -18 | X41: =X40+W41 -> -104 | Y41: =M41-M40 -> -20 | Z41: =IF(Y41>0,Y41,0)/1000 -> 0 | AA41: =AA40+Z41 -> 1.063 | AB41: =(M41-$M$13-R41)/1000 -> 1.083
B42: ='124+900 '!B42 -> 45309 | C42: =B42-$B$13 -> 66 | D42: =D41 -> 1026 | E42: =VLOOKUP(B42,'124+900 '!B24:AA622,3,FALSE) -> 2313 | F42: =D42+E42 -> 3339 | G42: =VLOOKUP(B42,'124+900 '!$B$13:$AA$314,20,FALSE) -> 834 | H42: =VLOOKUP(B42,'124+900 '!$B$13:$AA$314,4,FALSE) -> 576 | I42: =F42-H42 -> 2763 | J42: =VLOOKUP(B42,'124+900 '!$B$13:$AA$314,13,FALSE) -> -237 | K42: =J42-J41 -> -20 | L42: =L41+K42 -> -116 | M42: =VLOOKUP(B42,'124+900 '!$B$13:$AA$314,21,FALSE) -> 840 | N42: =VLOOKUP(B42,'124+900 '!$B$13:$AA$314,5,FALSE) -> 582 | O42: =F42-N42 -> 2757 | P42: =VLOOKUP(B42,'124+900 '!$B$13:$AA$314,14,FALSE) -> -243 | Q42: =P42-P41 -> -18 | R42: =R41+Q42 -> -120 | S42: =VLOOKUP(B42,'124+900 '!$B$13:$AA$314,22,FALSE) -> 845 | T42: =VLOOKUP(B42,'124+900 '!$B$13:$AA$314,6,FALSE) -> 572 | U42: =F42-T42 -> 2767 | V42: =VLOOKUP(B42,'124+900 '!$B$13:$AA$314,15,FALSE) -> -233 | W42: =V42-V41 -> -16 | X42: =X41+W42 -> -120 | Y42: =M42-M41 -> -18 | Z42: =IF(Y42>0,Y42,0)/1000 -> 0 | AA42: =AA41+Z42 -> 1.063 | AB42: =(M42-$M$13-R42)/1000 -> 1.083
... B59: ='124+900 '!B59 -> 45367 | C59: =B59-$B$13 -> 124 | D59: =D58 -> 1026 | E59: =VLOOKUP(B59,'124+900 '!B41:AA639,3,FALSE) -> 2276 | F59: =D59+E59 -> 3302 | G59: =VLOOKUP(B59,'124+900 '!$B$13:$AA$314,20,FALSE) -> 1130 | H59: =VLOOKUP(B59,'124+900 '!$B$13:$AA$314,4,FALSE) -> 727 | I59: =F59-H59 -> 2575 | J59: =VLOOKUP(B59,'124+900 '!$B$13:$AA$314,13,FALSE) -> -425 | K59: =J59-J58 -> -10 | L59: =L58+K59 -> -304 | M59: =VLOOKUP(B59,'124+900 '!$B$13:$AA$314,21,FALSE) -> 1161 | N59: =VLOOKUP(B59,'124+900 '!$B$13:$AA$314,5,FALSE) -> 686 | O59: =F59-N59 -> 2616 | P59: =VLOOKUP(B59,'124+900 '!$B$13:$AA$314,14,FALSE) -> -384 | Q59: =P59-P58 -> -6 | R59: =R58+Q59 -> -261 | S59: =VLOOKUP(B59,'124+900 '!$B$13:$AA$314,22,FALSE) -> 1168 | T59: =VLOOKUP(B59,'124+900 '!$B$13:$AA$314,6,FALSE) -> 664 | U59: =F59-T59 -> 2638 | V59: =VLOOKUP(B59,'124+900 '!$B$13:$AA$314,15,FALSE) -> -362 | W59: =V59-V58 -> -4 | X59: =X58+W59 -> -249 | Y59: =M59-M58 -> -6 | Z59: =IF(Y59>0,Y59,0)/1000 -> 0 | AA59: =AA58+Z59 -> 1.519 | AB59: =(M59-$M$13-R59)/1000 -> 1.545
B60: ='124+900 '!B60 -> 45368 | C60: =B60-$B$13 -> 125 | D60: =D59 -> 1026 | E60: =VLOOKUP(B60,'124+900 '!B41:AA640,3,FALSE) -> 2250 | F60: =D60+E60 -> 3276 | G60: =VLOOKUP(B60,'124+900 '!$B$13:$AA$314,20,FALSE) -> 1500 | H60: =VLOOKUP(B60,'124+900 '!$B$13:$AA$314,4,FALSE) -> 711 | I60: =F60-H60 -> 2565 | J60: =VLOOKUP(B60,'124+900 '!$B$13:$AA$314,13,FALSE) -> -435 | K60: =J60-J59 -> -10 | L60: =L59+K60 -> -314 | M60: =VLOOKUP(B60,'124+900 '!$B$13:$AA$314,21,FALSE) -> 1500 | N60: =VLOOKUP(B60,'124+900 '!$B$13:$AA$314,5,FALSE) -> 670 | O60: =F60-N60 -> 2606 | P60: =VLOOKUP(B60,'124+900 '!$B$13:$AA$314,14,FALSE) -> -394 | Q60: =P60-P59 -> -10 | R60: =R59+Q60 -> -271 | S60: =VLOOKUP(B60,'124+900 '!$B$13:$AA$314,22,FALSE) -> 1500 | T60: =VLOOKUP(B60,'124+900 '!$B$13:$AA$314,6,FALSE) -> 643 | U60: =F60-T60 -> 2633 | V60: =VLOOKUP(B60,'124+900 '!$B$13:$AA$314,15,FALSE) -> -367 | W60: =V60-V59 -> -5 | X60: =X59+W60 -> -254 | Y60: =M60-M59 -> 339 | Z60: =IF(Y60>0,Y60,0)/1000 -> 0.339 | AA60: =AA59+Z60 -> 1.858 | AB60: =(M60-$M$13-R60)/1000 -> 1.894
B61: ='124+900 '!B61 -> 45369 | C61: =B61-$B$13 -> 126 | D61: =D60 -> 1026 | E61: =VLOOKUP(B61,'124+900 '!B41:AA641,3,FALSE) -> 2458 | F61: =D61+E61 -> 3484 | G61: =VLOOKUP(B61,'124+900 '!$B$13:$AA$314,20,FALSE) -> 1490 | H61: =VLOOKUP(B61,'124+900 '!$B$13:$AA$314,4,FALSE) -> 929 | I61: =F61-H61 -> 2555 | J61: =VLOOKUP(B61,'124+900 '!$B$13:$AA$314,13,FALSE) -> -445 | K61: =J61-J60 -> -10 | L61: =L60+K61 -> -324 | M61: =VLOOKUP(B61,'124+900 '!$B$13:$AA$314,21,FALSE) -> 1490 | N61: =VLOOKUP(B61,'124+900 '!$B$13:$AA$314,5,FALSE) -> 888 | O61: =F61-N61 -> 2596 | P61: =VLOOKUP(B61,'124+900 '!$B$13:$AA$314,14,FALSE) -> -404 | Q61: =P61-P60 -> -10 | R61: =R60+Q61 -> -281 | S61: =VLOOKUP(B61,'124+900 '!$B$13:$AA$314,22,FALSE) -> 1496 | T61: =VLOOKUP(B61,'124+900 '!$B$13:$AA$314,6,FALSE) -> 855 | U61: =F61-T61 -> 2629 | V61: =VLOOKUP(B61,'124+900 '!$B$13:$AA$314,15,FALSE) -> -371 | W61: =V61-V60 -> -4 | X61: =X60+W61 -> -258 | Y61: =M61-M60 -> -10 | Z61: =IF(Y61>0,Y61,0)/1000 -> 0 | AA61: =AA60+Z61 -> 1.858 | AB61: =(M61-$M$13-R61)/1000 -> 1.894
B62: ='124+900 '!B62 -> 45370 | C62: =B62-$B$13 -> 127 | D62: =D61 -> 1026 | E62: =VLOOKUP(B62,'124+900 '!B41:AA642,3,FALSE) -> 2108 | F62: =D62+E62 -> 3134 | G62: =VLOOKUP(B62,'124+900 '!$B$13:$AA$314,20,FALSE) -> 1480 | H62: =VLOOKUP(B62,'124+900 '!$B$13:$AA$314,4,FALSE) -> 589 | I62: =F62-H62 -> 2545 | J62: =VLOOKUP(B62,'124+900 '!$B$13:$AA$314,13,FALSE) -> -455 | K62: =J62-J61 -> -10 | L62: =L61+K62 -> -334 | M62: =VLOOKUP(B62,'124+900 '!$B$13:$AA$314,21,FALSE) -> 1480 | N62: =VLOOKUP(B62,'124+900 '!$B$13:$AA$314,5,FALSE) -> 548 | O62: =F62-N62 -> 2586 | P62: =VLOOKUP(B62,'124+900 '!$B$13:$AA$314,14,FALSE) -> -414 | Q62: =P62-P61 -> -10 | R62: =R61+Q62 -> -291 | S62: =VLOOKUP(B62,'124+900 '!$B$13:$AA$314,22,FALSE) -> 1491 | T62: =VLOOKUP(B62,'124+900 '!$B$13:$AA$314,6,FALSE) -> 510 | U62: =F62-T62 -> 2624 | V62: =VLOOKUP(B62,'124+900 '!$B$13:$AA$314,15,FALSE) -> -376 | W62: =V62-V61 -> -5 | X62: =X61+W62 -> -263 | Y62: =M62-M61 -> -10 | Z62: =IF(Y62>0,Y62,0)/1000 -> 0 | AA62: =AA61+Z62 -> 1.858 | AB62: =(M62-$M$13-R62)/1000 -> 1.894
B63: ='124+900 '!B63 -> 45371 | C63: =B63-$B$13 -> 128 | D63: =D62 -> 1026 | E63: =VLOOKUP(B63,'124+900 '!B41:AA643,3,FALSE) -> 2364 | F63: =D63+E63 -> 3390 | G63: =VLOOKUP(B63,'124+900 '!$B$13:$AA$314,20,FALSE) -> 1470 | H63: =VLOOKUP(B63,'124+900 '!$B$13:$AA$314,4,FALSE) -> 855 | I63: =F63-H63 -> 2535 | J63: =VLOOKUP(B63,'124+900 '!$B$13:$AA$314,13,FALSE) -> -465 | K63: =J63-J62 -> -10 | L63: =L62+K63 -> -344 | M63: =VLOOKUP(B63,'124+900 '!$B$13:$AA$314,21,FALSE) -> 1470 | N63: =VLOOKUP(B63,'124+900 '!$B$13:$AA$314,5,FALSE) -> 814 | O63: =F63-N63 -> 2576 | P63: =VLOOKUP(B63,'124+900 '!$B$13:$AA$314,14,FALSE) -> -424 | Q63: =P63-P62 -> -10 | R63: =R62+Q63 -> -301 | S63: =VLOOKUP(B63,'124+900 '!$B$13:$AA$314,22,FALSE) -> 1488 | T63: =VLOOKUP(B63,'124+900 '!$B$13:$AA$314,6,FALSE) -> 769 | U63: =F63-T63 -> 2621 | V63: =VLOOKUP(B63,'124+900 '!$B$13:$AA$314,15,FALSE) -> -379 | W63: =V63-V62 -> -3 | X63: =X62+W63 -> -266 | Y63: =M63-M62 -> -10 | Z63: =IF(Y63>0,Y63,0)/1000 -> 0 | AA63: =AA62+Z63 -> 1.858 | AB63: =(M63-$M$13-R63)/1000 -> 1.894
B64: ='124+900 '!B64 -> 45372 | C64: =B64-$B$13 -> 129 | D64: =D63 -> 1026 | E64: =VLOOKUP(B64,'124+900 '!B41:AA644,3,FALSE) -> 2357 | F64: =D64+E64 -> 3383 | G64: =VLOOKUP(B64,'124+900 '!$B$13:$AA$314,20,FALSE) -> 1460 | H64: =VLOOKUP(B64,'124+900 '!$B$13:$AA$314,4,FALSE) -> 858 | I64: =F64-H64 -> 2525 | J64: =VLOOKUP(B64,'124+900 '!$B$13:$AA$314,13,FALSE) -> -475 | K64: =J64-J63 -> -10 | L64: =L63+K64 -> -354 | M64: =VLOOKUP(B64,'124+900 '!$B$13:$AA$314,21,FALSE) -> 1460 | N64: =VLOOKUP(B64,'124+900 '!$B$13:$AA$314,5,FALSE) -> 817 | O64: =F64-N64 -> 2566 | P64: =VLOOKUP(B64,'124+900 '!$B$13:$AA$314,14,FALSE) -> -434 | Q64: =P64-P63 -> -10 | R64: =R63+Q64 -> -311 | S64: =VLOOKUP(B64,'124+900 '!$B$13:$AA$314,22,FALSE) -> 1483 | T64: =VLOOKUP(B64,'124+900 '!$B$13:$AA$314,6,FALSE) -> 767 | U64: =F64-T64 -> 2616 | V64: =VLOOKUP(B64,'124+900 '!$B$13:$AA$314,15,FALSE) -> -384 | W64: =V64-V63 -> -5 | X64: =X63+W64 -> -271 | Y64: =M64-M63 -> -10 | Z64: =IF(Y64>0,Y64,0)/1000 -> 0 | AA64: =AA63+Z64 -> 1.858 | AB64: =(M64-$M$13-R64)/1000 -> 1.894
B65: ='124+900 '!B65 -> 45373 | C65: =B65-$B$13 -> 130 | D65: =D64 -> 1026 | E65: =VLOOKUP(B65,'124+900 '!B41:AA645,3,FALSE) -> 2313 | F65: =D65+E65 -> 3339 | G65: =VLOOKUP(B65,'124+900 '!$B$13:$AA$314,20,FALSE) -> 1450 | H65: =VLOOKUP(B65,'124+900 '!$B$13:$AA$314,4,FALSE) -> 824 | I65: =F65-H65 -> 2515 | J65: =VLOOKUP(B65,'124+900 '!$B$13:$AA$314,13,FALSE) -> -485 | K65: =J65-J64 -> -10 | L65: =L64+K65 -> -364 | M65: =VLOOKUP(B65,'124+900 '!$B$13:$AA$314,21,FALSE) -> 1450 | N65: =VLOOKUP(B65,'124+900 '!$B$13:$AA$314,5,FALSE) -> 783 | O65: =F65-N65 -> 2556 | P65: =VLOOKUP(B65,'124+900 '!$B$13:$AA$314,14,FALSE) -> -444 | Q65: =P65-P64 -> -10 | R65: =R64+Q65 -> -321 | S65: =VLOOKUP(B65,'124+900 '!$B$13:$AA$314,22,FALSE) -> 1479 | T65: =VLOOKUP(B65,'124+900 '!$B$13:$AA$314,6,FALSE) -> 727 | U65: =F65-T65 -> 2612 | V65: =VLOOKUP(B65,'124+900 '!$B$13:$AA$314,15,FALSE) -> -388 | W65: =V65-V64 -> -4 | X65: =X64+W65 -> -275 | Y65: =M65-M64 -> -10 | Z65: =IF(Y65>0,Y65,0)/1000 -> 0 | AA65: =AA64+Z65 -> 1.858 | AB65: =(M65-$M$13-R65)/1000 -> 1.894
B66: ='124+900 '!B66 -> 45374 | C66: =B66-$B$13 -> 131 | D66: =D65 -> 1026 | E66: =VLOOKUP(B66,'124+900 '!B41:AA646,3,FALSE) -> 2234 | F66: =D66+E66 -> 3260 | G66: =VLOOKUP(B66,'124+900 '!$B$13:$AA$314,20,FALSE) -> 1440 | H66: =VLOOKUP(B66,'124+900 '!$B$13:$AA$314,4,FALSE) -> 755 | I66: =F66-H66 -> 2505 | J66: =VLOOKUP(B66,'124+900 '!$B$13:$AA$314,13,FALSE) -> -495 | K66: =J66-J65 -> -10 | L66: =L65+K66 -> -374 | M66: =VLOOKUP(B66,'124+900 '!$B$13:$AA$314,21,FALSE) -> 1440 | N66: =VLOOKUP(B66,'124+900 '!$B$13:$AA$314,5,FALSE) -> 714 | O66: =F66-N66 -> 2546 | P66: =VLOOKUP(B66,'124+900 '!$B$13:$AA$314,14,FALSE) -> -454 | Q66: =P66-P65 -> -10 | R66: =R65+Q66 -> -331 | S66: =VLOOKUP(B66,'124+900 '!$B$13:$AA$314,22,FALSE) -> 1474 | T66: =VLOOKUP(B66,'124+900 '!$B$13:$AA$314,6,FALSE) -> 653 | U66: =F66-T66 -> 2607 | V66: =VLOOKUP(B66,'124+900 '!$B$13:$AA$314,15,FALSE) -> -393 | W66: =V66-V65 -> -5 | X66: =X65+W66 -> -280 | Y66: =M66-M65 -> -10 | Z66: =IF(Y66>0,Y66,0)/1000 -> 0 | AA66: =AA65+Z66 -> 1.858 | AB66: =(M66-$M$13-R66)/1000 -> 1.894
B67: ='124+900 '!B67 -> 45375 | C67: =B67-$B$13 -> 132 | D67: =D66 -> 1026 | E67: =VLOOKUP(B67,'124+900 '!B42:AA647,3,FALSE) -> 2490 | F67: =D67+E67 -> 3516 | G67: =VLOOKUP(B67,'124+900 '!$B$13:$AA$314,20,FALSE) -> 1430 | H67: =VLOOKUP(B67,'124+900 '!$B$13:$AA$314,4,FALSE) -> 1021 | I67: =F67-H67 -> 2495 | J67: =VLOOKUP(B67,'124+900 '!$B$13:$AA$314,13,FALSE) -> -505 | K67: =J67-J66 -> -10 | L67: =L66+K67 -> -384 | M67: =VLOOKUP(B67,'124+900 '!$B$13:$AA$314,21,FALSE) -> 1430 | N67: =VLOOKUP(B67,'124+900 '!$B$13:$AA$314,5,FALSE) -> 980 | O67: =F67-N67 -> 2536 | P67: =VLOOKUP(B67,'124+900 '!$B$13:$AA$314,14,FALSE) -> -464 | Q67: =P67-P66 -> -10 | R67: =R66+Q67 -> -341 | S67: =VLOOKUP(B67,'124+900 '!$B$13:$AA$314,22,FALSE) -> 1470 | T67: =VLOOKUP(B67,'124+900 '!$B$13:$AA$314,6,FALSE) -> 913 | U67: =F67-T67 -> 2603 | V67: =VLOOKUP(B67,'124+900 '!$B$13:$AA$314,15,FALSE) -> -397 | W67: =V67-V66 -> -4 | X67: =X66+W67 -> -284 | Y67: =M67-M66 -> -10 | Z67: =IF(Y67>0,Y67,0)/1000 -> 0 | AA67: =AA66+Z67 -> 1.858 | AB67: =(M67-$M$13-R67)/1000 -> 1.894
B68: ='124+900 '!B68 -> 45376 | C68: =B68-$B$13 -> 133 | D68: =D67 -> 1026 | E68: =VLOOKUP(B68,'124+900 '!B43:AA648,3,FALSE) -> 2833 | F68: =D68+E68 -> 3859 | G68: =VLOOKUP(B68,'124+900 '!$B$13:$AA$314,20,FALSE) -> 1420 | H68: =VLOOKUP(B68,'124+900 '!$B$13:$AA$314,4,FALSE) -> 1374 | I68: =F68-H68 -> 2485 | J68: =VLOOKUP(B68,'124+900 '!$B$13:$AA$314,13,FALSE) -> -515 | K68: =J68-J67 -> -10 | L68: =L67+K68 -> -394 | M68: =VLOOKUP(B68,'124+900 '!$B$13:$AA$314,21,FALSE) -> 1420 | N68: =VLOOKUP(B68,'124+900 '!$B$13:$AA$314,5,FALSE) -> 1333 | O68: =F68-N68 -> 2526 | P68: =VLOOKUP(B68,'124+900 '!$B$13:$AA$314,14,FALSE) -> -474 | Q68: =P68-P67 -> -10 | R68: =R67+Q68 -> -351 | S68: =VLOOKUP(B68,'124+900 '!$B$13:$AA$314,22,FALSE) -> 1467 | T68: =VLOOKUP(B68,'124+900 '!$B$13:$AA$314,6,FALSE) -> 1259 | U68: =F68-T68 -> 2600 | V68: =VLOOKUP(B68,'124+900 '!$B$13:$AA$314,15,FALSE) -> -400 | W68: =V68-V67 -> -3 | X68: =X67+W68 -> -287 | Y68: =M68-M67 -> -10 | Z68: =IF(Y68>0,Y68,0)/1000 -> 0 | AA68: =AA67+Z68 -> 1.858 | AB68: =(M68-$M$13-R68)/1000 -> 1.894
B69: ='124+900 '!B69 -> 45377 | C69: =B69-$B$13 -> 134 | D69: =D68 -> 1026 | E69: =VLOOKUP(B69,'124+900 '!B44:AA649,3,FALSE) -> 2819 | F69: =D69+E69 -> 3845 | G69: =VLOOKUP(B69,'124+900 '!$B$13:$AA$314,20,FALSE) -> 1800 | H69: =VLOOKUP(B69,'124+900 '!$B$13:$AA$314,4,FALSE) -> 1370 | I69: =F69-H69 -> 2475 | J69: =VLOOKUP(B69,'124+900 '!$B$13:$AA$314,13,FALSE) -> -525 | K69: =J69-J68 -> -10 | L69: =L68+K69 -> -404 | M69: =VLOOKUP(B69,'124+900 '!$B$13:$AA$314,21,FALSE) -> 1800 | N69: =VLOOKUP(B69,'124+900 '!$B$13:$AA$314,5,FALSE) -> 1329 | O69: =F69-N69 -> 2516 | P69: =VLOOKUP(B69,'124+900 '!$B$13:$AA$314,14,FALSE) -> -484 | Q69: =P69-P68 -> -10 | R69: =R68+Q69 -> -361 | S69: =VLOOKUP(B69,'124+900 '!$B$13:$AA$314,22,FALSE) -> 1800 | T69: =VLOOKUP(B69,'124+900 '!$B$13:$AA$314,6,FALSE) -> 1249 | U69: =F69-T69 -> 2596 | V69: =VLOOKUP(B69,'124+900 '!$B$13:$AA$314,15,FALSE) -> -404 | W69: =V69-V68 -> -4 | X69: =X68+W69 -> -291 | Y69: =M69-M68 -> 380 | Z69: =IF(Y69>0,Y69,0)/1000 -> 0.38 | AA69: =AA68+Z69 -> 2.238 | AB69: =(M69-$M$13-R69)/1000 -> 2.284
B70: ='124+900 '!B70 -> 45380 | C70: =B70-$B$13 -> 137 | D70: =D69 -> 1026 | E70: =VLOOKUP(B70,'124+900 '!B45:AA650,3,FALSE) -> 2701 | F70: =D70+E70 -> 3727 | G70: =VLOOKUP(B70,'124+900 '!$B$13:$AA$314,20,FALSE) -> 1790 | H70: =VLOOKUP(B70,'124+900 '!$B$13:$AA$314,4,FALSE) -> 1262 | I70: =F70-H70 -> 2465 | J70: =VLOOKUP(B70,'124+900 '!$B$13:$AA$314,13,FALSE) -> -535 | K70: =J70-J69 -> -10 | L70: =L69+K70 -> -414 | M70: =VLOOKUP(B70,'124+900 '!$B$13:$AA$314,21,FALSE) -> 1790 | N70: =VLOOKUP(B70,'124+900 '!$B$13:$AA$314,5,FALSE) -> 1221 | O70: =F70-N70 -> 2506 | P70: =VLOOKUP(B70,'124+900 '!$B$13:$AA$314,14,FALSE) -> -494 | Q70: =P70-P69 -> -10 | R70: =R69+Q70 -> -371 | S70: =VLOOKUP(B70,'124+900 '!$B$13:$AA$314,22,FALSE) -> 1790 | T70: =VLOOKUP(B70,'124+900 '!$B$13:$AA$314,6,FALSE) -> 1141 | U70: =F70-T70 -> 2586 | V70: =VLOOKUP(B70,'124+900 '!$B$13:$AA$314,15,FALSE) -> -414 | W70: =V70-V69 -> -10 | X70: =X69+W70 -> -301 | Y70: =M70-M69 -> -10 | Z70: =IF(Y70>0,Y70,0)/1000 -> 0 | AA70: =AA69+Z70 -> 2.238 | AB70: =(M70-$M$13-R70)/1000 -> 2.284
B71: ='124+900 '!B71 -> 45384 | C71: =B71-$B$13 -> 141 | D71: =D70 -> 1026 | E71: =VLOOKUP(B71,'124+900 '!B46:AA651,3,FALSE) -> 2783 | F71: =D71+E71 -> 3809 | G71: =VLOOKUP(B71,'124+900 '!$B$13:$AA$314,20,FALSE) -> 1776 | H71: =VLOOKUP(B71,'124+900 '!$B$13:$AA$314,4,FALSE) -> 1358 | I71: =F71-H71 -> 2451 | J71: =VLOOKUP(B71,'124+900 '!$B$13:$AA$314,13,FALSE) -> -549 | K71: =J71-J70 -> -14 | L71: =L70+K71 -> -428 | M71: =VLOOKUP(B71,'124+900 '!$B$13:$AA$314,21,FALSE) -> 1774 | N71: =VLOOKUP(B71,'124+900 '!$B$13:$AA$314,5,FALSE) -> 1319 | O71: =F71-N71 -> 2490 | P71: =VLOOKUP(B71,'124+900 '!$B$13:$AA$314,14,FALSE) -> -510 | Q71: =P71-P70 -> -16 | R71: =R70+Q71 -> -387 | S71: =VLOOKUP(B71,'124+900 '!$B$13:$AA$314,22,FALSE) -> 1776 | T71: =VLOOKUP(B71,'124+900 '!$B$13:$AA$314,6,FALSE) -> 1237 | U71: =F71-T71 -> 2572 | V71: =VLOOKUP(B71,'124+900 '!$B$13:$AA$314,15,FALSE) -> -428 | W71: =V71-V70 -> -14 | X71: =X70+W71 -> -315 | Y71: =M71-M70 -> -16 | Z71: =IF(Y71>0,Y71,0)/1000 -> 0 | AA71: =AA70+Z71 -> 2.238 | AB71: =(M71-$M$13-R71)/1000 -> 2.284
B72: ='124+900 '!B72 -> 45391 | C72: =B72-$B$13 -> 148 | D72: =D71 -> 1026 | E72: =VLOOKUP(B72,'124+900 '!B47:AA652,3,FALSE) -> 2753 | F72: =D72+E72 -> 3779 | G72: =VLOOKUP(B72,'124+900 '!$B$13:$AA$314,20,FALSE) -> 1761 | H72: =VLOOKUP(B72,'124+900 '!$B$13:$AA$314,4,FALSE) -> 1343 | I72: =F72-H72 -> 2436 | J72: =VLOOKUP(B72,'124+900 '!$B$13:$AA$314,13,FALSE) -> -564 | K72: =J72-J71 -> -15 | L72: =L71+K72 -> -443 | M72: =VLOOKUP(B72,'124+900 '!$B$13:$AA$314,21,FALSE) -> 1743 | N72: =VLOOKUP(B72,'124+900 '!$B$13:$AA$314,5,FALSE) -> 1320 | O72: =F72-N72 -> 2459 | P72: =VLOOKUP(B72,'124+900 '!$B$13:$AA$314,14,FALSE) -> -541 | Q72: =P72-P71 -> -31 | R72: =R71+Q72 -> -418 | S72: =VLOOKUP(B72,'124+900 '!$B$13:$AA$314,22,FALSE) -> 1750 | T72: =VLOOKUP(B72,'124+900 '!$B$13:$AA$314,6,FALSE) -> 1233 | U72: =F72-T72 -> 2546 | V72: =VLOOKUP(B72,'124+900 '!$B$13:$AA$314,15,FALSE) -> -454 | W72: =V72-V71 -> -26 | X72: =X71+W72 -> -341 | Y72: =M72-M71 -> -31 | Z72: =IF(Y72>0,Y72,0)/1000 -> 0 | AA72: =AA71+Z72 -> 2.238 | AB72: =(M72-$M$13-R72)/1000 -> 2.284
B73: ='124+900 '!B73 -> 45398 | C73: =B73-$B$13 -> 155 | D73: =D72 -> 1026 | E73: =VLOOKUP(B73,'124+900 '!B48:AA653,3,FALSE) -> 2992 | F73: =D73+E73 -> 4018 | G73: =VLOOKUP(B73,'124+900 '!$B$13:$AA$314,20,FALSE) -> 1741 | H73: =VLOOKUP(B73,'124+900 '!$B$13:$AA$314,4,FALSE) -> 1602 | I73: =F73-H73 -> 2416 | J73: =VLOOKUP(B73,'124+900 '!$B$13:$AA$314,13,FALSE) -> -584 | K73: =J73-J72 -> -20 | L73: =L72+K73 -> -463 | M73: =VLOOKUP(B73,'124+900 '!$B$13:$AA$314,21,FALSE) -> 1715 | N73: =VLOOKUP(B73,'124+900 '!$B$13:$AA$314,5,FALSE) -> 1587 | O73: =F73-N73 -> 2431 | P73: =VLOOKUP(B73,'124+900 '!$B$13:$AA$314,14,FALSE) -> -569 | Q73: =P73-P72 -> -28 | R73: =R72+Q73 -> -446 | S73: =VLOOKUP(B73,'124+900 '!$B$13:$AA$314,22,FALSE) -> 1727 | T73: =VLOOKUP(B73,'124+900 '!$B$13:$AA$314,6,FALSE) -> 1495 | U73: =F73-T73 -> 2523 | V73: =VLOOKUP(B73,'124+900 '!$B$13:$AA$314,15,FALSE) -> -477 | W73: =V73-V72 -> -23 | X73: =X72+W73 -> -364 | Y73: =M73-M72 -> -28 | Z73: =IF(Y73>0,Y73,0)/1000 -> 0 | AA73: =AA72+Z73 -> 2.238 | AB73: =(M73-$M$13-R73)/1000 -> 2.284
B74: ='124+900 '!B74 -> 45405 | C74: =B74-$B$13 -> 162 | D74: =D73 -> 1026 | E74: =VLOOKUP(B74,'124+900 '!B49:AA654,3,FALSE) -> 2825 | F74: =D74+E74 -> 3851 | G74: =VLOOKUP(B74,'124+900 '!$B$13:$AA$314,20,FALSE) -> 1722 | H74: =VLOOKUP(B74,'124+900 '!$B$13:$AA$314,4,FALSE) -> 1454 | I74: =F74-H74 -> 2397 | J74: =VLOOKUP(B74,'124+900 '!$B$13:$AA$314,13,FALSE) -> -603 | K74: =J74-J73 -> -19 | L74: =L73+K74 -> -482 | M74: =VLOOKUP(B74,'124+900 '!$B$13:$AA$314,21,FALSE) -> 1688 | N74: =VLOOKUP(B74,'124+900 '!$B$13:$AA$314,5,FALSE) -> 1447 | O74: =F74-N74 -> 2404 | P74: =VLOOKUP(B74,'124+900 '!$B$13:$AA$314,14,FALSE) -> -596 | Q74: =P74-P73 -> -27 | R74: =R73+Q74 -> -473 | S74: =VLOOKUP(B74,'124+900 '!$B$13:$AA$314,22,FALSE) -> 1703 | T74: =VLOOKUP(B74,'124+900 '!$B$13:$AA$314,6,FALSE) -> 1352 | U74: =F74-T74 -> 2499 | V74: =VLOOKUP(B74,'124+900 '!$B$13:$AA$314,15,FALSE) -> -501 | W74: =V74-V73 -> -24 | X74: =X73+W74 -> -388 | Y74: =M74-M73 -> -27 | Z74: =IF(Y74>0,Y74,0)/1000 -> 0 | AA74: =AA73+Z74 -> 2.238 | AB74: =(M74-$M$13-R74)/1000 -> 2.284
B75: ='124+900 '!B75 -> 45412 | C75: =B75-$B$13 -> 169 | D75: =D74 -> 1026 | E75: =VLOOKUP(B75,'124+900 '!B50:AA655,3,FALSE) -> 2809 | F75: =D75+E75 -> 3835 | G75: =VLOOKUP(B75,'124+900 '!$B$13:$AA$314,20,FALSE) -> 1705 | H75: =VLOOKUP(B75,'124+900 '!$B$13:$AA$314,4,FALSE) -> 1455 | I75: =F75-H75 -> 2380 | J75: =VLOOKUP(B75,'124+900 '!$B$13:$AA$314,13,FALSE) -> -620 | K75: =J75-J74 -> -17 | L75: =L74+K75 -> -499 | M75: =VLOOKUP(B75,'124+900 '!$B$13:$AA$314,21,FALSE) -> 1658 | N75: =VLOOKUP(B75,'124+900 '!$B$13:$AA$314,5,FALSE) -> 1461 | O75: =F75-N75 -> 2374 | P75: =VLOOKUP(B75,'124+900 '!$B$13:$AA$314,14,FALSE) -> -626 | Q75: =P75-P74 -> -30 | R75: =R74+Q75 -> -503 | S75: =VLOOKUP(B75,'124+900 '!$B$13:$AA$314,22,FALSE) -> 1680 | T75: =VLOOKUP(B75,'124+900 '!$B$13:$AA$314,6,FALSE) -> 1359 | U75: =F75-T75 -> 2476 | V75: =VLOOKUP(B75,'124+900 '!$B$13:$AA$314,15,FALSE) -> -524 | W75: =V75-V74 -> -23 | X75: =X74+W75 -> -411 | Y75: =M75-M74 -> -30 | Z75: =IF(Y75>0,Y75,0)/1000 -> 0 | AA75: =AA74+Z75 -> 2.238 | AB75: =(M75-$M$13-R75)/1000 -> 2.284
A76: 42307 | B76: ='124+900 '!B76 -> 45419 | C76: =B76-$B$13 -> 176 | D76: =D75 -> 1026 | E76: =VLOOKUP(B76,'124+900 '!B51:AA656,3,FALSE) -> 2767 | F76: =D76+E76 -> 3793 | G76: =VLOOKUP(B76,'124+900 '!$B$13:$AA$314,20,FALSE) -> 1687 | H76: =VLOOKUP(B76,'124+900 '!$B$13:$AA$314,4,FALSE) -> 1431 | I76: =F76-H76 -> 2362 | J76: =VLOOKUP(B76,'124+900 '!$B$13:$AA$314,13,FALSE) -> -638 | K76: =J76-J75 -> -18 | L76: =L75+K76 -> -517 | M76: =VLOOKUP(B76,'124+900 '!$B$13:$AA$314,21,FALSE) -> 1632 | N76: =VLOOKUP(B76,'124+900 '!$B$13:$AA$314,5,FALSE) -> 1445 | O76: =F76-N76 -> 2348 | P76: =VLOOKUP(B76,'124+900 '!$B$13:$AA$314,14,FALSE) -> -652 | Q76: =P76-P75 -> -26 | R76: =R75+Q76 -> -529 | S76: =VLOOKUP(B76,'124+900 '!$B$13:$AA$314,22,FALSE) -> 1656 | T76: =VLOOKUP(B76,'124+900 '!$B$13:$AA$314,6,FALSE) -> 1341 | U76: =F76-T76 -> 2452 | V76: =VLOOKUP(B76,'124+900 '!$B$13:$AA$314,15,FALSE) -> -548 | W76: =V76-V75 -> -24 | X76: =X75+W76 -> -435 | Y76: =M76-M75 -> -26 | Z76: =IF(Y76>0,Y76,0)/1000 -> 0 | AA76: =AA75+Z76 -> 2.238 | AB76: =(M76-$M$13-R76)/1000 -> 2.284
A77: 02/11/015 | B77: ='124+900 '!B77 -> 45426 | C77: =B77-$B$13 -> 183 | D77: =D76 -> 1026 | E77: =VLOOKUP(B77,'124+900 '!B52:AA657,3,FALSE) -> 2992 | F77: =D77+E77 -> 4018 | G77: =VLOOKUP(B77,'124+900 '!$B$13:$AA$314,20,FALSE) -> 1671 | H77: =VLOOKUP(B77,'124+900 '!$B$13:$AA$314,4,FALSE) -> 1672 | I77: =F77-H77 -> 2346 | J77: =VLOOKUP(B77,'124+900 '!$B$13:$AA$314,13,FALSE) -> -654 | K77: =J77-J76 -> -16 | L77: =L76+K77 -> -533 | M77: =VLOOKUP(B77,'124+900 '!$B$13:$AA$314,21,FALSE) -> 1602 | N77: =VLOOKUP(B77,'124+900 '!$B$13:$AA$314,5,FALSE) -> 1700 | O77: =F77-N77 -> 2318 | P77: =VLOOKUP(B77,'124+900 '!$B$13:$AA$314,14,FALSE) -> -682 | Q77: =P77-P76 -> -30 | R77: =R76+Q77 -> -559 | S77: =VLOOKUP(B77,'124+900 '!$B$13:$AA$314,22,FALSE) -> 1630 | T77: =VLOOKUP(B77,'124+900 '!$B$13:$AA$314,6,FALSE) -> 1592 | U77: =F77-T77 -> 2426 | V77: =VLOOKUP(B77,'124+900 '!$B$13:$AA$314,15,FALSE) -> -574 | W77: =V77-V76 -> -26 | X77: =X76+W77 -> -461 | Y77: =M77-M76 -> -30 | Z77: =IF(Y77>0,Y77,0)/1000 -> 0 | AA77: =AA76+Z77 -> 2.238 | AB77: =(M77-$M$13-R77)/1000 -> 2.284
A78: 42313 | B78: ='124+900 '!B78 -> 45433 | C78: =B78-$B$13 -> 190 | D78: =D77 -> 1026 | E78: =VLOOKUP(B78,'124+900 '!B53:AA658,3,FALSE) -> 2827 | F78: =D78+E78 -> 3853 | G78: =VLOOKUP(B78,'124+900 '!$B$13:$AA$314,20,FALSE) -> 1655 | H78: =VLOOKUP(B78,'124+900 '!$B$13:$AA$314,4,FALSE) -> 1523 | I78: =F78-H78 -> 2330 | J78: =VLOOKUP(B78,'124+900 '!$B$13:$AA$314,13,FALSE) -> -670 | K78: =J78-J77 -> -16 | L78: =L77+K78 -> -549 | M78: =VLOOKUP(B78,'124+900 '!$B$13:$AA$314,21,FALSE) -> 1577 | N78: =VLOOKUP(B78,'124+900 '!$B$13:$AA$314,5,FALSE) -> 1560 | O78: =F78-N78 -> 2293 | P78: =VLOOKUP(B78,'124+900 '!$B$13:$AA$314,14,FALSE) -> -707 | Q78: =P78-P77 -> -25 | R78: =R77+Q78 -> -584 | S78: =VLOOKUP(B78,'124+900 '!$B$13:$AA$314,22,FALSE) -> 1606 | T78: =VLOOKUP(B78,'124+900 '!$B$13:$AA$314,6,FALSE) -> 1451 | U78: =F78-T78 -> 2402 | V78: =VLOOKUP(B78,'124+900 '!$B$13:$AA$314,15,FALSE) -> -598 | W78: =V78-V77 -> -24 | X78: =X77+W78 -> -485 | Y78: =M78-M77 -> -25 | Z78: =IF(Y78>0,Y78,0)/1000 -> 0 | AA78: =AA77+Z78 -> 2.238 | AB78: =(M78-$M$13-R78)/1000 -> 2.284
A79: 42319 | B79: ='124+900 '!B79 -> 45440 | C79: =B79-$B$13 -> 197 | D79: =D78 -> 1026 | E79: =VLOOKUP(B79,'124+900 '!B54:AA659,3,FALSE) -> 2956 | F79: =D79+E79 -> 3982 | G79: =VLOOKUP(B79,'124+900 '!$B$13:$AA$314,20,FALSE) -> 1638 | H79: =VLOOKUP(B79,'124+900 '!$B$13:$AA$314,4,FALSE) -> 1669 | I79: =F79-H79 -> 2313 | J79: =VLOOKUP(B79,'124+900 '!$B$13:$AA$314,13,FALSE) -> -687 | K79: =J79-J78 -> -17 | L79: =L78+K79 -> -566 | M79: =VLOOKUP(B79,'124+900 '!$B$13:$AA$314,21,FALSE) -> 1547 | N79: =VLOOKUP(B79,'124+900 '!$B$13:$AA$314,5,FALSE) -> 1719 | O79: =F79-N79 -> 2263 | P79: =VLOOKUP(B79,'124+900 '!$B$13:$AA$314,14,FALSE) -> -737 | Q79: =P79-P78 -> -30 | R79: =R78+Q79 -> -614 | S79: =VLOOKUP(B79,'124+900 '!$B$13:$AA$314,22,FALSE) -> 1583 | T79: =VLOOKUP(B79,'124+900 '!$B$13:$AA$314,6,FALSE) -> 1603 | U79: =F79-T79 -> 2379 | V79: =VLOOKUP(B79,'124+900 '!$B$13:$AA$314,15,FALSE) -> -621 | W79: =V79-V78 -> -23 | X79: =X78+W79 -> -508 | Y79: =M79-M78 -> -30 | Z79: =IF(Y79>0,Y79,0)/1000 -> 0 | AA79: =AA78+Z79 -> 2.238 | AB79: =(M79-$M$13-R79)/1000 -> 2.284
A80: 42322 | B80: ='124+900 '!B80 -> 45447 | C80: =B80-$B$13 -> 204 | D80: =D79 -> 1026 | E80: =VLOOKUP(B80,'124+900 '!B55:AA660,3,FALSE) -> 2917 | F80: =D80+E80 -> 3943 | G80: =VLOOKUP(B80,'124+900 '!$B$13:$AA$314,20,FALSE) -> 1620 | H80: =VLOOKUP(B80,'124+900 '!$B$13:$AA$314,4,FALSE) -> 1648 | I80: =F80-H80 -> 2295 | J80: =VLOOKUP(B80,'124+900 '!$B$13:$AA$314,13,FALSE) -> -705 | K80: =J80-J79 -> -18 | L80: =L79+K80 -> -584 | M80: =VLOOKUP(B80,'124+900 '!$B$13:$AA$314,21,FALSE) -> 1520 | N80: =VLOOKUP(B80,'124+900 '!$B$13:$AA$314,5,FALSE) -> 1707 | O80: =F80-N80 -> 2236 | P80: =VLOOKUP(B80,'124+900 '!$B$13:$AA$314,14,FALSE) -> -764 | Q80: =P80-P79 -> -27 | R80: =R79+Q80 -> -641 | S80: =VLOOKUP(B80,'124+900 '!$B$13:$AA$314,22,FALSE) -> 1561 | T80: =VLOOKUP(B80,'124+900 '!$B$13:$AA$314,6,FALSE) -> 1586 | U80: =F80-T80 -> 2357 | V80: =VLOOKUP(B80,'124+900 '!$B$13:$AA$314,15,FALSE) -> -643 | W80: =V80-V79 -> -22 | X80: =X79+W80 -> -530 | Y80: =M80-M79 -> -27 | Z80: =IF(Y80>0,Y80,0)/1000 -> 0 | AA80: =AA79+Z80 -> 2.238 | AB80: =(M80-$M$13-R80)/1000 -> 2.284
A81: 17/11/015 | B81: ='124+900 '!B81 -> 45454 | C81: =B81-$B$13 -> 211 | D81: =D80 -> 1026 | E81: =VLOOKUP(B81,'124+900 '!B56:AA661,3,FALSE) -> 2826 | F81: =D81+E81 -> 3852 | G81: =VLOOKUP(B81,'124+900 '!$B$13:$AA$314,20,FALSE) -> 1601 | H81: =VLOOKUP(B81,'124+900 '!$B$13:$AA$314,4,FALSE) -> 1576 | I81: =F81-H81 -> 2276 | J81: =VLOOKUP(B81,'124+900 '!$B$13:$AA$314,13,FALSE) -> -724 | K81: =J81-J80 -> -19 | L81: =L80+K81 -> -603 | M81: =VLOOKUP(B81,'124+900 '!$B$13:$AA$314,21,FALSE) -> 1491 | N81: =VLOOKUP(B81,'124+900 '!$B$13:$AA$314,5,FALSE) -> 1645 | O81: =F81-N81 -> 2207 | P81: =VLOOKUP(B81,'124+900 '!$B$13:$AA$314,14,FALSE) -> -793 | Q81: =P81-P80 -> -29 | R81: =R80+Q81 -> -670 | S81: =VLOOKUP(B81,'124+900 '!$B$13:$AA$314,22,FALSE) -> 1540 | T81: =VLOOKUP(B81,'124+900 '!$B$13:$AA$314,6,FALSE) -> 1516 | U81: =F81-T81 -> 2336 | V81: =VLOOKUP(B81,'124+900 '!$B$13:$AA$314,15,FALSE) -> -664 | W81: =V81-V80 -> -21 | X81: =X80+W81 -> -551 | Y81: =M81-M80 -> -29 | Z81: =IF(Y81>0,Y81,0)/1000 -> 0 | AA81: =AA80+Z81 -> 2.238 | AB81: =(M81-$M$13-R81)/1000 -> 2.284
B82: ='124+900 '!B82 -> 45461 | C82: =B82-$B$13 -> 218 | D82: =D81 -> 1026 | E82: =VLOOKUP(B82,'124+900 '!B57:AA662,3,FALSE) -> 2827 | F82: =D82+E82 -> 3853 | G82: =VLOOKUP(B82,'124+900 '!$B$13:$AA$314,20,FALSE) -> 1586 | H82: =VLOOKUP(B82,'124+900 '!$B$13:$AA$314,4,FALSE) -> 1592 | I82: =F82-H82 -> 2261 | J82: =VLOOKUP(B82,'124+900 '!$B$13:$AA$314,13,FALSE) -> -739 | K82: =J82-J81 -> -15 | L82: =L81+K82 -> -618 | M82: =VLOOKUP(B82,'124+900 '!$B$13:$AA$314,21,FALSE) -> 1463 | N82: =VLOOKUP(B82,'124+900 '!$B$13:$AA$314,5,FALSE) -> 1674 | O82: =F82-N82 -> 2179 | P82: =VLOOKUP(B82,'124+900 '!$B$13:$AA$314,14,FALSE) -> -821 | Q82: =P82-P81 -> -28 | R82: =R81+Q82 -> -698 | S82: =VLOOKUP(B82,'124+900 '!$B$13:$AA$314,22,FALSE) -> 1520 | T82: =VLOOKUP(B82,'124+900 '!$B$13:$AA$314,6,FALSE) -> 1537 | U82: =F82-T82 -> 2316 | V82: =VLOOKUP(B82,'124+900 '!$B$13:$AA$314,15,FALSE) -> -684 | W82: =V82-V81 -> -20 | X82: =X81+W82 -> -571 | Y82: =M82-M81 -> -28 | Z82: =IF(Y82>0,Y82,0)/1000 -> 0 | AA82: =AA81+Z82 -> 2.238 | AB82: =(M82-$M$13-R82)/1000 -> 2.284
B83: ='124+900 '!B83 -> 45468 | C83: =B83-$B$13 -> 225 | D83: =D82 -> 1026 | E83: =VLOOKUP(B83,'124+900 '!B58:AA663,3,FALSE) -> 2828 | F83: =D83+E83 -> 3854 | G83: =VLOOKUP(B83,'124+900 '!$B$13:$AA$314,20,FALSE) -> 1576 | H83: =VLOOKUP(B83,'124+900 '!$B$13:$AA$314,4,FALSE) -> 1603 | I83: =F83-H83 -> 2251 | J83: =VLOOKUP(B83,'124+900 '!$B$13:$AA$314,13,FALSE) -> -749 | K83: =J83-J82 -> -10 | L83: =L82+K83 -> -628 | M83: =VLOOKUP(B83,'124+900 '!$B$13:$AA$314,21,FALSE) -> 1437 | N83: =VLOOKUP(B83,'124+900 '!$B$13:$AA$314,5,FALSE) -> 1701 | O83: =F83-N83 -> 2153 | P83: =VLOOKUP(B83,'124+900 '!$B$13:$AA$314,14,FALSE) -> -847 | Q83: =P83-P82 -> -26 | R83: =R82+Q83 -> -724 | S83: =VLOOKUP(B83,'124+900 '!$B$13:$AA$314,22,FALSE) -> 1501 | T83: =VLOOKUP(B83,'124+900 '!$B$13:$AA$314,6,FALSE) -> 1557 | U83: =F83-T83 -> 2297 | V83: =VLOOKUP(B83,'124+900 '!$B$13:$AA$314,15,FALSE) -> -703 | W83: =V83-V82 -> -19 | X83: =X82+W83 -> -590 | Y83: =M83-M82 -> -26 | Z83: =IF(Y83>0,Y83,0)/1000 -> 0 | AA83: =AA82+Z83 -> 2.238 | AB83: =(M83-$M$13-R83)/1000 -> 2.284
B84: ='124+900 '!B84 -> 45475 | C84: =B84-$B$13 -> 232 | D84: =D83 -> 1026 | E84: =VLOOKUP(B84,'124+900 '!B59:AA664,3,FALSE) -> 2829 | F84: =D84+E84 -> 3855 | G84: =VLOOKUP(B84,'124+900 '!$B$13:$AA$314,20,FALSE) -> 1566 | H84: =VLOOKUP(B84,'124+900 '!$B$13:$AA$314,4,FALSE) -> 1614 | I84: =F84-H84 -> 2241 | J84: =VLOOKUP(B84,'124+900 '!$B$13:$AA$314,13,FALSE) -> -759 | K84: =J84-J83 -> -10 | L84: =L83+K84 -> -638 | M84: =VLOOKUP(B84,'124+900 '!$B$13:$AA$314,21,FALSE) -> 1412 | N84: =VLOOKUP(B84,'124+900 '!$B$13:$AA$314,5,FALSE) -> 1727 | O84: =F84-N84 -> 2128 | P84: =VLOOKUP(B84,'124+900 '!$B$13:$AA$314,14,FALSE) -> -872 | Q84: =P84-P83 -> -25 | R84: =R83+Q84 -> -749 | S84: =VLOOKUP(B84,'124+900 '!$B$13:$AA$314,22,FALSE) -> 1483 | T84: =VLOOKUP(B84,'124+900 '!$B$13:$AA$314,6,FALSE) -> 1576 | U84: =F84-T84 -> 2279 | V84: =VLOOKUP(B84,'124+900 '!$B$13:$AA$314,15,FALSE) -> -721 | W84: =V84-V83 -> -18 | X84: =X83+W84 -> -608 | Y84: =M84-M83 -> -25 | Z84: =IF(Y84>0,Y84,0)/1000 -> 0 | AA84: =AA83+Z84 -> 2.238 | AB84: =(M84-$M$13-R84)/1000 -> 2.284
B85: ='124+900 '!B85 -> 45482 | C85: =B85-$B$13 -> 239 | D85: =D84 -> 1026 | E85: =VLOOKUP(B85,'124+900 '!B60:AA665,3,FALSE) -> 2830 | F85: =D85+E85 -> 3856 | G85: =VLOOKUP(B85,'124+900 '!$B$13:$AA$314,20,FALSE) -> 1557 | H85: =VLOOKUP(B85,'124+900 '!$B$13:$AA$314,4,FALSE) -> 1624 | I85: =F85-H85 -> 2232 | J85: =VLOOKUP(B85,'124+900 '!$B$13:$AA$314,13,FALSE) -> -768 | K85: =J85-J84 -> -9 | L85: =L84+K85 -> -647 | M85: =VLOOKUP(B85,'124+900 '!$B$13:$AA$314,21,FALSE) -> 1402 | N85: =VLOOKUP(B85,'124+900 '!$B$13:$AA$314,5,FALSE) -> 1738 | O85: =F85-N85 -> 2118 | P85: =VLOOKUP(B85,'124+900 '!$B$13:$AA$314,14,FALSE) -> -882 | Q85: =P85-P84 -> -10 | R85: =R84+Q85 -> -759 | S85: =VLOOKUP(B85,'124+900 '!$B$13:$AA$314,22,FALSE) -> 1466 | T85: =VLOOKUP(B85,'124+900 '!$B$13:$AA$314,6,FALSE) -> 1594 | U85: =F85-T85 -> 2262 | V85: =VLOOKUP(B85,'124+900 '!$B$13:$AA$314,15,FALSE) -> -738 | W85: =V85-V84 -> -17 | X85: =X84+W85 -> -625 | Y85: =M85-M84 -> -10 | Z85: =IF(Y85>0,Y85,0)/1000 -> 0 | AA85: =AA84+Z85 -> 2.238 | AB85: =(M85-$M$13-R85)/1000 -> 2.284
B86: ='124+900 '!B86 -> 45489 | C86: =B86-$B$13 -> 246 | D86: =D85 -> 1026 | E86: =VLOOKUP(B86,'124+900 '!B61:AA666,3,FALSE) -> 2831 | F86: =D86+E86 -> 3857 | G86: =VLOOKUP(B86,'124+900 '!$B$13:$AA$314,20,FALSE) -> 1549 | H86: =VLOOKUP(B86,'124+900 '!$B$13:$AA$314,4,FALSE) -> 1633 | I86: =F86-H86 -> 2224 | J86: =VLOOKUP(B86,'124+900 '!$B$13:$AA$314,13,FALSE) -> -776 | K86: =J86-J85 -> -8 | L86: =L85+K86 -> -655 | M86: =VLOOKUP(B86,'124+900 '!$B$13:$AA$314,21,FALSE) -> 1392 | N86: =VLOOKUP(B86,'124+900 '!$B$13:$AA$314,5,FALSE) -> 1749 | O86: =F86-N86 -> 2108 | P86: =VLOOKUP(B86,'124+900 '!$B$13:$AA$314,14,FALSE) -> -892 | Q86: =P86-P85 -> -10 | R86: =R85+Q86 -> -769 | S86: =VLOOKUP(B86,'124+900 '!$B$13:$AA$314,22,FALSE) -> 1450 | T86: =VLOOKUP(B86,'124+900 '!$B$13:$AA$314,6,FALSE) -> 1611 | U86: =F86-T86 -> 2246 | V86: =VLOOKUP(B86,'124+900 '!$B$13:$AA$314,15,FALSE) -> -754 | W86: =V86-V85 -> -16 | X86: =X85+W86 -> -641 | Y86: =M86-M85 -> -10 | Z86: =IF(Y86>0,Y86,0)/1000 -> 0 | AA86: =AA85+Z86 -> 2.238 | AB86: =(M86-$M$13-R86)/1000 -> 2.284
B87: ='124+900 '!B87 -> 45496 | C87: =B87-$B$13 -> 253 | D87: =D86 -> 1026 | E87: =VLOOKUP(B87,'124+900 '!B62:AA667,3,FALSE) -> 2832 | F87: =D87+E87 -> 3858 | G87: =VLOOKUP(B87,'124+900 '!$B$13:$AA$314,20,FALSE) -> 1540 | H87: =VLOOKUP(B87,'124+900 '!$B$13:$AA$314,4,FALSE) -> 1643 | I87: =F87-H87 -> 2215 | J87: =VLOOKUP(B87,'124+900 '!$B$13:$AA$314,13,FALSE) -> -785 | K87: =J87-J86 -> -9 | L87: =L86+K87 -> -664 | M87: =VLOOKUP(B87,'124+900 '!$B$13:$AA$314,21,FALSE) -> 1382 | N87: =VLOOKUP(B87,'124+900 '!$B$13:$AA$314,5,FALSE) -> 1760 | O87: =F87-N87 -> 2098 | P87: =VLOOKUP(B87,'124+900 '!$B$13:$AA$314,14,FALSE) -> -902 | Q87: =P87-P86 -> -10 | R87: =R86+Q87 -> -779 | S87: =VLOOKUP(B87,'124+900 '!$B$13:$AA$314,22,FALSE) -> 1435 | T87: =VLOOKUP(B87,'124+900 '!$B$13:$AA$314,6,FALSE) -> 1627 | U87: =F87-T87 -> 2231 | V87: =VLOOKUP(B87,'124+900 '!$B$13:$AA$314,15,FALSE) -> -769 | W87: =V87-V86 -> -15 | X87: =X86+W87 -> -656 | Y87: =M87-M86 -> -10 | Z87: =IF(Y87>0,Y87,0)/1000 -> 0 | AA87: =AA86+Z87 -> 2.238 | AB87: =(M87-$M$13-R87)/1000 -> 2.284
B88: ='124+900 '!B88 -> 45503 | C88: =B88-$B$13 -> 260 | D88: =D87 -> 1026 | E88: =VLOOKUP(B88,'124+900 '!B63:AA668,3,FALSE) -> 2833 | F88: =D88+E88 -> 3859 | G88: =VLOOKUP(B88,'124+900 '!$B$13:$AA$314,20,FALSE) -> 1532 | H88: =VLOOKUP(B88,'124+900 '!$B$13:$AA$314,4,FALSE) -> 1652 | I88: =F88-H88 -> 2207 | J88: =VLOOKUP(B88,'124+900 '!$B$13:$AA$314,13,FALSE) -> -793 | K88: =J88-J87 -> -8 | L88: =L87+K88 -> -672 | M88: =VLOOKUP(B88,'124+900 '!$B$13:$AA$314,21,FALSE) -> 1372 | N88: =VLOOKUP(B88,'124+900 '!$B$13:$AA$314,5,FALSE) -> 1771 | O88: =F88-N88 -> 2088 | P88: =VLOOKUP(B88,'124+900 '!$B$13:$AA$314,14,FALSE) -> -912 | Q88: =P88-P87 -> -10 | R88: =R87+Q88 -> -789 | S88: =VLOOKUP(B88,'124+900 '!$B$13:$AA$314,22,FALSE) -> 1421 | T88: =VLOOKUP(B88,'124+900 '!$B$13:$AA$314,6,FALSE) -> 1642 | U88: =F88-T88 -> 2217 | V88: =VLOOKUP(B88,'124+900 '!$B$13:$AA$314,15,FALSE) -> -783 | W88: =V88-V87 -> -14 | X88: =X87+W88 -> -670 | Y88: =M88-M87 -> -10 | Z88: =IF(Y88>0,Y88,0)/1000 -> 0 | AA88: =AA87+Z88 -> 2.238 | AB88: =(M88-$M$13-R88)/1000 -> 2.284
B89: ='124+900 '!B89 -> 45510 | C89: =B89-$B$13 -> 267 | D89: =D88 -> 1026 | E89: =VLOOKUP(B89,'124+900 '!B64:AA669,3,FALSE) -> 2834 | F89: =D89+E89 -> 3860 | G89: =VLOOKUP(B89,'124+900 '!$B$13:$AA$314,20,FALSE) -> 1523 | H89: =VLOOKUP(B89,'124+900 '!$B$13:$AA$314,4,FALSE) -> 1662 | I89: =F89-H89 -> 2198 | J89: =VLOOKUP(B89,'124+900 '!$B$13:$AA$314,13,FALSE) -> -802 | K89: =J89-J88 -> -9 | L89: =L88+K89 -> -681 | M89: =VLOOKUP(B89,'124+900 '!$B$13:$AA$314,21,FALSE) -> 1362 | N89: =VLOOKUP(B89,'124+900 '!$B$13:$AA$314,5,FALSE) -> 1782 | O89: =F89-N89 -> 2078 | P89: =VLOOKUP(B89,'124+900 '!$B$13:$AA$314,14,FALSE) -> -922 | Q89: =P89-P88 -> -10 | R89: =R88+Q89 -> -799 | S89: =VLOOKUP(B89,'124+900 '!$B$13:$AA$314,22,FALSE) -> 1411 | T89: =VLOOKUP(B89,'124+900 '!$B$13:$AA$314,6,FALSE) -> 1653 | U89: =F89-T89 -> 2207 | V89: =VLOOKUP(B89,'124+900 '!$B$13:$AA$314,15,FALSE) -> -793 | W89: =V89-V88 -> -10 | X89: =X88+W89 -> -680 | Y89: =M89-M88 -> -10 | Z89: =IF(Y89>0,Y89,0)/1000 -> 0 | AA89: =AA88+Z89 -> 2.238 | AB89: =(M89-$M$13-R89)/1000 -> 2.284
B90: ='124+900 '!B90 -> 45517 | C90: =B90-$B$13 -> 274 | D90: =D89 -> 1026 | E90: =VLOOKUP(B90,'124+900 '!B65:AA670,3,FALSE) -> 2835 | F90: =D90+E90 -> 3861 | G90: =VLOOKUP(B90,'124+900 '!$B$13:$AA$314,20,FALSE) -> 1515 | H90: =VLOOKUP(B90,'124+900 '!$B$13:$AA$314,4,FALSE) -> 1671 | I90: =F90-H90 -> 2190 | J90: =VLOOKUP(B90,'124+900 '!$B$13:$AA$314,13,FALSE) -> -810 | K90: =J90-J89 -> -8 | L90: =L89+K90 -> -689 | M90: =VLOOKUP(B90,'124+900 '!$B$13:$AA$314,21,FALSE) -> 1352 | N90: =VLOOKUP(B90,'124+900 '!$B$13:$AA$314,5,FALSE) -> 1793 | O90: =F90-N90 -> 2068 | P90: =VLOOKUP(B90,'124+900 '!$B$13:$AA$314,14,FALSE) -> -932 | Q90: =P90-P89 -> -10 | R90: =R89+Q90 -> -809 | S90: =VLOOKUP(B90,'124+900 '!$B$13:$AA$314,22,FALSE) -> 1402 | T90: =VLOOKUP(B90,'124+900 '!$B$13:$AA$314,6,FALSE) -> 1663 | U90: =F90-T90 -> 2198 | V90: =VLOOKUP(B90,'124+900 '!$B$13:$AA$314,15,FALSE) -> -802 | W90: =V90-V89 -> -9 | X90: =X89+W90 -> -689 | Y90: =M90-M89 -> -10 | Z90: =IF(Y90>0,Y90,0)/1000 -> 0 | AA90: =AA89+Z90 -> 2.238 | AB90: =(M90-$M$13-R90)/1000 -> 2.284
B91: ='124+900 '!B91 -> 45524 | C91: =B91-$B$13 -> 281 | D91: =D90 -> 1026 | E91: =VLOOKUP(B91,'124+900 '!B66:AA671,3,FALSE) -> 2836 | F91: =D91+E91 -> 3862 | G91: =VLOOKUP(B91,'124+900 '!$B$13:$AA$314,20,FALSE) -> 1507 | H91: =VLOOKUP(B91,'124+900 '!$B$13:$AA$314,4,FALSE) -> 1680 | I91: =F91-H91 -> 2182 | J91: =VLOOKUP(B91,'124+900 '!$B$13:$AA$314,13,FALSE) -> -818 | K91: =J91-J90 -> -8 | L91: =L90+K91 -> -697 | M91: =VLOOKUP(B91,'124+900 '!$B$13:$AA$314,21,FALSE) -> 1342 | N91: =VLOOKUP(B91,'124+900 '!$B$13:$AA$314,5,FALSE) -> 1804 | O91: =F91-N91 -> 2058 | P91: =VLOOKUP(B91,'124+900 '!$B$13:$AA$314,14,FALSE) -> -942 | Q91: =P91-P90 -> -10 | R91: =R90+Q91 -> -819 | S91: =VLOOKUP(B91,'124+900 '!$B$13:$AA$314,22,FALSE) -> 1394 | T91: =VLOOKUP(B91,'124+900 '!$B$13:$AA$314,6,FALSE) -> 1672 | U91: =F91-T91 -> 2190 | V91: =VLOOKUP(B91,'124+900 '!$B$13:$AA$314,15,FALSE) -> -810 | W91: =V91-V90 -> -8 | X91: =X90+W91 -> -697 | Y91: =M91-M90 -> -10 | Z91: =IF(Y91>0,Y91,0)/1000 -> 0 | AA91: =AA90+Z91 -> 2.238 | AB91: =(M91-$M$13-R91)/1000 -> 2.284
B92: ='124+900 '!B92 -> 45531 | C92: =B92-$B$13 -> 288 | D92: =D91 -> 1026 | E92: =VLOOKUP(B92,'124+900 '!B67:AA672,3,FALSE) -> 2837 | F92: =D92+E92 -> 3863 | G92: =VLOOKUP(B92,'124+900 '!$B$13:$AA$314,20,FALSE) -> 1499 | H92: =VLOOKUP(B92,'124+900 '!$B$13:$AA$314,4,FALSE) -> 1689 | I92: =F92-H92 -> 2174 | J92: =VLOOKUP(B92,'124+900 '!$B$13:$AA$314,13,FALSE) -> -826 | K92: =J92-J91 -> -8 | L92: =L91+K92 -> -705 | M92: =VLOOKUP(B92,'124+900 '!$B$13:$AA$314,21,FALSE) -> 1332 | N92: =VLOOKUP(B92,'124+900 '!$B$13:$AA$314,5,FALSE) -> 1815 | O92: =F92-N92 -> 2048 | P92: =VLOOKUP(B92,'124+900 '!$B$13:$AA$314,14,FALSE) -> -952 | Q92: =P92-P91 -> -10 | R92: =R91+Q92 -> -829 | S92: =VLOOKUP(B92,'124+900 '!$B$13:$AA$314,22,FALSE) -> 1386 | T92: =VLOOKUP(B92,'124+900 '!$B$13:$AA$314,6,FALSE) -> 1681 | U92: =F92-T92 -> 2182 | V92: =VLOOKUP(B92,'124+900 '!$B$13:$AA$314,15,FALSE) -> -818 | W92: =V92-V91 -> -8 | X92: =X91+W92 -> -705 | Y92: =M92-M91 -> -10 | Z92: =IF(Y92>0,Y92,0)/1000 -> 0 | AA92: =AA91+Z92 -> 2.238 | AB92: =(M92-$M$13-R92)/1000 -> 2.284
B93: ='124+900 '!B93 -> 45538 | C93: =B93-$B$13 -> 295 | D93: =D92 -> 1026 | E93: =VLOOKUP(B93,'124+900 '!B68:AA673,3,FALSE) -> 2838 | F93: =D93+E93 -> 3864 | G93: =VLOOKUP(B93,'124+900 '!$B$13:$AA$314,20,FALSE) -> 1492 | H93: =VLOOKUP(B93,'124+900 '!$B$13:$AA$314,4,FALSE) -> 1697 | I93: =F93-H93 -> 2167 | J93: =VLOOKUP(B93,'124+900 '!$B$13:$AA$314,13,FALSE) -> -833 | K93: =J93-J92 -> -7 | L93: =L92+K93 -> -712 | M93: =VLOOKUP(B93,'124+900 '!$B$13:$AA$314,21,FALSE) -> 1322 | N93: =VLOOKUP(B93,'124+900 '!$B$13:$AA$314,5,FALSE) -> 1826 | O93: =F93-N93 -> 2038 | P93: =VLOOKUP(B93,'124+900 '!$B$13:$AA$314,14,FALSE) -> -962 | Q93: =P93-P92 -> -10 | R93: =R92+Q93 -> -839 | S93: =VLOOKUP(B93,'124+900 '!$B$13:$AA$314,22,FALSE) -> 1379 | T93: =VLOOKUP(B93,'124+900 '!$B$13:$AA$314,6,FALSE) -> 1689 | U93: =F93-T93 -> 2175 | V93: =VLOOKUP(B93,'124+900 '!$B$13:$AA$314,15,FALSE) -> -825 | W93: =V93-V92 -> -7 | X93: =X92+W93 -> -712 | Y93: =M93-M92 -> -10 | Z93: =IF(Y93>0,Y93,0)/1000 -> 0 | AA93: =AA92+Z93 -> 2.238 | AB93: =(M93-$M$13-R93)/1000 -> 2.284
... B212: ='124+900 '!B212 -> 0 | C212: =B212-$B$13 -> -45243 | D212: =D211 -> 1026 | E212: =VLOOKUP(B212,'124+900 '!B187:AA792,3,FALSE) -> #N/A | F212: =D212+E212 -> #N/A | G212: =VLOOKUP(B212,'124+900 '!$B$13:$AA$314,20,FALSE) -> #N/A | H212: =VLOOKUP(B212,'124+900 '!$B$13:$AA$314,4,FALSE) -> #N/A | I212: =F212-H212 -> #N/A | J212: =VLOOKUP(B212,'124+900 '!$B$13:$AA$314,13,FALSE) -> #N/A | K212: =J212-J211 -> #N/A | L212: =L211+K212 -> #N/A | M212: =VLOOKUP(B212,'124+900 '!$B$13:$AA$314,21,FALSE) -> #N/A | N212: =VLOOKUP(B212,'124+900 '!$B$13:$AA$314,5,FALSE) -> #N/A | O212: =F212-N212 -> #N/A | P212: =VLOOKUP(B212,'124+900 '!$B$13:$AA$314,14,FALSE) -> #N/A | Q212: =P212-P211 -> #N/A | R212: =R211+Q212 -> #N/A | S212: =VLOOKUP(B212,'124+900 '!$B$13:$AA$314,22,FALSE) -> #N/A | T212: =VLOOKUP(B212,'124+900 '!$B$13:$AA$314,6,FALSE) -> #N/A | U212: =F212-T212 -> #N/A | V212: =VLOOKUP(B212,'124+900 '!$B$13:$AA$314,15,FALSE) -> #N/A | W212: =V212-V211 -> #N/A | X212: =X211+W212 -> #N/A | Y212: =M212-M211 -> #N/A | Z212: =IF(Y212>0,Y212,0)/1000 -> #N/A | AA212: =AA211+Z212 -> #N/A | AB212: =(M212-$M$13-R212)/1000 -> #N/A

Sheet SL.124+900 
A1: DỰ ÁN THÀNH PHẦN ĐOẠN HẬU GIANG - CÀ MAU
A2: THUỘC DỰ ÁN XÂY DỰNG CÔNG TRÌNH ĐƯỜNG BỘ CAO TỐC BẮC - NAM PHÍA ĐÔNG GIAI ĐOẠN 2021 - 2025
A3: GÓI THẦU: THI CÔNG XÂY DỰNG ĐOẠN TUYẾN KM114+200-KM126+223
A4: CHỦ ĐẦU TƯ | F4: TƯ VẤN GIÁM SÁT | K4: NHÀ THẦU
A5: BAN QUẢN LÝ DỰ ÁN MỸ THUẬN | F5: LIÊN DANH TVGS PHÂN VIỆN KHCN GTVT PHÍA NAM VÀ CÔNG TY CỔ PHẦN TV KT&XD HỒNG HÀ | K5: LIÊN DANH TỔNG CÔNG TY XD SỐ 1 (CTCP) - CÔNG TY CỔ PHẦN HẢI ĐĂNG - CÔNG TY TNHH LIÊN HỢP XD VẠN CƯỜNG - CÔNG TY CỔ PHẦN XD VÀ ĐT 492 - CÔNG TY CỔ PHẦN XÂY DỰNG HẠ TẦNG BẮC TRUNG NAM
A6: BIỂU GHI ĐO QUAN TRẮC LÚN
A7: Người lập: | K7: Tên mốc:
A8: Thời tiết: | B8: ='[4]BC.124+090'!C8 -> năng | K8: Cao độ mốc: | M8: ='BC.124+900 '!N8 -> 1026
A9: Lý trình: | B9: ='124+900 '!C9 -> Km124+900 | K9: Ngày đặt bàn: | M9: =A13 -> 45243
A10: BÀN QUAN TRẮC: KM124+900
A11: Ngày đo | B11: Số ngày | C11: Cao độ đắp(m) | D11: Chiều cao nền đắp (m) | E11: chiều dày đắp(m) | F11: Trái | H11: Giữa | J11: Phải | L11: Độ lún (trái) (mm) | M11: Độ lún (giữa) (mm) | N11: Độ lún (phải) (mm) | O11: Ghi chú
F12: Cao độ quan trắc | G12: Cao độ bàn đo lún | H12: Cao độ quan trắc | I12: Cao độ bàn đo lún | J12: Cao độ quan trắc | K12: Cao độ bàn đo lún
A13: ='BC.124+900 '!B13 -> 45243 | B13: 1 | C13: ='BC.124+900 '!M13/1000 -> -0.123 | D13: ='BC.124+900 '!AA13 -> 0 | E13: =+C13-$F$8-(M13/1000) -> -0.123 | F13: =VLOOKUP($A13,'BC.124+900 '!$B$13:$X$862,8,0)/1000 -> 0.879 | G13: =VLOOKUP($A13,'BC.124+900 '!$B$13:$X$862,9,0)/1000 -> -0.121 | H13: =VLOOKUP($A13,'BC.124+900 '!$B$13:$X$862,14,0)/1000 -> 0.877 | I13: =VLOOKUP($A13,'BC.124+900 '!$B$13:$X$862,15,0)/1000 -> -0.123 | J13: =VLOOKUP($A13,'BC.124+900 '!$B$13:$X$862,20,0)/1000 -> 0.887 | K13: =VLOOKUP($A13,'BC.124+900 '!$B$13:$X$862,21,0)/1000 -> -0.113 | L13: =(G13-$G$13)*1000 -> 0 | M13: =(I13-$I$13)*1000 -> 0 | N13: =(K13-$K$13)*1000 -> 0
A14: ='BC.124+900 '!B14 -> 45244 | B14: 2 | C14: ='BC.124+900 '!M14/1000 -> -0.123 | D14: ='BC.124+900 '!AA14 -> 0 | E14: =+C14-$F$8-(M14/1000) -> -0.123 | F14: =VLOOKUP($A14,'BC.124+900 '!$B$13:$X$862,8,0)/1000 -> 0.879 | G14: =VLOOKUP($A14,'BC.124+900 '!$B$13:$X$862,9,0)/1000 -> -0.121 | H14: =VLOOKUP($A14,'BC.124+900 '!$B$13:$X$862,14,0)/1000 -> 0.877 | I14: =VLOOKUP($A14,'BC.124+900 '!$B$13:$X$862,15,0)/1000 -> -0.123 | J14: =VLOOKUP($A14,'BC.124+900 '!$B$13:$X$862,20,0)/1000 -> 0.887 | K14: =VLOOKUP($A14,'BC.124+900 '!$B$13:$X$862,21,0)/1000 -> -0.113 | L14: =(G14-$G$13)*1000 -> 0 | M14: =(I14-$I$13)*1000 -> 0 | N14: =(K14-$K$13)*1000 -> 0
A15: ='BC.124+900 '!B15 -> 45245 | B15: 3 | C15: ='BC.124+900 '!M15/1000 -> -0.123 | D15: ='BC.124+900 '!AA15 -> 0 | E15: =+C15-$F$8-(M15/1000) -> -0.123 | F15: =VLOOKUP($A15,'BC.124+900 '!$B$13:$X$862,8,0)/1000 -> 0.879 | G15: =VLOOKUP($A15,'BC.124+900 '!$B$13:$X$862,9,0)/1000 -> -0.121 | H15: =VLOOKUP($A15,'BC.124+900 '!$B$13:$X$862,14,0)/1000 -> 0.877 | I15: =VLOOKUP($A15,'BC.124+900 '!$B$13:$X$862,15,0)/1000 -> -0.123 | J15: =VLOOKUP($A15,'BC.124+900 '!$B$13:$X$862,20,0)/1000 -> 0.887 | K15: =VLOOKUP($A15,'BC.124+900 '!$B$13:$X$862,21,0)/1000 -> -0.113 | L15: =(G15-$G$13)*1000 -> 0 | M15: =(I15-$I$13)*1000 -> 0 | N15: =(K15-$K$13)*1000 -> 0
A16: ='BC.124+900 '!B16 -> 45249 | B16: 4 | C16: ='BC.124+900 '!M16/1000 -> -0.123 | D16: ='BC.124+900 '!AA16 -> 0 | E16: =+C16-$F$8-(M16/1000) -> -0.123 | F16: =VLOOKUP($A16,'BC.124+900 '!$B$13:$X$862,8,0)/1000 -> 0.879 | G16: =VLOOKUP($A16,'BC.124+900 '!$B$13:$X$862,9,0)/1000 -> -0.121 | H16: =VLOOKUP($A16,'BC.124+900 '!$B$13:$X$862,14,0)/1000 -> 0.877 | I16: =VLOOKUP($A16,'BC.124+900 '!$B$13:$X$862,15,0)/1000 -> -0.123 | J16: =VLOOKUP($A16,'BC.124+900 '!$B$13:$X$862,20,0)/1000 -> 0.887 | K16: =VLOOKUP($A16,'BC.124+900 '!$B$13:$X$862,21,0)/1000 -> -0.113 | L16: =(G16-$G$13)*1000 -> 0 | M16: =(I16-$I$13)*1000 -> 0 | N16: =(K16-$K$13)*1000 -> 0
A17: ='BC.124+900 '!B17 -> 45252 | B17: 5 | C17: ='BC.124+900 '!M17/1000 -> -0.123 | D17: ='BC.124+900 '!AA17 -> 0 | E17: =+C17-$F$8-(M17/1000) -> -0.123 | F17: =VLOOKUP($A17,'BC.124+900 '!$B$13:$X$862,8,0)/1000 -> 0.879 | G17: =VLOOKUP($A17,'BC.124+900 '!$B$13:$X$862,9,0)/1000 -> -0.121 | H17: =VLOOKUP($A17,'BC.124+900 '!$B$13:$X$862,14,0)/1000 -> 0.877 | I17: =VLOOKUP($A17,'BC.124+900 '!$B$13:$X$862,15,0)/1000 -> -0.123 | J17: =VLOOKUP($A17,'BC.124+900 '!$B$13:$X$862,20,0)/1000 -> 0.887 | K17: =VLOOKUP($A17,'BC.124+900 '!$B$13:$X$862,21,0)/1000 -> -0.113 | L17: =(G17-$G$13)*1000 -> 0 | M17: =(I17-$I$13)*1000 -> 0 | N17: =(K17-$K$13)*1000 -> 0
A18: ='BC.124+900 '!B18 -> 45259 | B18: 6 | C18: ='BC.124+900 '!M18/1000 -> -0.123 | D18: ='BC.124+900 '!AA18 -> 0 | E18: =+C18-$F$8-(M18/1000) -> -0.123 | F18: =VLOOKUP($A18,'BC.124+900 '!$B$13:$X$862,8,0)/1000 -> 0.879 | G18: =VLOOKUP($A18,'BC.124+900 '!$B$13:$X$862,9,0)/1000 -> -0.121 | H18: =VLOOKUP($A18,'BC.124+900 '!$B$13:$X$862,14,0)/1000 -> 0.877 | I18: =VLOOKUP($A18,'BC.124+900 '!$B$13:$X$862,15,0)/1000 -> -0.123 | J18: =VLOOKUP($A18,'BC.124+900 '!$B$13:$X$862,20,0)/1000 -> 0.887 | K18: =VLOOKUP($A18,'BC.124+900 '!$B$13:$X$862,21,0)/1000 -> -0.113 | L18: =(G18-$G$13)*1000 -> 0 | M18: =(I18-$I$13)*1000 -> 0 | N18: =(K18-$K$13)*1000 -> 0
A19: ='BC.124+900 '!B19 -> 45263 | B19: 7 | C19: ='BC.124+900 '!M19/1000 -> -0.123 | D19: ='BC.124+900 '!AA19 -> 0 | E19: =+C19-$F$8-(M19/1000) -> -0.123 | F19: =VLOOKUP($A19,'BC.124+900 '!$B$13:$X$862,8,0)/1000 -> 0.879 | G19: =VLOOKUP($A19,'BC.124+900 '!$B$13:$X$862,9,0)/1000 -> -0.121 | H19: =VLOOKUP($A19,'BC.124+900 '!$B$13:$X$862,14,0)/1000 -> 0.877 | I19: =VLOOKUP($A19,'BC.124+900 '!$B$13:$X$862,15,0)/1000 -> -0.123 | J19: =VLOOKUP($A19,'BC.124+900 '!$B$13:$X$862,20,0)/1000 -> 0.887 | K19: =VLOOKUP($A19,'BC.124+900 '!$B$13:$X$862,21,0)/1000 -> -0.113 | L19: =(G19-$G$13)*1000 -> 0 | M19: =(I19-$I$13)*1000 -> 0 | N19: =(K19-$K$13)*1000 -> 0
A20: ='BC.124+900 '!B20 -> 45264 | B20: 8 | C20: ='BC.124+900 '!M20/1000 -> -0.123 | D20: ='BC.124+900 '!AA20 -> 0 | E20: =+C20-$F$8-(M20/1000) -> -0.123 | F20: =VLOOKUP($A20,'BC.124+900 '!$B$13:$X$862,8,0)/1000 -> 0.879 | G20: =VLOOKUP($A20,'BC.124+900 '!$B$13:$X$862,9,0)/1000 -> -0.121 | H20: =VLOOKUP($A20,'BC.124+900 '!$B$13:$X$862,14,0)/1000 -> 0.877 | I20: =VLOOKUP($A20,'BC.124+900 '!$B$13:$X$862,15,0)/1000 -> -0.123 | J20: =VLOOKUP($A20,'BC.124+900 '!$B$13:$X$862,20,0)/1000 -> 0.887 | K20: =VLOOKUP($A20,'BC.124+900 '!$B$13:$X$862,21,0)/1000 -> -0.113 | L20: =(G20-$G$13)*1000 -> 0 | M20: =(I20-$I$13)*1000 -> 0 | N20: =(K20-$K$13)*1000 -> 0
A21: ='BC.124+900 '!B21 -> 45265 | B21: 9 | C21: ='BC.124+900 '!M21/1000 -> -0.123 | D21: ='BC.124+900 '!AA21 -> 0 | E21: =+C21-$F$8-(M21/1000) -> -0.123 | F21: =VLOOKUP($A21,'BC.124+900 '!$B$13:$X$862,8,0)/1000 -> 0.879 | G21: =VLOOKUP($A21,'BC.124+900 '!$B$13:$X$862,9,0)/1000 -> -0.121 | H21: =VLOOKUP($A21,'BC.124+900 '!$B$13:$X$862,14,0)/1000 -> 0.877 | I21: =VLOOKUP($A21,'BC.124+900 '!$B$13:$X$862,15,0)/1000 -> -0.123 | J21: =VLOOKUP($A21,'BC.124+900 '!$B$13:$X$862,20,0)/1000 -> 0.887 | K21: =VLOOKUP($A21,'BC.124+900 '!$B$13:$X$862,21,0)/1000 -> -0.113 | L21: =(G21-$G$13)*1000 -> 0 | M21: =(I21-$I$13)*1000 -> 0 | N21: =(K21-$K$13)*1000 -> 0
A22: ='BC.124+900 '!B22 -> 45266 | B22: 10 | C22: ='BC.124+900 '!M22/1000 -> -0.123 | D22: ='BC.124+900 '!AA22 -> 0 | E22: =+C22-$F$8-(M22/1000) -> -0.123 | F22: =VLOOKUP($A22,'BC.124+900 '!$B$13:$X$862,8,0)/1000 -> 0.879 | G22: =VLOOKUP($A22,'BC.124+900 '!$B$13:$X$862,9,0)/1000 -> -0.121 | H22: =VLOOKUP($A22,'BC.124+900 '!$B$13:$X$862,14,0)/1000 -> 0.877 | I22: =VLOOKUP($A22,'BC.124+900 '!$B$13:$X$862,15,0)/1000 -> -0.123 | J22: =VLOOKUP($A22,'BC.124+900 '!$B$13:$X$862,20,0)/1000 -> 0.887 | K22: =VLOOKUP($A22,'BC.124+900 '!$B$13:$X$862,21,0)/1000 -> -0.113 | L22: =(G22-$G$13)*1000 -> 0 | M22: =(I22-$I$13)*1000 -> 0 | N22: =(K22-$K$13)*1000 -> 0
A23: ='BC.124+900 '!B23 -> 45267 | B23: 11 | C23: ='BC.124+900 '!M23/1000 -> -0.123 | D23: ='BC.124+900 '!AA23 -> 0 | E23: =+C23-$F$8-(M23/1000) -> -0.123 | F23: =VLOOKUP($A23,'BC.124+900 '!$B$13:$X$862,8,0)/1000 -> 0.879 | G23: =VLOOKUP($A23,'BC.124+900 '!$B$13:$X$862,9,0)/1000 -> -0.121 | H23: =VLOOKUP($A23,'BC.124+900 '!$B$13:$X$862,14,0)/1000 -> 0.877 | I23: =VLOOKUP($A23,'BC.124+900 '!$B$13:$X$862,15,0)/1000 -> -0.123 | J23: =VLOOKUP($A23,'BC.124+900 '!$B$13:$X$862,20,0)/1000 -> 0.887 | K23: =VLOOKUP($A23,'BC.124+900 '!$B$13:$X$862,21,0)/1000 -> -0.113 | L23: =(G23-$G$13)*1000 -> 0 | M23: =(I23-$I$13)*1000 -> 0 | N23: =(K23-$K$13)*1000 -> 0
A24: ='BC.124+900 '!B24 -> 45268 | B24: 12 | C24: ='BC.124+900 '!M24/1000 -> -0.123 | D24: ='BC.124+900 '!AA24 -> 0 | E24: =+C24-$F$8-(M24/1000) -> -0.123 | F24: =VLOOKUP($A24,'BC.124+900 '!$B$13:$X$862,8,0)/1000 -> 0.879 | G24: =VLOOKUP($A24,'BC.124+900 '!$B$13:$X$862,9,0)/1000 -> -0.121 | H24: =VLOOKUP($A24,'BC.124+900 '!$B$13:$X$862,14,0)/1000 -> 0.877 | I24: =VLOOKUP($A24,'BC.124+900 '!$B$13:$X$862,15,0)/1000 -> -0.123 | J24: =VLOOKUP($A24,'BC.124+900 '!$B$13:$X$862,20,0)/1000 -> 0.887 | K24: =VLOOKUP($A24,'BC.124+900 '!$B$13:$X$862,21,0)/1000 -> -0.113 | L24: =(G24-$G$13)*1000 -> 0 | M24: =(I24-$I$13)*1000 -> 0 | N24: =(K24-$K$13)*1000 -> 0
... A142: ='BC.124+900 '!B142 -> 45610 | B142: 130 | C142: ='BC.124+900 '!M142/1000 -> 3.71 | D142: ='BC.124+900 '!AA142 -> 5.026 | E142: =+C142-$F$8-(M142/1000) -> 5.079 | F142: =VLOOKUP($A142,'BC.124+900 '!$B$13:$X$862,8,0)/1000 -> 1.728 | G142: =VLOOKUP($A142,'BC.124+900 '!$B$13:$X$862,9,0)/1000 -> -1.272 | H142: =VLOOKUP($A142,'BC.124+900 '!$B$13:$X$862,14,0)/1000 -> 1.508 | I142: =VLOOKUP($A142,'BC.124+900 '!$B$13:$X$862,15,0)/1000 -> -1.492 | J142: =VLOOKUP($A142,'BC.124+900 '!$B$13:$X$862,20,0)/1000 -> 1.916 | K142: =VLOOKUP($A142,'BC.124+900 '!$B$13:$X$862,21,0)/1000 -> -1.084 | L142: =(G142-$G$13)*1000 -> -1151 | M142: =(I142-$I$13)*1000 -> -1369 | N142: =(K142-$K$13)*1000 -> -971
A143: ='BC.124+900 '!B143 -> 45611 | B143: 131 | C143: ='BC.124+900 '!M143/1000 -> 3.94 | D143: ='BC.124+900 '!AA143 -> 5.256 | E143: =+C143-$F$8-(M143/1000) -> 5.319 | F143: =VLOOKUP($A143,'BC.124+900 '!$B$13:$X$862,8,0)/1000 -> 1.718 | G143: =VLOOKUP($A143,'BC.124+900 '!$B$13:$X$862,9,0)/1000 -> -1.282 | H143: =VLOOKUP($A143,'BC.124+900 '!$B$13:$X$862,14,0)/1000 -> 1.498 | I143: =VLOOKUP($A143,'BC.124+900 '!$B$13:$X$862,15,0)/1000 -> -1.502 | J143: =VLOOKUP($A143,'BC.124+900 '!$B$13:$X$862,20,0)/1000 -> 1.913 | K143: =VLOOKUP($A143,'BC.124+900 '!$B$13:$X$862,21,0)/1000 -> -1.087 | L143: =(G143-$G$13)*1000 -> -1161 | M143: =(I143-$I$13)*1000 -> -1379 | N143: =(K143-$K$13)*1000 -> -974 | O143: K.Thúc GT
A144: ='BC.124+900 '!B144 -> 45614 | B144: 132 | C144: ='BC.124+900 '!M144/1000 -> 3.91 | D144: ='BC.124+900 '!AA144 -> 5.256 | E144: =+C144-$F$8-(M144/1000) -> 5.319 | F144: =VLOOKUP($A144,'BC.124+900 '!$B$13:$X$862,8,0)/1000 -> 1.688 | G144: =VLOOKUP($A144,'BC.124+900 '!$B$13:$X$862,9,0)/1000 -> -1.312 | H144: =VLOOKUP($A144,'BC.124+900 '!$B$13:$X$862,14,0)/1000 -> 1.468 | I144: =VLOOKUP($A144,'BC.124+900 '!$B$13:$X$862,15,0)/1000 -> -1.532 | J144: =VLOOKUP($A144,'BC.124+900 '!$B$13:$X$862,20,0)/1000 -> 1.885 | K144: =VLOOKUP($A144,'BC.124+900 '!$B$13:$X$862,21,0)/1000 -> -1.115 | L144: =(G144-$G$13)*1000 -> -1191 | M144: =(I144-$I$13)*1000 -> -1409 | N144: =(K144-$K$13)*1000 -> -1002
A145: ='BC.124+900 '!B145 -> 45618 | B145: 133 | C145: ='BC.124+900 '!M145/1000 -> 3.86 | D145: ='BC.124+900 '!AA145 -> 5.256 | E145: =+C145-$F$8-(M145/1000) -> 5.319 | F145: =VLOOKUP($A145,'BC.124+900 '!$B$13:$X$862,8,0)/1000 -> 2.643 | G145: =VLOOKUP($A145,'BC.124+900 '!$B$13:$X$862,9,0)/1000 -> -1.357 | H145: =VLOOKUP($A145,'BC.124+900 '!$B$13:$X$862,14,0)/1000 -> 2.418 | I145: =VLOOKUP($A145,'BC.124+900 '!$B$13:$X$862,15,0)/1000 -> -1.582 | J145: =VLOOKUP($A145,'BC.124+900 '!$B$13:$X$862,20,0)/1000 -> 2.843 | K145: =VLOOKUP($A145,'BC.124+900 '!$B$13:$X$862,21,0)/1000 -> -1.157 | L145: =(G145-$G$13)*1000 -> -1236 | M145: =(I145-$I$13)*1000 -> -1459 | N145: =(K145-$K$13)*1000 -> -1044
A146: ='BC.124+900 '!B146 -> 45621 | B146: 134 | C146: ='BC.124+900 '!M146/1000 -> 3.825 | D146: ='BC.124+900 '!AA146 -> 5.256 | E146: =+C146-$F$8-(M146/1000) -> 5.319 | F146: =VLOOKUP($A146,'BC.124+900 '!$B$13:$X$862,8,0)/1000 -> 2.617 | G146: =VLOOKUP($A146,'BC.124+900 '!$B$13:$X$862,9,0)/1000 -> -1.383 | H146: =VLOOKUP($A146,'BC.124+900 '!$B$13:$X$862,14,0)/1000 -> 2.383 | I146: =VLOOKUP($A146,'BC.124+900 '!$B$13:$X$862,15,0)/1000 -> -1.617 | J146: =VLOOKUP($A146,'BC.124+900 '!$B$13:$X$862,20,0)/1000 -> 2.819 | K146: =VLOOKUP($A146,'BC.124+900 '!$B$13:$X$862,21,0)/1000 -> -1.181 | L146: =(G146-$G$13)*1000 -> -1262 | M146: =(I146-$I$13)*1000 -> -1494 | N146: =(K146-$K$13)*1000 -> -1068
A147: ='BC.124+900 '!B147 -> 45625 | B147: 135 | C147: ='BC.124+900 '!M147/1000 -> 3.78 | D147: ='BC.124+900 '!AA147 -> 5.256 | E147: =+C147-$F$8-(M147/1000) -> 5.319 | F147: =VLOOKUP($A147,'BC.124+900 '!$B$13:$X$862,8,0)/1000 -> 2.574 | G147: =VLOOKUP($A147,'BC.124+900 '!$B$13:$X$862,9,0)/1000 -> -1.426 | H147: =VLOOKUP($A147,'BC.124+900 '!$B$13:$X$862,14,0)/1000 -> 2.338 | I147: =VLOOKUP($A147,'BC.124+900 '!$B$13:$X$862,15,0)/1000 -> -1.662 | J147: =VLOOKUP($A147,'BC.124+900 '!$B$13:$X$862,20,0)/1000 -> 2.779 | K147: =VLOOKUP($A147,'BC.124+900 '!$B$13:$X$862,21,0)/1000 -> -1.221 | L147: =(G147-$G$13)*1000 -> -1305 | M147: =(I147-$I$13)*1000 -> -1539 | N147: =(K147-$K$13)*1000 -> -1108
A148: ='BC.124+900 '!B148 -> 45628 | B148: 136 | C148: ='BC.124+900 '!M148/1000 -> 3.754 | D148: ='BC.124+900 '!AA148 -> 5.256 | E148: =+C148-$F$8-(M148/1000) -> 5.319 | F148: =VLOOKUP($A148,'BC.124+900 '!$B$13:$X$862,8,0)/1000 -> 2.554 | G148: =VLOOKUP($A148,'BC.124+900 '!$B$13:$X$862,9,0)/1000 -> -1.446 | H148: =VLOOKUP($A148,'BC.124+900 '!$B$13:$X$862,14,0)/1000 -> 2.312 | I148: =VLOOKUP($A148,'BC.124+900 '!$B$13:$X$862,15,0)/1000 -> -1.688 | J148: =VLOOKUP($A148,'BC.124+900 '!$B$13:$X$862,20,0)/1000 -> 2.759 | K148: =VLOOKUP($A148,'BC.124+900 '!$B$13:$X$862,21,0)/1000 -> -1.241 | L148: =(G148-$G$13)*1000 -> -1325 | M148: =(I148-$I$13)*1000 -> -1565 | N148: =(K148-$K$13)*1000 -> -1128
A149: ='BC.124+900 '!B149 -> 45632 | B149: 137 | C149: ='BC.124+900 '!M149/1000 -> 3.714 | D149: ='BC.124+900 '!AA149 -> 5.256 | E149: =+C149-$F$8-(M149/1000) -> 5.319 | F149: =VLOOKUP($A149,'BC.124+900 '!$B$13:$X$862,8,0)/1000 -> 2.526 | G149: =VLOOKUP($A149,'BC.124+900 '!$B$13:$X$862,9,0)/1000 -> -1.474 | H149: =VLOOKUP($A149,'BC.124+900 '!$B$13:$X$862,14,0)/1000 -> 2.272 | I149: =VLOOKUP($A149,'BC.124+900 '!$B$13:$X$862,15,0)/1000 -> -1.728 | J149: =VLOOKUP($A149,'BC.124+900 '!$B$13:$X$862,20,0)/1000 -> 2.729 | K149: =VLOOKUP($A149,'BC.124+900 '!$B$13:$X$862,21,0)/1000 -> -1.271 | L149: =(G149-$G$13)*1000 -> -1353 | M149: =(I149-$I$13)*1000 -> -1605 | N149: =(K149-$K$13)*1000 -> -1158
A150: ='BC.124+900 '!B150 -> 45635 | B150: 138 | C150: ='BC.124+900 '!M150/1000 -> 3.692 | D150: ='BC.124+900 '!AA150 -> 5.256 | E150: =+C150-$F$8-(M150/1000) -> 5.319 | F150: =VLOOKUP($A150,'BC.124+900 '!$B$13:$X$862,8,0)/1000 -> 2.512 | G150: =VLOOKUP($A150,'BC.124+900 '!$B$13:$X$862,9,0)/1000 -> -1.488 | H150: =VLOOKUP($A150,'BC.124+900 '!$B$13:$X$862,14,0)/1000 -> 2.25 | I150: =VLOOKUP($A150,'BC.124+900 '!$B$13:$X$862,15,0)/1000 -> -1.75 | J150: =VLOOKUP($A150,'BC.124+900 '!$B$13:$X$862,20,0)/1000 -> 2.713 | K150: =VLOOKUP($A150,'BC.124+900 '!$B$13:$X$862,21,0)/1000 -> -1.287 | L150: =(G150-$G$13)*1000 -> -1367 | M150: =(I150-$I$13)*1000 -> -1627 | N150: =(K150-$K$13)*1000 -> -1174
A151: ='BC.124+900 '!B151 -> 45639 | B151: 139 | C151: ='BC.124+900 '!M151/1000 -> 3.656 | D151: ='BC.124+900 '!AA151 -> 5.256 | E151: =+C151-$F$8-(M151/1000) -> 5.319 | F151: =VLOOKUP($A151,'BC.124+900 '!$B$13:$X$862,8,0)/1000 -> 2.488 | G151: =VLOOKUP($A151,'BC.124+900 '!$B$13:$X$862,9,0)/1000 -> -1.512 | H151: =VLOOKUP($A151,'BC.124+900 '!$B$13:$X$862,14,0)/1000 -> 2.214 | I151: =VLOOKUP($A151,'BC.124+900 '!$B$13:$X$862,15,0)/1000 -> -1.786 | J151: =VLOOKUP($A151,'BC.124+900 '!$B$13:$X$862,20,0)/1000 -> 2.685 | K151: =VLOOKUP($A151,'BC.124+900 '!$B$13:$X$862,21,0)/1000 -> -1.315 | L151: =(G151-$G$13)*1000 -> -1391 | M151: =(I151-$I$13)*1000 -> -1663 | N151: =(K151-$K$13)*1000 -> -1202
A152: ='BC.124+900 '!B152 -> 45646 | B152: 140 | C152: ='BC.124+900 '!M152/1000 -> 3.62 | D152: ='BC.124+900 '!AA152 -> 5.256 | E152: =+C152-$F$8-(M152/1000) -> 5.319 | F152: =VLOOKUP($A152,'BC.124+900 '!$B$13:$X$862,8,0)/1000 -> 2.458 | G152: =VLOOKUP($A152,'BC.124+900 '!$B$13:$X$862,9,0)/1000 -> -1.542 | H152: =VLOOKUP($A152,'BC.124+900 '!$B$13:$X$862,14,0)/1000 -> 2.178 | I152: =VLOOKUP($A152,'BC.124+900 '!$B$13:$X$862,15,0)/1000 -> -1.822 | J152: =VLOOKUP($A152,'BC.124+900 '!$B$13:$X$862,20,0)/1000 -> 2.655 | K152: =VLOOKUP($A152,'BC.124+900 '!$B$13:$X$862,21,0)/1000 -> -1.345 | L152: =(G152-$G$13)*1000 -> -1421 | M152: =(I152-$I$13)*1000 -> -1699 | N152: =(K152-$K$13)*1000 -> -1232
A153: ='BC.124+900 '!B153 -> 45653 | B153: 141 | C153: ='BC.124+900 '!M153/1000 -> 3.588 | D153: ='BC.124+900 '!AA153 -> 5.256 | E153: =+C153-$F$8-(M153/1000) -> 5.319 | F153: =VLOOKUP($A153,'BC.124+900 '!$B$13:$X$862,8,0)/1000 -> 2.434 | G153: =VLOOKUP($A153,'BC.124+900 '!$B$13:$X$862,9,0)/1000 -> -1.566 | H153: =VLOOKUP($A153,'BC.124+900 '!$B$13:$X$862,14,0)/1000 -> 2.146 | I153: =VLOOKUP($A153,'BC.124+900 '!$B$13:$X$862,15,0)/1000 -> -1.854 | J153: =VLOOKUP($A153,'BC.124+900 '!$B$13:$X$862,20,0)/1000 -> 2.635 | K153: =VLOOKUP($A153,'BC.124+900 '!$B$13:$X$862,21,0)/1000 -> -1.365 | L153: =(G153-$G$13)*1000 -> -1445 | M153: =(I153-$I$13)*1000 -> -1731 | N153: =(K153-$K$13)*1000 -> -1252
A154: ='BC.124+900 '!B154 -> 45660 | B154: 142 | C154: ='BC.124+900 '!M154/1000 -> 3.558 | D154: ='BC.124+900 '!AA154 -> 5.256 | E154: =+C154-$F$8-(M154/1000) -> 5.319 | F154: =VLOOKUP($A154,'BC.124+900 '!$B$13:$X$862,8,0)/1000 -> 2.412 | G154: =VLOOKUP($A154,'BC.124+900 '!$B$13:$X$862,9,0)/1000 -> -1.588 | H154: =VLOOKUP($A154,'BC.124+900 '!$B$13:$X$862,14,0)/1000 -> 2.116 | I154: =VLOOKUP($A154,'BC.124+900 '!$B$13:$X$862,15,0)/1000 -> -1.884 | J154: =VLOOKUP($A154,'BC.124+900 '!$B$13:$X$862,20,0)/1000 -> 2.615 | K154: =VLOOKUP($A154,'BC.124+900 '!$B$13:$X$862,21,0)/1000 -> -1.385 | L154: =(G154-$G$13)*1000 -> -1467 | M154: =(I154-$I$13)*1000 -> -1761 | N154: =(K154-$K$13)*1000 -> -1272
A155: ='BC.124+900 '!B155 -> 45667 | B155: 143 | C155: ='BC.124+900 '!M155/1000 -> 3.533 | D155: ='BC.124+900 '!AA155 -> 5.256 | E155: =+C155-$F$8-(M155/1000) -> 5.319 | F155: =VLOOKUP($A155,'BC.124+900 '!$B$13:$X$862,8,0)/1000 -> 2.392 | G155: =VLOOKUP($A155,'BC.124+900 '!$B$13:$X$862,9,0)/1000 -> -1.608 | H155: =VLOOKUP($A155,'BC.124+900 '!$B$13:$X$862,14,0)/1000 -> 2.091 | I155: =VLOOKUP($A155,'BC.124+900 '!$B$13:$X$862,15,0)/1000 -> -1.909 | J155: =VLOOKUP($A155,'BC.124+900 '!$B$13:$X$862,20,0)/1000 -> 2.597 | K155: =VLOOKUP($A155,'BC.124+900 '!$B$13:$X$862,21,0)/1000 -> -1.403 | L155: =(G155-$G$13)*1000 -> -1487 | M155: =(I155-$I$13)*1000 -> -1786 | N155: =(K155-$K$13)*1000 -> -1290
... A173: ='BC.124+900 '!B173 -> 45793 | B173: 161 | C173: ='BC.124+900 '!M173/1000 -> 3.36 | D173: ='BC.124+900 '!AA173 -> 5.256 | E173: =+C173-$F$8-(M173/1000) -> 5.319 | F173: =VLOOKUP($A173,'BC.124+900 '!$B$13:$X$862,8,0)/1000 -> 2.24 | G173: =VLOOKUP($A173,'BC.124+900 '!$B$13:$X$862,9,0)/1000 -> -1.76 | H173: =VLOOKUP($A173,'BC.124+900 '!$B$13:$X$862,14,0)/1000 -> 1.918 | I173: =VLOOKUP($A173,'BC.124+900 '!$B$13:$X$862,15,0)/1000 -> -2.082 | J173: =VLOOKUP($A173,'BC.124+900 '!$B$13:$X$862,20,0)/1000 -> 2.467 | K173: =VLOOKUP($A173,'BC.124+900 '!$B$13:$X$862,21,0)/1000 -> -1.533 | L173: =(G173-$G$13)*1000 -> -1639 | M173: =(I173-$I$13)*1000 -> -1959 | N173: =(K173-$K$13)*1000 -> -1420

Sheet IN 124+900
A1: DỰ ÁN THÀNH PHẦN ĐOẠN HẬU GIANG - CÀ MAU
A2: THUỘC DỰ ÁN XÂY DỰNG CÔNG TRÌNH ĐƯỜNG BỘ CAO TỐC BẮC - NAM PHÍA ĐÔNG GIAI ĐOẠN 2021 - 2025
A3: GÓI THẦU: THI CÔNG XÂY DỰNG ĐOẠN TUYẾN KM144+200-KM126+223
A4: CHỦ ĐẦU TƯ | F4: TƯ VẤN GIÁM SÁT | K4: NHÀ THẦU
A5: BAN QUẢN LÝ DỰ ÁN MỸ THUẬN | F5: LIÊN DANH TVGS PHÂN VIỆN KHCN GTVT PHÍA NAM VÀ CÔNG TY CỔ PHẦN TV KT&XD HỒNG HÀ | K5: LIÊN DANH TỔNG CÔNG TY XD SỐ 1 (CTCP) - CÔNG TY CỔ PHẦN HẢI ĐĂNG - CÔNG TY TNHH LIÊN HỢP XD VẠN CƯỜNG - CÔNG TY CỔ PHẦN XD VÀ ĐT 492 - CÔNG TY CỔ PHẦN XÂY DỰNG HẠ TẦNG BẮC TRUNG NAM
A6: BIỂU GHI ĐO QUAN TRẮC LÚN
A7: Người lập: | K7: Tên mốc:
A8: Thời tiết: | B8: năng | K8: Cao độ mốc: | M8: 1026
A9: Lý trình: | B9: Km124+900 | K9: Ngày đặt bàn: | M9: 45265
A10: BÀN QUAN TRẮC: KM124+900
A11: Ngày đo | B11: Số ngày | C11: Cao độ đắp(m) | D11: Chiều cao nền đắp (m) | E11: chiều dày đắp(m) | F11: Trái | H11: Giữa | J11: Phải | L11: Độ lún (trái) (mm) | M11: Độ lún (giữa) (mm) | N11: Độ lún (phải) (mm) | O11: Ghi chú
F12: Cao độ quan trắc | G12: Cao độ bàn đo lún | H12: Cao độ quan trắc | I12: Cao độ bàn đo lún | J12: Cao độ quan trắc | K12: Cao độ bàn đo lún
A13: 45243 | B13: =A13-$A$13 -> 0 | C13: =VLOOKUP($A13,'SL.124+900 '!$A$13:$O$3840,3,0) -> -0.123 | D13: =VLOOKUP($A13,'[5]SL.122+440'!$A$13:$O$3840,5,0) -> #N/A | E13: =VLOOKUP($A13,'SL.124+900 '!$A$13:$O$3840,5,0) -> -0.123 | F13: =VLOOKUP($A13,'SL.124+900 '!$A$13:$O$3840,6,0) -> 0.879 | G13: =VLOOKUP($A13,'SL.124+900 '!$A$13:$O$3840,7,0) -> -0.121 | H13: =VLOOKUP($A13,'SL.124+900 '!$A$13:$O$3840,8,0) -> 0.877 | I13: =VLOOKUP($A13,'SL.124+900 '!$A$13:$O$3840,9,0) -> -0.123 | J13: =VLOOKUP($A13,'SL.124+900 '!$A$13:$O$3840,10,0) -> 0.887 | K13: =VLOOKUP($A13,'SL.124+900 '!$A$13:$O$3840,11,0) -> -0.113 | L13: =(G13-$G$13)*1000 -> 0 | M13: =(I13-$I$13)*1000 -> 0 | N13: =(K13-$K$13)*1000 -> 0
A14: 45779 | B14: =A14-$A$13 -> 536 | C14: =VLOOKUP($A14,'SL.124+900 '!$A$13:$O$3840,3,0) -> 3.367 | D14: =VLOOKUP($A14,'[5]SL.122+440'!$A$13:$O$3840,5,0) -> #N/A | E14: =VLOOKUP($A14,'SL.124+900 '!$A$13:$O$3840,5,0) -> 5.319 | F14: =VLOOKUP($A14,'SL.124+900 '!$A$13:$O$3840,6,0) -> 2.244 | G14: =VLOOKUP($A14,'SL.124+900 '!$A$13:$O$3840,7,0) -> -1.756 | H14: =VLOOKUP($A14,'SL.124+900 '!$A$13:$O$3840,8,0) -> 1.925 | I14: =VLOOKUP($A14,'SL.124+900 '!$A$13:$O$3840,9,0) -> -2.075 | J14: =VLOOKUP($A14,'SL.124+900 '!$A$13:$O$3840,10,0) -> 2.471 | K14: =VLOOKUP($A14,'SL.124+900 '!$A$13:$O$3840,11,0) -> -1.529 | L14: =(G14-$G$13)*1000 -> -1635 | M14: =(I14-$I$13)*1000 -> -1952 | N14: =(K14-$K$13)*1000 -> -1416
A15: 45786 | B15: =A15-$A$13 -> 543 | C15: =VLOOKUP($A15,'SL.124+900 '!$A$13:$O$3840,3,0) -> 3.363 | D15: =VLOOKUP($A15,'[5]SL.122+440'!$A$13:$O$3840,5,0) -> #N/A | E15: =VLOOKUP($A15,'SL.124+900 '!$A$13:$O$3840,5,0) -> 5.319 | F15: =VLOOKUP($A15,'SL.124+900 '!$A$13:$O$3840,6,0) -> 2.242 | G15: =VLOOKUP($A15,'SL.124+900 '!$A$13:$O$3840,7,0) -> -1.758 | H15: =VLOOKUP($A15,'SL.124+900 '!$A$13:$O$3840,8,0) -> 1.921 | I15: =VLOOKUP($A15,'SL.124+900 '!$A$13:$O$3840,9,0) -> -2.079 | J15: =VLOOKUP($A15,'SL.124+900 '!$A$13:$O$3840,10,0) -> 2.469 | K15: =VLOOKUP($A15,'SL.124+900 '!$A$13:$O$3840,11,0) -> -1.531 | L15: =(G15-$G$13)*1000 -> -1637 | M15: =(I15-$I$13)*1000 -> -1956 | N15: =(K15-$K$13)*1000 -> -1418
A16: 45793 | B16: =A16-$A$13 -> 550 | C16: =VLOOKUP($A16,'SL.124+900 '!$A$13:$O$3840,3,0) -> 3.36 | D16: =VLOOKUP($A16,'[5]SL.122+440'!$A$13:$O$3840,5,0) -> #N/A | E16: =VLOOKUP($A16,'SL.124+900 '!$A$13:$O$3840,5,0) -> 5.319 | F16: =VLOOKUP($A16,'SL.124+900 '!$A$13:$O$3840,6,0) -> 2.24 | G16: =VLOOKUP($A16,'SL.124+900 '!$A$13:$O$3840,7,0) -> -1.76 | H16: =VLOOKUP($A16,'SL.124+900 '!$A$13:$O$3840,8,0) -> 1.918 | I16: =VLOOKUP($A16,'SL.124+900 '!$A$13:$O$3840,9,0) -> -2.082 | J16: =VLOOKUP($A16,'SL.124+900 '!$A$13:$O$3840,10,0) -> 2.467 | K16: =VLOOKUP($A16,'SL.124+900 '!$A$13:$O$3840,11,0) -> -1.533 | L16: =(G16-$G$13)*1000 -> -1639 | M16: =(I16-$I$13)*1000 -> -1959 | N16: =(K16-$K$13)*1000 -> -1420

Sheet Sheet1
