Workbook

Sheet QTL-KM117+100
A1: BẢNG SỐ LIỆU QUAN TRẮC THIẾT BỊ ĐO LÚN MẶT
A2: I. SỐ ĐỌC BAN ĐẦU
A3: Vùng (Đường) | B3: Bàn quan trắc lún | D3: Ngày lắp đặt | F3: =+"Cao trình nghiệm thu [m] ("&TEXT(A15,"dd/mm/yy")&")" -> Cao trình nghiệm thu [m] (25/07/25) | L3: Tọa độ | P3: Mốc tọa độ tham chiếu
F4: Cao trình MĐTN | G4: Cao trình đắp | I4: Cao trình đỉnh ống | K4: Cao trình tấm đế | L4: X [m] | N4: Y [m]
A5: VÙNG 2A (ĐƯỜNG N1) | B5: SSP2-4 | P5: CS3
B6: SSP2-5 | P6: Tọa độ [m]
B7: SSP2-6
A9: II. SỐ LIỆU QUAN TRẮC
A10: Ngày quan trắc | B10: ĐỘ LÚN TRÁI | G10: ĐỘ LÚN TIM | L10: ĐỘ LÚN PHẢI | Q10: Áp Đ.hồ Pvac | R10: Ghi chú
B11: Thời gian tích lũy | C11: Cao độ đắp | D11: Cao độ bàn đo lún | E11: Chiều cao đắp | F11: Độ lún | G11: Thời gian tích lũy | H11: Cao độ đắp | I11: Cao độ bàn đo lún | J11: Chiều cao đắp | K11: Độ lún | L11: Thời gian tích lũy | M11: Cao độ đắp | N11: Cao độ bàn đo lún | O11: Chiều cao đắp | P11: Độ lún
B13: [Ngày] | C13: [mm] | D13: [m.m] | E13: [mm] | F13: [m.m] | G13: [Ngày] | H13: [mm] | I13: [m.m] | J13: [mm] | K13: [m.m] | L13: [Ngày] | M13: [mm] | N13: [m.m] | O13: [mm] | P13: [m.m] | Q13: [kPa]
A14: 1 | B14: =+A14+1 -> 2 | C14: =+B14+1 -> 3 | D14: =+C14+1 -> 4 | E14: =+D14+1 -> 5 | F14: =+E14+1 -> 6 | G14: =+F14+1 -> 7 | H14: =+G14+1 -> 8 | I14: =+H14+1 -> 9 | ... R14: =+Q14+1 -> 18
A15: 45863 | B15: 1 | C15: 1821 | D15: -559 | E15: =C15-D15 -> 2380 | F15: 0 | G15: 1 | H15: 1766 | I15: -619 | J15: =H15-I15 -> 2385 | K15: 0 | L15: 1 | M15: 1811 | N15: -449 | O15: =M15-N15 -> 2260 | P15: 0
A16: 45864 | B16: 1 | C16: =$C$15-F16 -> 1810 | D16: -570 | E16: 2380 | F16: =$D$15-D16 -> 11 | G16: 1 | H16: =$H$15-K16 -> 1745 | I16: -640 | J16: =H16-I16 -> 2385 | K16: =$I$15-I16 -> 21 | L16: 1 | M16: =$M$15-P16 -> 1803 | N16: -457 | O16: =M16-N16 -> 2260 | P16: =$N$15-N16 -> 8
A17: 45865 | B17: 1 | C17: =$C$15-F17 -> 1791 | D17: -589 | E17: =C17-D17 -> 2380 | F17: =$D$15-D17 -> 30 | G17: 1 | H17: =$H$15-K17 -> 1721 | I17: -664 | J17: =H17-I17 -> 2385 | K17: =$I$15-I17 -> 45 | L17: 1 | M17: =$M$15-P17 -> 1795 | N17: -465 | O17: =M17-N17 -> 2260 | P17: =$N$15-N17 -> 16

Sheet QTL-KM117+200
A1: BẢNG SỐ LIỆU QUAN TRẮC THIẾT BỊ ĐO LÚN MẶT
A2: I. SỐ ĐỌC BAN ĐẦU
A3: Vùng (Đường) | B3: Bàn quan trắc lún | D3: Ngày lắp đặt | F3: =+"Cao trình nghiệm thu [m] ("&TEXT(A15,"dd/mm/yy")&")" -> Cao trình nghiệm thu [m] (10/06/25) | L3: Tọa độ | P3: Mốc tọa độ tham chiếu
F4: Cao trình MĐTN | G4: Cao trình đắp | I4: Cao trình đỉnh ống | K4: Cao trình tấm đế | L4: X [m] | N4: Y [m]
A5: VÙNG 2A (ĐƯỜNG N1) | B5: SSP2-4 | P5: CS3
B6: SSP2-5 | P6: Tọa độ [m]
B7: SSP2-6
A9: II. SỐ LIỆU QUAN TRẮC
A10: Ngày quan trắc | B10: ĐỘ LÚN TRÁI | G10: ĐỘ LÚN TIM | L10: ĐỘ LÚN PHẢI | Q10: Áp Đ.hồ Pvac | R10: Ghi chú
B11: Thời gian tích lũy | C11: Cao độ đắp | D11: Cao độ bàn đo lún | E11: Chiều cao đắp | F11: Độ lún | G11: Thời gian tích lũy | H11: Cao độ đắp | I11: Cao độ bàn đo lún | J11: Chiều cao đắp | K11: Độ lún | L11: Thời gian tích lũy | M11: Cao độ đắp | N11: Cao độ bàn đo lún | O11: Chiều cao đắp | P11: Độ lún
B13: [Ngày] | C13: [mm] | D13: [m.m] | E13: [mm] | F13: [m.m] | G13: [Ngày] | H13: [mm] | I13: [m.m] | J13: [mm] | K13: [m.m] | L13: [Ngày] | M13: [mm] | N13: [m.m] | O13: [mm] | P13: [m.m] | Q13: [kPa]
A14: 1 | B14: =+A14+1 -> 2 | C14: =+B14+1 -> 3 | D14: =+C14+1 -> 4 | E14: =+D14+1 -> 5 | F14: =+E14+1 -> 6 | G14: =+F14+1 -> 7 | H14: =+G14+1 -> 8 | I14: =+H14+1 -> 9 | ... R14: =+Q14+1 -> 18
A15: 45818 | B15: 1 | C15: 1380 | D15: -1193 | E15: =C15-D15 -> 2573 | F15: 0 | G15: 1 | H15: 1460 | I15: -910 | J15: =H15-I15 -> 2370 | K15: 0 | L15: 1 | M15: 1490 | N15: -851 | O15: =M15-N15 -> 2341 | P15: 0
A16: 45819 | B16: 1 | C16: =$C$15-F16 -> 1377 | D16: -1196 | E16: =C16-D16 -> 2573 | F16: =$D$15-D16 -> 3 | G16: 1 | H16: =$H$15-K16 -> 1455 | I16: -915 | J16: =H16-I16 -> 2370 | K16: =$I$15-I16 -> 5 | L16: 1 | M16: =$M$15-P16 -> 1484 | N16: -857 | O16: =M16-N16 -> 2341 | P16: =$N$15-N16 -> 6
A17: 45820 | B17: 1 | C17: =$C$15-F17 -> 1374 | D17: -1199 | E17: =C17-D17 -> 2573 | F17: =$D$15-D17 -> 6 | G17: 1 | H17: =$H$15-K17 -> 1450 | I17: -920 | J17: =H17-I17 -> 2370 | K17: =$I$15-I17 -> 10 | L17: 1 | M17: =$M$15-P17 -> 1478 | N17: -863 | O17: =M17-N17 -> 2341 | P17: =$N$15-N17 -> 12
A18: 45821 | B18: 1 | C18: =$C$15-F18 -> 1371 | D18: -1202 | E18: =C18-D18 -> 2573 | F18: =$D$15-D18 -> 9 | G18: 1 | H18: =$H$15-K18 -> 1445 | I18: -925 | J18: =H18-I18 -> 2370 | K18: =$I$15-I18 -> 15 | L18: 1 | M18: =$M$15-P18 -> 1472 | N18: -869 | O18: =M18-N18 -> 2341 | P18: =$N$15-N18 -> 18
A19: 45822 | B19: 1 | C19: =$C$15-F19 -> 1368 | D19: -1205 | E19: =C19-D19 -> 2573 | F19: =$D$15-D19 -> 12 | G19: 1 | H19: =$H$15-K19 -> 1440 | I19: -930 | J19: =H19-I19 -> 2370 | K19: =$I$15-I19 -> 20 | L19: 1 | M19: =$M$15-P19 -> 1466 | N19: -875 | O19: =M19-N19 -> 2341 | P19: =$N$15-N19 -> 24
A20: 45823 | B20: 1 | C20: =$C$15-F20 -> 1368 | D20: -1205 | E20: =C20-D20 -> 2573 | F20: =$D$15-D20 -> 12 | G20: 1 | H20: =$H$15-K20 -> 1436 | I20: -934 | J20: =H20-I20 -> 2370 | K20: =$I$15-I20 -> 24 | L20: 1 | M20: =$M$15-P20 -> 1461 | N20: -880 | O20: =M20-N20 -> 2341 | P20: =$N$15-N20 -> 29
A21: 45824 | B21: 1 | C21: =$C$15-F21 -> 1359 | D21: -1214 | E21: =C21-D21 -> 2573 | F21: =$D$15-D21 -> 21 | G21: 1 | H21: =$H$15-K21 -> 1422 | I21: -948 | J21: =H21-I21 -> 2370 | K21: =$I$15-I21 -> 38 | L21: 1 | M21: =$M$15-P21 -> 1456 | N21: -885 | O21: =M21-N21 -> 2341 | P21: =$N$15-N21 -> 34
A22: 45825 | B22: 1 | C22: =$C$15-F22 -> 1350 | D22: -1223 | E22: =C22-D22 -> 2573 | F22: =$D$15-D22 -> 30 | G22: 1 | H22: =$H$15-K22 -> 1410 | I22: -960 | J22: =H22-I22 -> 2370 | K22: =$I$15-I22 -> 50 | L22: 1 | M22: =$M$15-P22 -> 1451 | N22: -890 | O22: =M22-N22 -> 2341 | P22: =$N$15-N22 -> 39
A23: 45826 | B23: 1 | C23: =$C$15-F23 -> 1341 | D23: -1232 | E23: =C23-D23 -> 2573 | F23: =$D$15-D23 -> 39 | G23: 1 | H23: =$H$15-K23 -> 1400 | I23: -970 | J23: =H23-I23 -> 2370 | K23: =$I$15-I23 -> 60 | L23: 1 | M23: =$M$15-P23 -> 1446 | N23: -895 | O23: =M23-N23 -> 2341 | P23: =$N$15-N23 -> 44
A24: 45827 | B24: 1 | C24: =$C$15-F24 -> 1332 | D24: -1241 | E24: =C24-D24 -> 2573 | F24: =$D$15-D24 -> 48 | G24: 1 | H24: =$H$15-K24 -> 1390 | I24: -980 | J24: =H24-I24 -> 2370 | K24: =$I$15-I24 -> 70 | L24: 1 | M24: =$M$15-P24 -> 1441 | N24: -900 | O24: =M24-N24 -> 2341 | P24: =$N$15-N24 -> 49
A25: 45828 | B25: 1 | C25: =$C$15-F25 -> 1323 | D25: -1250 | E25: =C25-D25 -> 2573 | F25: =$D$15-D25 -> 57 | G25: 1 | H25: =$H$15-K25 -> 1380 | I25: -990 | J25: =H25-I25 -> 2370 | K25: =$I$15-I25 -> 80 | L25: 1 | M25: =$M$15-P25 -> 1436 | N25: -905 | O25: =M25-N25 -> 2341 | P25: =$N$15-N25 -> 54
A26: 45829 | B26: 1 | C26: =$C$15-F26 -> 1314 | D26: -1259 | E26: =C26-D26 -> 2573 | F26: =$D$15-D26 -> 66 | G26: 1 | H26: =$H$15-K26 -> 1350 | I26: -1020 | J26: =H26-I26 -> 2370 | K26: =$I$15-I26 -> 110 | L26: 1 | M26: =$M$15-P26 -> 1431 | N26: -910 | O26: =M26-N26 -> 2341 | P26: =$N$15-N26 -> 59
A27: 45830 | B27: 1 | C27: =$C$15-F27 -> 1283 | D27: -1290 | E27: =C27-D27 -> 2573 | F27: =$D$15-D27 -> 97 | G27: 1 | H27: =$H$15-K27 -> 1320 | I27: -1050 | J27: =H27-I27 -> 2370 | K27: =$I$15-I27 -> 140 | L27: 1 | M27: =$M$15-P27 -> 1416 | N27: -925 | O27: =M27-N27 -> 2341 | P27: =$N$15-N27 -> 74
... A61: 45864 | B61: 1 | C61: =$C$15-F61 -> 1125 | D61: -1448 | E61: =C61-D61 -> 2573 | F61: =$D$15-D61 -> 255 | G61: 1 | H61: =$H$15-K61 -> 1124 | I61: -1246 | J61: =H61-I61 -> 2370 | K61: =$I$15-I61 -> 336 | L61: 1 | M61: =$M$15-P61 -> 1284 | N61: -1057 | O61: =M61-N61 -> 2341 | P61: =$N$15-N61 -> 206
A62: 45865 | B62: 1 | C62: =$C$15-F62 -> 1120 | D62: -1453 | E62: =C62-D62 -> 2573 | F62: =$D$15-D62 -> 260 | G62: 1 | H62: 1075 | I62: -1251 | J62: =H62-I62 -> 2326 | K62: =$I$15-I62 -> 341 | L62: 1 | M62: =$M$15-P62 -> 1280 | N62: -1061 | O62: =M62-N62 -> 2341 | P62: =$N$15-N62 -> 210

Sheet QTL-KM117+300
A1: BẢNG SỐ LIỆU QUAN TRẮC THIẾT BỊ ĐO LÚN MẶT
A2: I. SỐ ĐỌC BAN ĐẦU
A3: Vùng (Đường) | B3: Bàn quan trắc lún | D3: Ngày lắp đặt | F3: =+"Cao trình nghiệm thu [m] ("&TEXT(A15,"dd/mm/yy")&")" -> Cao trình nghiệm thu [m] (10/06/25) | L3: Tọa độ | P3: Mốc tọa độ tham chiếu
F4: Cao trình MĐTN | G4: Cao trình đắp | I4: Cao trình đỉnh ống | K4: Cao trình tấm đế | L4: X [m] | N4: Y [m]
A5: VÙNG 2A (ĐƯỜNG N1) | B5: SSP2-4 | P5: CS3
B6: SSP2-5 | P6: Tọa độ [m]
B7: SSP2-6
A9: II. SỐ LIỆU QUAN TRẮC
A10: Ngày quan trắc | B10: ĐỘ LÚN TRÁI | G10: ĐỘ LÚN TIM | L10: ĐỘ LÚN PHẢI | Q10: Áp Đ.hồ Pvac | R10: Ghi chú
B11: Thời gian tích lũy | C11: Cao độ đắp | D11: Cao độ bàn đo lún | E11: Chiều cao đắp | F11: Độ lún | G11: Thời gian tích lũy | H11: Cao độ đắp | I11: Cao độ bàn đo lún | J11: Chiều cao đắp | K11: Độ lún | L11: Thời gian tích lũy | M11: Cao độ đắp | N11: Cao độ bàn đo lún | O11: Chiều cao đắp | P11: Độ lún
B13: [Ngày] | C13: [mm] | D13: [m.m] | E13: [mm] | F13: [m.m] | G13: [Ngày] | H13: [mm] | I13: [m.m] | J13: [mm] | K13: [m.m] | L13: [Ngày] | M13: [mm] | N13: [m.m] | O13: [mm] | P13: [m.m] | Q13: [kPa]
A14: 1 | B14: =+A14+1 -> 2 | C14: =+B14+1 -> 3 | D14: =+C14+1 -> 4 | E14: =+D14+1 -> 5 | F14: =+E14+1 -> 6 | G14: =+F14+1 -> 7 | H14: =+G14+1 -> 8 | I14: =+H14+1 -> 9 | ... R14: =+Q14+1 -> 18
A15: 45818 | B15: 1 | C15: 1585 | D15: -204 | E15: =C15-D15 -> 1789 | F15: 0 | G15: 1 | H15: 1460 | I15: -310 | J15: =H15-I15 -> 1770 | K15: 0 | L15: 1 | M15: 1510 | N15: -417 | O15: =M15-N15 -> 1927 | P15: 0
A16: 45819 | B16: 1 | C16: =$C$15-F16 -> 1584 | D16: -205 | E16: =C16-D16 -> 1789 | F16: =$D$15-D16 -> 1 | G16: 1 | H16: =$H$15-K16 -> 1459 | I16: -311 | J16: =H16-I16 -> 1770 | K16: =$I$15-I16 -> 1 | L16: 1 | M16: =$M$15-P16 -> 1509 | N16: -418 | O16: =M16-N16 -> 1927 | P16: =$N$15-N16 -> 1
A17: 45820 | B17: 1 | C17: =$C$15-F17 -> 1583 | D17: -206 | E17: =C17-D17 -> 1789 | F17: =$D$15-D17 -> 2 | G17: 1 | H17: =$H$15-K17 -> 1458 | I17: -312 | J17: =H17-I17 -> 1770 | K17: =$I$15-I17 -> 2 | L17: 1 | M17: =$M$15-P17 -> 1508 | N17: -419 | O17: =M17-N17 -> 1927 | P17: =$N$15-N17 -> 2
A18: 45821 | B18: 1 | C18: =$C$15-F18 -> 1582 | D18: -207 | E18: =C18-D18 -> 1789 | F18: =$D$15-D18 -> 3 | G18: 1 | H18: =$H$15-K18 -> 1457 | I18: -313 | J18: =H18-I18 -> 1770 | K18: =$I$15-I18 -> 3 | L18: 1 | M18: =$M$15-P18 -> 1507 | N18: -420 | O18: =M18-N18 -> 1927 | P18: =$N$15-N18 -> 3
A19: 45822 | B19: 1 | C19: =$C$15-F19 -> 1581 | D19: -208 | E19: =C19-D19 -> 1789 | F19: =$D$15-D19 -> 4 | G19: 1 | H19: =$H$15-K19 -> 1445 | I19: -325 | J19: =H19-I19 -> 1770 | K19: =$I$15-I19 -> 15 | L19: 1 | M19: =$M$15-P19 -> 1507 | N19: -420 | O19: =M19-N19 -> 1927 | P19: =$N$15-N19 -> 3
A20: 45823 | B20: 1 | C20: =$C$15-F20 -> 1574 | D20: -215 | E20: =C20-D20 -> 1789 | F20: =$D$15-D20 -> 11 | G20: 1 | H20: =$H$15-K20 -> 1433 | I20: -337 | J20: =H20-I20 -> 1770 | K20: =$I$15-I20 -> 27 | L20: 1 | M20: =$M$15-P20 -> 1505 | N20: -422 | O20: =M20-N20 -> 1927 | P20: =$N$15-N20 -> 5
A21: 45824 | B21: 1 | C21: =$C$15-F21 -> 1567 | D21: -222 | E21: =C21-D21 -> 1789 | F21: =$D$15-D21 -> 18 | G21: 1 | H21: =$H$15-K21 -> 1421 | I21: -349 | J21: =H21-I21 -> 1770 | K21: =$I$15-I21 -> 39 | L21: 1 | M21: =$M$15-P21 -> 1500 | N21: -427 | O21: =M21-N21 -> 1927 | P21: =$N$15-N21 -> 10
A22: 45825 | B22: 1 | C22: =$C$15-F22 -> 1560 | D22: -229 | E22: =C22-D22 -> 1789 | F22: =$D$15-D22 -> 25 | G22: 1 | H22: =$H$15-K22 -> 1409 | I22: -361 | J22: =H22-I22 -> 1770 | K22: =$I$15-I22 -> 51 | L22: 1 | M22: =$M$15-P22 -> 1495 | N22: -432 | O22: =M22-N22 -> 1927 | P22: =$N$15-N22 -> 15
A23: 45826 | B23: 1 | C23: =$C$15-F23 -> 1553 | D23: -236 | E23: =C23-D23 -> 1789 | F23: =$D$15-D23 -> 32 | G23: 1 | H23: =$H$15-K23 -> 1397 | I23: -373 | J23: =H23-I23 -> 1770 | K23: =$I$15-I23 -> 63 | L23: 1 | M23: =$M$15-P23 -> 1490 | N23: -437 | O23: =M23-N23 -> 1927 | P23: =$N$15-N23 -> 20
A24: 45827 | B24: 1 | C24: =$C$15-F24 -> 1546 | D24: -243 | E24: =C24-D24 -> 1789 | F24: =$D$15-D24 -> 39 | G24: 1 | H24: =$H$15-K24 -> 1390 | I24: -380 | J24: =H24-I24 -> 1770 | K24: =$I$15-I24 -> 70 | L24: 1 | M24: =$M$15-P24 -> 1485 | N24: -442 | O24: =M24-N24 -> 1927 | P24: =$N$15-N24 -> 25
A25: 45828 | B25: 1 | C25: =$C$15-F25 -> 1539 | D25: -250 | E25: =C25-D25 -> 1789 | F25: =$D$15-D25 -> 46 | G25: 1 | H25: =$H$15-K25 -> 1385 | I25: -385 | J25: =H25-I25 -> 1770 | K25: =$I$15-I25 -> 75 | L25: 1 | M25: =$M$15-P25 -> 1480 | N25: -447 | O25: =M25-N25 -> 1927 | P25: =$N$15-N25 -> 30
A26: 45829 | B26: 1 | C26: =$C$15-F26 -> 1535 | D26: -254 | E26: =C26-D26 -> 1789 | F26: =$D$15-D26 -> 50 | G26: 1 | H26: =$H$15-K26 -> 1380 | I26: -390 | J26: =H26-I26 -> 1770 | K26: =$I$15-I26 -> 80 | L26: 1 | M26: =$M$15-P26 -> 1475 | N26: -452 | O26: =M26-N26 -> 1927 | P26: =$N$15-N26 -> 35
A27: 45830 | B27: 1 | C27: =$C$15-F27 -> 1519 | D27: -270 | E27: =C27-D27 -> 1789 | F27: =$D$15-D27 -> 66 | G27: 1 | H27: =$H$15-K27 -> 1355 | I27: -415 | J27: =H27-I27 -> 1770 | K27: =$I$15-I27 -> 105 | L27: 1 | M27: =$M$15-P27 -> 1462 | N27: -465 | O27: =M27-N27 -> 1927 | P27: =$N$15-N27 -> 48
... A61: 45864 | B61: 1 | C61: =$C$15-F61 -> 1401 | D61: -388 | E61: =C61-D61 -> 1789 | F61: =$D$15-D61 -> 184 | G61: 1 | H61: =$H$15-K61 -> 1196 | I61: -574 | J61: =H61-I61 -> 1770 | K61: =$I$15-I61 -> 264 | L61: 1 | M61: =$M$15-P61 -> 1370 | N61: -557 | O61: =M61-N61 -> 1927 | P61: =$N$15-N61 -> 140
A62: 45865 | B62: 1 | C62: 1370 | D62: -392 | E62: =C62-D62 -> 1762 | F62: =$D$15-D62 -> 188 | G62: 1 | H62: 1200 | I62: -576 | J62: =H62-I62 -> 1776 | K62: =$I$15-I62 -> 266 | L62: 1 | M62: =$M$15-P62 -> 1367 | N62: -560 | O62: =M62-N62 -> 1927 | P62: =$N$15-N62 -> 143

Sheet QTL-KM117+400
A1: BẢNG SỐ LIỆU QUAN TRẮC THIẾT BỊ ĐO LÚN MẶT
A2: I. SỐ ĐỌC BAN ĐẦU
A3: Vùng (Đường) | B3: Bàn quan trắc lún | D3: Ngày lắp đặt | F3: =+"Cao trình nghiệm thu [m] ("&TEXT(A15,"dd/mm/yy")&")" -> Cao trình nghiệm thu [m] (10/06/25) | L3: Tọa độ | P3: Mốc tọa độ tham chiếu
F4: Cao trình MĐTN | G4: Cao trình đắp | I4: Cao trình đỉnh ống | K4: Cao trình tấm đế | L4: X [m] | N4: Y [m]
A5: VÙNG 2A (ĐƯỜNG N1) | B5: SSP2-4 | P5: CS3
B6: SSP2-5 | P6: Tọa độ [m]
B7: SSP2-6
A9: II. SỐ LIỆU QUAN TRẮC
A10: Ngày quan trắc | B10: ĐỘ LÚN TRÁI | G10: ĐỘ LÚN TIM | L10: ĐỘ LÚN PHẢI | Q10: Áp Đ.hồ Pvac | R10: Ghi chú
B11: Thời gian tích lũy | C11: Cao độ đắp | D11: Cao độ bàn đo lún | E11: Chiều cao đắp | F11: Độ lún | G11: Thời gian tích lũy | H11: Cao độ đắp | I11: Cao độ bàn đo lún | J11: Chiều cao đắp | K11: Độ lún | L11: Thời gian tích lũy | M11: Cao độ đắp | N11: Cao độ bàn đo lún | O11: Chiều cao đắp | P11: Độ lún
B13: [Ngày] | C13: [mm] | D13: [m.m] | E13: [mm] | F13: [m.m] | G13: [Ngày] | H13: [mm] | I13: [m.m] | J13: [mm] | K13: [m.m] | L13: [Ngày] | M13: [mm] | N13: [m.m] | O13: [mm] | P13: [m.m] | Q13: [kPa]
A14: 1 | B14: =+A14+1 -> 2 | C14: =+B14+1 -> 3 | D14: =+C14+1 -> 4 | E14: =+D14+1 -> 5 | F14: =+E14+1 -> 6 | G14: =+F14+1 -> 7 | H14: =+G14+1 -> 8 | I14: =+H14+1 -> 9 | ... R14: =+Q14+1 -> 18
A15: 45818 | B15: 1 | C15: 1585 | D15: -616 | E15: =C15-D15 -> 2201 | F15: 0 | G15: 1 | H15: 1460 | I15: -1165 | J15: =H15-I15 -> 2625 | K15: 0 | L15: 1 | M15: 1570 | N15: -909 | O15: =M15-N15 -> 2479 | P15: 0
A16: 45819 | B16: 1 | C16: =$C$15-F16 -> 1581 | D16: -620 | E16: =C16-D16 -> 2201 | F16: =$D$15-D16 -> 4 | G16: 1 | H16: =$H$15-K16 -> 1456 | I16: -1169 | J16: =H16-I16 -> 2625 | K16: =$I$15-I16 -> 4 | L16: 1 | M16: =$M$15-P16 -> 1567 | N16: -912 | O16: =M16-N16 -> 2479 | P16: =$N$15-N16 -> 3
A17: 45820 | B17: 1 | C17: =$C$15-F17 -> 1577 | D17: -624 | E17: =C17-D17 -> 2201 | F17: =$D$15-D17 -> 8 | G17: 1 | H17: =$H$15-K17 -> 1452 | I17: -1173 | J17: =H17-I17 -> 2625 | K17: =$I$15-I17 -> 8 | L17: 1 | M17: =$M$15-P17 -> 1564 | N17: -915 | O17: =M17-N17 -> 2479 | P17: =$N$15-N17 -> 6
A18: 45821 | B18: 1 | C18: =$C$15-F18 -> 1573 | D18: -628 | E18: =C18-D18 -> 2201 | F18: =$D$15-D18 -> 12 | G18: 1 | H18: =$H$15-K18 -> 1448 | I18: -1177 | J18: =H18-I18 -> 2625 | K18: =$I$15-I18 -> 12 | L18: 1 | M18: =$M$15-P18 -> 1561 | N18: -918 | O18: =M18-N18 -> 2479 | P18: =$N$15-N18 -> 9
A19: 45822 | B19: 1 | C19: =$C$15-F19 -> 1569 | D19: -632 | E19: =C19-D19 -> 2201 | F19: =$D$15-D19 -> 16 | G19: 1 | H19: =$H$15-K19 -> 1444 | I19: -1181 | J19: =H19-I19 -> 2625 | K19: =$I$15-I19 -> 16 | L19: 1 | M19: =$M$15-P19 -> 1558 | N19: -921 | O19: =M19-N19 -> 2479 | P19: =$N$15-N19 -> 12
A20: 45823 | B20: 1 | C20: =$C$15-F20 -> 1565 | D20: -636 | E20: =C20-D20 -> 2201 | F20: =$D$15-D20 -> 20 | G20: 1 | H20: =$H$15-K20 -> 1439 | I20: -1186 | J20: =H20-I20 -> 2625 | K20: =$I$15-I20 -> 21 | L20: 1 | M20: =$M$15-P20 -> 1555 | N20: -924 | O20: =M20-N20 -> 2479 | P20: =$N$15-N20 -> 15
A21: 45824 | B21: 1 | C21: =$C$15-F21 -> 1561 | D21: -640 | E21: =C21-D21 -> 2201 | F21: =$D$15-D21 -> 24 | G21: 1 | H21: =$H$15-K21 -> 1435 | I21: -1190 | J21: =H21-I21 -> 2625 | K21: =$I$15-I21 -> 25 | L21: 1 | M21: =$M$15-P21 -> 1539 | N21: -940 | O21: =M21-N21 -> 2479 | P21: =$N$15-N21 -> 31
A22: 45825 | B22: 1 | C22: =$C$15-F22 -> 1540 | D22: -661 | E22: =C22-D22 -> 2201 | F22: =$D$15-D22 -> 45 | G22: 1 | H22: =$H$15-K22 -> 1420 | I22: -1205 | J22: =H22-I22 -> 2625 | K22: =$I$15-I22 -> 40 | L22: 1 | M22: =$M$15-P22 -> 1523 | N22: -956 | O22: =M22-N22 -> 2479 | P22: =$N$15-N22 -> 47
A23: 45826 | B23: 1 | C23: =$C$15-F23 -> 1519 | D23: -682 | E23: =C23-D23 -> 2201 | F23: =$D$15-D23 -> 66 | G23: 1 | H23: =$H$15-K23 -> 1385 | I23: -1240 | J23: =H23-I23 -> 2625 | K23: =$I$15-I23 -> 75 | L23: 1 | M23: =$M$15-P23 -> 1507 | N23: -972 | O23: =M23-N23 -> 2479 | P23: =$N$15-N23 -> 63
A24: 45827 | B24: 1 | C24: =$C$15-F24 -> 1498 | D24: -703 | E24: =C24-D24 -> 2201 | F24: =$D$15-D24 -> 87 | G24: 1 | H24: =$H$15-K24 -> 1350 | I24: -1275 | J24: =H24-I24 -> 2625 | K24: =$I$15-I24 -> 110 | L24: 1 | M24: =$M$15-P24 -> 1491 | N24: -988 | O24: =M24-N24 -> 2479 | P24: =$N$15-N24 -> 79
A25: 45828 | B25: 1 | C25: =$C$15-F25 -> 1477 | D25: -724 | E25: =C25-D25 -> 2201 | F25: =$D$15-D25 -> 108 | G25: 1 | H25: =$H$15-K25 -> 1315 | I25: -1310 | J25: =H25-I25 -> 2625 | K25: =$I$15-I25 -> 145 | L25: 1 | M25: =$M$15-P25 -> 1489 | N25: -990 | O25: =M25-N25 -> 2479 | P25: =$N$15-N25 -> 81
A26: 45829 | B26: 1 | C26: =$C$15-F26 -> 1468 | D26: -733 | E26: =C26-D26 -> 2201 | F26: =$D$15-D26 -> 117 | G26: 1 | H26: =$H$15-K26 -> 1280 | I26: -1345 | J26: =H26-I26 -> 2625 | K26: =$I$15-I26 -> 180 | L26: 1 | M26: =$M$15-P26 -> 1474 | N26: -1005 | O26: =M26-N26 -> 2479 | P26: =$N$15-N26 -> 96
A27: 45830 | B27: 1 | C27: =$C$15-F27 -> 1451 | D27: -750 | E27: =C27-D27 -> 2201 | F27: =$D$15-D27 -> 134 | G27: 1 | H27: =$H$15-K27 -> 1260 | I27: -1365 | J27: =H27-I27 -> 2625 | K27: =$I$15-I27 -> 200 | L27: 1 | M27: =$M$15-P27 -> 1467 | N27: -1012 | O27: =M27-N27 -> 2479 | P27: =$N$15-N27 -> 103
... A61: 45864 | B61: 1 | C61: =$C$15-F61 -> 1364 | D61: -837 | E61: =C61-D61 -> 2201 | F61: =$D$15-D61 -> 221 | G61: 1 | H61: =$H$15-K61 -> 1125 | I61: -1500 | J61: =H61-I61 -> 2625 | K61: =$I$15-I61 -> 335 | L61: 1 | M61: =$M$15-P61 -> 1375 | N61: -1104 | O61: =M61-N61 -> 2479 | P61: =$N$15-N61 -> 195
A62: 45865 | B62: 1 | C62: 1200 | D62: -838 | E62: =C62-D62 -> 2038 | F62: =$D$15-D62 -> 222 | G62: 1 | H62: =$H$15-K62 -> 1119 | I62: -1506 | J62: =H62-I62 -> 2625 | K62: =$I$15-I62 -> 341 | L62: 1 | M62: =$M$15-P62 -> 1372 | N62: -1107 | O62: =M62-N62 -> 2479 | P62: =$N$15-N62 -> 198

Sheet QTL-KM117+500
A1: BẢNG SỐ LIỆU QUAN TRẮC THIẾT BỊ ĐO LÚN MẶT
A2: I. SỐ ĐỌC BAN ĐẦU
A3: Vùng (Đường) | B3: Bàn quan trắc lún | D3: Ngày lắp đặt | F3: =+"Cao trình nghiệm thu [m] ("&TEXT(A15,"dd/mm/yy")&")" -> Cao trình nghiệm thu [m] (05/06/25) | L3: Tọa độ | P3: Mốc tọa độ tham chiếu
F4: Cao trình MĐTN | G4: Cao trình đắp | I4: Cao trình đỉnh ống | K4: Cao trình tấm đế | L4: X [m] | N4: Y [m]
A5: VÙNG 2A (ĐƯỜNG N1) | B5: SSP2-4 | P5: CS3
B6: SSP2-5 | P6: Tọa độ [m]
B7: SSP2-6
A9: II. SỐ LIỆU QUAN TRẮC
A10: Ngày quan trắc | B10: ĐỘ LÚN TRÁI | G10: ĐỘ LÚN TIM | L10: ĐỘ LÚN PHẢI | Q10: Áp Đ.hồ Pvac | R10: Ghi chú
B11: Thời gian tích lũy | C11: Cao độ đắp | D11: Cao độ bàn đo lún | E11: Chiều cao đắp | F11: Độ lún | G11: Thời gian tích lũy | H11: Cao độ đắp | I11: Cao độ bàn đo lún | J11: Chiều cao đắp | K11: Độ lún | L11: Thời gian tích lũy | M11: Cao độ đắp | N11: Cao độ bàn đo lún | O11: Chiều cao đắp | P11: Độ lún
B13: [Ngày] | C13: [mm] | D13: [m.m] | E13: [mm] | F13: [m.m] | G13: [Ngày] | H13: [mm] | I13: [m.m] | J13: [mm] | K13: [m.m] | L13: [Ngày] | M13: [mm] | N13: [m.m] | O13: [mm] | P13: [m.m] | Q13: [kPa]
A14: 1 | B14: =+A14+1 -> 2 | C14: =+B14+1 -> 3 | D14: =+C14+1 -> 4 | E14: =+D14+1 -> 5 | F14: =+E14+1 -> 6 | G14: =+F14+1 -> 7 | H14: =+G14+1 -> 8 | I14: =+H14+1 -> 9 | ... R14: =+Q14+1 -> 18
A15: 45813 | B15: 1 | C15: 1585 | D15: -818 | E15: =C15-D15 -> 2403 | F15: 0 | G15: 1 | H15: 1460 | I15: -527 | J15: =H15-I15 -> 1987 | K15: 0 | L15: 1 | M15: 1330 | N15: -535 | O15: =M15-N15 -> 1865 | P15: 0
A16: 45814 | B16: 1 | C16: =$C$15-F16 -> 1573 | D16: -830 | E16: =C16-D16 -> 2403 | F16: =$D$15-D16 -> 12 | G16: 1 | H16: =$H$15-K16 -> 1445 | I16: -542 | J16: =H16-I16 -> 1987 | K16: =$I$15-I16 -> 15 | L16: 1 | M16: =$M$15-P16 -> 1318 | N16: -547 | O16: =M16-N16 -> 1865 | P16: =$N$15-N16 -> 12
A17: 45815 | B17: 1 | C17: =$C$15-F17 -> 1561 | D17: -842 | E17: =C17-D17 -> 2403 | F17: =$D$15-D17 -> 24 | G17: 1 | H17: =$H$15-K17 -> 1430 | I17: -557 | J17: =H17-I17 -> 1987 | K17: =$I$15-I17 -> 30 | L17: 1 | M17: =$M$15-P17 -> 1306 | N17: -559 | O17: =M17-N17 -> 1865 | P17: =$N$15-N17 -> 24
A18: 45816 | B18: 1 | C18: =$C$15-F18 -> 1549 | D18: -854 | E18: =C18-D18 -> 2403 | F18: =$D$15-D18 -> 36 | G18: 1 | H18: =$H$15-K18 -> 1415 | I18: -572 | J18: =H18-I18 -> 1987 | K18: =$I$15-I18 -> 45 | L18: 1 | M18: =$M$15-P18 -> 1294 | N18: -571 | O18: =M18-N18 -> 1865 | P18: =$N$15-N18 -> 36
A19: 45817 | B19: 1 | C19: =$C$15-F19 -> 1537 | D19: -866 | E19: =C19-D19 -> 2403 | F19: =$D$15-D19 -> 48 | G19: 1 | H19: =$H$15-K19 -> 1400 | I19: -587 | J19: =H19-I19 -> 1987 | K19: =$I$15-I19 -> 60 | L19: 1 | M19: =$M$15-P19 -> 1282 | N19: -583 | O19: =M19-N19 -> 1865 | P19: =$N$15-N19 -> 48
A20: 45818 | B20: 1 | C20: =$C$15-F20 -> 1525 | D20: -878 | E20: =C20-D20 -> 2403 | F20: =$D$15-D20 -> 60 | G20: 1 | H20: =$H$15-K20 -> 1377 | I20: -610 | J20: =H20-I20 -> 1987 | K20: =$I$15-I20 -> 83 | L20: 1 | M20: =$M$15-P20 -> 1270 | N20: -595 | O20: =M20-N20 -> 1865 | P20: =$N$15-N20 -> 60
A21: 45819 | B21: 1 | C21: =$C$15-F21 -> 1513 | D21: -890 | E21: =C21-D21 -> 2403 | F21: =$D$15-D21 -> 72 | G21: 1 | H21: =$H$15-K21 -> 1354 | I21: -633 | J21: =H21-I21 -> 1987 | K21: =$I$15-I21 -> 106 | L21: 1 | M21: =$M$15-P21 -> 1263 | N21: -602 | O21: =M21-N21 -> 1865 | P21: =$N$15-N21 -> 67
A22: 45820 | B22: 1 | C22: =$C$15-F22 -> 1495 | D22: -908 | E22: =C22-D22 -> 2403 | F22: =$D$15-D22 -> 90 | G22: 1 | H22: =$H$15-K22 -> 1331 | I22: -656 | J22: =H22-I22 -> 1987 | K22: =$I$15-I22 -> 129 | L22: 1 | M22: =$M$15-P22 -> 1256 | N22: -609 | O22: =M22-N22 -> 1865 | P22: =$N$15-N22 -> 74
A23: 45821 | B23: 1 | C23: =$C$15-F23 -> 1487 | D23: -916 | E23: =C23-D23 -> 2403 | F23: =$D$15-D23 -> 98 | G23: 1 | H23: =$H$15-K23 -> 1317 | I23: -670 | J23: =H23-I23 -> 1987 | K23: =$I$15-I23 -> 143 | L23: 1 | M23: =$M$15-P23 -> 1249 | N23: -616 | O23: =M23-N23 -> 1865 | P23: =$N$15-N23 -> 81
A24: 45822 | B24: 1 | C24: =$C$15-F24 -> 1479 | D24: -924 | E24: =C24-D24 -> 2403 | F24: =$D$15-D24 -> 106 | G24: 1 | H24: =$H$15-K24 -> 1307 | I24: -680 | J24: =H24-I24 -> 1987 | K24: =$I$15-I24 -> 153 | L24: 1 | M24: =$M$15-P24 -> 1246 | N24: -619 | O24: =M24-N24 -> 1865 | P24: =$N$15-N24 -> 84
A25: 45823 | B25: 1 | C25: =$C$15-F25 -> 1471 | D25: -932 | E25: =C25-D25 -> 2403 | F25: =$D$15-D25 -> 114 | G25: 1 | H25: =$H$15-K25 -> 1297 | I25: -690 | J25: =H25-I25 -> 1987 | K25: =$I$15-I25 -> 163 | L25: 1 | M25: =$M$15-P25 -> 1241 | N25: -624 | O25: =M25-N25 -> 1865 | P25: =$N$15-N25 -> 89
A26: 45824 | B26: 1 | C26: =$C$15-F26 -> 1463 | D26: -940 | E26: =C26-D26 -> 2403 | F26: =$D$15-D26 -> 122 | G26: 1 | H26: =$H$15-K26 -> 1287 | I26: -700 | J26: =H26-I26 -> 1987 | K26: =$I$15-I26 -> 173 | L26: 1 | M26: =$M$15-P26 -> 1236 | N26: -629 | O26: =M26-N26 -> 1865 | P26: =$N$15-N26 -> 94
A27: 45825 | B27: 1 | C27: =$C$15-F27 -> 1455 | D27: -948 | E27: =C27-D27 -> 2403 | F27: =$D$15-D27 -> 130 | G27: 1 | H27: =$H$15-K27 -> 1277 | I27: -710 | J27: =H27-I27 -> 1987 | K27: =$I$15-I27 -> 183 | L27: 1 | M27: =$M$15-P27 -> 1231 | N27: -634 | O27: =M27-N27 -> 1865 | P27: =$N$15-N27 -> 99
... A66: 45864 | B66: 1 | C66: =$C$15-F66 -> 1295 | D66: -1108 | E66: =C66-D66 -> 2403 | F66: =$D$15-D66 -> 290 | G66: 1 | H66: =$H$15-K66 -> 1091 | I66: -896 | J66: =H66-I66 -> 1987 | K66: =$I$15-I66 -> 369 | L66: 1 | M66: =$M$15-P66 -> 1113 | N66: -752 | O66: =M66-N66 -> 1865 | P66: =$N$15-N66 -> 217
A67: 45865 | B67: 1 | C67: =$C$15-F67 -> 1293 | D67: -1110 | E67: =C67-D67 -> 2403 | F67: =$D$15-D67 -> 292 | G67: 1 | H67: =$H$15-K67 -> 1089 | I67: -898 | J67: =H67-I67 -> 1987 | K67: =$I$15-I67 -> 371 | L67: 1 | M67: 1000 | N67: -754 | O67: =M67-N67 -> 1754 | P67: =$N$15-N67 -> 219

Sheet QTL-KM117+600
A1: BẢNG SỐ LIỆU QUAN TRẮC THIẾT BỊ ĐO LÚN MẶT
A2: I. SỐ ĐỌC BAN ĐẦU
A3: Vùng (Đường) | B3: Bàn quan trắc lún | D3: Ngày lắp đặt | F3: =+"Cao trình nghiệm thu [m] ("&TEXT(A15,"dd/mm/yy")&")" -> Cao trình nghiệm thu [m] (05/06/25) | L3: Tọa độ | P3: Mốc tọa độ tham chiếu
F4: Cao trình MĐTN | G4: Cao trình đắp | I4: Cao trình đỉnh ống | K4: Cao trình tấm đế | L4: X [m] | N4: Y [m]
A5: VÙNG 2A (ĐƯỜNG N1) | B5: SSP2-4 | P5: CS3
B6: SSP2-5 | P6: Tọa độ [m]
B7: SSP2-6
A9: II. SỐ LIỆU QUAN TRẮC
A10: Ngày quan trắc | B10: ĐỘ LÚN TRÁI | G10: ĐỘ LÚN TIM | L10: ĐỘ LÚN PHẢI | Q10: Áp Đ.hồ Pvac | R10: Ghi chú
B11: Thời gian tích lũy | C11: Cao độ đắp | D11: Cao độ bàn đo lún | E11: Chiều cao đắp | F11: Độ lún | G11: Thời gian tích lũy | H11: Cao độ đắp | I11: Cao độ bàn đo lún | J11: Chiều cao đắp | K11: Độ lún | L11: Thời gian tích lũy | M11: Cao độ đắp | N11: Cao độ bàn đo lún | O11: Chiều cao đắp | P11: Độ lún
B13: [Ngày] | C13: [mm] | D13: [m.m] | E13: [mm] | F13: [m.m] | G13: [Ngày] | H13: [mm] | I13: [m.m] | J13: [mm] | K13: [m.m] | L13: [Ngày] | M13: [mm] | N13: [m.m] | O13: [mm] | P13: [m.m] | Q13: [kPa]
A14: 1 | B14: =+A14+1 -> 2 | C14: =+B14+1 -> 3 | D14: =+C14+1 -> 4 | E14: =+D14+1 -> 5 | F14: =+E14+1 -> 6 | G14: =+F14+1 -> 7 | H14: =+G14+1 -> 8 | I14: =+H14+1 -> 9 | ... R14: =+Q14+1 -> 18
A15: 45813 | B15: 1 | C15: 1538 | D15: -649 | E15: =C15-D15 -> 2187 | F15: 0 | G15: 1 | H15: 1528 | I15: -609 | J15: =H15-I15 -> 2137 | K15: 0 | L15: 1 | M15: 1458 | N15: -625 | O15: =M15-N15 -> 2083 | P15: 0
A16: 45814 | B16: 1 | C16: =$C$15-F16 -> 1525 | D16: -662 | E16: =C16-D16 -> 2187 | F16: =$D$15-D16 -> 13 | G16: 1 | H16: =$H$15-K16 -> 1507 | I16: -630 | J16: =H16-I16 -> 2137 | K16: =$I$15-I16 -> 21 | L16: 1 | M16: =$M$15-P16 -> 1445 | N16: -638 | O16: =M16-N16 -> 2083 | P16: =$N$15-N16 -> 13
A17: 45815 | B17: 1 | C17: =$C$15-F17 -> 1512 | D17: -675 | E17: =C17-D17 -> 2187 | F17: =$D$15-D17 -> 26 | G17: 1 | H17: =$H$15-K17 -> 1486 | I17: -651 | J17: =H17-I17 -> 2137 | K17: =$I$15-I17 -> 42 | L17: 1 | M17: =$M$15-P17 -> 1432 | N17: -651 | O17: =M17-N17 -> 2083 | P17: =$N$15-N17 -> 26
A18: 45816 | B18: 1 | C18: =$C$15-F18 -> 1472 | D18: -715 | E18: =C18-D18 -> 2187 | F18: =$D$15-D18 -> 66 | G18: 1 | H18: =$H$15-K18 -> 1465 | I18: -672 | J18: =H18-I18 -> 2137 | K18: =$I$15-I18 -> 63 | L18: 1 | M18: =$M$15-P18 -> 1419 | N18: -664 | O18: =M18-N18 -> 2083 | P18: =$N$15-N18 -> 39
A19: 45817 | B19: 1 | C19: =$C$15-F19 -> 1452 | D19: -735 | E19: =C19-D19 -> 2187 | F19: =$D$15-D19 -> 86 | G19: 1 | H19: =$H$15-K19 -> 1432 | I19: -705 | J19: =H19-I19 -> 2137 | K19: =$I$15-I19 -> 96 | L19: 1 | M19: =$M$15-P19 -> 1406 | N19: -677 | O19: =M19-N19 -> 2083 | P19: =$N$15-N19 -> 52
A20: 45818 | B20: 1 | C20: =$C$15-F20 -> 1432 | D20: -755 | E20: =C20-D20 -> 2187 | F20: =$D$15-D20 -> 106 | G20: 1 | H20: =$H$15-K20 -> 1405 | I20: -732 | J20: =H20-I20 -> 2137 | K20: =$I$15-I20 -> 123 | L20: 1 | M20: =$M$15-P20 -> 1377 | N20: -706 | O20: =M20-N20 -> 2083 | P20: =$N$15-N20 -> 81
A21: 45819 | B21: 1 | C21: =$C$15-F21 -> 1412 | D21: -775 | E21: =C21-D21 -> 2187 | F21: =$D$15-D21 -> 126 | G21: 1 | H21: =$H$15-K21 -> 1378 | I21: -759 | J21: =H21-I21 -> 2137 | K21: =$I$15-I21 -> 150 | L21: 1 | M21: =$M$15-P21 -> 1368 | N21: -715 | O21: =M21-N21 -> 2083 | P21: =$N$15-N21 -> 90
A22: 45820 | B22: 1 | C22: =$C$15-F22 -> 1399 | D22: -788 | E22: =C22-D22 -> 2187 | F22: =$D$15-D22 -> 139 | G22: 1 | H22: =$H$15-K22 -> 1351 | I22: -786 | J22: =H22-I22 -> 2137 | K22: =$I$15-I22 -> 177 | L22: 1 | M22: =$M$15-P22 -> 1363 | N22: -720 | O22: =M22-N22 -> 2083 | P22: =$N$15-N22 -> 95
A23: 45821 | B23: 1 | C23: =$C$15-F23 -> 1395 | D23: -792 | E23: =C23-D23 -> 2187 | F23: =$D$15-D23 -> 143 | G23: 1 | H23: =$H$15-K23 -> 1324 | I23: -813 | J23: =H23-I23 -> 2137 | K23: =$I$15-I23 -> 204 | L23: 1 | M23: =$M$15-P23 -> 1358 | N23: -725 | O23: =M23-N23 -> 2083 | P23: =$N$15-N23 -> 100
A24: 45822 | B24: 1 | C24: =$C$15-F24 -> 1391 | D24: -796 | E24: =C24-D24 -> 2187 | F24: =$D$15-D24 -> 147 | G24: 1 | H24: =$H$15-K24 -> 1297 | I24: -840 | J24: =H24-I24 -> 2137 | K24: =$I$15-I24 -> 231 | L24: 1 | M24: =$M$15-P24 -> 1353 | N24: -730 | O24: =M24-N24 -> 2083 | P24: =$N$15-N24 -> 105
A25: 45823 | B25: 1 | C25: =$C$15-F25 -> 1387 | D25: -800 | E25: =C25-D25 -> 2187 | F25: =$D$15-D25 -> 151 | G25: 1 | H25: =$H$15-K25 -> 1270 | I25: -867 | J25: =H25-I25 -> 2137 | K25: =$I$15-I25 -> 258 | L25: 1 | M25: =$M$15-P25 -> 1348 | N25: -735 | O25: =M25-N25 -> 2083 | P25: =$N$15-N25 -> 110
A26: 45824 | B26: 1 | C26: =$C$15-F26 -> 1383 | D26: -804 | E26: =C26-D26 -> 2187 | F26: =$D$15-D26 -> 155 | G26: 1 | H26: =$H$15-K26 -> 1266 | I26: -871 | J26: =H26-I26 -> 2137 | K26: =$I$15-I26 -> 262 | L26: 1 | M26: =$M$15-P26 -> 1343 | N26: -740 | O26: =M26-N26 -> 2083 | P26: =$N$15-N26 -> 115
A27: 45825 | B27: 1 | C27: =$C$15-F27 -> 1379 | D27: -808 | E27: =C27-D27 -> 2187 | F27: =$D$15-D27 -> 159 | G27: 1 | H27: =$H$15-K27 -> 1260 | I27: -877 | J27: =H27-I27 -> 2137 | K27: =$I$15-I27 -> 268 | L27: 1 | M27: =$M$15-P27 -> 1338 | N27: -745 | O27: =M27-N27 -> 2083 | P27: =$N$15-N27 -> 120
... A59: 45857 | B59: 1 | C59: =$C$15-F59 -> 1237 | D59: -950 | E59: =C59-D59 -> 2187 | F59: =$D$15-D59 -> 301 | G59: 1 | H59: =$H$15-K59 -> 1087 | I59: -1050 | J59: =H59-I59 -> 2137 | K59: =$I$15-I59 -> 441 | L59: 1 | M59: =$M$15-P59 -> 1151 | N59: -932 | O59: =M59-N59 -> 2083 | P59: =$N$15-N59 -> 307

Sheet QTL-KM117+700
A1: BẢNG SỐ LIỆU QUAN TRẮC THIẾT BỊ ĐO LÚN MẶT
A2: I. SỐ ĐỌC BAN ĐẦU
A3: Vùng (Đường) | B3: Bàn quan trắc lún | D3: Ngày lắp đặt | F3: =+"Cao trình nghiệm thu [m] ("&TEXT(A15,"dd/mm/yy")&")" -> Cao trình nghiệm thu [m] (05/06/25) | L3: Tọa độ | P3: Mốc tọa độ tham chiếu
F4: Cao trình MĐTN | G4: Cao trình đắp | I4: Cao trình đỉnh ống | K4: Cao trình tấm đế | L4: X [m] | N4: Y [m]
A5: VÙNG 2A (ĐƯỜNG N1) | B5: SSP2-4 | P5: CS3
B6: SSP2-5 | P6: Tọa độ [m]
B7: SSP2-6
A9: II. SỐ LIỆU QUAN TRẮC
A10: Ngày quan trắc | B10: ĐỘ LÚN TRÁI | G10: ĐỘ LÚN TIM | L10: ĐỘ LÚN PHẢI | Q10: Áp Đ.hồ Pvac | R10: Ghi chú
B11: Thời gian tích lũy | C11: Cao độ đắp | D11: Cao độ bàn đo lún | E11: Chiều cao đắp | F11: Độ lún | G11: Thời gian tích lũy | H11: Cao độ đắp | I11: Cao độ bàn đo lún | J11: Chiều cao đắp | K11: Độ lún | L11: Thời gian tích lũy | M11: Cao độ đắp | N11: Cao độ bàn đo lún | O11: Chiều cao đắp | P11: Độ lún
B13: [Ngày] | C13: [mm] | D13: [m.m] | E13: [mm] | F13: [m.m] | G13: [Ngày] | H13: [mm] | I13: [m.m] | J13: [mm] | K13: [m.m] | L13: [Ngày] | M13: [mm] | N13: [m.m] | O13: [mm] | P13: [m.m] | Q13: [kPa]
A14: 1 | B14: =+A14+1 -> 2 | C14: =+B14+1 -> 3 | D14: =+C14+1 -> 4 | E14: =+D14+1 -> 5 | F14: =+E14+1 -> 6 | G14: =+F14+1 -> 7 | H14: =+G14+1 -> 8 | I14: =+H14+1 -> 9 | ... R14: =+Q14+1 -> 18
A15: 45813 | B15: 1 | C15: 1503 | D15: -1793 | E15: =C15-D15 -> 3296 | F15: 0 | G15: 1 | H15: 1463 | I15: -1297 | J15: =H15-I15 -> 2760 | K15: 0 | L15: 1 | M15: 1552 | N15: -1352 | O15: =M15-N15 -> 2904 | P15: 0
A16: 45814 | B16: 1 | C16: =$C$15-F16 -> 1491 | D16: -1805 | E16: =C16-D16 -> 3296 | F16: =$D$15-D16 -> 12 | G16: 1 | H16: =$H$15-K16 -> 1447 | I16: -1313 | J16: =H16-I16 -> 2760 | K16: =$I$15-I16 -> 16 | L16: 1 | M16: =$M$15-P16 -> 1540 | N16: -1364 | O16: =M16-N16 -> 2904 | P16: =$N$15-N16 -> 12
A17: 45815 | B17: 1 | C17: =$C$15-F17 -> 1479 | D17: -1817 | E17: =C17-D17 -> 3296 | F17: =$D$15-D17 -> 24 | G17: 1 | H17: =$H$15-K17 -> 1431 | I17: -1329 | J17: =H17-I17 -> 2760 | K17: =$I$15-I17 -> 32 | L17: 1 | M17: =$M$15-P17 -> 1528 | N17: -1376 | O17: =M17-N17 -> 2904 | P17: =$N$15-N17 -> 24
A18: 45816 | B18: 1 | C18: =$C$15-F18 -> 1467 | D18: -1829 | E18: =C18-D18 -> 3296 | F18: =$D$15-D18 -> 36 | G18: 1 | H18: =$H$15-K18 -> 1415 | I18: -1345 | J18: =H18-I18 -> 2760 | K18: =$I$15-I18 -> 48 | L18: 1 | M18: =$M$15-P18 -> 1516 | N18: -1388 | O18: =M18-N18 -> 2904 | P18: =$N$15-N18 -> 36
A19: 45817 | B19: 1 | C19: =$C$15-F19 -> 1455 | D19: -1841 | E19: =C19-D19 -> 3296 | F19: =$D$15-D19 -> 48 | G19: 1 | H19: =$H$15-K19 -> 1415 | I19: -1345 | J19: =H19-I19 -> 2760 | K19: =$I$15-I19 -> 48 | L19: 1 | M19: =$M$15-P19 -> 1504 | N19: -1400 | O19: =M19-N19 -> 2904 | P19: =$N$15-N19 -> 48
A20: 45818 | B20: 1 | C20: =$C$15-F20 -> 1450 | D20: -1846 | E20: =C20-D20 -> 3296 | F20: =$D$15-D20 -> 53 | G20: 1 | H20: =$H$15-K20 -> 1382 | I20: -1378 | J20: =H20-I20 -> 2760 | K20: =$I$15-I20 -> 81 | L20: 1 | M20: =$M$15-P20 -> 1492 | N20: -1412 | O20: =M20-N20 -> 2904 | P20: =$N$15-N20 -> 60
A21: 45819 | B21: 1 | C21: =$C$15-F21 -> 1419 | D21: -1877 | E21: =C21-D21 -> 3296 | F21: =$D$15-D21 -> 84 | G21: 1 | H21: =$H$15-K21 -> 1349 | I21: -1411 | J21: =H21-I21 -> 2760 | K21: =$I$15-I21 -> 114 | L21: 1 | M21: =$M$15-P21 -> 1469 | N21: -1435 | O21: =M21-N21 -> 2904 | P21: =$N$15-N21 -> 83
A22: 45820 | B22: 1 | C22: =$C$15-F22 -> 1395 | D22: -1901 | E22: =C22-D22 -> 3296 | F22: =$D$15-D22 -> 108 | G22: 1 | H22: =$H$15-K22 -> 1316 | I22: -1444 | J22: =H22-I22 -> 2760 | K22: =$I$15-I22 -> 147 | L22: 1 | M22: =$M$15-P22 -> 1465 | N22: -1439 | O22: =M22-N22 -> 2904 | P22: =$N$15-N22 -> 87
A23: 45821 | B23: 1 | C23: =$C$15-F23 -> 1387 | D23: -1909 | E23: =C23-D23 -> 3296 | F23: =$D$15-D23 -> 116 | G23: 1 | H23: =$H$15-K23 -> 1283 | I23: -1477 | J23: =H23-I23 -> 2760 | K23: =$I$15-I23 -> 180 | L23: 1 | M23: =$M$15-P23 -> 1461 | N23: -1443 | O23: =M23-N23 -> 2904 | P23: =$N$15-N23 -> 91
A24: 45822 | B24: 1 | C24: =$C$15-F24 -> 1379 | D24: -1917 | E24: =C24-D24 -> 3296 | F24: =$D$15-D24 -> 124 | G24: 1 | H24: =$H$15-K24 -> 1273 | I24: -1487 | J24: =H24-I24 -> 2760 | K24: =$I$15-I24 -> 190 | L24: 1 | M24: =$M$15-P24 -> 1457 | N24: -1447 | O24: =M24-N24 -> 2904 | P24: =$N$15-N24 -> 95
A25: 45823 | B25: 1 | C25: =$C$15-F25 -> 1371 | D25: -1925 | E25: =C25-D25 -> 3296 | F25: =$D$15-D25 -> 132 | G25: 1 | H25: =$H$15-K25 -> 1268 | I25: -1492 | J25: =H25-I25 -> 2760 | K25: =$I$15-I25 -> 195 | L25: 1 | M25: =$M$15-P25 -> 1452 | N25: -1452 | O25: =M25-N25 -> 2904 | P25: =$N$15-N25 -> 100
A26: 45824 | B26: 1 | C26: =$C$15-F26 -> 1363 | D26: -1933 | E26: =C26-D26 -> 3296 | F26: =$D$15-D26 -> 140 | G26: 1 | H26: =$H$15-K26 -> 1263 | I26: -1497 | J26: =H26-I26 -> 2760 | K26: =$I$15-I26 -> 200 | L26: 1 | M26: =$M$15-P26 -> 1447 | N26: -1457 | O26: =M26-N26 -> 2904 | P26: =$N$15-N26 -> 105
A27: 45825 | B27: 1 | C27: =$C$15-F27 -> 1355 | D27: -1941 | E27: =C27-D27 -> 3296 | F27: =$D$15-D27 -> 148 | G27: 1 | H27: =$H$15-K27 -> 1258 | I27: -1502 | J27: =H27-I27 -> 2760 | K27: =$I$15-I27 -> 205 | L27: 1 | M27: =$M$15-P27 -> 1442 | N27: -1462 | O27: =M27-N27 -> 2904 | P27: =$N$15-N27 -> 110
... A67: 45865 | B67: 1 | C67: =$C$15-F67 -> 1195 | D67: -2101 | E67: =C67-D67 -> 3296 | F67: =$D$15-D67 -> 308 | G67: 1 | H67: =$H$15-K67 -> 1095 | I67: -1665 | J67: =H67-I67 -> 2760 | K67: =$I$15-I67 -> 368 | L67: 1 | M67: =$M$15-P67 -> 1194 | N67: -1710 | O67: =M67-N67 -> 2904 | P67: =$N$15-N67 -> 358

Sheet QTL-KM117+800
A1: DỰ ÁN THÀNH PHẦN ĐOẠN HẬU GIANG - CÀ MAU
A2: THUỘC DỰ ÁN XÂY DỰNG CÔNG TRÌNH ĐƯỜNG BỘ CAO TỐC BẮC - NAM PHÍA ĐÔNG GIAI ĐOẠN 2021 - 2025
A3: =UPPER("GÓI THẦU XL03 :Thi Công Xây Dựng Đoạn Tuyến Km114+200 - Km126+223 Bao Gồm Tuyến Nối Nút Giao IC12 Với QL1 (bao gồm khảo sát, thiết kế BVTC)") -> GÓI THẦU XL03 :THI CÔNG XÂY DỰNG ĐOẠN TUYẾN KM114+200 - KM126+223 BAO GỒM TUYẾN NỐI NÚT GIAO IC12 VỚI QL1 (BAO GỒM KHẢO SÁT, THIẾT KẾ BVTC)
A4: CHỦ ĐẦU TƯ | M4: NHÀ THẦU
A5: BAN QUẢN LÝ DỰ ÁN MỸ THUẬN | M5: LIÊN DANH CC1 - HẢI ĐĂNG - VẠN CƯỜNG - 492 - BẮC TRUNG NAM
A7: BẢNG SỐ LIỆU QUAN TRẮC THIẾT BỊ ĐO LÚN MẶT
A8: I. SỐ ĐỌC BAN ĐẦU
A9: Vùng (Đường) | B9: Bàn quan trắc lún | D9: Ngày lắp đặt | F9: =+"Cao trình nghiệm thu [m] ("&TEXT(A21,"dd/mm/yy")&")" -> Cao trình nghiệm thu [m] (20/05/25) | L9: Tọa độ | P9: Mốc tọa độ tham chiếu
F10: Cao trình MĐTN | G10: Cao trình đắp | I10: Cao trình đỉnh ống | K10: Cao trình tấm đế | L10: X [m] | N10: Y [m]
A11: VÙNG 2A (ĐƯỜNG N1) | B11: SSP2-4 | P11: CS3
B12: SSP2-5 | P12: Tọa độ [m]
B13: SSP2-6
A15: II. SỐ LIỆU QUAN TRẮC
A16: Ngày quan trắc | B16: ĐỘ LÚN TRÁI | G16: ĐỘ LÚN TIM | L16: ĐỘ LÚN PHẢI | Q16: Áp Đ.hồ Pvac | R16: Ghi chú
B17: Thời gian tích lũy | C17: Cao độ đắp | D17: Cao độ bàn đo lún | E17: Chiều cao đắp | F17: Độ lún | G17: Thời gian tích lũy | H17: Cao độ đắp | I17: Cao độ bàn đo lún | J17: Chiều cao đắp | K17: Độ lún | L17: Thời gian tích lũy | M17: Cao độ đắp | N17: Cao độ bàn đo lún | O17: Chiều cao đắp | P17: Độ lún
B19: [Ngày] | C19: [mm] | D19: [m.m] | E19: [mm] | F19: [m.m] | G19: [Ngày] | H19: [mm] | I19: [m.m] | J19: [mm] | K19: [m.m] | L19: [Ngày] | M19: [mm] | N19: [m.m] | O19: [mm] | P19: [m.m] | Q19: [kPa]
A20: 1 | B20: =+A20+1 -> 2 | C20: =+B20+1 -> 3 | D20: =+C20+1 -> 4 | E20: =+D20+1 -> 5 | F20: =+E20+1 -> 6 | G20: =+F20+1 -> 7 | H20: =+G20+1 -> 8 | I20: =+H20+1 -> 9 | ... R20: =+Q20+1 -> 18
A21: 45797 | B21: 1 | C21: 1507 | D21: -413 | E21: =C21-D21 -> 1920 | F21: 0 | G21: 1 | H21: 1492 | I21: -683 | J21: =H21-I21 -> 2175 | K21: 0 | L21: 1 | M21: 1447 | N21: -390 | O21: =M21-N21 -> 1837 | P21: 0
A22: 45798 | B22: 2 | C22: =$C$21-F22 -> 1502 | D22: -418 | E22: =C22-D22 -> 1920 | F22: =$D$21-D22 -> 5 | G22: =G21+1 -> 2 | H22: =$H$21-K22 -> 1487 | I22: -688 | J22: =H22-I22 -> 2175 | K22: =$I$21-I22 -> 5 | L22: =L21+1 -> 2 | M22: =$M$21-P22 -> 1447 | N22: -390 | O22: =M22-N22 -> 1837 | P22: =$N$21-N22 -> 0
A23: 45799 | B23: 3 | C23: =$C$21-F23 -> 1502 | D23: -418 | E23: =C23-D23 -> 1920 | F23: =$D$21-D23 -> 5 | G23: =G22+1 -> 3 | H23: =$H$21-K23 -> 1487 | I23: -688 | J23: =H23-I23 -> 2175 | K23: =$I$21-I23 -> 5 | L23: =L22+1 -> 3 | M23: =$M$21-P23 -> 1447 | N23: -390 | O23: =M23-N23 -> 1837 | P23: =$N$21-N23 -> 0
A24: 45800 | B24: 4 | C24: =$C$21-F24 -> 1502 | D24: -418 | E24: =C24-D24 -> 1920 | F24: =$D$21-D24 -> 5 | G24: =G23+1 -> 4 | H24: =$H$21-K24 -> 1487 | I24: -688 | J24: =H24-I24 -> 2175 | K24: =$I$21-I24 -> 5 | L24: =L23+1 -> 4 | M24: =$M$21-P24 -> 1447 | N24: -390 | O24: =M24-N24 -> 1837 | P24: =$N$21-N24 -> 0
A25: 45801 | B25: 4 | C25: =$C$21-F25 -> 1502 | D25: -418 | E25: =C25-D25 -> 1920 | F25: =$D$21-D25 -> 5 | G25: =G24+1 -> 5 | H25: =$H$21-K25 -> 1487 | I25: -688 | J25: =H25-I25 -> 2175 | K25: =$I$21-I25 -> 5 | L25: =L24+1 -> 5 | M25: =$M$21-P25 -> 1447 | N25: -390 | O25: =M25-N25 -> 1837 | P25: =$N$21-N25 -> 0
A26: 45802 | B26: 4 | C26: =$C$21-F26 -> 1502 | D26: -418 | E26: =C26-D26 -> 1920 | F26: =$D$21-D26 -> 5 | G26: =G25+1 -> 6 | H26: =$H$21-K26 -> 1487 | I26: -688 | J26: =H26-I26 -> 2175 | K26: =$I$21-I26 -> 5 | L26: =L25+1 -> 6 | M26: =$M$21-P26 -> 1447 | N26: -390 | O26: =M26-N26 -> 1837 | P26: =$N$21-N26 -> 0
A27: 45803 | B27: 4 | C27: =$C$21-F27 -> 1502 | D27: -418 | E27: =C27-D27 -> 1920 | F27: =$D$21-D27 -> 5 | G27: =G26+1 -> 7 | H27: =$H$21-K27 -> 1487 | I27: -688 | J27: =H27-I27 -> 2175 | K27: =$I$21-I27 -> 5 | L27: =L26+1 -> 7 | M27: =$M$21-P27 -> 1447 | N27: -390 | O27: =M27-N27 -> 1837 | P27: =$N$21-N27 -> 0
A28: 45804 | B28: 4 | C28: =$C$21-F28 -> 1502 | D28: -418 | E28: =C28-D28 -> 1920 | F28: =$D$21-D28 -> 5 | G28: =G27+1 -> 8 | H28: =$H$21-K28 -> 1487 | I28: -688 | J28: =H28-I28 -> 2175 | K28: =$I$21-I28 -> 5 | L28: =L27+1 -> 8 | M28: =$M$21-P28 -> 1447 | N28: -390 | O28: =M28-N28 -> 1837 | P28: =$N$21-N28 -> 0
A29: 45805 | B29: 4 | C29: =$C$21-F29 -> 1502 | D29: -418 | E29: =C29-D29 -> 1920 | F29: =$D$21-D29 -> 5 | G29: =G28+1 -> 9 | H29: =$H$21-K29 -> 1487 | I29: -688 | J29: =H29-I29 -> 2175 | K29: =$I$21-I29 -> 5 | L29: =L28+1 -> 9 | M29: =$M$21-P29 -> 1447 | N29: -390 | O29: =M29-N29 -> 1837 | P29: =$N$21-N29 -> 0
A30: 45806 | B30: 4 | C30: =$C$21-F30 -> 1502 | D30: -418 | E30: =C30-D30 -> 1920 | F30: =$D$21-D30 -> 5 | G30: =G29+1 -> 10 | H30: =$H$21-K30 -> 1487 | I30: -688 | J30: =H30-I30 -> 2175 | K30: =$I$21-I30 -> 5 | L30: =L29+1 -> 10 | M30: =$M$21-P30 -> 1447 | N30: -390 | O30: =M30-N30 -> 1837 | P30: =$N$21-N30 -> 0
A31: 45807 | B31: 4 | C31: =$C$21-F31 -> 1502 | D31: -418 | E31: =C31-D31 -> 1920 | F31: =$D$21-D31 -> 5 | G31: =G30+1 -> 11 | H31: =$H$21-K31 -> 1487 | I31: -688 | J31: =H31-I31 -> 2175 | K31: =$I$21-I31 -> 5 | L31: =L30+1 -> 11 | M31: =$M$21-P31 -> 1447 | N31: -390 | O31: =M31-N31 -> 1837 | P31: =$N$21-N31 -> 0
A32: 45808 | B32: 4 | C32: =$C$21-F32 -> 1502 | D32: -418 | E32: =C32-D32 -> 1920 | F32: =$D$21-D32 -> 5 | G32: =G31+1 -> 12 | H32: =$H$21-K32 -> 1487 | I32: -688 | J32: =H32-I32 -> 2175 | K32: =$I$21-I32 -> 5 | L32: =L31+1 -> 12 | M32: =$M$21-P32 -> 1447 | N32: -390 | O32: =M32-N32 -> 1837 | P32: =$N$21-N32 -> 0
A33: 45809 | B33: 4 | C33: =$C$21-F33 -> 1502 | D33: -418 | E33: =C33-D33 -> 1920 | F33: =$D$21-D33 -> 5 | G33: =G32+1 -> 13 | H33: =$H$21-K33 -> 1473 | I33: -702 | J33: =H33-I33 -> 2175 | K33: =$I$21-I33 -> 19 | L33: =L32+1 -> 13 | M33: =$M$21-P33 -> 1447 | N33: -390 | O33: =M33-N33 -> 1837 | P33: =$N$21-N33 -> 0
... A89: 45865 | B89: 4 | C89: =$C$21-F89 -> 1149 | D89: -771 | E89: =C89-D89 -> 1920 | F89: =$D$21-D89 -> 358 | G89: =G88+1 -> 69 | H89: =$H$21-K89 -> 1064 | I89: -1111 | J89: =H89-I89 -> 2175 | K89: =$I$21-I89 -> 428 | L89: =L88+1 -> 69 | M89: =$M$21-P89 -> 1131 | N89: -706 | O89: =M89-N89 -> 1837 | P89: =$N$21-N89 -> 316

Sheet QTL-KM117+900
A1: DỰ ÁN THÀNH PHẦN ĐOẠN HẬU GIANG - CÀ MAU
A2: THUỘC DỰ ÁN XÂY DỰNG CÔNG TRÌNH ĐƯỜNG BỘ CAO TỐC BẮC - NAM PHÍA ĐÔNG GIAI ĐOẠN 2021 - 2025
A3: =UPPER("GÓI THẦU XL03 :Thi Công Xây Dựng Đoạn Tuyến Km114+200 - Km126+223 Bao Gồm Tuyến Nối Nút Giao IC12 Với QL1 (bao gồm khảo sát, thiết kế BVTC)") -> GÓI THẦU XL03 :THI CÔNG XÂY DỰNG ĐOẠN TUYẾN KM114+200 - KM126+223 BAO GỒM TUYẾN NỐI NÚT GIAO IC12 VỚI QL1 (BAO GỒM KHẢO SÁT, THIẾT KẾ BVTC)
A4: CHỦ ĐẦU TƯ | M4: NHÀ THẦU
A5: BAN QUẢN LÝ DỰ ÁN MỸ THUẬN | M5: LIÊN DANH CC1 - HẢI ĐĂNG - VẠN CƯỜNG - 492 - BẮC TRUNG NAM
A7: BẢNG SỐ LIỆU QUAN TRẮC THIẾT BỊ ĐO LÚN MẶT
A8: I. SỐ ĐỌC BAN ĐẦU
A9: Vùng (Đường) | B9: Bàn quan trắc lún | D9: Ngày lắp đặt | F9: =+"Cao trình nghiệm thu [m] ("&TEXT(A21,"dd/mm/yy")&")" -> Cao trình nghiệm thu [m] (20/05/25) | L9: Tọa độ | P9: Mốc tọa độ tham chiếu
F10: Cao trình MĐTN | G10: Cao trình đắp | I10: Cao trình đỉnh ống | K10: Cao trình tấm đế | L10: X [m] | N10: Y [m]
A11: VÙNG 2A (ĐƯỜNG N1) | B11: SSP2-4 | P11: CS3
B12: SSP2-5 | P12: Tọa độ [m]
B13: SSP2-6
A15: II. SỐ LIỆU QUAN TRẮC
A16: Ngày quan trắc | B16: ĐỘ LÚN TRÁI | G16: ĐỘ LÚN TIM | L16: ĐỘ LÚN PHẢI | Q16: Áp Đ.hồ Pvac | R16: Ghi chú
B17: Thời gian tích lũy | C17: Cao độ đắp | D17: Cao độ bàn đo lún | E17: Chiều cao đắp | F17: Độ lún | G17: Thời gian tích lũy | H17: Cao độ đắp | I17: Cao độ bàn đo lún | J17: Chiều cao đắp | K17: Độ lún | L17: Thời gian tích lũy | M17: Cao độ đắp | N17: Cao độ bàn đo lún | O17: Chiều cao đắp | P17: Độ lún
B19: [Ngày] | C19: [mm] | D19: [m.m] | E19: [mm] | F19: [m.m] | G19: [Ngày] | H19: [mm] | I19: [m.m] | J19: [mm] | K19: [m.m] | L19: [Ngày] | M19: [mm] | N19: [m.m] | O19: [mm] | P19: [m.m] | Q19: [kPa]
A20: 1 | B20: =+A20+1 -> 2 | C20: =+B20+1 -> 3 | D20: =+C20+1 -> 4 | E20: =+D20+1 -> 5 | F20: =+E20+1 -> 6 | G20: =+F20+1 -> 7 | H20: =+G20+1 -> 8 | I20: =+H20+1 -> 9 | ... R20: =+Q20+1 -> 18
A21: 45797 | B21: 1 | C21: 1517 | D21: -778 | E21: =C21-D21 -> 2295 | F21: 0 | G21: 1 | H21: 1482 | I21: -1093 | J21: =H21-I21 -> 2575 | K21: 0 | L21: 1 | M21: 1472 | N21: -468 | O21: =M21-N21 -> 1940 | P21: 0
A22: 45798 | B22: 2 | C22: =$C$21-F22 -> 1512 | D22: -783 | E22: =C22-D22 -> 2295 | F22: =$D$21-D22 -> 5 | G22: =G21+1 -> 2 | H22: =$H$21-K22 -> 1482 | I22: -1093 | J22: =H22-I22 -> 2575 | K22: =$I$21-I22 -> 0 | L22: =L21+1 -> 2 | M22: =$M$21-P22 -> 1467 | N22: -473 | O22: =M22-N22 -> 1940 | P22: =$N$21-N22 -> 5
A23: 45799 | B23: 3 | C23: =$C$21-F23 -> 1512 | D23: -783 | E23: =C23-D23 -> 2295 | F23: =$D$21-D23 -> 5 | G23: =G22+1 -> 3 | H23: =$H$21-K23 -> 1482 | I23: -1093 | J23: =H23-I23 -> 2575 | K23: =$I$21-I23 -> 0 | L23: =L22+1 -> 3 | M23: =$M$21-P23 -> 1467 | N23: -473 | O23: =M23-N23 -> 1940 | P23: =$N$21-N23 -> 5
A24: 45800 | B24: 4 | C24: =$C$21-F24 -> 1512 | D24: -783 | E24: =C24-D24 -> 2295 | F24: =$D$21-D24 -> 5 | G24: =G23+1 -> 4 | H24: =$H$21-K24 -> 1482 | I24: -1093 | J24: =H24-I24 -> 2575 | K24: =$I$21-I24 -> 0 | L24: =L23+1 -> 4 | M24: =$M$21-P24 -> 1467 | N24: -473 | O24: =M24-N24 -> 1940 | P24: =$N$21-N24 -> 5
A25: 45801 | B25: 4 | C25: =$C$21-F25 -> 1512 | D25: -783 | E25: =C25-D25 -> 2295 | F25: =$D$21-D25 -> 5 | G25: =G24+1 -> 5 | H25: =$H$21-K25 -> 1482 | I25: -1093 | J25: =H25-I25 -> 2575 | K25: =$I$21-I25 -> 0 | L25: =L24+1 -> 5 | M25: =$M$21-P25 -> 1467 | N25: -473 | O25: =M25-N25 -> 1940 | P25: =$N$21-N25 -> 5
A26: 45802 | B26: 4 | C26: =$C$21-F26 -> 1512 | D26: -783 | E26: =C26-D26 -> 2295 | F26: =$D$21-D26 -> 5 | G26: =G25+1 -> 6 | H26: =$H$21-K26 -> 1482 | I26: -1093 | J26: =H26-I26 -> 2575 | K26: =$I$21-I26 -> 0 | L26: =L25+1 -> 6 | M26: =$M$21-P26 -> 1467 | N26: -473 | O26: =M26-N26 -> 1940 | P26: =$N$21-N26 -> 5
A27: 45803 | B27: 4 | C27: =$C$21-F27 -> 1512 | D27: -783 | E27: =C27-D27 -> 2295 | F27: =$D$21-D27 -> 5 | G27: =G26+1 -> 7 | H27: =$H$21-K27 -> 1482 | I27: -1093 | J27: =H27-I27 -> 2575 | K27: =$I$21-I27 -> 0 | L27: =L26+1 -> 7 | M27: =$M$21-P27 -> 1467 | N27: -473 | O27: =M27-N27 -> 1940 | P27: =$N$21-N27 -> 5
A28: 45804 | B28: 4 | C28: =$C$21-F28 -> 1512 | D28: -783 | E28: =C28-D28 -> 2295 | F28: =$D$21-D28 -> 5 | G28: =G27+1 -> 8 | H28: =$H$21-K28 -> 1482 | I28: -1093 | J28: =H28-I28 -> 2575 | K28: =$I$21-I28 -> 0 | L28: =L27+1 -> 8 | M28: =$M$21-P28 -> 1467 | N28: -473 | O28: =M28-N28 -> 1940 | P28: =$N$21-N28 -> 5
A29: 45805 | B29: 4 | C29: =$C$21-F29 -> 1512 | D29: -783 | E29: =C29-D29 -> 2295 | F29: =$D$21-D29 -> 5 | G29: =G28+1 -> 9 | H29: =$H$21-K29 -> 1482 | I29: -1093 | J29: =H29-I29 -> 2575 | K29: =$I$21-I29 -> 0 | L29: =L28+1 -> 9 | M29: =$M$21-P29 -> 1467 | N29: -473 | O29: =M29-N29 -> 1940 | P29: =$N$21-N29 -> 5
A30: 45806 | B30: 4 | C30: =$C$21-F30 -> 1512 | D30: -783 | E30: =C30-D30 -> 2295 | F30: =$D$21-D30 -> 5 | G30: =G29+1 -> 10 | H30: =$H$21-K30 -> 1482 | I30: -1093 | J30: =H30-I30 -> 2575 | K30: =$I$21-I30 -> 0 | L30: =L29+1 -> 10 | M30: =$M$21-P30 -> 1467 | N30: -473 | O30: =M30-N30 -> 1940 | P30: =$N$21-N30 -> 5
A31: 45807 | B31: 4 | C31: =$C$21-F31 -> 1512 | D31: -783 | E31: =C31-D31 -> 2295 | F31: =$D$21-D31 -> 5 | G31: =G30+1 -> 11 | H31: =$H$21-K31 -> 1482 | I31: -1093 | J31: =H31-I31 -> 2575 | K31: =$I$21-I31 -> 0 | L31: =L30+1 -> 11 | M31: =$M$21-P31 -> 1467 | N31: -473 | O31: =M31-N31 -> 1940 | P31: =$N$21-N31 -> 5
A32: 45808 | B32: 4 | C32: =$C$21-F32 -> 1512 | D32: -783 | E32: =C32-D32 -> 2295 | F32: =$D$21-D32 -> 5 | G32: =G31+1 -> 12 | H32: =$H$21-K32 -> 1482 | I32: -1093 | J32: =H32-I32 -> 2575 | K32: =$I$21-I32 -> 0 | L32: =L31+1 -> 12 | M32: =$M$21-P32 -> 1467 | N32: -473 | O32: =M32-N32 -> 1940 | P32: =$N$21-N32 -> 5
A33: 45809 | B33: 4 | C33: =$C$21-F33 -> 1512 | D33: -783 | E33: =C33-D33 -> 2295 | F33: =$D$21-D33 -> 5 | G33: =G32+1 -> 13 | H33: =$H$21-K33 -> 1482 | I33: -1093 | J33: =H33-I33 -> 2575 | K33: =$I$21-I33 -> 0 | L33: =L32+1 -> 13 | M33: =$M$21-P33 -> 1467 | N33: -473 | O33: =M33-N33 -> 1940 | P33: =$N$21-N33 -> 5
... A89: 45865 | B89: 4 | C89: =$C$21-F89 -> 1152 | D89: -1143 | E89: =C89-D89 -> 2295 | F89: =$D$21-D89 -> 365 | G89: =G88+1 -> 69 | H89: =$H$21-K89 -> 1046 | I89: -1529 | J89: =H89-I89 -> 2575 | K89: =$I$21-I89 -> 436 | L89: =L88+1 -> 69 | M89: =$M$21-P89 -> 1136 | N89: -804 | O89: =M89-N89 -> 1940 | P89: =$N$21-N89 -> 336

Sheet QTL-KM118+00
A1: DỰ ÁN THÀNH PHẦN ĐOẠN HẬU GIANG - CÀ MAU
A2: THUỘC DỰ ÁN XÂY DỰNG CÔNG TRÌNH ĐƯỜNG BỘ CAO TỐC BẮC - NAM PHÍA ĐÔNG GIAI ĐOẠN 2021 - 2025
A3: =UPPER("GÓI THẦU XL03 :Thi Công Xây Dựng Đoạn Tuyến Km114+200 - Km126+223 Bao Gồm Tuyến Nối Nút Giao IC12 Với QL1 (bao gồm khảo sát, thiết kế BVTC)") -> GÓI THẦU XL03 :THI CÔNG XÂY DỰNG ĐOẠN TUYẾN KM114+200 - KM126+223 BAO GỒM TUYẾN NỐI NÚT GIAO IC12 VỚI QL1 (BAO GỒM KHẢO SÁT, THIẾT KẾ BVTC)
A4: CHỦ ĐẦU TƯ | M4: NHÀ THẦU
A5: BAN QUẢN LÝ DỰ ÁN MỸ THUẬN | M5: LIÊN DANH CC1 - HẢI ĐĂNG - VẠN CƯỜNG - 492 - BẮC TRUNG NAM
A7: BẢNG SỐ LIỆU QUAN TRẮC THIẾT BỊ ĐO LÚN MẶT
A8: I. SỐ ĐỌC BAN ĐẦU
A9: Vùng (Đường) | B9: Bàn quan trắc lún | D9: Ngày lắp đặt | F9: =+"Cao trình nghiệm thu [m] ("&TEXT(A21,"dd/mm/yy")&")" -> Cao trình nghiệm thu [m] (20/05/25) | L9: Tọa độ | P9: Mốc tọa độ tham chiếu
F10: Cao trình MĐTN | G10: Cao trình đắp | I10: Cao trình đỉnh ống | K10: Cao trình tấm đế | L10: X [m] | N10: Y [m]
A11: VÙNG 2A (ĐƯỜNG N1) | B11: SSP2-4 | P11: CS3
B12: SSP2-5 | P12: Tọa độ [m]
B13: SSP2-6
A15: II. SỐ LIỆU QUAN TRẮC
A16: Ngày quan trắc | B16: ĐỘ LÚN TRÁI | G16: ĐỘ LÚN TIM | L16: ĐỘ LÚN PHẢI | Q16: Áp Đ.hồ Pvac | R16: Ghi chú
B17: Thời gian tích lũy | C17: Cao độ đắp | D17: Cao độ bàn đo lún | E17: Chiều cao đắp | F17: Độ lún | G17: Thời gian tích lũy | H17: Cao độ đắp | I17: Cao độ bàn đo lún | J17: Chiều cao đắp | K17: Độ lún | L17: Thời gian tích lũy | M17: Cao độ đắp | N17: Cao độ bàn đo lún | O17: Chiều cao đắp | P17: Độ lún
B19: [Ngày] | C19: [mm] | D19: [m.m] | E19: [mm] | F19: [m.m] | G19: [Ngày] | H19: [mm] | I19: [m.m] | J19: [mm] | K19: [m.m] | L19: [Ngày] | M19: [mm] | N19: [m.m] | O19: [mm] | P19: [m.m] | Q19: [kPa]
A20: 1 | B20: =+A20+1 -> 2 | C20: =+B20+1 -> 3 | D20: =+C20+1 -> 4 | E20: =+D20+1 -> 5 | F20: =+E20+1 -> 6 | G20: =+F20+1 -> 7 | H20: =+G20+1 -> 8 | I20: =+H20+1 -> 9 | ... R20: =+Q20+1 -> 18
A21: 45797 | B21: 1 | C21: 1370 | D21: -723 | E21: =C21-D21 -> 2093 | F21: 0 | G21: 1 | H21: 1420 | I21: -1315 | J21: =H21-I21 -> 2735 | K21: 0 | L21: 1 | M21: 1487 | N21: -1792 | O21: =M21-N21 -> 3279 | P21: 0
A22: 45798 | B22: 2 | C22: =$C$21-F22 -> 1367 | D22: -726 | E22: =C22-D22 -> 2093 | F22: =$D$21-D22 -> 3 | G22: =G21+1 -> 2 | H22: =$H$21-K22 -> 1417 | I22: -1318 | J22: =H22-I22 -> 2735 | K22: =$I$21-I22 -> 3 | L22: =L21+1 -> 2 | M22: =$M$21-P22 -> 1471 | N22: -1808 | O22: =M22-N22 -> 3279 | P22: =$N$21-N22 -> 16
A23: 45799 | B23: 3 | C23: =$C$21-F23 -> 1367 | D23: -726 | E23: =C23-D23 -> 2093 | F23: =$D$21-D23 -> 3 | G23: =G22+1 -> 3 | H23: =$H$21-K23 -> 1417 | I23: -1318 | J23: =H23-I23 -> 2735 | K23: =$I$21-I23 -> 3 | L23: =L22+1 -> 3 | M23: =$M$21-P23 -> 1471 | N23: -1808 | O23: =M23-N23 -> 3279 | P23: =$N$21-N23 -> 16
A24: 45800 | B24: 4 | C24: =$C$21-F24 -> 1367 | D24: -726 | E24: =C24-D24 -> 2093 | F24: =$D$21-D24 -> 3 | G24: =G23+1 -> 4 | H24: =$H$21-K24 -> 1417 | I24: -1318 | J24: =H24-I24 -> 2735 | K24: =$I$21-I24 -> 3 | L24: =L23+1 -> 4 | M24: =$M$21-P24 -> 1471 | N24: -1808 | O24: =M24-N24 -> 3279 | P24: =$N$21-N24 -> 16
A25: 45801 | B25: 4 | C25: =$C$21-F25 -> 1367 | D25: -726 | E25: =C25-D25 -> 2093 | F25: =$D$21-D25 -> 3 | G25: =G24+1 -> 5 | H25: =$H$21-K25 -> 1417 | I25: -1318 | J25: =H25-I25 -> 2735 | K25: =$I$21-I25 -> 3 | L25: =L24+1 -> 5 | M25: =$M$21-P25 -> 1471 | N25: -1808 | O25: =M25-N25 -> 3279 | P25: =$N$21-N25 -> 16
A26: 45802 | B26: 4 | C26: =$C$21-F26 -> 1367 | D26: -726 | E26: =C26-D26 -> 2093 | F26: =$D$21-D26 -> 3 | G26: =G25+1 -> 6 | H26: =$H$21-K26 -> 1417 | I26: -1318 | J26: =H26-I26 -> 2735 | K26: =$I$21-I26 -> 3 | L26: =L25+1 -> 6 | M26: =$M$21-P26 -> 1471 | N26: -1808 | O26: =M26-N26 -> 3279 | P26: =$N$21-N26 -> 16
A27: 45803 | B27: 4 | C27: =$C$21-F27 -> 1367 | D27: -726 | E27: =C27-D27 -> 2093 | F27: =$D$21-D27 -> 3 | G27: =G26+1 -> 7 | H27: =$H$21-K27 -> 1417 | I27: -1318 | J27: =H27-I27 -> 2735 | K27: =$I$21-I27 -> 3 | L27: =L26+1 -> 7 | M27: =$M$21-P27 -> 1471 | N27: -1808 | O27: =M27-N27 -> 3279 | P27: =$N$21-N27 -> 16
A28: 45804 | B28: 4 | C28: =$C$21-F28 -> 1367 | D28: -726 | E28: =C28-D28 -> 2093 | F28: =$D$21-D28 -> 3 | G28: =G27+1 -> 8 | H28: =$H$21-K28 -> 1417 | I28: -1318 | J28: =H28-I28 -> 2735 | K28: =$I$21-I28 -> 3 | L28: =L27+1 -> 8 | M28: =$M$21-P28 -> 1471 | N28: -1808 | O28: =M28-N28 -> 3279 | P28: =$N$21-N28 -> 16
A29: 45805 | B29: 4 | C29: =$C$21-F29 -> 1367 | D29: -726 | E29: =C29-D29 -> 2093 | F29: =$D$21-D29 -> 3 | G29: =G28+1 -> 9 | H29: =$H$21-K29 -> 1417 | I29: -1318 | J29: =H29-I29 -> 2735 | K29: =$I$21-I29 -> 3 | L29: =L28+1 -> 9 | M29: =$M$21-P29 -> 1471 | N29: -1808 | O29: =M29-N29 -> 3279 | P29: =$N$21-N29 -> 16
A30: 45806 | B30: 4 | C30: =$C$21-F30 -> 1367 | D30: -726 | E30: =C30-D30 -> 2093 | F30: =$D$21-D30 -> 3 | G30: =G29+1 -> 10 | H30: =$H$21-K30 -> 1417 | I30: -1318 | J30: =H30-I30 -> 2735 | K30: =$I$21-I30 -> 3 | L30: =L29+1 -> 10 | M30: =$M$21-P30 -> 1471 | N30: -1808 | O30: =M30-N30 -> 3279 | P30: =$N$21-N30 -> 16
A31: 45807 | B31: 4 | C31: =$C$21-F31 -> 1367 | D31: -726 | E31: =C31-D31 -> 2093 | F31: =$D$21-D31 -> 3 | G31: =G30+1 -> 11 | H31: =$H$21-K31 -> 1417 | I31: -1318 | J31: =H31-I31 -> 2735 | K31: =$I$21-I31 -> 3 | L31: =L30+1 -> 11 | M31: =$M$21-P31 -> 1471 | N31: -1808 | O31: =M31-N31 -> 3279 | P31: =$N$21-N31 -> 16
A32: 45808 | B32: 4 | C32: =$C$21-F32 -> 1367 | D32: -726 | E32: =C32-D32 -> 2093 | F32: =$D$21-D32 -> 3 | G32: =G31+1 -> 12 | H32: =$H$21-K32 -> 1417 | I32: -1318 | J32: =H32-I32 -> 2735 | K32: =$I$21-I32 -> 3 | L32: =L31+1 -> 12 | M32: =$M$21-P32 -> 1471 | N32: -1808 | O32: =M32-N32 -> 3279 | P32: =$N$21-N32 -> 16
A33: 45809 | B33: 4 | C33: =$C$21-F33 -> 1367 | D33: -726 | E33: =C33-D33 -> 2093 | F33: =$D$21-D33 -> 3 | G33: =G32+1 -> 13 | H33: =$H$21-K33 -> 1417 | I33: -1318 | J33: =H33-I33 -> 2735 | K33: =$I$21-I33 -> 3 | L33: =L32+1 -> 13 | M33: =$M$21-P33 -> 1471 | N33: -1808 | O33: =M33-N33 -> 3279 | P33: =$N$21-N33 -> 16
... A89: 45865 | B89: 4 | C89: =$C$21-F89 -> 1061 | D89: -1032 | E89: =C89-D89 -> 2093 | F89: =$D$21-D89 -> 309 | G89: =G88+1 -> 69 | H89: =$H$21-K89 -> 991 | I89: -1744 | J89: =H89-I89 -> 2735 | K89: =$I$21-I89 -> 429 | L89: =L88+1 -> 69 | M89: =$M$21-P89 -> 1180 | N89: -2099 | O89: =M89-N89 -> 3279 | P89: =$N$21-N89 -> 307

Sheet QTL-KM118+100
A1: DỰ ÁN THÀNH PHẦN ĐOẠN HẬU GIANG - CÀ MAU
A2: THUỘC DỰ ÁN XÂY DỰNG CÔNG TRÌNH ĐƯỜNG BỘ CAO TỐC BẮC - NAM PHÍA ĐÔNG GIAI ĐOẠN 2021 - 2025
A3: =UPPER("GÓI THẦU XL03 :Thi Công Xây Dựng Đoạn Tuyến Km114+200 - Km126+223 Bao Gồm Tuyến Nối Nút Giao IC12 Với QL1 (bao gồm khảo sát, thiết kế BVTC)") -> GÓI THẦU XL03 :THI CÔNG XÂY DỰNG ĐOẠN TUYẾN KM114+200 - KM126+223 BAO GỒM TUYẾN NỐI NÚT GIAO IC12 VỚI QL1 (BAO GỒM KHẢO SÁT, THIẾT KẾ BVTC)
A4: CHỦ ĐẦU TƯ | M4: NHÀ THẦU
A5: BAN QUẢN LÝ DỰ ÁN MỸ THUẬN | M5: LIÊN DANH CC1 - HẢI ĐĂNG - VẠN CƯỜNG - 492 - BẮC TRUNG NAM
A7: BẢNG SỐ LIỆU QUAN TRẮC THIẾT BỊ ĐO LÚN MẶT
A8: I. SỐ ĐỌC BAN ĐẦU
A9: Vùng (Đường) | B9: Bàn quan trắc lún | D9: Ngày lắp đặt | F9: =+"Cao trình nghiệm thu [m] ("&TEXT(A21,"dd/mm/yy")&")" -> Cao trình nghiệm thu [m] (20/05/25) | L9: Tọa độ | P9: Mốc tọa độ tham chiếu
F10: Cao trình MĐTN | G10: Cao trình đắp | I10: Cao trình đỉnh ống | K10: Cao trình tấm đế | L10: X [m] | N10: Y [m]
A11: VÙNG 2A (ĐƯỜNG N1) | B11: SSP2-4 | P11: CS3
B12: SSP2-5 | P12: Tọa độ [m]
B13: SSP2-6
A15: II. SỐ LIỆU QUAN TRẮC
A16: Ngày quan trắc | B16: ĐỘ LÚN TRÁI | G16: ĐỘ LÚN TIM | L16: ĐỘ LÚN PHẢI | Q16: Áp Đ.hồ Pvac | R16: Ghi chú
B17: Thời gian tích lũy | C17: Cao độ đắp | D17: Cao độ bàn đo lún | E17: Chiều cao đắp | F17: Độ lún | G17: Thời gian tích lũy | H17: Cao độ đắp | I17: Cao độ bàn đo lún | J17: Chiều cao đắp | K17: Độ lún | L17: Thời gian tích lũy | M17: Cao độ đắp | N17: Cao độ bàn đo lún | O17: Chiều cao đắp | P17: Độ lún
B19: [Ngày] | C19: [mm] | D19: [m.m] | E19: [mm] | F19: [m.m] | G19: [Ngày] | H19: [mm] | I19: [m.m] | J19: [mm] | K19: [m.m] | L19: [Ngày] | M19: [mm] | N19: [m.m] | O19: [mm] | P19: [m.m] | Q19: [kPa]
A20: 1 | B20: =+A20+1 -> 2 | C20: =+B20+1 -> 3 | D20: =+C20+1 -> 4 | E20: =+D20+1 -> 5 | F20: =+E20+1 -> 6 | G20: =+F20+1 -> 7 | H20: =+G20+1 -> 8 | I20: =+H20+1 -> 9 | ... R20: =+Q20+1 -> 18
A21: 45797 | B21: 1 | C21: 1490 | D21: -477 | E21: =C21-D21 -> 1967 | F21: 0 | G21: 1 | H21: 1484 | I21: -1004 | J21: =H21-I21 -> 2488 | K21: 0 | L21: 1 | M21: 1592 | N21: -578 | O21: =M21-N21 -> 2170 | P21: 0
A22: 45798 | B22: 1 | C22: =$C$21-F22 -> 1488 | D22: -479 | E22: =C22-D22 -> 1967 | F22: =$D$21-D22 -> 2 | G22: =G21+1 -> 2 | H22: =$H$21-K22 -> 1476 | I22: -1012 | J22: =H22-I22 -> 2488 | K22: =$I$21-I22 -> 8 | L22: =L21+1 -> 2 | M22: =$M$21-P22 -> 1591 | N22: -579 | O22: =M22-N22 -> 2170 | P22: =$N$21-N22 -> 1
A23: 45799 | B23: 1 | C23: =$C$21-F23 -> 1488 | D23: -479 | E23: =C23-D23 -> 1967 | F23: =$D$21-D23 -> 2 | G23: =G22+1 -> 3 | H23: =$H$21-K23 -> 1476 | I23: -1012 | J23: =H23-I23 -> 2488 | K23: =$I$21-I23 -> 8 | L23: =L22+1 -> 3 | M23: =$M$21-P23 -> 1591 | N23: -579 | O23: =M23-N23 -> 2170 | P23: =$N$21-N23 -> 1
A24: 45800 | B24: 1 | C24: =$C$21-F24 -> 1488 | D24: -479 | E24: =C24-D24 -> 1967 | F24: =$D$21-D24 -> 2 | G24: =G23+1 -> 4 | H24: =$H$21-K24 -> 1476 | I24: -1012 | J24: =H24-I24 -> 2488 | K24: =$I$21-I24 -> 8 | L24: =L23+1 -> 4 | M24: =$M$21-P24 -> 1591 | N24: -579 | O24: =M24-N24 -> 2170 | P24: =$N$21-N24 -> 1
A25: 45801 | B25: 1 | C25: =$C$21-F25 -> 1488 | D25: -479 | E25: =C25-D25 -> 1967 | F25: =$D$21-D25 -> 2 | G25: =G24+1 -> 5 | H25: =$H$21-K25 -> 1476 | I25: -1012 | J25: =H25-I25 -> 2488 | K25: =$I$21-I25 -> 8 | L25: =L24+1 -> 5 | M25: =$M$21-P25 -> 1591 | N25: -579 | O25: =M25-N25 -> 2170 | P25: =$N$21-N25 -> 1
A26: 45802 | B26: 1 | C26: =$C$21-F26 -> 1488 | D26: -479 | E26: =C26-D26 -> 1967 | F26: =$D$21-D26 -> 2 | G26: =G25+1 -> 6 | H26: =$H$21-K26 -> 1476 | I26: -1012 | J26: =H26-I26 -> 2488 | K26: =$I$21-I26 -> 8 | L26: =L25+1 -> 6 | M26: =$M$21-P26 -> 1591 | N26: -579 | O26: =M26-N26 -> 2170 | P26: =$N$21-N26 -> 1
A27: 45803 | B27: 1 | C27: =$C$21-F27 -> 1488 | D27: -479 | E27: =C27-D27 -> 1967 | F27: =$D$21-D27 -> 2 | G27: =G26+1 -> 7 | H27: =$H$21-K27 -> 1476 | I27: -1012 | J27: =H27-I27 -> 2488 | K27: =$I$21-I27 -> 8 | L27: =L26+1 -> 7 | M27: =$M$21-P27 -> 1591 | N27: -579 | O27: =M27-N27 -> 2170 | P27: =$N$21-N27 -> 1
A28: 45804 | B28: 1 | C28: =$C$21-F28 -> 1488 | D28: -479 | E28: =C28-D28 -> 1967 | F28: =$D$21-D28 -> 2 | G28: =G27+1 -> 8 | H28: =$H$21-K28 -> 1476 | I28: -1012 | J28: =H28-I28 -> 2488 | K28: =$I$21-I28 -> 8 | L28: =L27+1 -> 8 | M28: =$M$21-P28 -> 1591 | N28: -579 | O28: =M28-N28 -> 2170 | P28: =$N$21-N28 -> 1
A29: 45805 | B29: 1 | C29: =$C$21-F29 -> 1488 | D29: -479 | E29: =C29-D29 -> 1967 | F29: =$D$21-D29 -> 2 | G29: =G28+1 -> 9 | H29: =$H$21-K29 -> 1476 | I29: -1012 | J29: =H29-I29 -> 2488 | K29: =$I$21-I29 -> 8 | L29: =L28+1 -> 9 | M29: =$M$21-P29 -> 1591 | N29: -579 | O29: =M29-N29 -> 2170 | P29: =$N$21-N29 -> 1
A30: 45806 | B30: 1 | C30: =$C$21-F30 -> 1488 | D30: -479 | E30: =C30-D30 -> 1967 | F30: =$D$21-D30 -> 2 | G30: =G29+1 -> 10 | H30: =$H$21-K30 -> 1476 | I30: -1012 | J30: =H30-I30 -> 2488 | K30: =$I$21-I30 -> 8 | L30: =L29+1 -> 10 | M30: =$M$21-P30 -> 1591 | N30: -579 | O30: =M30-N30 -> 2170 | P30: =$N$21-N30 -> 1
A31: 45807 | B31: 1 | C31: =$C$21-F31 -> 1488 | D31: -479 | E31: =C31-D31 -> 1967 | F31: =$D$21-D31 -> 2 | G31: =G30+1 -> 11 | H31: =$H$21-K31 -> 1476 | I31: -1012 | J31: =H31-I31 -> 2488 | K31: =$I$21-I31 -> 8 | L31: =L30+1 -> 11 | M31: =$M$21-P31 -> 1591 | N31: -579 | O31: =M31-N31 -> 2170 | P31: =$N$21-N31 -> 1
A32: 45808 | B32: 1 | C32: =$C$21-F32 -> 1488 | D32: -479 | E32: =C32-D32 -> 1967 | F32: =$D$21-D32 -> 2 | G32: =G31+1 -> 12 | H32: =$H$21-K32 -> 1476 | I32: -1012 | J32: =H32-I32 -> 2488 | K32: =$I$21-I32 -> 8 | L32: =L31+1 -> 12 | M32: =$M$21-P32 -> 1591 | N32: -579 | O32: =M32-N32 -> 2170 | P32: =$N$21-N32 -> 1
A33: 45809 | B33: 1 | C33: =$C$21-F33 -> 1488 | D33: -479 | E33: =C33-D33 -> 1967 | F33: =$D$21-D33 -> 2 | G33: =G32+1 -> 13 | H33: =$H$21-K33 -> 1476 | I33: -1012 | J33: =H33-I33 -> 2488 | K33: =$I$21-I33 -> 8 | L33: =L32+1 -> 13 | M33: =$M$21-P33 -> 1591 | N33: -579 | O33: =M33-N33 -> 2170 | P33: =$N$21-N33 -> 1
... A89: 45865 | B89: 1 | C89: =$C$21-F89 -> 1162 | D89: -805 | E89: =C89-D89 -> 1967 | F89: =$D$21-D89 -> 328 | G89: =G88+1 -> 69 | H89: =$H$21-K89 -> 1068 | I89: -1420 | J89: =H89-I89 -> 2488 | K89: =$I$21-I89 -> 416 | L89: =L88+1 -> 69 | M89: =$M$21-P89 -> 1288 | N89: -882 | O89: =M89-N89 -> 2170 | P89: =$N$21-N89 -> 304

Sheet QTL -km118+200
A1: DỰ ÁN THÀNH PHẦN ĐOẠN HẬU GIANG - CÀ MAU
A2: THUỘC DỰ ÁN XÂY DỰNG CÔNG TRÌNH ĐƯỜNG BỘ CAO TỐC BẮC - NAM PHÍA ĐÔNG GIAI ĐOẠN 2021 - 2025
A3: =UPPER("GÓI THẦU XL03 :Thi Công Xây Dựng Đoạn Tuyến Km114+200 - Km126+223 Bao Gồm Tuyến Nối Nút Giao IC12 Với QL1 (bao gồm khảo sát, thiết kế BVTC)") -> GÓI THẦU XL03 :THI CÔNG XÂY DỰNG ĐOẠN TUYẾN KM114+200 - KM126+223 BAO GỒM TUYẾN NỐI NÚT GIAO IC12 VỚI QL1 (BAO GỒM KHẢO SÁT, THIẾT KẾ BVTC)
A4: CHỦ ĐẦU TƯ | M4: NHÀ THẦU
A5: BAN QUẢN LÝ DỰ ÁN MỸ THUẬN | M5: LIÊN DANH CC1 - HẢI ĐĂNG - VẠN CƯỜNG - 492 - BẮC TRUNG NAM
A7: BẢNG SỐ LIỆU QUAN TRẮC THIẾT BỊ ĐO LÚN MẶT
A8: I. SỐ ĐỌC BAN ĐẦU
A9: Vùng (Đường) | B9: Bàn quan trắc lún | D9: Ngày lắp đặt | F9: =+"Cao trình nghiệm thu [m] ("&TEXT(A21,"dd/mm/yy")&")" -> Cao trình nghiệm thu [m] (13/05/25) | L9: Tọa độ | P9: Mốc tọa độ tham chiếu
F10: Cao trình MĐTN | G10: Cao trình đắp | I10: Cao trình đỉnh ống | K10: Cao trình tấm đế | L10: X [m] | N10: Y [m]
A11: VÙNG 2A (ĐƯỜNG N1) | B11: SSP2-4 | P11: CS3
B12: SSP2-5 | P12: Tọa độ [m]
B13: SSP2-6
A15: II. SỐ LIỆU QUAN TRẮC
A16: Ngày quan trắc | B16: ĐỘ LÚN TRÁI | G16: ĐỘ LÚN TIM | L16: ĐỘ LÚN PHẢI | Q16: Áp Đ.hồ Pvac | R16: Ghi chú
B17: Thời gian tích lũy | C17: Cao độ đắp | D17: Cao độ bàn đo lún | E17: Chiều cao đắp | F17: Độ lún | G17: Thời gian tích lũy | H17: Cao độ đắp | I17: Cao độ bàn đo lún | J17: Chiều cao đắp | K17: Độ lún | L17: Thời gian tích lũy | M17: Cao độ đắp | N17: Cao độ bàn đo lún | O17: Chiều cao đắp | P17: Độ lún
B19: [Ngày] | C19: [mm] | D19: [m.m] | E19: [mm] | F19: [m.m] | G19: [Ngày] | H19: [mm] | I19: [m.m] | J19: [mm] | K19: [m.m] | L19: [Ngày] | M19: [mm] | N19: [m.m] | O19: [mm] | P19: [m.m] | Q19: [kPa]
A20: 1 | B20: =+A20+1 -> 2 | C20: =+B20+1 -> 3 | D20: =+C20+1 -> 4 | E20: =+D20+1 -> 5 | F20: =+E20+1 -> 6 | G20: =+F20+1 -> 7 | H20: =+G20+1 -> 8 | I20: =+H20+1 -> 9 | ... R20: =+Q20+1 -> 18
A21: 45790 | B21: 1 | C21: 1417 | D21: -770 | E21: =C21-D21 -> 2187 | F21: 0 | G21: 1 | H21: 1447 | I21: -1001 | J21: =H21-I21 -> 2448 | K21: 0 | L21: 1 | M21: 1587 | N21: -1368 | O21: =M21-N21 -> 2955 | P21: 0
A22: 45791 | B22: 2 | C22: =$C$21-F22 -> 1387 | D22: -800 | E22: =C22-D22 -> 2187 | F22: =$D$21-D22 -> 30 | G22: =G21+1 -> 2 | H22: =$H$21-K22 -> 1415 | I22: -1033 | J22: =H22-I22 -> 2448 | K22: =$I$21-I22 -> 32 | L22: =L21+1 -> 2 | M22: =$M$21-P22 -> 1557 | N22: -1398 | O22: =M22-N22 -> 2955 | P22: =$N$21-N22 -> 30
A23: 45792 | B23: 3 | C23: =$C$21-F23 -> 1357 | D23: -830 | E23: =C23-D23 -> 2187 | F23: =$D$21-D23 -> 60 | G23: =G22+1 -> 3 | H23: =$H$21-K23 -> 1382 | I23: -1066 | J23: =H23-I23 -> 2448 | K23: =$I$21-I23 -> 65 | L23: =L22+1 -> 3 | M23: =$M$21-P23 -> 1535 | N23: -1420 | O23: =M23-N23 -> 2955 | P23: =$N$21-N23 -> 52
A24: 45793 | B24: 4 | C24: =$C$21-F24 -> 1334 | D24: -853 | E24: =C24-D24 -> 2187 | F24: =$D$21-D24 -> 83 | G24: =G23+1 -> 4 | H24: =$H$21-K24 -> 1350 | I24: -1098 | J24: =H24-I24 -> 2448 | K24: =$I$21-I24 -> 97 | L24: =L23+1 -> 4 | M24: =$M$21-P24 -> 1507 | N24: -1448 | O24: =M24-N24 -> 2955 | P24: =$N$21-N24 -> 80
A25: 45794 | B25: 5 | C25: =$C$21-F25 -> 1314 | D25: -873 | E25: =C25-D25 -> 2187 | F25: =$D$21-D25 -> 103 | G25: =G24+1 -> 5 | H25: =$H$21-K25 -> 1340 | I25: -1108 | J25: =H25-I25 -> 2448 | K25: =$I$21-I25 -> 107 | L25: =L24+1 -> 5 | M25: =$M$21-P25 -> 1491 | N25: -1464 | O25: =M25-N25 -> 2955 | P25: =$N$21-N25 -> 96
A26: 45795 | B26: 6 | C26: =$C$21-F26 -> 1297 | D26: -890 | E26: =C26-D26 -> 2187 | F26: =$D$21-D26 -> 120 | G26: =G25+1 -> 6 | H26: =$H$21-K26 -> 1330 | I26: -1118 | J26: =H26-I26 -> 2448 | K26: =$I$21-I26 -> 117 | L26: =L25+1 -> 6 | M26: =$M$21-P26 -> 1472 | N26: -1483 | O26: =M26-N26 -> 2955 | P26: =$N$21-N26 -> 115
A27: 45796 | B27: 7 | C27: =$C$21-F27 -> 1279 | D27: -908 | E27: =C27-D27 -> 2187 | F27: =$D$21-D27 -> 138 | G27: =G26+1 -> 7 | H27: =$H$21-K27 -> 1321 | I27: -1127 | J27: =H27-I27 -> 2448 | K27: =$I$21-I27 -> 126 | L27: =L26+1 -> 7 | M27: =$M$21-P27 -> 1457 | N27: -1498 | O27: =M27-N27 -> 2955 | P27: =$N$21-N27 -> 130
A28: 45797 | B28: 8 | C28: =$C$21-F28 -> 1279 | D28: -908 | E28: =C28-D28 -> 2187 | F28: =$D$21-D28 -> 138 | G28: =G27+1 -> 8 | H28: =$H$21-K28 -> 1321 | I28: -1127 | J28: =H28-I28 -> 2448 | K28: =$I$21-I28 -> 126 | L28: =L27+1 -> 8 | M28: =$M$21-P28 -> 1457 | N28: -1498 | O28: =M28-N28 -> 2955 | P28: =$N$21-N28 -> 130
A29: 45798 | B29: 9 | C29: =$C$21-F29 -> 1279 | D29: -908 | E29: =C29-D29 -> 2187 | F29: =$D$21-D29 -> 138 | G29: =G28+1 -> 9 | H29: =$H$21-K29 -> 1321 | I29: -1127 | J29: =H29-I29 -> 2448 | K29: =$I$21-I29 -> 126 | L29: =L28+1 -> 9 | M29: =$M$21-P29 -> 1457 | N29: -1498 | O29: =M29-N29 -> 2955 | P29: =$N$21-N29 -> 130
A30: 45799 | B30: 10 | C30: =$C$21-F30 -> 1277 | D30: -910 | E30: =C30-D30 -> 2187 | F30: =$D$21-D30 -> 140 | G30: =G29+1 -> 10 | H30: =$H$21-K30 -> 1321 | I30: -1127 | J30: =H30-I30 -> 2448 | K30: =$I$21-I30 -> 126 | L30: =L29+1 -> 10 | M30: =$M$21-P30 -> 1457 | N30: -1498 | O30: =M30-N30 -> 2955 | P30: =$N$21-N30 -> 130
A31: 45800 | B31: 11 | C31: =$C$21-F31 -> 1267 | D31: -920 | E31: =C31-D31 -> 2187 | F31: =$D$21-D31 -> 150 | G31: =G30+1 -> 11 | H31: =$H$21-K31 -> 1085 | I31: -1363 | J31: =H31-I31 -> 2448 | K31: =$I$21-I31 -> 362 | L31: =L30+1 -> 11 | M31: =$M$21-P31 -> 1397 | N31: -1558 | O31: =M31-N31 -> 2955 | P31: =$N$21-N31 -> 190
A32: 45801 | B32: 11 | C32: =$C$21-F32 -> 1257 | D32: -930 | E32: =C32-D32 -> 2187 | F32: =$D$21-D32 -> 160 | G32: =G31+1 -> 12 | H32: =$H$21-K32 -> 1078 | I32: -1370 | J32: =H32-I32 -> 2448 | K32: =$I$21-I32 -> 369 | L32: =L31+1 -> 12 | M32: =$M$21-P32 -> 1389 | N32: -1566 | O32: =M32-N32 -> 2955 | P32: =$N$21-N32 -> 198
A33: 45802 | B33: 11 | C33: =$C$21-F33 -> 1247 | D33: -940 | E33: =C33-D33 -> 2187 | F33: =$D$21-D33 -> 170 | G33: =G32+1 -> 13 | H33: =$H$21-K33 -> 1071 | I33: -1377 | J33: =H33-I33 -> 2448 | K33: =$I$21-I33 -> 376 | L33: =L32+1 -> 13 | M33: =$M$21-P33 -> 1381 | N33: -1574 | O33: =M33-N33 -> 2955 | P33: =$N$21-N33 -> 206
... A95: 45864 | B95: 11 | C95: =$C$21-F95 -> 893 | D95: -1294 | E95: =C95-D95 -> 2187 | F95: =$D$21-D95 -> 524 | G95: =G94+1 -> 75 | H95: =$H$21-K95 -> 618 | I95: -1830 | J95: =H95-I95 -> 2448 | K95: =$I$21-I95 -> 829 | L95: =L94+1 -> 75 | M95: =$M$21-P95 -> 1025 | N95: -1930 | O95: =M95-N95 -> 2955 | P95: =$N$21-N95 -> 562
A96: 45865 | B96: 11 | C96: 1177 | D96: -1298 | E96: =C96-D96 -> 2475 | F96: =$D$21-D96 -> 528 | G96: =G95+1 -> 76 | H96: 1782 | I96: -1835 | J96: =H96-I96 -> 3617 | K96: =$I$21-I96 -> 834 | L96: =L95+1 -> 76 | M96: 1555 | N96: -1938 | O96: =M96-N96 -> 3493 | P96: =$N$21-N96 -> 570
G97: =B97 -> 0 | L97: =B97 -> 0
G98: =B98 -> 0 | L98: =B98 -> 0
G99: =B99 -> 0 | L99: =B99 -> 0
G100: =B100 -> 0 | L100: =B100 -> 0

Sheet QTL-KM118+300
A1: DỰ ÁN THÀNH PHẦN ĐOẠN HẬU GIANG - CÀ MAU
A2: THUỘC DỰ ÁN XÂY DỰNG CÔNG TRÌNH ĐƯỜNG BỘ CAO TỐC BẮC - NAM PHÍA ĐÔNG GIAI ĐOẠN 2021 - 2025
A3: =UPPER("GÓI THẦU XL03 :Thi Công Xây Dựng Đoạn Tuyến Km114+200 - Km126+223 Bao Gồm Tuyến Nối Nút Giao IC12 Với QL1 (bao gồm khảo sát, thiết kế BVTC)") -> GÓI THẦU XL03 :THI CÔNG XÂY DỰNG ĐOẠN TUYẾN KM114+200 - KM126+223 BAO GỒM TUYẾN NỐI NÚT GIAO IC12 VỚI QL1 (BAO GỒM KHẢO SÁT, THIẾT KẾ BVTC)
A4: CHỦ ĐẦU TƯ | M4: NHÀ THẦU
A5: BAN QUẢN LÝ DỰ ÁN MỸ THUẬN | M5: LIÊN DANH CC1 - HẢI ĐĂNG - VẠN CƯỜNG - 492 - BẮC TRUNG NAM
A7: BẢNG SỐ LIỆU QUAN TRẮC THIẾT BỊ ĐO LÚN MẶT
A8: I. SỐ ĐỌC BAN ĐẦU
A9: Vùng (Đường) | B9: Bàn quan trắc lún | D9: Ngày lắp đặt | F9: =+"Cao trình nghiệm thu [m] ("&TEXT(A21,"dd/mm/yy")&")" -> Cao trình nghiệm thu [m] (13/05/25) | L9: Tọa độ | P9: Mốc tọa độ tham chiếu
F10: Cao trình MĐTN | G10: Cao trình đắp | I10: Cao trình đỉnh ống | K10: Cao trình tấm đế | L10: X [m] | N10: Y [m]
A11: VÙNG 2A (ĐƯỜNG N1) | B11: SSP2-4 | P11: CS3
B12: SSP2-5 | P12: Tọa độ [m]
B13: SSP2-6
A15: II. SỐ LIỆU QUAN TRẮC
A16: Ngày quan trắc | B16: ĐỘ LÚN TRÁI | G16: ĐỘ LÚN TIM | L16: ĐỘ LÚN PHẢI | Q16: Áp Đ.hồ Pvac | R16: Ghi chú
B17: Thời gian tích lũy | C17: Cao độ đắp | D17: Cao độ bàn đo lún | E17: Chiều cao đắp | F17: Độ lún | G17: Thời gian tích lũy | H17: Cao độ đắp | I17: Cao độ bàn đo lún | J17: Chiều cao đắp | K17: Độ lún | L17: Thời gian tích lũy | M17: Cao độ đắp | N17: Cao độ bàn đo lún | O17: Chiều cao đắp | P17: Độ lún
B19: [Ngày] | C19: [mm] | D19: [m.m] | E19: [mm] | F19: [m.m] | G19: [Ngày] | H19: [mm] | I19: [m.m] | J19: [mm] | K19: [m.m] | L19: [Ngày] | M19: [mm] | N19: [m.m] | O19: [mm] | P19: [m.m] | Q19: [kPa]
A20: 1 | B20: =+A20+1 -> 2 | C20: =+B20+1 -> 3 | D20: =+C20+1 -> 4 | E20: =+D20+1 -> 5 | F20: =+E20+1 -> 6 | G20: =+F20+1 -> 7 | H20: =+G20+1 -> 8 | I20: =+H20+1 -> 9 | ... R20: =+Q20+1 -> 18
A21: 45790 | B21: 1 | C21: 1502 | D21: -1063 | E21: =C21-D21 -> 2565 | F21: 0 | G21: 1 | H21: 1448 | I21: -1353 | J21: =H21-I21 -> 2801 | K21: 0 | L21: 1 | M21: 1497 | N21: -1350 | O21: =M21-N21 -> 2847 | P21: 0
A22: 45791 | B22: 2 | C22: =$C$21-F22 -> 1467 | D22: -1098 | E22: =C22-D22 -> 2565 | F22: =$D$21-D22 -> 35 | G22: =G21+1 -> 2 | H22: =$H$21-K22 -> 1412 | I22: -1389 | J22: =H22-I22 -> 2801 | K22: =$I$21-I22 -> 36 | L22: =L21+1 -> 2 | M22: =$M$21-P22 -> 1449 | N22: -1398 | O22: =M22-N22 -> 2847 | P22: =$N$21-N22 -> 48
A23: 45792 | B23: 3 | C23: =$C$21-F23 -> 1435 | D23: -1130 | E23: =C23-D23 -> 2565 | F23: =$D$21-D23 -> 67 | G23: =G22+1 -> 3 | H23: =$H$21-K23 -> 1374 | I23: -1427 | J23: =H23-I23 -> 2801 | K23: =$I$21-I23 -> 74 | L23: =L22+1 -> 3 | M23: =$M$21-P23 -> 1427 | N23: -1420 | O23: =M23-N23 -> 2847 | P23: =$N$21-N23 -> 70
A24: 45793 | B24: 4 | C24: =$C$21-F24 -> 1397 | D24: -1168 | E24: =C24-D24 -> 2565 | F24: =$D$21-D24 -> 105 | G24: =G23+1 -> 4 | H24: =$H$21-K24 -> 1335 | I24: -1466 | J24: =H24-I24 -> 2801 | K24: =$I$21-I24 -> 113 | L24: =L23+1 -> 4 | M24: =$M$21-P24 -> 1397 | N24: -1450 | O24: =M24-N24 -> 2847 | P24: =$N$21-N24 -> 100
A25: 45794 | B25: 5 | C25: =$C$21-F25 -> 1377 | D25: -1188 | E25: =C25-D25 -> 2565 | F25: =$D$21-D25 -> 125 | G25: =G24+1 -> 5 | H25: =$H$21-K25 -> 1305 | I25: -1496 | J25: =H25-I25 -> 2801 | K25: =$I$21-I25 -> 143 | L25: =L24+1 -> 5 | M25: =$M$21-P25 -> 1377 | N25: -1470 | O25: =M25-N25 -> 2847 | P25: =$N$21-N25 -> 120
A26: 45795 | B26: 6 | C26: =$C$21-F26 -> 1353 | D26: -1212 | E26: =C26-D26 -> 2565 | F26: =$D$21-D26 -> 149 | G26: =G25+1 -> 6 | H26: =$H$21-K26 -> 1275 | I26: -1526 | J26: =H26-I26 -> 2801 | K26: =$I$21-I26 -> 173 | L26: =L25+1 -> 6 | M26: =$M$21-P26 -> 1357 | N26: -1490 | O26: =M26-N26 -> 2847 | P26: =$N$21-N26 -> 140
A27: 45796 | B27: 7 | C27: =$C$21-F27 -> 1329 | D27: -1236 | E27: =C27-D27 -> 2565 | F27: =$D$21-D27 -> 173 | G27: =G26+1 -> 7 | H27: =$H$21-K27 -> 1253 | I27: -1548 | J27: =H27-I27 -> 2801 | K27: =$I$21-I27 -> 195 | L27: =L26+1 -> 7 | M27: =$M$21-P27 -> 1337 | N27: -1510 | O27: =M27-N27 -> 2847 | P27: =$N$21-N27 -> 160
A28: 45797 | B28: 8 | C28: =$C$21-F28 -> 1329 | D28: -1236 | E28: =C28-D28 -> 2565 | F28: =$D$21-D28 -> 173 | G28: =G27+1 -> 8 | H28: =$H$21-K28 -> 1253 | I28: -1548 | J28: =H28-I28 -> 2801 | K28: =$I$21-I28 -> 195 | L28: =L27+1 -> 8 | M28: =$M$21-P28 -> 1319 | N28: -1528 | O28: =M28-N28 -> 2847 | P28: =$N$21-N28 -> 178
A29: 45798 | B29: 9 | C29: =$C$21-F29 -> 1329 | D29: -1236 | E29: =C29-D29 -> 2565 | F29: =$D$21-D29 -> 173 | G29: =G28+1 -> 9 | H29: =$H$21-K29 -> 1253 | I29: -1548 | J29: =H29-I29 -> 2801 | K29: =$I$21-I29 -> 195 | L29: =L28+1 -> 9 | M29: =$M$21-P29 -> 1306 | N29: -1541 | O29: =M29-N29 -> 2847 | P29: =$N$21-N29 -> 191
A30: 45799 | B30: 10 | C30: =$C$21-F30 -> 1329 | D30: -1236 | E30: =C30-D30 -> 2565 | F30: =$D$21-D30 -> 173 | G30: =G29+1 -> 10 | H30: =$H$21-K30 -> 1253 | I30: -1548 | J30: =H30-I30 -> 2801 | K30: =$I$21-I30 -> 195 | L30: =L29+1 -> 10 | M30: =$M$21-P30 -> 1293 | N30: -1554 | O30: =M30-N30 -> 2847 | P30: =$N$21-N30 -> 204
A31: 45800 | B31: 11 | C31: =$C$21-F31 -> 1267 | D31: -1298 | E31: =C31-D31 -> 2565 | F31: =$D$21-D31 -> 235 | G31: =G30+1 -> 11 | H31: =$H$21-K31 -> 1177 | I31: -1624 | J31: =H31-I31 -> 2801 | K31: =$I$21-I31 -> 271 | L31: =L30+1 -> 11 | M31: =$M$21-P31 -> 1280 | N31: -1567 | O31: =M31-N31 -> 2847 | P31: =$N$21-N31 -> 217
A32: 45801 | B32: 11 | C32: =$C$21-F32 -> 1250 | D32: -1315 | E32: =C32-D32 -> 2565 | F32: =$D$21-D32 -> 252 | G32: =G31+1 -> 12 | H32: =$H$21-K32 -> 1161 | I32: -1640 | J32: =H32-I32 -> 2801 | K32: =$I$21-I32 -> 287 | L32: =L31+1 -> 12 | M32: =$M$21-P32 -> 1267 | N32: -1580 | O32: =M32-N32 -> 2847 | P32: =$N$21-N32 -> 230
A33: 45802 | B33: 11 | C33: =$C$21-F33 -> 1245 | D33: -1320 | E33: =C33-D33 -> 2565 | F33: =$D$21-D33 -> 257 | G33: =G32+1 -> 13 | H33: =$H$21-K33 -> 1145 | I33: -1656 | J33: =H33-I33 -> 2801 | K33: =$I$21-I33 -> 303 | L33: =L32+1 -> 13 | M33: =$M$21-P33 -> 1254 | N33: -1593 | O33: =M33-N33 -> 2847 | P33: =$N$21-N33 -> 243
... A95: 45864 | B95: 11 | C95: =$C$21-F95 -> 758 | D95: -1807 | E95: =C95-D95 -> 2565 | F95: =$D$21-D95 -> 744 | G95: =G94+1 -> 75 | H95: =$H$21-K95 -> 641 | I95: -2160 | J95: =H95-I95 -> 2801 | K95: =$I$21-I95 -> 807 | L95: =L94+1 -> 75 | M95: =$M$21-P95 -> 887 | N95: -1960 | O95: =M95-N95 -> 2847 | P95: =$N$21-N95 -> 610
A96: 45865 | B96: 11 | C96: 1527 | D96: -1813 | E96: =C96-D96 -> 3340 | F96: =$D$21-D96 -> 750 | G96: =G95+1 -> 76 | H96: 1689 | I96: -2168 | J96: =H96-I96 -> 3857 | K96: =$I$21-I96 -> 815 | L96: =L95+1 -> 76 | M96: 1557 | N96: -1969 | O96: =M96-N96 -> 3526 | P96: =$N$21-N96 -> 619
G97: =B97 -> 0 | L97: =B97 -> 0
G98: =B98 -> 0 | L98: =B98 -> 0
G99: =B99 -> 0 | L99: =B99 -> 0
G100: =B100 -> 0 | L100: =B100 -> 0

Sheet QTL-km118+340
A1: DỰ ÁN THÀNH PHẦN ĐOẠN HẬU GIANG - CÀ MAU
A2: THUỘC DỰ ÁN XÂY DỰNG CÔNG TRÌNH ĐƯỜNG BỘ CAO TỐC BẮC - NAM PHÍA ĐÔNG GIAI ĐOẠN 2021 - 2025
A3: =UPPER("GÓI THẦU XL03 :Thi Công Xây Dựng Đoạn Tuyến Km114+200 - Km126+223 Bao Gồm Tuyến Nối Nút Giao IC12 Với QL1 (bao gồm khảo sát, thiết kế BVTC)") -> GÓI THẦU XL03 :THI CÔNG XÂY DỰNG ĐOẠN TUYẾN KM114+200 - KM126+223 BAO GỒM TUYẾN NỐI NÚT GIAO IC12 VỚI QL1 (BAO GỒM KHẢO SÁT, THIẾT KẾ BVTC)
A4: CHỦ ĐẦU TƯ | M4: NHÀ THẦU
A5: BAN QUẢN LÝ DỰ ÁN MỸ THUẬN | M5: LIÊN DANH CC1 - HẢI ĐĂNG - VẠN CƯỜNG - 492 - BẮC TRUNG NAM
A7: BẢNG SỐ LIỆU QUAN TRẮC THIẾT BỊ ĐO LÚN MẶT
A8: I. SỐ ĐỌC BAN ĐẦU
A9: Vùng (Đường) | B9: Bàn quan trắc lún | D9: Ngày lắp đặt | F9: =+"Cao trình nghiệm thu [m] ("&TEXT(A21,"dd/mm/yy")&")" -> Cao trình nghiệm thu [m] (13/05/25) | L9: Tọa độ | P9: Mốc tọa độ tham chiếu
F10: Cao trình MĐTN | G10: Cao trình đắp | I10: Cao trình đỉnh ống | K10: Cao trình tấm đế | L10: X [m] | N10: Y [m]
A11: VÙNG 2A (ĐƯỜNG N1) | B11: SSP2-4 | P11: CS3
B12: SSP2-5 | P12: Tọa độ [m]
B13: SSP2-6
A15: II. SỐ LIỆU QUAN TRẮC
A16: Ngày quan trắc | B16: ĐỘ LÚN TRÁI | G16: ĐỘ LÚN TIM | L16: ĐỘ LÚN PHẢI | Q16: Áp Đ.hồ Pvac | R16: Ghi chú
B17: Thời gian tích lũy | C17: Cao độ đắp | D17: Cao độ bàn đo lún | E17: Chiều cao đắp | F17: Độ lún | G17: Thời gian tích lũy | H17: Cao độ đắp | I17: Cao độ bàn đo lún | J17: Chiều cao đắp | K17: Độ lún | L17: Thời gian tích lũy | M17: Cao độ đắp | N17: Cao độ bàn đo lún | O17: Chiều cao đắp | P17: Độ lún
B19: [Ngày] | C19: [mm] | D19: [m.m] | E19: [mm] | F19: [m.m] | G19: [Ngày] | H19: [mm] | I19: [m.m] | J19: [mm] | K19: [m.m] | L19: [Ngày] | M19: [mm] | N19: [m.m] | O19: [mm] | P19: [m.m] | Q19: [kPa]
A20: 1 | B20: =+A20+1 -> 2 | C20: =+B20+1 -> 3 | D20: =+C20+1 -> 4 | E20: =+D20+1 -> 5 | F20: =+E20+1 -> 6 | G20: =+F20+1 -> 7 | H20: =+G20+1 -> 8 | I20: =+H20+1 -> 9 | ... R20: =+Q20+1 -> 18
A21: 45790 | B21: 1 | C21: 1557 | D21: -758 | E21: 3076 | F21: 0 | G21: 1 | H21: 1382 | I21: -870 | J21: =H21-I21 -> 2252 | K21: 0 | L21: 1 | M21: 1532 | N21: -773 | O21: =M21-N21 -> 2305 | P21: 0
A22: 45791 | B22: 2 | C22: =$C$21-F22 -> 1515 | D22: -800 | E22: =C22-D22 -> 2315 | F22: =$D$21-D22 -> 42 | G22: =G21+1 -> 2 | H22: =$H$21-K22 -> 1352 | I22: -900 | J22: =H22-I22 -> 2252 | K22: =$I$21-I22 -> 30 | L22: =L21+1 -> 2 | M22: =$M$21-P22 -> 1509 | N22: -796 | O22: =M22-N22 -> 2305 | P22: =$N$21-N22 -> 23 | U22: -500
A23: 45792 | B23: 3 | C23: =$C$21-F23 -> 1485 | D23: -830 | E23: =C23-D23 -> 2315 | F23: =$D$21-D23 -> 72 | G23: =G22+1 -> 3 | H23: =$H$21-K23 -> 1319 | I23: -933 | J23: =H23-I23 -> 2252 | K23: =$I$21-I23 -> 63 | L23: =L22+1 -> 3 | M23: =$M$21-P23 -> 1486 | N23: -819 | O23: =M23-N23 -> 2305 | P23: =$N$21-N23 -> 46
A24: 45793 | B24: 4 | C24: =$C$21-F24 -> 1455 | D24: -860 | E24: 3076 | F24: =$D$21-D24 -> 102 | G24: =G23+1 -> 4 | H24: =$H$21-K24 -> 1287 | I24: -965 | J24: =H24-I24 -> 2252 | K24: =$I$21-I24 -> 95 | L24: =L23+1 -> 4 | M24: =$M$21-P24 -> 1463 | N24: -842 | O24: =M24-N24 -> 2305 | P24: =$N$21-N24 -> 69
A25: 45794 | B25: 5 | C25: =$C$21-F25 -> 1433 | D25: -882 | E25: 3076 | F25: =$D$21-D25 -> 124 | G25: =G24+1 -> 5 | H25: =$H$21-K25 -> 1287 | I25: -965 | J25: =H25-I25 -> 2252 | K25: =$I$21-I25 -> 95 | L25: =L24+1 -> 5 | M25: =$M$21-P25 -> 1440 | N25: -865 | O25: =M25-N25 -> 2305 | P25: =$N$21-N25 -> 92
A26: 45795 | B26: 6 | C26: =$C$21-F26 -> 1409 | D26: -906 | E26: 3076 | F26: =$D$21-D26 -> 148 | G26: =G25+1 -> 6 | H26: =$H$21-K26 -> 1287 | I26: -965 | J26: =H26-I26 -> 2252 | K26: =$I$21-I26 -> 95 | L26: =L25+1 -> 6 | M26: =$M$21-P26 -> 1417 | N26: -888 | O26: =M26-N26 -> 2305 | P26: =$N$21-N26 -> 115
A27: 45796 | B27: 7 | C27: =$C$21-F27 -> 1387 | D27: -928 | E27: 3076 | F27: =$D$21-D27 -> 170 | G27: =G26+1 -> 7 | H27: =$H$21-K27 -> 1202 | I27: -1050 | J27: =H27-I27 -> 2252 | K27: =$I$21-I27 -> 180 | L27: =L26+1 -> 7 | M27: =$M$21-P27 -> 1394 | N27: -911 | O27: =M27-N27 -> 2305 | P27: =$N$21-N27 -> 138
A28: 45797 | B28: 8 | C28: =$C$21-F28 -> 1375 | D28: -940 | E28: 3076 | F28: =$D$21-D28 -> 182 | G28: =G27+1 -> 8 | H28: =$H$21-K28 -> 1189 | I28: -1063 | J28: =H28-I28 -> 2252 | K28: =$I$21-I28 -> 193 | L28: =L27+1 -> 8 | M28: =$M$21-P28 -> 1371 | N28: -934 | O28: =M28-N28 -> 2305 | P28: =$N$21-N28 -> 161
A29: 45798 | B29: 9 | C29: =$C$21-F29 -> 1363 | D29: -952 | E29: 3076 | F29: =$D$21-D29 -> 194 | G29: =G28+1 -> 9 | H29: =$H$21-K29 -> 1176 | I29: -1076 | J29: =H29-I29 -> 2252 | K29: =$I$21-I29 -> 206 | L29: =L28+1 -> 9 | M29: =$M$21-P29 -> 1348 | N29: -957 | O29: =M29-N29 -> 2305 | P29: =$N$21-N29 -> 184
A30: 45799 | B30: 10 | C30: =$C$21-F30 -> 1351 | D30: -964 | E30: 3076 | F30: =$D$21-D30 -> 206 | G30: =G29+1 -> 10 | H30: =$H$21-K30 -> 1163 | I30: -1089 | J30: =H30-I30 -> 2252 | K30: =$I$21-I30 -> 219 | L30: =L29+1 -> 10 | M30: =$M$21-P30 -> 1325 | N30: -980 | O30: =M30-N30 -> 2305 | P30: =$N$21-N30 -> 207
A31: 45800 | B31: 11 | C31: =$C$21-F31 -> 1339 | D31: -976 | E31: 3076 | F31: =$D$21-D31 -> 218 | G31: =G30+1 -> 11 | H31: =$H$21-K31 -> 1150 | I31: -1102 | J31: =H31-I31 -> 2252 | K31: =$I$21-I31 -> 232 | L31: =L30+1 -> 11 | M31: =$M$21-P31 -> 1300 | N31: -1005 | O31: =M31-N31 -> 2305 | P31: =$N$21-N31 -> 232
A32: 45801 | B32: 11 | C32: =$C$21-F32 -> 1327 | D32: -988 | E32: 3076 | F32: =$D$21-D32 -> 230 | G32: =G31+1 -> 12 | H32: =$H$21-K32 -> 1137 | I32: -1115 | J32: =H32-I32 -> 2252 | K32: =$I$21-I32 -> 245 | L32: =L31+1 -> 12 | M32: =$M$21-P32 -> 1285 | N32: -1020 | O32: =M32-N32 -> 2305 | P32: =$N$21-N32 -> 247
A33: 45802 | B33: 11 | C33: =$C$21-F33 -> 1315 | D33: -1000 | E33: 3076 | F33: =$D$21-D33 -> 242 | G33: =G32+1 -> 13 | H33: =$H$21-K33 -> 1124 | I33: -1128 | J33: =H33-I33 -> 2252 | K33: =$I$21-I33 -> 258 | L33: =L32+1 -> 13 | M33: =$M$21-P33 -> 1285 | N33: -1020 | O33: =M33-N33 -> 2305 | P33: =$N$21-N33 -> 247
A34: 45803 | B34: 11 | C34: =$C$21-F34 -> 1305 | D34: -1010 | E34: 3076 | F34: =$D$21-D34 -> 252 | G34: =G33+1 -> 14 | H34: =$H$21-K34 -> 1111 | I34: -1141 | J34: =H34-I34 -> 2252 | K34: =$I$21-I34 -> 271 | L34: =L33+1 -> 14 | M34: =$M$21-P34 -> 1285 | N34: -1020 | O34: =M34-N34 -> 2305 | P34: =$N$21-N34 -> 247
A35: 45804 | B35: 11 | C35: =$C$21-F35 -> 1272 | D35: -1043 | E35: 3076 | F35: =$D$21-D35 -> 285 | G35: =G34+1 -> 15 | H35: =$H$21-K35 -> 1102 | I35: -1150 | J35: =H35-I35 -> 2252 | K35: =$I$21-I35 -> 280 | L35: =L34+1 -> 15 | M35: =$M$21-P35 -> 1285 | N35: -1020 | O35: =M35-N35 -> 2305 | P35: =$N$21-N35 -> 247
... A95: 45864 | B95: 11 | C95: =$C$21-F95 -> 840 | D95: -1475 | E95: 3076 | F95: =$D$21-D95 -> 717 | G95: =G94+1 -> 75 | H95: =$H$21-K95 -> 583 | I95: -1669 | J95: =H95-I95 -> 2252 | K95: =$I$21-I95 -> 799 | L95: =L94+1 -> 75 | M95: =$M$21-P95 -> 907 | N95: -1398 | O95: =M95-N95 -> 2305 | P95: =$N$21-N95 -> 625
A96: 45865 | B96: 11 | C96: 1402 | D96: -1483 | E96: 3076 | F96: =$D$21-D96 -> 725 | G96: =G95+1 -> 76 | H96: 1697 | I96: -1678 | J96: =H96-I96 -> 3375 | K96: =$I$21-I96 -> 808 | L96: =L95+1 -> 76 | M96: 1422 | N96: -1403 | O96: =M96-N96 -> 2825 | P96: =$N$21-N96 -> 630
G98: =B98 -> 0 | L98: =B98 -> 0
G99: =B99 -> 0 | L99: =B99 -> 0
G100: =B100 -> 0 | L100: =B100 -> 0

Sheet QTL- Km118+410
A1: DỰ ÁN THÀNH PHẦN ĐOẠN HẬU GIANG - CÀ MAU
A2: THUỘC DỰ ÁN XÂY DỰNG CÔNG TRÌNH ĐƯỜNG BỘ CAO TỐC BẮC - NAM PHÍA ĐÔNG GIAI ĐOẠN 2021 - 2025
A3: =UPPER("GÓI THẦU XL03 :Thi Công Xây Dựng Đoạn Tuyến Km114+200 - Km126+223 Bao Gồm Tuyến Nối Nút Giao IC12 Với QL1 (bao gồm khảo sát, thiết kế BVTC)") -> GÓI THẦU XL03 :THI CÔNG XÂY DỰNG ĐOẠN TUYẾN KM114+200 - KM126+223 BAO GỒM TUYẾN NỐI NÚT GIAO IC12 VỚI QL1 (BAO GỒM KHẢO SÁT, THIẾT KẾ BVTC)
A4: CHỦ ĐẦU TƯ | M4: NHÀ THẦU
A5: BAN QUẢN LÝ DỰ ÁN MỸ THUẬN | M5: LIÊN DANH CC1 - HẢI ĐĂNG - VẠN CƯỜNG - 492 - BẮC TRUNG NAM
A7: BẢNG SỐ LIỆU QUAN TRẮC THIẾT BỊ ĐO LÚN MẶT
A8: I. SỐ ĐỌC BAN ĐẦU
A9: Vùng (Đường) | B9: Bàn quan trắc lún | D9: Ngày lắp đặt | F9: =+"Cao trình nghiệm thu [m] ("&TEXT(A21,"dd/mm/yy")&")" -> Cao trình nghiệm thu [m] (17/03/25) | L9: Tọa độ | P9: Mốc tọa độ tham chiếu
F10: Cao trình MĐTN | G10: Cao trình đắp | I10: Cao trình đỉnh ống | K10: Cao trình tấm đế | L10: X [m] | N10: Y [m]
A11: VÙNG 2A (ĐƯỜNG N1) | B11: SSP2-4 | P11: CS3
B12: SSP2-5 | P12: Tọa độ [m]
B13: SSP2-6
A15: II. SỐ LIỆU QUAN TRẮC
A16: Ngày quan trắc | B16: ĐỘ LÚN TRÁI | G16: ĐỘ LÚN TIM | L16: ĐỘ LÚN PHẢI | Q16: Áp Đ.hồ Pvac | R16: Ghi chú
B17: Thời gian tích lũy | C17: Cao độ đắp | D17: Cao độ bàn đo lún | E17: Chiều cao đắp | F17: Độ lún | G17: Thời gian tích lũy | H17: Cao độ đắp | I17: Cao độ bàn đo lún | J17: Chiều cao đắp | K17: Độ lún | L17: Thời gian tích lũy | M17: Cao độ đắp | N17: Cao độ bàn đo lún | O17: Chiều cao đắp | P17: Độ lún
B19: [Ngày] | C19: [mm] | D19: [m.m] | E19: [mm] | F19: [m.m] | G19: [Ngày] | H19: [mm] | I19: [m.m] | J19: [mm] | K19: [m.m] | L19: [Ngày] | M19: [mm] | N19: [m.m] | O19: [mm] | P19: [m.m] | Q19: [kPa]
A20: 1 | B20: =+A20+1 -> 2 | C20: =+B20+1 -> 3 | D20: =+C20+1 -> 4 | E20: =+D20+1 -> 5 | F20: =+E20+1 -> 6 | G20: =+F20+1 -> 7 | H20: =+G20+1 -> 8 | I20: =+H20+1 -> 9 | ... R20: =+Q20+1 -> 18
A21: 45733 | B21: 1 | C21: 1856 | D21: -1220 | E21: 3076 | F21: 0 | G21: 1 | H21: 1812 | I21: -1225 | J21: =H21-I21 -> 3037 | K21: 0 | L21: 1 | M21: 1824 | N21: -1067 | O21: =M21-N21 -> 2891 | P21: 0
A22: 45734 | B22: =B21+1 -> 2 | C22: =$C$21-F22 -> 1856 | D22: -1220 | E22: 3076 | F22: =$D$21-D22 -> 0 | G22: =G21+1 -> 2 | H22: =$H$21-K22 -> 1812 | I22: -1225 | J22: =H22-I22 -> 3037 | K22: =$I$21-I22 -> 0 | L22: =L21+1 -> 2 | M22: =$M$21-P22 -> 1824 | N22: -1067 | O22: =M22-N22 -> 2891 | P22: =$N$21-N22 -> 0
A23: 45735 | B23: =B22+1 -> 3 | C23: =$C$21-F23 -> 1856 | D23: -1220 | E23: 3076 | F23: =$D$21-D23 -> 0 | G23: =G22+1 -> 3 | H23: =$H$21-K23 -> 1812 | I23: -1225 | J23: =H23-I23 -> 3037 | K23: =$I$21-I23 -> 0 | L23: =L22+1 -> 3 | M23: =$M$21-P23 -> 1824 | N23: -1067 | O23: =M23-N23 -> 2891 | P23: =$N$21-N23 -> 0
A24: 45736 | B24: =B23+1 -> 4 | C24: =$C$21-F24 -> 1856 | D24: -1220 | E24: 3076 | F24: =$D$21-D24 -> 0 | G24: =G23+1 -> 4 | H24: =$H$21-K24 -> 1812 | I24: -1225 | J24: =H24-I24 -> 3037 | K24: =$I$21-I24 -> 0 | L24: =L23+1 -> 4 | M24: =$M$21-P24 -> 1824 | N24: -1067 | O24: =M24-N24 -> 2891 | P24: =$N$21-N24 -> 0
A25: 45737 | B25: =B24+1 -> 5 | C25: =$C$21-F25 -> 1821 | D25: -1255 | E25: 3076 | F25: =$D$21-D25 -> 35 | G25: =G24+1 -> 5 | H25: =$H$21-K25 -> 1782 | I25: -1255 | J25: =H25-I25 -> 3037 | K25: =$I$21-I25 -> 30 | L25: =L24+1 -> 5 | M25: =$M$21-P25 -> 1806 | N25: -1085 | O25: =M25-N25 -> 2891 | P25: =$N$21-N25 -> 18
A26: 45738 | B26: =B25+1 -> 6 | C26: =$C$21-F26 -> 1791 | D26: -1285 | E26: 3076 | F26: =$D$21-D26 -> 65 | G26: =G25+1 -> 6 | H26: =$H$21-K26 -> 1752 | I26: -1285 | J26: =H26-I26 -> 3037 | K26: =$I$21-I26 -> 60 | L26: =L25+1 -> 6 | M26: =$M$21-P26 -> 1786 | N26: -1105 | O26: =M26-N26 -> 2891 | P26: =$N$21-N26 -> 38
A27: 45739 | B27: =B26+1 -> 7 | C27: =$C$21-F27 -> 1761 | D27: -1315 | E27: 3076 | F27: =$D$21-D27 -> 95 | G27: =G26+1 -> 7 | H27: =$H$21-K27 -> 1722 | I27: -1315 | J27: =H27-I27 -> 3037 | K27: =$I$21-I27 -> 90 | L27: =L26+1 -> 7 | M27: =$M$21-P27 -> 1766 | N27: -1125 | O27: =M27-N27 -> 2891 | P27: =$N$21-N27 -> 58
A28: 45740 | B28: =B27+1 -> 8 | C28: =$C$21-F28 -> 1736 | D28: -1340 | E28: 3076 | F28: =$D$21-D28 -> 120 | G28: =G27+1 -> 8 | H28: =$H$21-K28 -> 1697 | I28: -1340 | J28: =H28-I28 -> 3037 | K28: =$I$21-I28 -> 115 | L28: =L27+1 -> 8 | M28: =$M$21-P28 -> 1741 | N28: -1150 | O28: =M28-N28 -> 2891 | P28: =$N$21-N28 -> 83
A29: 45741 | B29: =B28+1 -> 9 | C29: =$C$21-F29 -> 1709 | D29: -1367 | E29: 3076 | F29: =$D$21-D29 -> 147 | G29: =G28+1 -> 9 | H29: =$H$21-K29 -> 1670 | I29: -1367 | J29: =H29-I29 -> 3037 | K29: =$I$21-I29 -> 142 | L29: =L28+1 -> 9 | M29: =$M$21-P29 -> 1719 | N29: -1172 | O29: =M29-N29 -> 2891 | P29: =$N$21-N29 -> 105
A30: 45742 | B30: =B29+1 -> 10 | C30: =$C$21-F30 -> 1693 | D30: -1383 | E30: 3076 | F30: =$D$21-D30 -> 163 | G30: =G29+1 -> 10 | H30: =$H$21-K30 -> 1657 | I30: -1380 | J30: =H30-I30 -> 3037 | K30: =$I$21-I30 -> 155 | L30: =L29+1 -> 10 | M30: =$M$21-P30 -> 1701 | N30: -1190 | O30: =M30-N30 -> 2891 | P30: =$N$21-N30 -> 123
A31: 45743 | B31: =B30+1 -> 11 | C31: =$C$21-F31 -> 1682 | D31: -1394 | E31: 3076 | F31: =$D$21-D31 -> 174 | G31: =G30+1 -> 11 | H31: =$H$21-K31 -> 1642 | I31: -1395 | J31: =H31-I31 -> 3037 | K31: =$I$21-I31 -> 170 | L31: =L30+1 -> 11 | M31: =$M$21-P31 -> 1696 | N31: -1195 | O31: =M31-N31 -> 2891 | P31: =$N$21-N31 -> 128
A32: 45744 | B32: =B31+1 -> 12 | C32: =$C$21-F32 -> 1661 | D32: -1415 | E32: 3076 | F32: =$D$21-D32 -> 195 | G32: =G31+1 -> 12 | H32: =$H$21-K32 -> 1624 | I32: -1413 | J32: =H32-I32 -> 3037 | K32: =$I$21-I32 -> 188 | L32: =L31+1 -> 12 | M32: =$M$21-P32 -> 1687 | N32: -1204 | O32: =M32-N32 -> 2891 | P32: =$N$21-N32 -> 137
A33: 45745 | B33: =B32+1 -> 13 | C33: =$C$21-F33 -> 1671 | D33: -1405 | E33: 3076 | F33: =$D$21-D33 -> 185 | G33: =G32+1 -> 13 | H33: =$H$21-K33 -> 1615 | I33: -1422 | J33: =H33-I33 -> 3037 | K33: =$I$21-I33 -> 197 | L33: =L32+1 -> 13 | M33: =$M$21-P33 -> 1680 | N33: -1211 | O33: =M33-N33 -> 2891 | P33: =$N$21-N33 -> 144
... A152: 45864 | B152: =B151+1 -> 132 | C152: =$C$21-F152 -> 1001 | D152: -2075 | E152: 3076 | F152: =$D$21-D152 -> 855 | G152: =G151+1 -> 132 | H152: =$H$21-K152 -> 702 | I152: -2335 | J152: =H152-I152 -> 3037 | K152: =$I$21-I152 -> 1110 | L152: =L151+1 -> 132 | M152: =$M$21-P152 -> 1086 | N152: -1805 | O152: =M152-N152 -> 2891 | P152: =$N$21-N152 -> 738
A153: 45865 | B153: =B152+1 -> 133 | C153: 1902 | D153: -2080 | E153: 3076 | F153: =$D$21-D153 -> 860 | G153: =G152+1 -> 133 | H153: 1972 | I153: -2340 | J153: =H153-I153 -> 4312 | K153: =$I$21-I153 -> 1115 | L153: =L152+1 -> 133 | M153: 1802 | N153: -1810 | O153: =M153-N153 -> 3612 | P153: =$N$21-N153 -> 743

Sheet QTLKm118+495
A2: BẢNG SỐ LIỆU QUAN TRẮC THIẾT BỊ ĐO LÚN MẶT
A3: I. SỐ ĐỌC BAN ĐẦU
A4: Vùng (Đường) | B4: Bàn quan trắc lún | D4: Ngày lắp đặt | F4: =+"Cao trình nghiệm thu [m] ("&TEXT(A16,"dd/mm/yy")&")" -> Cao trình nghiệm thu [m] (17/03/25) | L4: Tọa độ | P4: Mốc tọa độ tham chiếu
F5: Cao trình MĐTN | G5: Cao trình đắp | I5: Cao trình đỉnh ống | K5: Cao trình tấm đế | L5: X [m] | N5: Y [m]
A6: VÙNG 2A (ĐƯỜNG N1) | B6: SSP2-4 | P6: CS3
B7: SSP2-5 | P7: Tọa độ [m]
B8: SSP2-6
A10: II. SỐ LIỆU QUAN TRẮC
A11: Ngày quan trắc | B11: ĐỘ LÚN TRÁI | G11: ĐỘ LÚN TIM | L11: ĐỘ LÚN PHẢI | Q11: Áp Đ.hồ Pvac | R11: Ghi chú
B12: Thời gian tích lũy | C12: Cao độ đắp | D12: Cao độ bàn đo lún | E12: Chiều cao đắp | F12: Độ lún | G12: Thời gian tích lũy | H12: Cao độ đắp | I12: Cao độ bàn đo lún | J12: Chiều cao đắp | K12: Độ lún | L12: Thời gian tích lũy | M12: Cao độ đắp | N12: Cao độ bàn đo lún | O12: Chiều cao đắp | P12: Độ lún
B14: [Ngày] | C14: [mm] | D14: [m.m] | E14: [mm] | F14: [m.m] | G14: [Ngày] | H14: [mm] | I14: [m.m] | J14: [mm] | K14: [m.m] | L14: [Ngày] | M14: [mm] | N14: [m.m] | O14: [mm] | P14: [m.m] | Q14: [kPa]
A15: 1 | B15: =+A15+1 -> 2 | C15: =+B15+1 -> 3 | D15: =+C15+1 -> 4 | E15: =+D15+1 -> 5 | F15: =+E15+1 -> 6 | G15: =+F15+1 -> 7 | H15: =+G15+1 -> 8 | I15: =+H15+1 -> 9 | ... R15: =+Q15+1 -> 18
A16: 45733 | B16: 1 | C16: 2137 | D16: -1898 | E16: =C16-D16 -> 4035 | F16: 0 | G16: 1 | H16: 2127 | I16: -1658 | J16: =H16-I16 -> 3785 | K16: 0 | L16: 1 | M16: 2182 | N16: -1155 | O16: =M16-N16 -> 3337 | P16: 0
A17: 45734 | B17: =B16+1 -> 2 | C17: =$C$16-F17 -> 2137 | D17: -1898 | E17: =C17-D17 -> 4035 | F17: =$D$16-D17 -> 0 | G17: =G16+1 -> 2 | H17: =$H$16-K17 -> 2127 | I17: -1658 | J17: =H17-I17 -> 3785 | K17: =$I$16-I17 -> 0 | L17: =L16+1 -> 2 | M17: =$M$16-P17 -> 2182 | N17: -1155 | O17: =M17-N17 -> 3337 | P17: =$N$16-N17 -> 0
A18: 45735 | B18: =B17+1 -> 3 | C18: =$C$16-F18 -> 2137 | D18: -1898 | E18: =C18-D18 -> 4035 | F18: =$D$16-D18 -> 0 | G18: =G17+1 -> 3 | H18: =$H$16-K18 -> 2127 | I18: -1658 | J18: =H18-I18 -> 3785 | K18: =$I$16-I18 -> 0 | L18: =L17+1 -> 3 | M18: =$M$16-P18 -> 2182 | N18: -1155 | O18: =M18-N18 -> 3337 | P18: =$N$16-N18 -> 0
A19: 45736 | B19: =B18+1 -> 4 | C19: =$C$16-F19 -> 2137 | D19: -1898 | E19: =C19-D19 -> 4035 | F19: =$D$16-D19 -> 0 | G19: =G18+1 -> 4 | H19: =$H$16-K19 -> 2127 | I19: -1658 | J19: =H19-I19 -> 3785 | K19: =$I$16-I19 -> 0 | L19: =L18+1 -> 4 | M19: =$M$16-P19 -> 2182 | N19: -1155 | O19: =M19-N19 -> 3337 | P19: =$N$16-N19 -> 0
A20: 45737 | B20: =B19+1 -> 5 | C20: =$C$16-F20 -> 2127 | D20: -1908 | E20: =C20-D20 -> 4035 | F20: =$D$16-D20 -> 10 | G20: =G19+1 -> 5 | H20: =$H$16-K20 -> 2109 | I20: -1676 | J20: =H20-I20 -> 3785 | K20: =$I$16-I20 -> 18 | L20: =L19+1 -> 5 | M20: =$M$16-P20 -> 2162 | N20: -1175 | O20: =M20-N20 -> 3337 | P20: =$N$16-N20 -> 20
A21: 45738 | B21: =B20+1 -> 6 | C21: =$C$16-F21 -> 2107 | D21: -1928 | E21: =C21-D21 -> 4035 | F21: =$D$16-D21 -> 30 | G21: =G20+1 -> 6 | H21: =$H$16-K21 -> 2089 | I21: -1696 | J21: =H21-I21 -> 3785 | K21: =$I$16-I21 -> 38 | L21: =L20+1 -> 6 | M21: =$M$16-P21 -> 2147 | N21: -1190 | O21: =M21-N21 -> 3337 | P21: =$N$16-N21 -> 35
A22: 45739 | B22: =B21+1 -> 7 | C22: =$C$16-F22 -> 2077 | D22: -1958 | E22: =C22-D22 -> 4035 | F22: =$D$16-D22 -> 60 | G22: =G21+1 -> 7 | H22: =$H$16-K22 -> 2069 | I22: -1716 | J22: =H22-I22 -> 3785 | K22: =$I$16-I22 -> 58 | L22: =L21+1 -> 7 | M22: =$M$16-P22 -> 2132 | N22: -1205 | O22: =M22-N22 -> 3337 | P22: =$N$16-N22 -> 50
A23: 45740 | B23: =B22+1 -> 8 | C23: =$C$16-F23 -> 2055 | D23: -1980 | E23: =C23-D23 -> 4035 | F23: =$D$16-D23 -> 82 | G23: =G22+1 -> 8 | H23: =$H$16-K23 -> 2046 | I23: -1739 | J23: =H23-I23 -> 3785 | K23: =$I$16-I23 -> 81 | L23: =L22+1 -> 8 | M23: =$M$16-P23 -> 2115 | N23: -1222 | O23: =M23-N23 -> 3337 | P23: =$N$16-N23 -> 67
A24: 45741 | B24: =B23+1 -> 9 | C24: =$C$16-F24 -> 2030 | D24: -2005 | E24: =C24-D24 -> 4035 | F24: =$D$16-D24 -> 107 | G24: =G23+1 -> 9 | H24: =$H$16-K24 -> 2025 | I24: -1760 | J24: =H24-I24 -> 3785 | K24: =$I$16-I24 -> 102 | L24: =L23+1 -> 9 | M24: =$M$16-P24 -> 2095 | N24: -1242 | O24: =M24-N24 -> 3337 | P24: =$N$16-N24 -> 87
A25: 45742 | B25: =B24+1 -> 10 | C25: =$C$16-F25 -> 2013 | D25: -2022 | E25: =C25-D25 -> 4035 | F25: =$D$16-D25 -> 124 | G25: =G24+1 -> 10 | H25: =$H$16-K25 -> 2007 | I25: -1778 | J25: =H25-I25 -> 3785 | K25: =$I$16-I25 -> 120 | L25: =L24+1 -> 10 | M25: =$M$16-P25 -> 2103 | N25: -1234 | O25: =M25-N25 -> 3337 | P25: =$N$16-N25 -> 79
A26: 45743 | B26: =B25+1 -> 11 | C26: =$C$16-F26 -> 2007 | D26: -2028 | E26: =C26-D26 -> 4035 | F26: =$D$16-D26 -> 130 | G26: =G25+1 -> 11 | H26: =$H$16-K26 -> 2001 | I26: -1784 | J26: =H26-I26 -> 3785 | K26: =$I$16-I26 -> 126 | L26: =L25+1 -> 11 | M26: =$M$16-P26 -> 2077 | N26: -1260 | O26: =M26-N26 -> 3337 | P26: =$N$16-N26 -> 105
A27: 45744 | B27: =B26+1 -> 12 | C27: =$C$16-F27 -> 2002 | D27: -2033 | E27: =C27-D27 -> 4035 | F27: =$D$16-D27 -> 135 | G27: =G26+1 -> 12 | H27: =$H$16-K27 -> 1992 | I27: -1793 | J27: =H27-I27 -> 3785 | K27: =$I$16-I27 -> 135 | L27: =L26+1 -> 12 | M27: =$M$16-P27 -> 2071 | N27: -1266 | O27: =M27-N27 -> 3337 | P27: =$N$16-N27 -> 111
A28: 45745 | B28: =B27+1 -> 13 | C28: =$C$16-F28 -> 1995 | D28: -2040 | E28: =C28-D28 -> 4035 | F28: =$D$16-D28 -> 142 | G28: =G27+1 -> 13 | H28: =$H$16-K28 -> 1985 | I28: -1800 | J28: =H28-I28 -> 3785 | K28: =$I$16-I28 -> 142 | L28: =L27+1 -> 13 | M28: =$M$16-P28 -> 2066 | N28: -1271 | O28: =M28-N28 -> 3337 | P28: =$N$16-N28 -> 116
... A38: 45755 | B38: =B37+1 -> 23 | C38: =$C$16-F38 -> 1935 | D38: -2100 | E38: =C38-D38 -> 4035 | F38: =$D$16-D38 -> 202 | G38: =G37+1 -> 23 | H38: =$H$16-K38 -> 1912 | I38: -1873 | J38: =H38-I38 -> 3785 | K38: =$I$16-I38 -> 215 | L38: =L37+1 -> 23 | M38: =$M$16-P38 -> 2009 | N38: -1328 | O38: =M38-N38 -> 3337 | P38: =$N$16-N38 -> 173
A39: 45756 | B39: =B38+1 -> 24 | C39: =$C$16-F39 -> 1926 | D39: -2109 | E39: =C39-D39 -> 4035 | F39: =$D$16-D39 -> 211 | G39: =G38+1 -> 24 | H39: =$H$16-K39 -> 1901 | I39: -1884 | J39: =H39-I39 -> 3785 | K39: =$I$16-I39 -> 226 | L39: =L38+1 -> 24 | M39: =$M$16-P39 -> 2002 | N39: -1330 | O39: =M39-N40 -> 3337 | P39: =$N$16-N40 -> 180
A40: 45757 | B40: =B39+1 -> 25 | C40: =$C$16-F40 -> 1915 | D40: -2120 | E40: =C40-D40 -> 4035 | F40: =$D$16-D40 -> 222 | G40: =G39+1 -> 25 | H40: =$H$16-K40 -> 1895 | I40: -1890 | J40: =H40-I40 -> 3785 | K40: =$I$16-I40 -> 232 | L40: =L39+1 -> 25 | M40: =$M$16-P40 -> #REF! | N40: -1335 | O40: =M40-#REF! -> #REF! | P40: =$N$16-#REF! -> #REF!
A41: 45758 | B41: =B40+1 -> 26 | C41: =$C$16-F41 -> 1913 | D41: -2122 | E41: =C41-D41 -> 4035 | F41: =$D$16-D41 -> 224 | G41: =G40+1 -> 26 | H41: =$H$16-K41 -> 1885 | I41: -1900 | J41: =H41-I41 -> 3785 | K41: =$I$16-I41 -> 242 | L41: =L40+1 -> 26 | M41: =$M$16-P41 -> 1997 | N41: -1340 | O41: =M41-N41 -> 3337 | P41: =$N$16-N41 -> 185
A42: 45759 | B42: =B41+1 -> 27 | C42: =$C$16-F42 -> 1910 | D42: -2125 | E42: =C42-D42 -> 4035 | F42: =$D$16-D42 -> 227 | G42: =G41+1 -> 27 | H42: =$H$16-K42 -> 1880 | I42: -1905 | J42: =H42-I42 -> 3785 | K42: =$I$16-I42 -> 247 | L42: =L41+1 -> 27 | M42: =$M$16-P42 -> 1992 | N42: -1345 | O42: =M42-N42 -> 3337 | P42: =$N$16-N42 -> 190
A43: 45760 | B43: =B42+1 -> 28 | C43: =$C$16-F43 -> 1905 | D43: -2130 | E43: =C43-D43 -> 4035 | F43: =$D$16-D43 -> 232 | G43: =G42+1 -> 28 | H43: =$H$16-K43 -> 1873 | I43: -1912 | J43: =H43-I43 -> 3785 | K43: =$I$16-I43 -> 254 | L43: =L42+1 -> 28 | M43: =$M$16-P43 -> 1987 | N43: -1350 | O43: =M43-N43 -> 3337 | P43: =$N$16-N43 -> 195
A44: 45761 | B44: =B43+1 -> 29 | C44: =$C$16-F44 -> 1900 | D44: -2135 | E44: =C44-D44 -> 4035 | F44: =$D$16-D44 -> 237 | G44: =G43+1 -> 29 | H44: =$H$16-K44 -> 1870 | I44: -1915 | J44: =H44-I44 -> 3785 | K44: =$I$16-I44 -> 257 | L44: =L43+1 -> 29 | M44: =$M$16-P44 -> 1982 | N44: -1355 | O44: =M44-N44 -> 3337 | P44: =$N$16-N44 -> 200
A45: 45762 | B45: =B44+1 -> 30 | C45: =$C$16-F45 -> 1895 | D45: -2140 | E45: =C45-D45 -> 4035 | F45: =$D$16-D45 -> 242 | G45: =G44+1 -> 30 | H45: =$H$16-K45 -> 1867 | I45: -1918 | J45: =H45-I45 -> 3785 | K45: =$I$16-I45 -> 260 | L45: =L44+1 -> 30 | M45: =$M$16-P45 -> 1977 | N45: -1360 | O45: =M45-N45 -> 3337 | P45: =$N$16-N45 -> 205
A46: 45763 | B46: =B45+1 -> 31 | C46: =$C$16-F46 -> 1890 | D46: -2145 | E46: =C46-D46 -> 4035 | F46: =$D$16-D46 -> 247 | G46: =G45+1 -> 31 | H46: =$H$16-K46 -> 1860 | I46: -1925 | J46: =H46-I46 -> 3785 | K46: =$I$16-I46 -> 267 | L46: =L45+1 -> 31 | M46: =$M$16-P46 -> 1972 | N46: -1365 | O46: =M46-N46 -> 3337 | P46: =$N$16-N46 -> 210
A47: 45764 | B47: =B46+1 -> 32 | C47: =$C$16-F47 -> 1885 | D47: -2150 | E47: =C47-D47 -> 4035 | F47: =$D$16-D47 -> 252 | G47: =G46+1 -> 32 | H47: =$H$16-K47 -> 1853 | I47: -1932 | J47: =H47-I47 -> 3785 | K47: =$I$16-I47 -> 274 | L47: =L46+1 -> 32 | M47: =$M$16-P47 -> 1967 | N47: -1370 | O47: =M47-N47 -> 3337 | P47: =$N$16-N47 -> 215
A48: 45765 | B48: =B47+1 -> 33 | C48: =$C$16-F48 -> 1878 | D48: -2157 | E48: =C48-D48 -> 4035 | F48: =$D$16-D48 -> 259 | G48: =G47+1 -> 33 | H48: =$H$16-K48 -> 1846 | I48: -1939 | J48: =H48-I48 -> 3785 | K48: =$I$16-I48 -> 281 | L48: =L47+1 -> 33 | M48: =$M$16-P48 -> 1959 | N48: -1378 | O48: =M48-N48 -> 3337 | P48: =$N$16-N48 -> 223
A49: 45766 | B49: =B48+1 -> 34 | C49: =$C$16-F49 -> 1871 | D49: -2164 | E49: =C49-D49 -> 4035 | F49: =$D$16-D49 -> 266 | G49: =G48+1 -> 34 | H49: =$H$16-K49 -> 1838 | I49: -1947 | J49: =H49-I49 -> 3785 | K49: =$I$16-I49 -> 289 | L49: =L48+1 -> 34 | M49: =$M$16-P49 -> 1951 | N49: -1386 | O49: =M49-N49 -> 3337 | P49: =$N$16-N49 -> 231
A50: 45767 | B50: =B49+1 -> 35 | C50: =$C$16-F50 -> 1864 | D50: -2171 | E50: =C50-D50 -> 4035 | F50: =$D$16-D50 -> 273 | G50: =G49+1 -> 35 | H50: =$H$16-K50 -> 1830 | I50: -1955 | J50: =H50-I50 -> 3785 | K50: =$I$16-I50 -> 297 | L50: =L49+1 -> 35 | M50: =$M$16-P50 -> 1944 | N50: -1393 | O50: =M50-N50 -> 3337 | P50: =$N$16-N50 -> 238
A51: 45768 | B51: =B50+1 -> 36 | C51: =$C$16-F51 -> 1857 | D51: -2178 | E51: =C51-D51 -> 4035 | F51: =$D$16-D51 -> 280 | G51: =G50+1 -> 36 | H51: =$H$16-K51 -> 1822 | I51: -1963 | J51: =H51-I51 -> 3785 | K51: =$I$16-I51 -> 305 | L51: =L50+1 -> 36 | M51: =$M$16-P51 -> 1933 | N51: -1404 | O51: =M51-N51 -> 3337 | P51: =$N$16-N51 -> 249
A52: 45769 | B52: =B51+1 -> 37 | C52: =$C$16-F52 -> 1850 | D52: -2185 | E52: =C52-D52 -> 4035 | F52: =$D$16-D52 -> 287 | G52: =G51+1 -> 37 | H52: =$H$16-K52 -> 1815 | I52: -1970 | J52: =H52-I52 -> 3785 | K52: =$I$16-I52 -> 312 | L52: =L51+1 -> 37 | M52: =$M$16-P52 -> 1923 | N52: -1414 | O52: =M52-N52 -> 3337 | P52: =$N$16-N52 -> 259
... A147: 45864 | B147: =B146+1 -> 132 | C147: =$C$16-F147 -> 1511 | D147: -2524 | E147: =C147-D147 -> 4035 | F147: =$D$16-D147 -> 626 | G147: =G146+1 -> 132 | H147: =$H$16-K147 -> 1447 | I147: -2338 | J147: =H147-I147 -> 3785 | K147: =$I$16-I147 -> 680 | L147: =L146+1 -> 132 | M147: =$M$16-P147 -> 1626 | N147: -1711 | O147: =M147-N147 -> 3337 | P147: =$N$16-N147 -> 556
A148: 45865 | B148: =B147+1 -> 133 | C148: 1572 | D148: -2528 | E148: =C148-D148 -> 4100 | F148: =$D$16-D148 -> 630 | G148: =G147+1 -> 133 | H148: 1597 | I148: -2343 | J148: =H148-I148 -> 3940 | K148: =$I$16-I148 -> 685 | L148: =L147+1 -> 133 | M148: =$M$16-P148 -> 1621 | N148: -1716 | O148: =M148-N148 -> 3337 | P148: =$N$16-N148 -> 561

Sheet QTL-KM118+790
A2: BẢNG SỐ LIỆU QUAN TRẮC THIẾT BỊ ĐO LÚN MẶT
A3: I. SỐ ĐỌC BAN ĐẦU
A4: Vùng (Đường) | B4: Bàn quan trắc lún | D4: Ngày lắp đặt | F4: =+"Cao trình nghiệm thu [m] ("&TEXT(A16,"dd/mm/yy")&")" -> Cao trình nghiệm thu [m] (20/07/25) | L4: Tọa độ | P4: Mốc tọa độ tham chiếu
F5: Cao trình MĐTN | G5: Cao trình đắp | I5: Cao trình đỉnh ống | K5: Cao trình tấm đế | L5: X [m] | N5: Y [m]
A6: VÙNG 2A (ĐƯỜNG N1) | B6: SSP2-4 | P6: CS3
B7: SSP2-5 | P7: Tọa độ [m]
B8: SSP2-6
A10: II. SỐ LIỆU QUAN TRẮC
A11: Ngày quan trắc | B11: ĐỘ LÚN TRÁI | G11: ĐỘ LÚN TIM | L11: ĐỘ LÚN PHẢI | Q11: Áp Đ.hồ Pvac | R11: Ghi chú
B12: Thời gian tích lũy | C12: Cao độ đắp | D12: Cao độ bàn đo lún | E12: Chiều cao đắp | F12: Độ lún | G12: Thời gian tích lũy | H12: Cao độ đắp | I12: Cao độ bàn đo lún | J12: Chiều cao đắp | K12: Độ lún | L12: Thời gian tích lũy | M12: Cao độ đắp | N12: Cao độ bàn đo lún | O12: Chiều cao đắp | P12: Độ lún
B14: [Ngày] | C14: [mm] | D14: [m.m] | E14: [mm] | F14: [m.m] | G14: [Ngày] | H14: [mm] | I14: [m.m] | J14: [mm] | K14: [m.m] | L14: [Ngày] | M14: [mm] | N14: [m.m] | O14: [mm] | P14: [m.m] | Q14: [kPa]
A15: 1 | B15: =+A15+1 -> 2 | C15: =+B15+1 -> 3 | D15: =+C15+1 -> 4 | E15: =+D15+1 -> 5 | F15: =+E15+1 -> 6 | G15: =+F15+1 -> 7 | H15: =+G15+1 -> 8 | I15: =+H15+1 -> 9 | ... R15: =+Q15+1 -> 18
A16: 45858 | B16: 1 | C16: 1767 | D16: -1208 | E16: =C16-D16 -> 2975 | F16: 0 | G16: 1 | H16: 1632 | I16: -1188 | J16: =H16-I16 -> 2820 | K16: 0 | L16: 1 | M16: 1727 | N16: -1127 | O16: =M16-N16 -> 2854 | P16: 0
A17: 45737 | B17: =B16+1 -> 2 | C17: =$C$16-F17 -> 1737 | D17: -1238 | E17: =C17-D17 -> 2975 | F17: =$D$16-D17 -> 30 | G17: =G16+1 -> 2 | H17: =$H$16-K17 -> 1627 | I17: -1193 | J17: =H17-I17 -> 2820 | K17: =$I$16-I17 -> 5 | L17: =L16+1 -> 2 | M17: =$M$16-P17 -> 1725 | N17: -1129 | O17: =M17-N17 -> 2854 | P17: =$N$16-N17 -> 2
A18: 45738 | B18: =B17+1 -> 3 | C18: =$C$16-F18 -> 1727 | D18: -1248 | E18: =C18-D18 -> 2975 | F18: =$D$16-D18 -> 40 | G18: =G17+1 -> 3 | H18: =$H$16-K18 -> 1617 | I18: -1203 | J18: =H18-I18 -> 2820 | K18: =$I$16-I18 -> 15 | L18: =L17+1 -> 3 | M18: =$M$16-P18 -> 1723 | N18: -1131 | O18: =M18-N18 -> 2854 | P18: =$N$16-N18 -> 4
A19: 45739 | B19: =B18+1 -> 4 | C19: =$C$16-F19 -> 1717 | D19: -1258 | E19: =C19-D19 -> 2975 | F19: =$D$16-D19 -> 50 | G19: =G18+1 -> 4 | H19: =$H$16-K19 -> 1599 | I19: -1221 | J19: =H19-I19 -> 2820 | K19: =$I$16-I19 -> 33 | L19: =L18+1 -> 4 | M19: =$M$16-P19 -> 1713 | N19: -1141 | O19: =M19-N19 -> 2854 | P19: =$N$16-N19 -> 14
A20: 45740 | B20: =B19+1 -> 5 | C20: =$C$16-F20 -> 1707 | D20: -1268 | E20: =C20-D20 -> 2975 | F20: =$D$16-D20 -> 60 | G20: =G19+1 -> 5 | H20: =$H$16-K20 -> 1581 | I20: -1239 | J20: =H20-I20 -> 2820 | K20: =$I$16-I20 -> 51 | L20: =L19+1 -> 5 | M20: =$M$16-P20 -> 1703 | N20: -1151 | O20: =M20-N20 -> 2854 | P20: =$N$16-N20 -> 24
A21: 45741 | B21: =B20+1 -> 6 | C21: =$C$16-F21 -> 1697 | D21: -1278 | E21: =C21-D21 -> 2975 | F21: =$D$16-D21 -> 70 | G21: =G20+1 -> 6 | H21: =$H$16-K21 -> 1563 | I21: -1257 | J21: =H21-I21 -> 2820 | K21: =$I$16-I21 -> 69 | L21: =L20+1 -> 6 | M21: =$M$16-P21 -> 1693 | N21: -1161 | O21: =M21-N21 -> 2854 | P21: =$N$16-N21 -> 34
A22: 45742 | B22: =B21+1 -> 7 | C22: =$C$16-F22 -> 1687 | D22: -1288 | E22: =C22-D22 -> 2975 | F22: =$D$16-D22 -> 80 | G22: =G21+1 -> 7 | H22: =$H$16-K22 -> 1545 | I22: -1275 | J22: =H22-I22 -> 2820 | K22: =$I$16-I22 -> 87 | L22: =L21+1 -> 7 | M22: =$M$16-P22 -> 1683 | N22: -1171 | O22: =M22-N22 -> 2854 | P22: =$N$16-N22 -> 44
A23: 45865 | B23: =B22+1 -> 8 | C23: =$C$16-F23 -> 1677 | D23: -1298 | E23: =C23-D23 -> 2975 | F23: =$D$16-D23 -> 90 | G23: =G22+1 -> 8 | H23: =$H$16-K23 -> 1527 | I23: -1293 | J23: =H23-I23 -> 2820 | K23: =$I$16-I23 -> 105 | L23: =L22+1 -> 8 | M23: =$M$16-P23 -> 1673 | N23: -1181 | O23: =M23-N23 -> 2854 | P23: =$N$16-N23 -> 54

Sheet QTL-Km118+890,00
A1: DỰ ÁN THÀNH PHẦN ĐOẠN HẬU GIANG - CÀ MAU
A2: THUỘC DỰ ÁN XÂY DỰNG CÔNG TRÌNH ĐƯỜNG BỘ CAO TỐC BẮC - NAM PHÍA ĐÔNG GIAI ĐOẠN 2021 - 2025
A3: =UPPER("GÓI THẦU XL03 :Thi Công Xây Dựng Đoạn Tuyến Km114+200 - Km126+223 Bao Gồm Tuyến Nối Nút Giao IC12 Với QL1 (bao gồm khảo sát, thiết kế BVTC)") -> GÓI THẦU XL03 :THI CÔNG XÂY DỰNG ĐOẠN TUYẾN KM114+200 - KM126+223 BAO GỒM TUYẾN NỐI NÚT GIAO IC12 VỚI QL1 (BAO GỒM KHẢO SÁT, THIẾT KẾ BVTC)
A4: CHỦ ĐẦU TƯ | M4: NHÀ THẦU
A5: BAN QUẢN LÝ DỰ ÁN MỸ THUẬN | M5: LIÊN DANH CC1 - HẢI ĐĂNG - VẠN CƯỜNG - 492 - BẮC TRUNG NAM
A7: BẢNG SỐ LIỆU QUAN TRẮC THIẾT BỊ ĐO LÚN MẶT
A8: I. SỐ ĐỌC BAN ĐẦU
A9: Vùng (Đường) | B9: Bàn quan trắc lún | D9: Ngày lắp đặt | F9: =+"Cao trình nghiệm thu [m] ("&TEXT(A21,"dd/mm/yy")&")" -> #REF! | L9: Tọa độ | P9: Mốc tọa độ tham chiếu
F10: Cao trình MĐTN | G10: Cao trình đắp | I10: Cao trình đỉnh ống | K10: Cao trình tấm đế | L10: X [m] | N10: Y [m] | S10: Chuẩn | T10: GĐ1
A11: VÙNG 2A (ĐƯỜNG N1) | B11: SSP2-4 | P11: CS3 | S11: 1 | T11: 1
B12: SSP2-5 | P12: Tọa độ [m]
B13: SSP2-6
A15: II. SỐ LIỆU QUAN TRẮC
A16: Ngày quan trắc | B16: ĐỘ LÚN TRÁI | G16: ĐỘ LÚN TIM | L16: ĐỘ LÚN PHẢI | Q16: Áp Đ.hồ Pvac | R16: Ghi chú
B17: Thời gian tích lũy | C17: Cao độ đắp | D17: Cao độ bàn đo lún | E17: Chiều cao đắp | F17: Độ lún | G17: Thời gian tích lũy | H17: Cao độ đắp | I17: Cao độ bàn đo lún | J17: Chiều cao đắp | K17: Độ lún | L17: Thời gian tích lũy | M17: Cao độ đắp | N17: Cao độ bàn đo lún | O17: Chiều cao đắp | P17: Độ lún
B19: [Ngày] | C19: [mm] | D19: [m.m] | E19: [mm] | F19: [m.m] | G19: [Ngày] | H19: [mm] | I19: [m.m] | J19: [mm] | K19: [m.m] | L19: [Ngày] | M19: [mm] | N19: [m.m] | O19: [mm] | P19: [m.m] | Q19: [kPa]
A20: 1 | B20: =+A20+1 -> 2 | C20: =+B20+1 -> 3 | D20: =+C20+1 -> 4 | E20: =+D20+1 -> 5 | F20: =+E20+1 -> 6 | G20: =+F20+1 -> 7 | H20: =+G20+1 -> 8 | I20: =+H20+1 -> 9 | ... T20: =+S20+1 -> 20
A21: =#REF! -> #REF! | B21: =+A21-$A$21 -> #REF! | C21: 1550 | D21: -1753 | E21: 3303 | F21: 0 | G21: =B21 -> #REF! | H21: 1553 | I21: -956 | J21: 2509 | K21: 0 | L21: =B21 -> #REF! | M21: 1529 | N21: -1107 | O21: 2636 | P21: 0 | Q21: =VLOOKUP(A21,#REF!,10,0) -> #REF! | S21: =+A21 -> #REF! | T21: =+(#REF!+2*J21+O21)/4 -> #REF!
A22: =#REF! -> #REF! | B22: =+A22-$A$21 -> #REF! | C22: =$C$21-F22 -> 1541 | D22: -1762 | E22: 3303 | F22: =+$D$21-D22 -> 9 | G22: =B22 -> #REF! | H22: =$H$21-K22 -> 1523 | I22: -986 | J22: 2509 | K22: =+$I$21-I22 -> 30 | L22: =B22 -> #REF! | M22: =$M$21-P22 -> 1523 | N22: -1113 | O22: 2636 | P22: =+$N$21-N22 -> 6 | Q22: =VLOOKUP(A22,#REF!,10,0) -> #REF! | S22: =+A22 -> #REF! | T22: =+(#REF!+2*J22+O22)/4 -> #REF!
A23: =#REF! -> #REF! | B23: =+A23-$A$21 -> #REF! | C23: =$C$21-F23 -> 1514 | D23: -1789 | E23: 3303 | F23: =+$D$21-D23 -> 36 | G23: =B23 -> #REF! | H23: =$H$21-K23 -> 1498 | I23: -1011 | J23: 2509 | K23: =+$I$21-I23 -> 55 | L23: =B23 -> #REF! | M23: =$M$21-P23 -> 1492 | N23: -1144 | O23: 2636 | P23: =+$N$21-N23 -> 37 | Q23: =VLOOKUP(A23,#REF!,10,0) -> #REF! | S23: =+A23 -> #REF! | T23: =+(E22+2*J23+O23)/4 -> 2739.25
A24: =#REF! -> #REF! | B24: =+A24-$A$21 -> #REF! | C24: =$C$21-F24 -> 1482 | D24: -1821 | E24: 3303 | F24: =+$D$21-D24 -> 68 | G24: =B24 -> #REF! | H24: =$H$21-K24 -> 1457 | I24: -1052 | J24: 2509 | K24: =+$I$21-I24 -> 96 | L24: =B24 -> #REF! | M24: =$M$21-P24 -> 1466 | N24: -1170 | O24: 2636 | P24: =+$N$21-N24 -> 63 | Q24: =VLOOKUP(A24,#REF!,10,0) -> #REF! | S24: =+A24 -> #REF! | T24: =+(E24+2*J24+O24)/4 -> 2739.25
A25: =#REF! -> #REF! | B25: =+A25-$A$21 -> #REF! | C25: =$C$21-F25 -> 1455 | D25: -1848 | E25: 3303 | F25: =+$D$21-D25 -> 95 | G25: =B25 -> #REF! | H25: =$H$21-K25 -> 1422 | I25: -1087 | J25: 2509 | K25: =+$I$21-I25 -> 131 | L25: =B25 -> #REF! | M25: =$M$21-P25 -> 1436 | N25: -1200 | O25: 2636 | P25: =+$N$21-N25 -> 93 | Q25: =VLOOKUP(A25,#REF!,10,0) -> #REF! | S25: =+A25 -> #REF! | T25: =+(E25+2*J25+O25)/4 -> 2739.25
A26: =#REF! -> #REF! | B26: =+A26-$A$21 -> #REF! | C26: =$C$21-F26 -> 1423 | D26: -1880 | E26: 3303 | F26: =+$D$21-D26 -> 127 | G26: =B26 -> #REF! | H26: =$H$21-K26 -> 1383 | I26: -1126 | J26: 2509 | K26: =+$I$21-I26 -> 170 | L26: =B26 -> #REF! | M26: =$M$21-P26 -> 1405 | N26: -1231 | O26: 2636 | P26: =+$N$21-N26 -> 124 | Q26: =VLOOKUP(A26,#REF!,10,0) -> #REF! | S26: =+A26 -> #REF! | T26: =+(E26+2*J26+O26)/4 -> 2739.25
A27: =#REF! -> #REF! | B27: =+A27-$A$21 -> #REF! | C27: =$C$21-F27 -> 1407 | D27: -1896 | E27: 3303 | F27: =+$D$21-D27 -> 143 | G27: =B27 -> #REF! | H27: =$H$21-K27 -> 1361 | I27: -1148 | J27: 2509 | K27: =+$I$21-I27 -> 192 | L27: =B27 -> #REF! | M27: =$M$21-P27 -> 1390 | N27: -1246 | O27: 2636 | P27: =+$N$21-N27 -> 139 | Q27: =VLOOKUP(A27,#REF!,10,0) -> #REF! | S27: =+A27 -> #REF! | T27: =+(#REF!+2*J27+O27)/4 -> #REF!
A28: =#REF! -> #REF! | B28: =+A28-$A$21 -> #REF! | C28: =$C$21-F28 -> 1379 | D28: -1924 | E28: 3303 | F28: =+$D$21-D28 -> 171 | G28: =B28 -> #REF! | H28: =$H$21-K28 -> 1325 | I28: -1184 | J28: 2509 | K28: =+$I$21-I28 -> 228 | L28: =B28 -> #REF! | M28: =$M$21-P28 -> 1387 | N28: -1249 | O28: 2636 | P28: =+$N$21-N28 -> 142 | Q28: =VLOOKUP(A28,#REF!,10,0) -> #REF! | S28: =+A28 -> #REF! | T28: =+(E28+2*J28+O28)/4 -> 2739.25
A29: =#REF! -> #REF! | B29: =+A29-$A$21 -> #REF! | C29: =$C$21-F29 -> 1372 | D29: -1931 | E29: 3303 | F29: =+$D$21-D29 -> 178 | G29: =B29 -> #REF! | H29: =$H$21-K29 -> 1312 | I29: -1197 | J29: 2509 | K29: =+$I$21-I29 -> 241 | L29: =B29 -> #REF! | M29: =$M$21-P29 -> 1378 | N29: -1258 | O29: 2636 | P29: =+$N$21-N29 -> 151 | Q29: =VLOOKUP(A29,#REF!,10,0) -> #REF! | S29: =+A29 -> #REF! | T29: =+(E29+2*J29+O29)/4 -> 2739.25
A30: =#REF! -> #REF! | B30: =+A30-$A$21 -> #REF! | C30: =$C$21-F30 -> 1353 | D30: -1950 | E30: 3303 | F30: =+$D$21-D30 -> 197 | G30: =B30 -> #REF! | H30: =$H$21-K30 -> 1290 | I30: -1219 | J30: 2509 | K30: =+$I$21-I30 -> 263 | L30: =B30 -> #REF! | M30: =$M$21-P30 -> 1357 | N30: -1279 | O30: 2636 | P30: =+$N$21-N30 -> 172 | Q30: =VLOOKUP(A30,#REF!,10,0) -> #REF! | S30: =+A30 -> #REF! | T30: =+(E30+2*J30+O30)/4 -> 2739.25
A31: =#REF! -> #REF! | B31: =+A31-$A$21 -> #REF! | C31: =$C$21-F31 -> 1329 | D31: -1974 | E31: 3303 | F31: =+$D$21-D31 -> 221 | G31: =B31 -> #REF! | H31: =$H$21-K31 -> 1263 | I31: -1246 | J31: 2509 | K31: =+$I$21-I31 -> 290 | L31: =B31 -> #REF! | M31: =$M$21-P31 -> 1317 | N31: -1319 | O31: 2636 | P31: =+$N$21-N31 -> 212 | S31: =+A31 -> #REF! | T31: =+(E31+2*J31+O31)/4 -> 2739.25
A32: =#REF! -> #REF! | B32: =+A32-$A$21 -> #REF! | C32: =$C$21-F32 -> 1307 | D32: -1996 | E32: 3303 | F32: =+$D$21-D32 -> 243 | G32: =B32 -> #REF! | H32: =$H$21-K32 -> 1237 | I32: -1272 | J32: 2509 | K32: =+$I$21-I32 -> 316 | L32: =B32 -> #REF! | M32: =$M$21-P32 -> 1306 | N32: -1330 | O32: 2636 | P32: =+$N$21-N32 -> 223 | S32: =+A32 -> #REF! | T32: =+(E32+2*J32+O32)/4 -> 2739.25
A33: =#REF! -> #REF! | B33: =+A33-$A$21 -> #REF! | C33: =$C$21-F33 -> 1292 | D33: -2011 | E33: 3303 | F33: =+$D$21-D33 -> 258 | G33: =B33 -> #REF! | H33: =$H$21-K33 -> 1218 | I33: -1291 | J33: 2509 | K33: =+$I$21-I33 -> 335 | L33: =B33 -> #REF! | M33: =$M$21-P33 -> 1288 | N33: -1348 | O33: 2636 | P33: =+$N$21-N33 -> 241 | S33: =+A33 -> #REF! | T33: =+(E33+2*J33+O33)/4 -> 2739.25
A34: =#REF! -> #REF! | B34: =+A34-$A$21 -> #REF! | C34: =$C$21-F34 -> 1280 | D34: -2023 | E34: 3303 | F34: =+$D$21-D34 -> 270 | G34: =B34 -> #REF! | H34: =$H$21-K34 -> 1195 | I34: -1314 | J34: 2509 | K34: =+$I$21-I34 -> 358 | L34: =B34 -> #REF! | M34: =$M$21-P34 -> 1267 | N34: -1369 | O34: 2636 | P34: =+$N$21-N34 -> 262 | S34: =+A34 -> #REF! | T34: =+(E34+2*J34+O34)/4 -> 2739.25
A35: =#REF! -> #REF! | B35: =+A35-$A$21 -> #REF! | C35: =$C$21-F35 -> 1271 | D35: -2032 | E35: 3303 | F35: =+$D$21-D35 -> 279 | G35: =B35 -> #REF! | H35: =$H$21-K35 -> 1187 | I35: -1322 | J35: 2509 | K35: =+$I$21-I35 -> 366 | L35: =B35 -> #REF! | M35: =$M$21-P35 -> 1258 | N35: -1378 | O35: 2636 | P35: =+$N$21-N35 -> 271 | S35: =+A35 -> #REF! | T35: =+(E35+2*J35+O35)/4 -> 2739.25
A36: =#REF! -> #REF! | B36: =+A36-$A$21 -> #REF! | C36: =$C$21-F36 -> 1263 | D36: -2040 | E36: 3303 | F36: =+$D$21-D36 -> 287 | G36: =B36 -> #REF! | H36: =$H$21-K36 -> 1178 | I36: -1331 | J36: 2509 | K36: =+$I$21-I36 -> 375 | L36: =B36 -> #REF! | M36: =$M$21-P36 -> 1250 | N36: -1386 | O36: 2636 | P36: =+$N$21-N36 -> 279 | S36: =+A36 -> #REF! | T36: =+(E36+2*J36+O36)/4 -> 2739.25
A37: =#REF! -> #REF! | B37: =+A37-$A$21 -> #REF! | C37: =$C$21-F37 -> 1246 | D37: -2057 | E37: 3303 | F37: =+$D$21-D37 -> 304 | G37: =B37 -> #REF! | H37: =$H$21-K37 -> 1157 | I37: -1352 | J37: 2509 | K37: =+$I$21-I37 -> 396 | L37: =B37 -> #REF! | M37: =$M$21-P37 -> 1235 | N37: -1401 | O37: 2636 | P37: =+$N$21-N37 -> 294 | S37: =+A37 -> #REF! | T37: =+(E37+2*J37+O37)/4 -> 2739.25
A38: =#REF! -> #REF! | B38: =+A38-$A$21 -> #REF! | C38: =$C$21-F38 -> 1225 | D38: -2078 | E38: 3303 | F38: =+$D$21-D38 -> 325 | G38: =B38 -> #REF! | H38: =$H$21-K38 -> 1130 | I38: -1379 | J38: 2509 | K38: =+$I$21-I38 -> 423 | L38: =B38 -> #REF! | M38: =$M$21-P38 -> 1216 | N38: -1420 | O38: 2636 | P38: =+$N$21-N38 -> 313 | S38: =+A38 -> #REF! | T38: =+(E38+2*J38+O38)/4 -> 2739.25
A39: =#REF! -> #REF! | B39: =+A39-$A$21 -> #REF! | C39: =$C$21-F39 -> 1204 | D39: -2099 | E39: 3303 | F39: =+$D$21-D39 -> 346 | G39: =B39 -> #REF! | H39: =$H$21-K39 -> 1114 | I39: -1395 | J39: 2509 | K39: =+$I$21-I39 -> 439 | L39: =B39 -> #REF! | M39: =$M$21-P39 -> 1201 | N39: -1435 | O39: 2636 | P39: =+$N$21-N39 -> 328 | S39: =+A39 -> #REF! | T39: =+(E39+2*J39+O39)/4 -> 2739.25
A40: =#REF! -> #REF! | B40: =+A40-$A$21 -> #REF! | C40: =$C$21-F40 -> 1194 | D40: -2109 | E40: 3303 | F40: =+$D$21-D40 -> 356 | G40: =B40 -> #REF! | H40: =$H$21-K40 -> 1097 | I40: -1412 | J40: 2509 | K40: =+$I$21-I40 -> 456 | L40: =B40 -> #REF! | M40: =$M$21-P40 -> 1189 | N40: -1447 | O40: 2636 | P40: =+$N$21-N40 -> 340 | S40: =+A40 -> #REF! | T40: =+(E40+2*J40+O40)/4 -> 2739.25
A41: =#REF! -> #REF! | B41: =+A41-$A$21 -> #REF! | C41: =$C$21-F41 -> 1181 | D41: -2122 | E41: 3303 | F41: =+$D$21-D41 -> 369 | G41: =B41 -> #REF! | H41: =$H$21-K41 -> 1079 | I41: -1430 | J41: 2509 | K41: =+$I$21-I41 -> 474 | L41: =B41 -> #REF! | M41: =$M$21-P41 -> 1178 | N41: -1458 | O41: 2636 | P41: =+$N$21-N41 -> 351 | S41: =+A41 -> #REF! | T41: =+(E41+2*J41+O41)/4 -> 2739.25
A42: =#REF! -> #REF! | B42: =+A42-$A$21 -> #REF! | C42: =$C$21-F42 -> 1168 | D42: -2135 | E42: 3303 | F42: =+$D$21-D42 -> 382 | G42: =B42 -> #REF! | H42: =$H$21-K42 -> 1063 | I42: -1446 | J42: 2509 | K42: =+$I$21-I42 -> 490 | L42: =B42 -> #REF! | M42: =$M$21-P42 -> 1164 | N42: -1472 | O42: 2636 | P42: =+$N$21-N42 -> 365
A43: =#REF! -> #REF! | B43: =+A43-$A$21 -> #REF! | C43: =$C$21-F43 -> 1147 | D43: -2156 | E43: 3303 | F43: =+$D$21-D43 -> 403 | G43: =B43 -> #REF! | H43: =$H$21-K43 -> 1049 | I43: -1460 | J43: 2509 | K43: =+$I$21-I43 -> 504 | L43: =B43 -> #REF! | M43: =$M$21-P43 -> 1146 | N43: -1490 | O43: 2636 | P43: =+$N$21-N43 -> 383 | S43: =+A43 -> #REF! | T43: =+(E43+2*J43+O43)/4 -> 2739.25
A44: =#REF! -> #REF! | B44: =+A44-$A$21 -> #REF! | C44: =$C$21-F44 -> 1143 | D44: -2160 | E44: 3303 | F44: =+$D$21-D44 -> 407 | G44: =B44 -> #REF! | H44: =$H$21-K44 -> 1030 | I44: -1479 | J44: 2509 | K44: =+$I$21-I44 -> 523 | L44: =B44 -> #REF! | M44: =$M$21-P44 -> 1132 | N44: -1504 | O44: 2636 | P44: =+$N$21-N44 -> 397 | S44: =+A44 -> #REF! | T44: =+(E44+2*J44+O44)/4 -> 2739.25
A45: =#REF! -> #REF! | B45: =+A45-$A$21 -> #REF! | C45: =$C$21-F45 -> 1140 | D45: -2163 | E45: 3303 | F45: =+$D$21-D45 -> 410 | G45: =B45 -> #REF! | H45: =$H$21-K45 -> 1027 | I45: -1482 | J45: 2509 | K45: =+$I$21-I45 -> 526 | L45: =B45 -> #REF! | M45: =$M$21-P45 -> 1130 | N45: -1506 | O45: 2636 | P45: =+$N$21-N45 -> 399 | S45: =+A45 -> #REF! | T45: =+(E45+2*J45+O45)/4 -> 2739.25
A46: =#REF! -> #REF! | B46: =+A46-$A$21 -> #REF! | C46: =$C$21-F46 -> 1138 | D46: -2165 | E46: 3303 | F46: =+$D$21-D46 -> 412 | G46: =B46 -> #REF! | H46: =$H$21-K46 -> 1024 | I46: -1485 | J46: 2509 | K46: =+$I$21-I46 -> 529 | L46: =B46 -> #REF! | M46: =$M$21-P46 -> 1128 | N46: -1508 | O46: 2636 | P46: =+$N$21-N46 -> 401 | S46: =+A46 -> #REF! | T46: =+(E46+2*J46+O46)/4 -> 2739.25
A47: =#REF! -> #REF! | B47: =+A47-$A$21 -> #REF! | C47: =$C$21-F47 -> 1135 | D47: -2168 | E47: 3303 | F47: =+$D$21-D47 -> 415 | G47: =B47 -> #REF! | H47: =$H$21-K47 -> 1020 | I47: -1489 | J47: 2509 | K47: =+$I$21-I47 -> 533 | L47: =B47 -> #REF! | M47: =$M$21-P47 -> 1127 | N47: -1509 | O47: 2636 | P47: =+$N$21-N47 -> 402 | S47: =+A47 -> #REF! | T47: =+(E47+2*J47+O47)/4 -> 2739.25
A48: =#REF! -> #REF! | B48: =+A48-$A$21 -> #REF! | C48: =$C$21-F48 -> 1130 | D48: -2173 | E48: 3303 | F48: =+$D$21-D48 -> 420 | G48: =B48 -> #REF! | H48: =$H$21-K48 -> 1014 | I48: -1495 | J48: 2509 | K48: =+$I$21-I48 -> 539 | L48: =B48 -> #REF! | M48: =$M$21-P48 -> 1121 | N48: -1515 | O48: 2636 | P48: =+$N$21-N48 -> 408 | S48: =+A48 -> #REF! | T48: =+(E48+2*J48+O48)/4 -> 2739.25
A49: =#REF! -> #REF! | B49: =+A49-$A$21 -> #REF! | C49: =$C$21-F49 -> 1125 | D49: -2178 | E49: 3303 | F49: =+$D$21-D49 -> 425 | G49: =B49 -> #REF! | H49: =$H$21-K49 -> 1009 | I49: -1500 | J49: 2509 | K49: =+$I$21-I49 -> 544 | L49: =B49 -> #REF! | M49: =$M$21-P49 -> 1114 | N49: -1522 | O49: 2636 | P49: =+$N$21-N49 -> 415 | S49: =+A49 -> #REF! | T49: =+(E49+2*J49+O49)/4 -> 2739.25
A50: =#REF! -> #REF! | B50: =+A50-$A$21 -> #REF! | C50: =$C$21-F50 -> 1118 | D50: -2185 | E50: 3303 | F50: =+$D$21-D50 -> 432 | G50: =B50 -> #REF! | H50: =$H$21-K50 -> 999 | I50: -1510 | J50: 2509 | K50: =+$I$21-I50 -> 554 | L50: =B50 -> #REF! | M50: =$M$21-P50 -> 1109 | N50: -1527 | O50: 2636 | P50: =+$N$21-N50 -> 420 | S50: =+A50 -> #REF! | T50: =+(E50+2*J50+O50)/4 -> 2739.25
A51: =#REF! -> #REF! | B51: =+A51-$A$21 -> #REF! | C51: =$C$21-F51 -> 1113 | D51: -2190 | E51: 3303 | F51: =+$D$21-D51 -> 437 | G51: =B51 -> #REF! | H51: =$H$21-K51 -> 989 | I51: -1520 | J51: 2509 | K51: =+$I$21-I51 -> 564 | L51: =B51 -> #REF! | M51: =$M$21-P51 -> 1102 | N51: -1534 | O51: 2636 | P51: =+$N$21-N51 -> 427 | S51: =+A51 -> #REF! | T51: =+(E51+2*J51+O51)/4 -> 2739.25
A52: =#REF! -> #REF! | B52: =+A52-$A$21 -> #REF! | C52: =$C$21-F52 -> 1105 | D52: -2198 | E52: 3303 | F52: =+$D$21-D52 -> 445 | G52: =B52 -> #REF! | H52: =$H$21-K52 -> 983 | I52: -1526 | J52: 2509 | K52: =+$I$21-I52 -> 570 | L52: =B52 -> #REF! | M52: =$M$21-P52 -> 1098 | N52: -1538 | O52: 2636 | P52: =+$N$21-N52 -> 431 | S52: =+A52 -> #REF! | T52: =+(E52+2*J52+O52)/4 -> 2739.25
A53: =#REF! -> #REF! | B53: =+A53-$A$21 -> #REF! | C53: =$C$21-F53 -> 1103 | D53: -2200 | E53: 3303 | F53: =+$D$21-D53 -> 447 | G53: =B53 -> #REF! | H53: =$H$21-K53 -> 974 | I53: -1535 | J53: 2509 | K53: =+$I$21-I53 -> 579 | L53: =B53 -> #REF! | M53: =$M$21-P53 -> 1090 | N53: -1546 | O53: 2636 | P53: =+$N$21-N53 -> 439 | S53: =+A53 -> #REF! | T53: =+(E53+2*J53+O53)/4 -> 2739.25
A54: =#REF! -> #REF! | B54: =+A54-$A$21 -> #REF! | C54: =$C$21-F54 -> 1100 | D54: -2203 | E54: 3303 | F54: =+$D$21-D54 -> 450 | G54: =B54 -> #REF! | H54: =$H$21-K54 -> 965 | I54: -1544 | J54: 2509 | K54: =+$I$21-I54 -> 588 | L54: =B54 -> #REF! | M54: =$M$21-P54 -> 1082 | N54: -1554 | O54: 2636 | P54: =+$N$21-N54 -> 447 | S54: =+A54 -> #REF! | T54: =+(E54+2*J54+O54)/4 -> 2739.25
... A66: =#REF! -> #REF! | B66: =+A66-$A$21 -> #REF! | C66: =$C$21-F66 -> 1027 | D66: -2276 | E66: 3303 | F66: =+$D$21-D66 -> 523 | G66: =B66 -> #REF! | H66: =$H$21-K66 -> 868 | I66: -1641 | J66: 2509 | K66: =+$I$21-I66 -> 685 | L66: =B66 -> #REF! | M66: =$M$21-P66 -> 997 | N66: -1639 | O66: 2636 | P66: =+$N$21-N66 -> 532 | S66: =+A66 -> #REF! | T66: =+(E66+2*J66+O66)/4 -> 2739.25
A67: =#REF! -> #REF! | B67: =+A67-$A$21 -> #REF! | C67: =$C$21-F67 -> 1013 | D67: -2290 | E67: 3303 | F67: =+$D$21-D67 -> 537 | G67: =B67 -> #REF! | H67: =$H$21-K67 -> 861 | I67: -1648 | J67: 2509 | K67: =+$I$21-I67 -> 692 | L67: =B67 -> #REF! | M67: =$M$21-P67 -> 994 | N67: -1642 | O67: 2636 | P67: =+$N$21-N67 -> 535
A68: =#REF! -> #REF! | B68: =+A68-$A$21 -> #REF! | C68: =$C$21-F68 -> 1000 | D68: -2303 | E68: 3303 | F68: =+$D$21-D68 -> 550 | G68: =B68 -> #REF! | H68: =$H$21-K68 -> 855 | I68: -1654 | J68: 2509 | K68: =+$I$21-I68 -> 698 | L68: =B68 -> #REF! | M68: =$M$21-P68 -> 991 | N68: -1645 | O68: 2636 | P68: =+$N$21-N68 -> 538 | S68: =+A68 -> #REF! | T68: =+(E68+2*J68+O68)/4 -> 2739.25
A69: =#REF! -> #REF! | B69: =+A69-$A$21 -> #REF! | C69: =$C$21-F69 -> 990 | D69: -2313 | E69: 3303 | F69: =+$D$21-D69 -> 560 | G69: =B69 -> #REF! | H69: =$H$21-K69 -> 851 | I69: -1658 | J69: 2509 | K69: =+$I$21-I69 -> 702 | L69: =B69 -> #REF! | M69: =$M$21-P69 -> 988 | N69: -1648 | O69: 2636 | P69: =+$N$21-N69 -> 541 | S69: =+A69 -> #REF! | T69: =+(E72+2*J69+O69)/4 -> 2739.25
A70: =#REF! -> #REF! | B70: =+A70-$A$21 -> #REF! | C70: =$C$21-F70 -> 980 | D70: -2323 | E70: 3303 | F70: =+$D$21-D70 -> 570 | G70: =B70 -> #REF! | H70: =$H$21-K70 -> 840 | I70: -1669 | J70: 2509 | K70: =+$I$21-I70 -> 713 | L70: =B70 -> #REF! | M70: =$M$21-P70 -> 979 | N70: -1657 | O70: 2636 | P70: =+$N$21-N70 -> 550 | S70: =+A70 -> #REF! | T70: =+(E70+2*J70+O70)/4 -> 2739.25
A71: =#REF! -> #REF! | B71: =+A71-$A$21 -> #REF! | C71: =$C$21-F71 -> 970 | D71: -2333 | E71: 3303 | F71: =+$D$21-D71 -> 580 | G71: =B71 -> #REF! | H71: =$H$21-K71 -> 830 | I71: -1679 | J71: 2509 | K71: =+$I$21-I71 -> 723 | L71: =B71 -> #REF! | M71: =$M$21-P71 -> 969 | N71: -1667 | O71: 2636 | P71: =+$N$21-N71 -> 560 | S71: =+A71 -> #REF! | T71: =+(E71+2*J71+O71)/4 -> 2739.25
A72: =#REF! -> #REF! | B72: =+A72-$A$21 -> #REF! | C72: =$C$21-F72 -> 960 | D72: -2343 | E72: 3303 | F72: =+$D$21-D72 -> 590 | G72: =B72 -> #REF! | H72: =$H$21-K72 -> 820 | I72: -1689 | J72: 2509 | K72: =+$I$21-I72 -> 733 | L72: =B72 -> #REF! | M72: =$M$21-P72 -> 958 | N72: -1678 | O72: 2636 | P72: =+$N$21-N72 -> 571 | S72: =+A72 -> #REF! | T72: =+(#REF!+2*J72+O72)/4 -> #REF!
A73: =#REF! -> #REF! | B73: =+A73-$A$21 -> #REF! | C73: =$C$21-F73 -> 956 | D73: -2347 | E73: 3303 | F73: =+$D$21-D73 -> 594 | G73: =B73 -> #REF! | H73: =$H$21-K73 -> 815 | I73: -1694 | J73: 2509 | K73: =+$I$21-I73 -> 738 | L73: =B73 -> #REF! | M73: =$M$21-P73 -> 952 | N73: -1684 | O73: 2636 | P73: =+$N$21-N73 -> 577 | S73: =+A73 -> #REF! | T73: =+(E73+2*J73+O73)/4 -> 2739.25
A74: =#REF! -> #REF! | B74: =+A74-$A$21 -> #REF! | C74: =$C$21-F74 -> 953 | D74: -2350 | E74: 3303 | F74: =+$D$21-D74 -> 597 | G74: =B74 -> #REF! | H74: =$H$21-K74 -> 810 | I74: -1699 | J74: 2509 | K74: =+$I$21-I74 -> 743 | L74: =B74 -> #REF! | M74: =$M$21-P74 -> 947 | N74: -1689 | O74: 2636 | P74: =+$N$21-N74 -> 582 | S74: =+A74 -> #REF! | T74: =+(E74+2*J74+O74)/4 -> 2739.25
A75: =#REF! -> #REF! | B75: =+A75-$A$21 -> #REF! | C75: =$C$21-F75 -> 950 | D75: -2353 | E75: 3303 | F75: =+$D$21-D75 -> 600 | G75: =B75 -> #REF! | H75: =$H$21-K75 -> 805 | I75: -1704 | J75: 2509 | K75: =+$I$21-I75 -> 748 | L75: =B75 -> #REF! | M75: =$M$21-P75 -> 942 | N75: -1694 | O75: 2636 | P75: =+$N$21-N75 -> 587 | S75: =+A75 -> #REF! | T75: =+(E75+2*J75+O75)/4 -> 2739.25
A76: =#REF! -> #REF! | B76: =+A76-$A$21 -> #REF! | C76: =$C$21-F76 -> 946 | D76: -2357 | E76: 3303 | F76: =+$D$21-D76 -> 604 | G76: =B76 -> #REF! | H76: =$H$21-K76 -> 803 | I76: -1706 | J76: 2509 | K76: =+$I$21-I76 -> 750 | L76: =B76 -> #REF! | M76: =$M$21-P76 -> 940 | N76: -1696 | O76: 2636 | P76: =+$N$21-N76 -> 589 | S76: =+A76 -> #REF! | T76: =+(E76+2*J76+O76)/4 -> 2739.25
A77: =#REF! -> #REF! | B77: =+A77-$A$21 -> #REF! | C77: =$C$21-F77 -> 943 | D77: -2360 | E77: 3303 | F77: =+$D$21-D77 -> 607 | G77: =B77 -> #REF! | H77: =$H$21-K77 -> 801 | I77: -1708 | J77: 2509 | K77: =+$I$21-I77 -> 752 | L77: =B77 -> #REF! | M77: =$M$21-P77 -> 938 | N77: -1698 | O77: 2636 | P77: =+$N$21-N77 -> 591 | S77: =+A77 -> #REF! | T77: =+(E77+2*J77+O77)/4 -> 2739.25
A78: =#REF! -> #REF! | B78: =+A78-$A$21 -> #REF! | C78: =$C$21-F78 -> 940 | D78: -2363 | E78: 3303 | F78: =+$D$21-D78 -> 610 | G78: =B78 -> #REF! | H78: =$H$21-K78 -> 800 | I78: -1709 | J78: 2509 | K78: =+$I$21-I78 -> 753 | L78: =B78 -> #REF! | M78: =$M$21-P78 -> 937 | N78: -1699 | O78: 2636 | P78: =+$N$21-N78 -> 592 | S78: =+A78 -> #REF! | T78: =+(E78+2*J78+O78)/4 -> 2739.25
A79: 45709 | B79: =+A79-$A$21 -> #REF! | C79: =$C$21-F79 -> 937 | D79: -2366 | E79: 3303 | F79: =+$D$21-D79 -> 613 | G79: =B79 -> #REF! | H79: =$H$21-K79 -> 799 | I79: -1710 | J79: 2509 | K79: =+$I$21-I79 -> 754 | L79: =B79 -> #REF! | M79: =$M$21-P79 -> 935 | N79: -1701 | O79: 2636 | P79: =+$N$21-N79 -> 594 | S79: =+A79 -> 45709 | T79: =+(E79+2*J79+O79)/4 -> 2739.25
A80: 45710 | B80: =+A80-$A$21 -> #REF! | C80: =$C$21-F80 -> 934 | D80: -2369 | E80: 3303 | F80: =+$D$21-D80 -> 616 | G80: =B80 -> #REF! | H80: =$H$21-K80 -> 798 | I80: -1711 | J80: 2509 | K80: =+$I$21-I80 -> 755 | L80: =B80 -> #REF! | M80: =$M$21-P80 -> 933 | N80: -1703 | O80: 2636 | P80: =+$N$21-N80 -> 596 | S80: =+A80 -> 45710 | T80: =+(E80+2*J80+O80)/4 -> 2739.25
A81: 45711 | B81: =+A81-$A$21 -> #REF! | C81: =$C$21-F81 -> 928 | D81: -2375 | E81: 3303 | F81: =+$D$21-D81 -> 622 | G81: =B81 -> #REF! | H81: =$H$21-K81 -> 787 | I81: -1722 | J81: 2509 | K81: =+$I$21-I81 -> 766 | L81: =B81 -> #REF! | M81: =$M$21-P81 -> 929 | N81: -1707 | O81: 2636 | P81: =+$N$21-N81 -> 600 | S81: =+A81 -> 45711 | T81: =+(E81+2*J81+O81)/4 -> 2739.25
A82: 45712 | B82: =+A82-$A$21 -> #REF! | C82: =$C$21-F82 -> 923 | D82: -2380 | E82: 3303 | F82: =+$D$21-D82 -> 627 | G82: =B82 -> #REF! | H82: =$H$21-K82 -> 776 | I82: -1733 | J82: 2509 | K82: =+$I$21-I82 -> 777 | L82: =B82 -> #REF! | M82: =$M$21-P82 -> 922 | N82: -1714 | O82: 2636 | P82: =+$N$21-N82 -> 607 | S82: =+A82 -> 45712 | T82: =+(E82+2*J82+O82)/4 -> 2739.25
A83: 45713 | B83: =+A83-$A$21 -> #REF! | C83: =$C$21-F83 -> 910 | D83: -2393 | E83: 3303 | F83: =+$D$21-D83 -> 640 | G83: =B83 -> #REF! | H83: =$H$21-K83 -> 765 | I83: -1744 | J83: 2509 | K83: =+$I$21-I83 -> 788 | L83: =B83 -> #REF! | M83: =$M$21-P83 -> 913 | N83: -1723 | O83: 2636 | P83: =+$N$21-N83 -> 616 | S83: =+A83 -> 45713 | T83: =+(E83+2*J83+O83)/4 -> 2739.25
A84: 45714 | B84: =+A84-$A$21 -> #REF! | C84: =$C$21-F84 -> 903 | D84: -2400 | E84: 3303 | F84: =+$D$21-D84 -> 647 | G84: =B84 -> #REF! | H84: =$H$21-K84 -> 756 | I84: -1753 | J84: 2509 | K84: =+$I$21-I84 -> 797 | L84: =B84 -> #REF! | M84: =$M$21-P84 -> 905 | N84: -1731 | O84: 2636 | P84: =+$N$21-N84 -> 624 | S84: =+A84 -> 45714 | T84: =+(E84+2*J84+O84)/4 -> 2739.25
A85: 45715 | B85: =+A85-$A$21 -> #REF! | C85: =$C$21-F85 -> 897 | D85: -2406 | E85: 3303 | F85: =+$D$21-D85 -> 653 | G85: =B85 -> #REF! | H85: =$H$21-K85 -> 747 | I85: -1762 | J85: 2509 | K85: =+$I$21-I85 -> 806 | L85: =B85 -> #REF! | M85: =$M$21-P85 -> 897 | N85: -1739 | O85: 2636 | P85: =+$N$21-N85 -> 632 | S85: =+A85 -> 45715 | T85: =+(E85+2*J85+O85)/4 -> 2739.25
A86: 45716 | B86: =+A86-$A$21 -> #REF! | C86: =$C$21-F86 -> 891 | D86: -2412 | E86: 3303 | F86: =+$D$21-D86 -> 659 | G86: =B86 -> #REF! | H86: =$H$21-K86 -> 741 | I86: -1768 | J86: 2509 | K86: =+$I$21-I86 -> 812 | L86: =B86 -> #REF! | M86: =$M$21-P86 -> 891 | N86: -1745 | O86: 2636 | P86: =+$N$21-N86 -> 638 | S86: =+A86 -> 45716 | T86: =+(E86+2*J86+O86)/4 -> 2739.25
A87: 45717 | B87: =+A87-$A$21 -> #REF! | C87: =$C$21-F87 -> 885 | D87: -2418 | E87: 3303 | F87: =+$D$21-D87 -> 665 | G87: =B87 -> #REF! | H87: =$H$21-K87 -> 735 | I87: -1774 | J87: 2509 | K87: =+$I$21-I87 -> 818 | L87: =B87 -> #REF! | M87: =$M$21-P87 -> 887 | N87: -1749 | O87: 2636 | P87: =+$N$21-N87 -> 642 | S87: =+A87 -> 45717 | T87: =+(E87+2*J87+O87)/4 -> 2739.25
A88: 45718 | B88: =+A88-$A$21 -> #REF! | C88: =$C$21-F88 -> 879 | D88: -2424 | E88: 3303 | F88: =+$D$21-D88 -> 671 | G88: =B88 -> #REF! | H88: =$H$21-K88 -> 721 | I88: -1788 | J88: 2509 | K88: =+$I$21-I88 -> 832 | L88: =B88 -> #REF! | M88: =$M$21-P88 -> 877 | N88: -1759 | O88: 2636 | P88: =+$N$21-N88 -> 652 | S88: =+A88 -> 45718 | T88: =+(E88+2*J88+O88)/4 -> 2739.25
A89: 45719 | B89: =+A89-$A$21 -> #REF! | C89: =$C$21-F89 -> 873 | D89: -2430 | E89: 3303 | F89: =+$D$21-D89 -> 677 | G89: =B89 -> #REF! | H89: =$H$21-K89 -> 716 | I89: -1793 | J89: 2509 | K89: =+$I$21-I89 -> 837 | L89: =B89 -> #REF! | M89: =$M$21-P89 -> 874 | N89: -1762 | O89: 2636 | P89: =+$N$21-N89 -> 655 | S89: =+A89 -> 45719 | T89: =+(E89+2*J89+O89)/4 -> 2739.25
A90: 45720 | B90: =+A90-$A$21 -> #REF! | C90: =$C$21-F90 -> 870 | D90: -2433 | E90: 3303 | F90: =+$D$21-D90 -> 680 | G90: =B90 -> #REF! | H90: =$H$21-K90 -> 714 | I90: -1795 | J90: 2509 | K90: =+$I$21-I90 -> 839 | L90: =B90 -> #REF! | M90: =$M$21-P90 -> 870 | N90: -1766 | O90: 2636 | P90: =+$N$21-N90 -> 659 | S90: =+A90 -> 45720 | T90: =+(E90+2*J90+O90)/4 -> 2739.25
... A100: 45730 | B100: =+A100-$A$21 -> #REF! | C100: =$C$21-F100 -> 810 | D100: -2493 | E100: 3303 | F100: =+$D$21-D100 -> 740 | G100: =B100 -> #REF! | H100: =$H$21-K100 -> 645 | I100: -1864 | J100: 2509 | K100: =+$I$21-I100 -> 908 | L100: =B100 -> #REF! | M100: =$M$21-P100 -> 805 | N100: -1831 | O100: 2636 | P100: =+$N$21-N100 -> 724 | S100: =+A100 -> 45730 | T100: =+(E100+2*J100+O100)/4 -> 2739.25
A101: 45731 | B101: =+A101-$A$21 -> #REF! | C101: =$C$21-F101 -> 803 | D101: -2500 | E101: 3303 | F101: =+$D$21-D101 -> 747 | G101: =B101 -> #REF! | H101: =$H$21-K101 -> 643 | I101: -1866 | J101: 2509 | K101: =+$I$21-I101 -> 910 | L101: =B101 -> #REF! | M101: =$M$21-P101 -> 800 | N101: -1836 | O101: 2636 | P101: =+$N$21-N101 -> 729
A102: 45732 | B102: =+A102-$A$21 -> #REF! | C102: =$C$21-F102 -> 799 | D102: -2504 | E102: 3303 | F102: =+$D$21-D102 -> 751 | G102: =B102 -> #REF! | H102: =$H$21-K102 -> 635 | I102: -1874 | J102: 2509 | K102: =+$I$21-I102 -> 918 | L102: =B102 -> #REF! | M102: =$M$21-P102 -> 794 | N102: -1842 | O102: 2636 | P102: =+$N$21-N102 -> 735
A103: 45733 | B103: =+A103-$A$21 -> #REF! | C103: =$C$21-F103 -> 795 | D103: -2508 | E103: 3303 | F103: =+$D$21-D103 -> 755 | G103: =B103 -> #REF! | H103: =$H$21-K103 -> 627 | I103: -1882 | J103: 2509 | K103: =+$I$21-I103 -> 926 | L103: =B103 -> #REF! | M103: =$M$21-P103 -> 787 | N103: -1849 | O103: 2636 | P103: =+$N$21-N103 -> 742
A104: 45734 | B104: =+A104-$A$21 -> #REF! | C104: =$C$21-F104 -> 791 | D104: -2512 | E104: 3303 | F104: =+$D$21-D104 -> 759 | G104: =B104 -> #REF! | H104: =$H$21-K104 -> 618 | I104: -1891 | J104: 2509 | K104: =+$I$21-I104 -> 935 | L104: =B104 -> #REF! | M104: =$M$21-P104 -> 780 | N104: -1856 | O104: 2636 | P104: =+$N$21-N104 -> 749
A105: 45735 | B105: =+A105-$A$21 -> #REF! | C105: =$C$21-F105 -> 791 | D105: -2512 | E105: 3303 | F105: =+$D$21-D105 -> 759 | G105: =B105 -> #REF! | H105: =$H$21-K105 -> 618 | I105: -1891 | J105: 2509 | K105: =+$I$21-I105 -> 935 | L105: =B105 -> #REF! | M105: =$M$21-P105 -> 780 | N105: -1856 | O105: 2636 | P105: =+$N$21-N105 -> 749
A106: 45736 | B106: =+A106-$A$21 -> #REF! | C106: =$C$21-F106 -> 791 | D106: -2512 | E106: 3303 | F106: =+$D$21-D106 -> 759 | G106: =B106 -> #REF! | H106: =$H$21-K106 -> 618 | I106: -1891 | J106: 2509 | K106: =+$I$21-I106 -> 935 | L106: =B106 -> #REF! | M106: =$M$21-P106 -> 780 | N106: -1856 | O106: 2636 | P106: =+$N$21-N106 -> 749
A107: 45737 | B107: =+A107-$A$21 -> #REF! | C107: =$C$21-F107 -> 789 | D107: -2514 | E107: 3303 | F107: =+$D$21-D107 -> 761 | G107: =B107 -> #REF! | H107: =$H$21-K107 -> 609 | I107: -1900 | J107: 2509 | K107: =+$I$21-I107 -> 944 | L107: =B107 -> #REF! | M107: =$M$21-P107 -> 775 | N107: -1861 | O107: 2636 | P107: =+$N$21-N107 -> 754
A108: 45738 | B108: =+A108-$A$21 -> #REF! | C108: =$C$21-F108 -> 782 | D108: -2521 | E108: 3303 | F108: =+$D$21-D108 -> 768 | G108: =B108 -> #REF! | H108: =$H$21-K108 -> 601 | I108: -1908 | J108: 2509 | K108: =+$I$21-I108 -> 952 | L108: =B108 -> #REF! | M108: =$M$21-P108 -> 771 | N108: -1865 | O108: 2636 | P108: =+$N$21-N108 -> 758
A109: 45739 | B109: =+A109-$A$21 -> #REF! | C109: =$C$21-F109 -> 773 | D109: -2530 | E109: 3303 | F109: =+$D$21-D109 -> 777 | G109: =B109 -> #REF! | H109: =$H$21-K109 -> 593 | I109: -1916 | J109: 2509 | K109: =+$I$21-I109 -> 960 | L109: =B109 -> #REF! | M109: =$M$21-P109 -> 765 | N109: -1871 | O109: 2636 | P109: =+$N$21-N109 -> 764
A110: 45740 | B110: =+A110-$A$21 -> #REF! | C110: =$C$21-F110 -> 770 | D110: -2533 | E110: 3303 | F110: =+$D$21-D110 -> 780 | G110: =B110 -> #REF! | H110: =$H$21-K110 -> 590 | I110: -1919 | J110: 2509 | K110: =+$I$21-I110 -> 963 | L110: =B110 -> #REF! | M110: =$M$21-P110 -> 760 | N110: -1876 | O110: 2636 | P110: =+$N$21-N110 -> 769
A111: 45741 | B111: =+A111-$A$21 -> #REF! | C111: =$C$21-F111 -> 767 | D111: -2536 | E111: 3303 | F111: =+$D$21-D111 -> 783 | G111: =B111 -> #REF! | H111: =$H$21-K111 -> 586 | I111: -1923 | J111: 2509 | K111: =+$I$21-I111 -> 967 | L111: =B111 -> #REF! | M111: =$M$21-P111 -> 754 | N111: -1882 | O111: 2636 | P111: =+$N$21-N111 -> 775
A112: 45742 | B112: =+A112-$A$21 -> #REF! | C112: =$C$21-F112 -> 762 | D112: -2541 | E112: 3303 | F112: =+$D$21-D112 -> 788 | G112: =B112 -> #REF! | H112: =$H$21-K112 -> 582 | I112: -1927 | J112: 2509 | K112: =+$I$21-I112 -> 971 | L112: =B112 -> #REF! | M112: =$M$21-P112 -> 751 | N112: -1885 | O112: 2636 | P112: =+$N$21-N112 -> 778
... A204: 45834 | B204: =+A204-$A$21 -> #REF! | C204: =$C$21-F204 -> 513 | D204: -2790 | E204: 3303 | F204: =+$D$21-D204 -> 1037 | G204: =B204 -> #REF! | H204: =$H$21-K204 -> 294 | I204: -2215 | J204: 2509 | K204: =+$I$21-I204 -> 1259 | L204: =B204 -> #REF! | M204: =$M$21-P204 -> 494 | N204: -2142 | O204: 2636 | P204: =+$N$21-N204 -> 1035
A205: 45835 | B205: =+A205-$A$21 -> #REF! | C205: 1392 | D205: -2793 | E205: 3303 | F205: =+$D$21-D205 -> 1040 | G205: =B205 -> #REF! | H205: 1407 | I205: -2218 | J205: 2509 | K205: =+$I$21-I205 -> 1262 | L205: =B205 -> #REF! | M205: 1332 | N205: -2144 | O205: 2636 | P205: =+$N$21-N205 -> 1037

Sheet QTL-Km118+990,00
A1: DỰ ÁN THÀNH PHẦN ĐOẠN HẬU GIANG - CÀ MAU
A2: THUỘC DỰ ÁN XÂY DỰNG CÔNG TRÌNH ĐƯỜNG BỘ CAO TỐC BẮC - NAM PHÍA ĐÔNG GIAI ĐOẠN 2021 - 2025
A3: =UPPER("GÓI THẦU XL03 :Thi Công Xây Dựng Đoạn Tuyến Km114+200 - Km126+223 Bao Gồm Tuyến Nối Nút Giao IC12 Với QL1 (bao gồm khảo sát, thiết kế BVTC)") -> GÓI THẦU XL03 :THI CÔNG XÂY DỰNG ĐOẠN TUYẾN KM114+200 - KM126+223 BAO GỒM TUYẾN NỐI NÚT GIAO IC12 VỚI QL1 (BAO GỒM KHẢO SÁT, THIẾT KẾ BVTC)
A4: CHỦ ĐẦU TƯ | M4: NHÀ THẦU
A5: BAN QUẢN LÝ DỰ ÁN MỸ THUẬN | M5: LIÊN DANH CC1 - HẢI ĐĂNG - VẠN CƯỜNG - 492 - BẮC TRUNG NAM
A7: BẢNG SỐ LIỆU QUAN TRẮC THIẾT BỊ ĐO LÚN MẶT
A8: I. SỐ ĐỌC BAN ĐẦU
A9: Vùng (Đường) | B9: Bàn quan trắc lún | D9: Ngày lắp đặt | F9: =+"Cao trình nghiệm thu [m] ("&TEXT(A21,"dd/mm/yy")&")" -> #REF! | L9: Tọa độ | P9: Mốc tọa độ tham chiếu
F10: Cao trình MĐTN | G10: Cao trình đắp | I10: Cao trình đỉnh ống | K10: Cao trình tấm đế | L10: X [m] | N10: Y [m] | S10: Chuẩn | T10: GĐ1
A11: VÙNG 2A (ĐƯỜNG N1) | B11: SSP2-4 | P11: CS3 | S11: 1 | T11: 1
B12: SSP2-5 | P12: Tọa độ [m]
B13: SSP2-6
A15: II. SỐ LIỆU QUAN TRẮC
A16: Ngày quan trắc | B16: ĐỘ LÚN TRÁI | G16: ĐỘ LÚN TIM | L16: ĐỘ LÚN PHẢI | Q16: Áp Đ.hồ Pvac | R16: Ghi chú
B17: Thời gian tích lũy | C17: Cao độ đắp | D17: Cao độ bàn đo lún | E17: Chiều cao đắp | F17: Độ lún | G17: Thời gian tích lũy | H17: Cao độ đắp | I17: Cao độ bàn đo lún | J17: Chiều cao đắp | K17: Độ lún | L17: Thời gian tích lũy | M17: Cao độ đắp | N17: Cao độ bàn đo lún | O17: Chiều cao đắp | P17: Độ lún
B19: [Ngày] | C19: [mm] | D19: [m.m] | E19: [mm] | F19: [m.m] | G19: [Ngày] | H19: [mm] | I19: [m.m] | J19: [mm] | K19: [m.m] | L19: [Ngày] | M19: [mm] | N19: [m.m] | O19: [mm] | P19: [m.m] | Q19: [kPa]
A20: 1 | B20: =+A20+1 -> 2 | C20: =+B20+1 -> 3 | D20: =+C20+1 -> 4 | E20: =+D20+1 -> 5 | F20: =+E20+1 -> 6 | G20: =+F20+1 -> 7 | H20: =+G20+1 -> 8 | I20: =+H20+1 -> 9 | ... T20: =+S20+1 -> 20
A21: ='QTL-Km118+890,00'!A21 -> #REF! | B21: ='QTL-Km118+890,00'!B21 -> #REF! | C21: 1565 | D21: -756 | E21: 2.371 | F21: 0 | G21: ='QTL-Km118+890,00'!G21 -> #REF! | H21: 1600 | I21: -746 | J21: 2.396 | K21: 0 | L21: ='QTL-Km118+890,00'!L21 -> #REF! | M21: 1572 | N21: -1436 | O21: 3.008 | P21: 0 | Q21: =VLOOKUP(A21,#REF!,10,0) -> #REF! | S21: =+A21 -> #REF! | T21: =+(#REF!+2*J21+O21)/4 -> #REF!
A22: ='QTL-Km118+890,00'!A22 -> #REF! | B22: ='QTL-Km118+890,00'!B22 -> #REF! | C22: =$C$21-F22 -> 1552 | D22: -769 | E22: 2.371 | F22: =+$D$21-D22 -> 13 | G22: ='QTL-Km118+890,00'!G22 -> #REF! | H22: =$H$21-K22 -> 1573 | I22: -773 | J22: 2.396 | K22: =+$I$21-I22 -> 27 | L22: ='QTL-Km118+890,00'!L22 -> #REF! | M22: =$M$21-P22 -> 1562 | N22: -1446 | O22: 3.008 | P22: =+$N$21-N22 -> 10 | Q22: =VLOOKUP(A22,#REF!,10,0) -> #REF! | S22: =+A22 -> #REF! | T22: =+(E22+2*J22+O22)/4 -> 2.54275
A23: ='QTL-Km118+890,00'!A23 -> #REF! | B23: ='QTL-Km118+890,00'!B23 -> #REF! | C23: =$C$21-F23 -> 1528 | D23: -793 | E23: 2.371 | F23: =+$D$21-D23 -> 37 | G23: ='QTL-Km118+890,00'!G23 -> #REF! | H23: =$H$21-K23 -> 1556 | I23: -790 | J23: 2.396 | K23: =+$I$21-I23 -> 44 | L23: ='QTL-Km118+890,00'!L23 -> #REF! | M23: =$M$21-P23 -> 1548 | N23: -1460 | O23: 3.008 | P23: =+$N$21-N23 -> 24 | Q23: =VLOOKUP(A23,#REF!,10,0) -> #REF! | S23: =+A23 -> #REF! | T23: =+(E23+2*J23+O23)/4 -> 2.54275
A24: ='QTL-Km118+890,00'!A24 -> #REF! | B24: ='QTL-Km118+890,00'!B24 -> #REF! | C24: =$C$21-F24 -> 1493 | D24: -828 | E24: 2.371 | F24: =+$D$21-D24 -> 72 | G24: ='QTL-Km118+890,00'!G24 -> #REF! | H24: =$H$21-K24 -> 1511 | I24: -835 | J24: 2.396 | K24: =+$I$21-I24 -> 89 | L24: ='QTL-Km118+890,00'!L24 -> #REF! | M24: =$M$21-P24 -> 1514 | N24: -1494 | O24: 3.008 | P24: =+$N$21-N24 -> 58 | Q24: =VLOOKUP(A24,#REF!,10,0) -> #REF! | S24: =+A24 -> #REF! | T24: =+(E24+2*J24+O24)/4 -> 2.54275
A25: ='QTL-Km118+890,00'!A25 -> #REF! | B25: ='QTL-Km118+890,00'!B25 -> #REF! | C25: =$C$21-F25 -> 1455 | D25: -866 | E25: 2.371 | F25: =+$D$21-D25 -> 110 | G25: ='QTL-Km118+890,00'!G25 -> #REF! | H25: =$H$21-K25 -> 1459 | I25: -887 | J25: 2.396 | K25: =+$I$21-I25 -> 141 | L25: ='QTL-Km118+890,00'!L25 -> #REF! | M25: =$M$21-P25 -> 1476 | N25: -1532 | O25: 3.008 | P25: =+$N$21-N25 -> 96 | Q25: =VLOOKUP(A25,#REF!,10,0) -> #REF! | S25: =+A25 -> #REF! | T25: =+(E25+2*J25+O25)/4 -> 2.54275
A26: ='QTL-Km118+890,00'!A26 -> #REF! | B26: ='QTL-Km118+890,00'!B26 -> #REF! | C26: =$C$21-F26 -> 1425 | D26: -896 | E26: 2.371 | F26: =+$D$21-D26 -> 140 | G26: ='QTL-Km118+890,00'!G26 -> #REF! | H26: =$H$21-K26 -> 1425 | I26: -921 | J26: 2.396 | K26: =+$I$21-I26 -> 175 | L26: ='QTL-Km118+890,00'!L26 -> #REF! | M26: =$M$21-P26 -> 1451 | N26: -1557 | O26: 3.008 | P26: =+$N$21-N26 -> 121 | Q26: =VLOOKUP(A26,#REF!,10,0) -> #REF! | S26: =+A26 -> #REF! | T26: =+(E26+2*J26+O26)/4 -> 2.54275
A27: ='QTL-Km118+890,00'!A27 -> #REF! | B27: ='QTL-Km118+890,00'!B27 -> #REF! | C27: =$C$21-F27 -> 1406 | D27: -915 | E27: 2.371 | F27: =+$D$21-D27 -> 159 | G27: ='QTL-Km118+890,00'!G27 -> #REF! | H27: =$H$21-K27 -> 1404 | I27: -942 | J27: 2.396 | K27: =+$I$21-I27 -> 196 | L27: ='QTL-Km118+890,00'!L27 -> #REF! | M27: =$M$21-P27 -> 1432 | N27: -1576 | O27: 3.008 | P27: =+$N$21-N27 -> 140 | Q27: =VLOOKUP(A27,#REF!,10,0) -> #REF! | S27: =+A27 -> #REF! | T27: =+(E27+2*J27+O27)/4 -> 2.54275
A28: ='QTL-Km118+890,00'!A28 -> #REF! | B28: ='QTL-Km118+890,00'!B28 -> #REF! | C28: =$C$21-F28 -> 1376 | D28: -945 | E28: 2.371 | F28: =+$D$21-D28 -> 189 | G28: ='QTL-Km118+890,00'!G28 -> #REF! | H28: =$H$21-K28 -> 1373 | I28: -973 | J28: 2.396 | K28: =+$I$21-I28 -> 227 | L28: ='QTL-Km118+890,00'!L28 -> #REF! | M28: =$M$21-P28 -> 1405 | N28: -1603 | O28: 3.008 | P28: =+$N$21-N28 -> 167 | Q28: =VLOOKUP(A28,#REF!,10,0) -> #REF! | S28: =+A28 -> #REF! | T28: =+(E28+2*J28+O28)/4 -> 2.54275
A29: ='QTL-Km118+890,00'!A29 -> #REF! | B29: ='QTL-Km118+890,00'!B29 -> #REF! | C29: =$C$21-F29 -> 1372 | D29: -949 | E29: 2.371 | F29: =+$D$21-D29 -> 193 | G29: ='QTL-Km118+890,00'!G29 -> #REF! | H29: =$H$21-K29 -> 1362 | I29: -984 | J29: 2.396 | K29: =+$I$21-I29 -> 238 | L29: ='QTL-Km118+890,00'!L29 -> #REF! | M29: =$M$21-P29 -> 1399 | N29: -1609 | O29: 3.008 | P29: =+$N$21-N29 -> 173 | Q29: =VLOOKUP(A29,#REF!,10,0) -> #REF! | S29: =+A29 -> #REF! | T29: =+(E29+2*J29+O29)/4 -> 2.54275
A30: ='QTL-Km118+890,00'!A30 -> #REF! | B30: ='QTL-Km118+890,00'!B30 -> #REF! | C30: =$C$21-F30 -> 1347 | D30: -974 | E30: 2.371 | F30: =+$D$21-D30 -> 218 | G30: ='QTL-Km118+890,00'!G30 -> #REF! | H30: =$H$21-K30 -> 1336 | I30: -1010 | J30: 2.396 | K30: =+$I$21-I30 -> 264 | L30: ='QTL-Km118+890,00'!L30 -> #REF! | M30: =$M$21-P30 -> 1380 | N30: -1628 | O30: 3.008 | P30: =+$N$21-N30 -> 192 | Q30: =VLOOKUP(A30,#REF!,10,0) -> #REF! | S30: =+A30 -> #REF! | T30: =+(E30+2*J30+O30)/4 -> 2.54275
A31: ='QTL-Km118+890,00'!A31 -> #REF! | B31: ='QTL-Km118+890,00'!B31 -> #REF! | C31: =$C$21-F31 -> 1330 | D31: -991 | E31: 2.371 | F31: =+$D$21-D31 -> 235 | G31: ='QTL-Km118+890,00'!G31 -> #REF! | H31: =$H$21-K31 -> 1318 | I31: -1028 | J31: 2.396 | K31: =+$I$21-I31 -> 282 | L31: ='QTL-Km118+890,00'!L31 -> #REF! | M31: =$M$21-P31 -> 1367 | N31: -1641 | O31: 3.008 | P31: =+$N$21-N31 -> 205 | S31: =+A31 -> #REF! | T31: =+(E31+2*J31+O31)/4 -> 2.54275
A32: ='QTL-Km118+890,00'!A32 -> #REF! | B32: ='QTL-Km118+890,00'!B32 -> #REF! | C32: =$C$21-F32 -> 1311 | D32: -1010 | E32: 2.371 | F32: =+$D$21-D32 -> 254 | G32: ='QTL-Km118+890,00'!G32 -> #REF! | H32: =$H$21-K32 -> 1301 | I32: -1045 | J32: 2.396 | K32: =+$I$21-I32 -> 299 | L32: ='QTL-Km118+890,00'!L32 -> #REF! | M32: =$M$21-P32 -> 1344 | N32: -1664 | O32: 3.008 | P32: =+$N$21-N32 -> 228 | S32: =+A32 -> #REF! | T32: =+(E32+2*J32+O32)/4 -> 2.54275
A33: ='QTL-Km118+890,00'!A33 -> #REF! | B33: ='QTL-Km118+890,00'!B33 -> #REF! | C33: =$C$21-F33 -> 1299 | D33: -1022 | E33: 2.371 | F33: =+$D$21-D33 -> 266 | G33: ='QTL-Km118+890,00'!G33 -> #REF! | H33: =$H$21-K33 -> 1296 | I33: -1050 | J33: 2.396 | K33: =+$I$21-I33 -> 304 | L33: ='QTL-Km118+890,00'!L33 -> #REF! | M33: =$M$21-P33 -> 1332 | N33: -1676 | O33: 3.008 | P33: =+$N$21-N33 -> 240 | S33: =+A33 -> #REF! | T33: =+(E33+2*J33+O33)/4 -> 2.54275
A34: ='QTL-Km118+890,00'!A34 -> #REF! | B34: ='QTL-Km118+890,00'!B34 -> #REF! | C34: =$C$21-F34 -> 1282 | D34: -1039 | E34: 2.371 | F34: =+$D$21-D34 -> 283 | G34: ='QTL-Km118+890,00'!G34 -> #REF! | H34: =$H$21-K34 -> 1262 | I34: -1084 | J34: 2.396 | K34: =+$I$21-I34 -> 338 | L34: ='QTL-Km118+890,00'!L34 -> #REF! | M34: =$M$21-P34 -> 1324 | N34: -1684 | O34: 3.008 | P34: =+$N$21-N34 -> 248 | S34: =+A34 -> #REF! | T34: =+(E34+2*J34+O34)/4 -> 2.54275
A35: ='QTL-Km118+890,00'!A35 -> #REF! | B35: ='QTL-Km118+890,00'!B35 -> #REF! | C35: =$C$21-F35 -> 1274 | D35: -1047 | E35: 2.371 | F35: =+$D$21-D35 -> 291 | G35: ='QTL-Km118+890,00'!G35 -> #REF! | H35: =$H$21-K35 -> 1252 | I35: -1094 | J35: 2.396 | K35: =+$I$21-I35 -> 348 | L35: ='QTL-Km118+890,00'!L35 -> #REF! | M35: =$M$21-P35 -> 1314 | N35: -1694 | O35: 3.008 | P35: =+$N$21-N35 -> 258 | S35: =+A35 -> #REF! | T35: =+(E35+2*J35+O35)/4 -> 2.54275
A36: ='QTL-Km118+890,00'!A36 -> #REF! | B36: ='QTL-Km118+890,00'!B36 -> #REF! | C36: =$C$21-F36 -> 1265 | D36: -1056 | E36: 2.371 | F36: =+$D$21-D36 -> 300 | G36: ='QTL-Km118+890,00'!G36 -> #REF! | H36: =$H$21-K36 -> 1226 | I36: -1120 | J36: 2.396 | K36: =+$I$21-I36 -> 374 | L36: ='QTL-Km118+890,00'!L36 -> #REF! | M36: =$M$21-P36 -> 1301 | N36: -1707 | O36: 3.008 | P36: =+$N$21-N36 -> 271 | S36: =+A36 -> #REF! | T36: =+(E36+2*J36+O36)/4 -> 2.54275
A37: ='QTL-Km118+890,00'!A37 -> #REF! | B37: ='QTL-Km118+890,00'!B37 -> #REF! | C37: =$C$21-F37 -> 1241 | D37: -1080 | E37: 2.371 | F37: =+$D$21-D37 -> 324 | G37: ='QTL-Km118+890,00'!G37 -> #REF! | H37: =$H$21-K37 -> 1196 | I37: -1150 | J37: 2.396 | K37: =+$I$21-I37 -> 404 | L37: ='QTL-Km118+890,00'!L37 -> #REF! | M37: =$M$21-P37 -> 1281 | N37: -1727 | O37: 3.008 | P37: =+$N$21-N37 -> 291 | S37: =+A37 -> #REF! | T37: =+(E37+2*J37+O37)/4 -> 2.54275
A38: ='QTL-Km118+890,00'!A38 -> #REF! | B38: ='QTL-Km118+890,00'!B38 -> #REF! | C38: =$C$21-F38 -> 1219 | D38: -1102 | E38: 2.371 | F38: =+$D$21-D38 -> 346 | G38: ='QTL-Km118+890,00'!G38 -> #REF! | H38: =$H$21-K38 -> 1166 | I38: -1180 | J38: 2.396 | K38: =+$I$21-I38 -> 434 | L38: ='QTL-Km118+890,00'!L38 -> #REF! | M38: =$M$21-P38 -> 1259 | N38: -1749 | O38: 3.008 | P38: =+$N$21-N38 -> 313 | S38: =+A38 -> #REF! | T38: =+(E38+2*J38+O38)/4 -> 2.54275
A39: ='QTL-Km118+890,00'!A39 -> #REF! | B39: ='QTL-Km118+890,00'!B39 -> #REF! | C39: =$C$21-F39 -> 1186 | D39: -1135 | E39: 2.371 | F39: =+$D$21-D39 -> 379 | G39: ='QTL-Km118+890,00'!G39 -> #REF! | H39: =$H$21-K39 -> 1141 | I39: -1205 | J39: 2.396 | K39: =+$I$21-I39 -> 459 | L39: ='QTL-Km118+890,00'!L39 -> #REF! | M39: =$M$21-P39 -> 1254 | N39: -1754 | O39: 3.008 | P39: =+$N$21-N39 -> 318 | S39: =+A39 -> #REF! | T39: =+(E39+2*J39+O39)/4 -> 2.54275
A40: ='QTL-Km118+890,00'!A40 -> #REF! | B40: ='QTL-Km118+890,00'!B40 -> #REF! | C40: =$C$21-F40 -> 1161 | D40: -1160 | E40: 2.371 | F40: =+$D$21-D40 -> 404 | G40: ='QTL-Km118+890,00'!G40 -> #REF! | H40: =$H$21-K40 -> 1124 | I40: -1222 | J40: 2.396 | K40: =+$I$21-I40 -> 476 | L40: ='QTL-Km118+890,00'!L40 -> #REF! | M40: =$M$21-P40 -> 1248 | N40: -1760 | O40: 3.008 | P40: =+$N$21-N40 -> 324 | S40: =+A40 -> #REF! | T40: =+(E40+2*J40+O40)/4 -> 2.54275
A41: ='QTL-Km118+890,00'!A41 -> #REF! | B41: ='QTL-Km118+890,00'!B41 -> #REF! | C41: =$C$21-F41 -> 1141 | D41: -1180 | E41: 2.371 | F41: =+$D$21-D41 -> 424 | G41: ='QTL-Km118+890,00'!G41 -> #REF! | H41: =$H$21-K41 -> 1109 | I41: -1237 | J41: 2.396 | K41: =+$I$21-I41 -> 491 | L41: ='QTL-Km118+890,00'!L41 -> #REF! | M41: =$M$21-P41 -> 1240 | N41: -1768 | O41: 3.008 | P41: =+$N$21-N41 -> 332 | S41: =+A41 -> #REF! | T41: =+(E41+2*J41+O41)/4 -> 2.54275
A42: ='QTL-Km118+890,00'!A42 -> #REF! | B42: ='QTL-Km118+890,00'!B42 -> #REF! | C42: =$C$21-F42 -> 1126 | D42: -1195 | E42: 2.371 | F42: =+$D$21-D42 -> 439 | G42: ='QTL-Km118+890,00'!G42 -> #REF! | H42: =$H$21-K42 -> 1095 | I42: -1251 | J42: 2.396 | K42: =+$I$21-I42 -> 505 | L42: ='QTL-Km118+890,00'!L42 -> #REF! | M42: =$M$21-P42 -> 1232 | N42: -1776 | O42: 3.008 | P42: =+$N$21-N42 -> 340
A43: ='QTL-Km118+890,00'!A43 -> #REF! | B43: ='QTL-Km118+890,00'!B43 -> #REF! | C43: =$C$21-F43 -> 1114 | D43: -1207 | E43: 2.371 | F43: =+$D$21-D43 -> 451 | G43: ='QTL-Km118+890,00'!G43 -> #REF! | H43: =$H$21-K43 -> 1080 | I43: -1266 | J43: 2.396 | K43: =+$I$21-I43 -> 520 | L43: ='QTL-Km118+890,00'!L43 -> #REF! | M43: =$M$21-P43 -> 1224 | N43: -1784 | O43: 3.008 | P43: =+$N$21-N43 -> 348 | S43: =+A43 -> #REF! | T43: =+(E43+2*J43+O43)/4 -> 2.54275
A44: ='QTL-Km118+890,00'!A44 -> #REF! | B44: ='QTL-Km118+890,00'!B44 -> #REF! | C44: =$C$21-F44 -> 1102 | D44: -1219 | E44: 2.371 | F44: =+$D$21-D44 -> 463 | G44: ='QTL-Km118+890,00'!G44 -> #REF! | H44: =$H$21-K44 -> 1067 | I44: -1279 | J44: 2.396 | K44: =+$I$21-I44 -> 533 | L44: ='QTL-Km118+890,00'!L44 -> #REF! | M44: =$M$21-P44 -> 1209 | N44: -1799 | O44: 3.008 | P44: =+$N$21-N44 -> 363 | S44: =+A44 -> #REF! | T44: =+(E44+2*J44+O44)/4 -> 2.54275
A45: ='QTL-Km118+890,00'!A45 -> #REF! | B45: ='QTL-Km118+890,00'!B45 -> #REF! | C45: =$C$21-F45 -> 1098 | D45: -1223 | E45: 2.371 | F45: =+$D$21-D45 -> 467 | G45: ='QTL-Km118+890,00'!G45 -> #REF! | H45: =$H$21-K45 -> 1062 | I45: -1284 | J45: 2.396 | K45: =+$I$21-I45 -> 538 | L45: ='QTL-Km118+890,00'!L45 -> #REF! | M45: =$M$21-P45 -> 1207 | N45: -1801 | O45: 3.008 | P45: =+$N$21-N45 -> 365 | S45: =+A45 -> #REF! | T45: =+(E45+2*J45+O45)/4 -> 2.54275
A46: ='QTL-Km118+890,00'!A46 -> #REF! | B46: ='QTL-Km118+890,00'!B46 -> #REF! | C46: =$C$21-F46 -> 1095 | D46: -1226 | E46: 2.371 | F46: =+$D$21-D46 -> 470 | G46: ='QTL-Km118+890,00'!G46 -> #REF! | H46: =$H$21-K46 -> 1057 | I46: -1289 | J46: 2.396 | K46: =+$I$21-I46 -> 543 | L46: ='QTL-Km118+890,00'!L46 -> #REF! | M46: =$M$21-P46 -> 1205 | N46: -1803 | O46: 3.008 | P46: =+$N$21-N46 -> 367 | S46: =+A46 -> #REF! | T46: =+(E46+2*J46+O46)/4 -> 2.54275
A47: ='QTL-Km118+890,00'!A47 -> #REF! | B47: ='QTL-Km118+890,00'!B47 -> #REF! | C47: =$C$21-F47 -> 1092 | D47: -1229 | E47: 2.371 | F47: =+$D$21-D47 -> 473 | G47: ='QTL-Km118+890,00'!G47 -> #REF! | H47: =$H$21-K47 -> 1052 | I47: -1294 | J47: 2.396 | K47: =+$I$21-I47 -> 548 | L47: ='QTL-Km118+890,00'!L47 -> #REF! | M47: =$M$21-P47 -> 1204 | N47: -1804 | O47: 3.008 | P47: =+$N$21-N47 -> 368 | S47: =+A47 -> #REF! | T47: =+(E47+2*J47+O47)/4 -> 2.54275
A48: ='QTL-Km118+890,00'!A48 -> #REF! | B48: ='QTL-Km118+890,00'!B48 -> #REF! | C48: =$C$21-F48 -> 1084 | D48: -1237 | E48: 2.371 | F48: =+$D$21-D48 -> 481 | G48: ='QTL-Km118+890,00'!G48 -> #REF! | H48: =$H$21-K48 -> 1047 | I48: -1299 | J48: 2.396 | K48: =+$I$21-I48 -> 553 | L48: ='QTL-Km118+890,00'!L48 -> #REF! | M48: =$M$21-P48 -> 1200 | N48: -1808 | O48: 3.008 | P48: =+$N$21-N48 -> 372 | S48: =+A48 -> #REF! | T48: =+(E48+2*J48+O48)/4 -> 2.54275
A49: ='QTL-Km118+890,00'!A49 -> #REF! | B49: ='QTL-Km118+890,00'!B49 -> #REF! | C49: =$C$21-F49 -> 1078 | D49: -1243 | E49: 2.371 | F49: =+$D$21-D49 -> 487 | G49: ='QTL-Km118+890,00'!G49 -> #REF! | H49: =$H$21-K49 -> 1042 | I49: -1304 | J49: 2.396 | K49: =+$I$21-I49 -> 558 | L49: ='QTL-Km118+890,00'!L49 -> #REF! | M49: =$M$21-P49 -> 1196 | N49: -1812 | O49: 3.008 | P49: =+$N$21-N49 -> 376 | S49: =+A49 -> #REF! | T49: =+(E49+2*J49+O49)/4 -> 2.54275
A50: ='QTL-Km118+890,00'!A50 -> #REF! | B50: ='QTL-Km118+890,00'!B50 -> #REF! | C50: =$C$21-F50 -> 1071 | D50: -1250 | E50: 2.371 | F50: =+$D$21-D50 -> 494 | G50: ='QTL-Km118+890,00'!G50 -> #REF! | H50: =$H$21-K50 -> 1037 | I50: -1309 | J50: 2.396 | K50: =+$I$21-I50 -> 563 | L50: ='QTL-Km118+890,00'!L50 -> #REF! | M50: =$M$21-P50 -> 1192 | N50: -1816 | O50: 3.008 | P50: =+$N$21-N50 -> 380 | S50: =+A50 -> #REF! | T50: =+(E50+2*J50+O50)/4 -> 2.54275
A51: ='QTL-Km118+890,00'!A51 -> #REF! | B51: ='QTL-Km118+890,00'!B51 -> #REF! | C51: =$C$21-F51 -> 1062 | D51: -1259 | E51: 2.371 | F51: =+$D$21-D51 -> 503 | G51: ='QTL-Km118+890,00'!G51 -> #REF! | H51: =$H$21-K51 -> 1032 | I51: -1314 | J51: 2.396 | K51: =+$I$21-I51 -> 568 | L51: ='QTL-Km118+890,00'!L51 -> #REF! | M51: =$M$21-P51 -> 1189 | N51: -1819 | O51: 3.008 | P51: =+$N$21-N51 -> 383 | S51: =+A51 -> #REF! | T51: =+(E51+2*J51+O51)/4 -> 2.54275
A52: ='QTL-Km118+890,00'!A52 -> #REF! | B52: ='QTL-Km118+890,00'!B52 -> #REF! | C52: =$C$21-F52 -> 1058 | D52: -1263 | E52: 2.371 | F52: =+$D$21-D52 -> 507 | G52: ='QTL-Km118+890,00'!G52 -> #REF! | H52: =$H$21-K52 -> 1027 | I52: -1319 | J52: 2.396 | K52: =+$I$21-I52 -> 573 | L52: ='QTL-Km118+890,00'!L52 -> #REF! | M52: =$M$21-P52 -> 1186 | N52: -1822 | O52: 3.008 | P52: =+$N$21-N52 -> 386 | S52: =+A52 -> #REF! | T52: =+(E52+2*J52+O52)/4 -> 2.54275
A53: ='QTL-Km118+890,00'!A53 -> #REF! | B53: ='QTL-Km118+890,00'!B53 -> #REF! | C53: =$C$21-F53 -> 1053 | D53: -1268 | E53: 2.371 | F53: =+$D$21-D53 -> 512 | G53: ='QTL-Km118+890,00'!G53 -> #REF! | H53: =$H$21-K53 -> 1020 | I53: -1326 | J53: 2.396 | K53: =+$I$21-I53 -> 580 | L53: ='QTL-Km118+890,00'!L53 -> #REF! | M53: =$M$21-P53 -> 1179 | N53: -1829 | O53: 3.008 | P53: =+$N$21-N53 -> 393 | S53: =+A53 -> #REF! | T53: =+(E53+2*J53+O53)/4 -> 2.54275
A54: ='QTL-Km118+890,00'!A54 -> #REF! | B54: ='QTL-Km118+890,00'!B54 -> #REF! | C54: =$C$21-F54 -> 1046 | D54: -1275 | E54: 2.371 | F54: =+$D$21-D54 -> 519 | G54: ='QTL-Km118+890,00'!G54 -> #REF! | H54: =$H$21-K54 -> 1013 | I54: -1333 | J54: 2.396 | K54: =+$I$21-I54 -> 587 | L54: ='QTL-Km118+890,00'!L54 -> #REF! | M54: =$M$21-P54 -> 1172 | N54: -1836 | O54: 3.008 | P54: =+$N$21-N54 -> 400 | S54: =+A54 -> #REF! | T54: =+(E54+2*J54+O54)/4 -> 2.54275
... A66: ='QTL-Km118+890,00'!A66 -> #REF! | B66: ='QTL-Km118+890,00'!B66 -> #REF! | C66: =$C$21-F66 -> 977 | D66: -1344 | E66: 2371 | F66: =+$D$21-D66 -> 588 | G66: ='QTL-Km118+890,00'!G66 -> #REF! | H66: =$H$21-K66 -> 933 | I66: -1413 | J66: 2.396 | K66: =+$I$21-I66 -> 667 | L66: ='QTL-Km118+890,00'!L66 -> #REF! | M66: =$M$21-P66 -> 1103 | N66: -1905 | O66: 3008 | P66: =+$N$21-N66 -> 469 | S66: =+A66 -> #REF! | T66: =+(E66+2*J66+O66)/4 -> 1345.948
A67: ='QTL-Km118+890,00'!A67 -> #REF! | B67: ='QTL-Km118+890,00'!B67 -> #REF! | C67: =$C$21-F67 -> 972 | D67: -1349 | E67: 2371 | F67: =+$D$21-D67 -> 593 | G67: ='QTL-Km118+890,00'!G67 -> #REF! | H67: =$H$21-K67 -> 1027 | I67: -1319 | J67: 2.396 | K67: =+$I$21-I67 -> 573 | L67: ='QTL-Km118+890,00'!L67 -> #REF! | M67: =$M$21-P67 -> 1099 | N67: -1909 | O67: 3008 | P67: =+$N$21-N67 -> 473
A68: ='QTL-Km118+890,00'!A68 -> #REF! | B68: ='QTL-Km118+890,00'!B68 -> #REF! | C68: =$C$21-F68 -> 967 | D68: -1354 | E68: 2371 | F68: =+$D$21-D68 -> 598 | G68: ='QTL-Km118+890,00'!G68 -> #REF! | H68: =$H$21-K68 -> 922 | I68: -1424 | J68: 2.396 | K68: =+$I$21-I68 -> 678 | L68: ='QTL-Km118+890,00'!L68 -> #REF! | M68: =$M$21-P68 -> 1094 | N68: -1914 | O68: 3008 | P68: =+$N$21-N68 -> 478 | S68: =+A68 -> #REF! | T68: =+(E68+2*J68+O68)/4 -> 1345.948
A69: ='QTL-Km118+890,00'!A69 -> #REF! | B69: ='QTL-Km118+890,00'!B69 -> #REF! | C69: =$C$21-F69 -> 963 | D69: -1358 | E69: 2371 | F69: =+$D$21-D69 -> 602 | G69: ='QTL-Km118+890,00'!G69 -> #REF! | H69: =$H$21-K69 -> 918 | I69: -1428 | J69: 2.396 | K69: =+$I$21-I69 -> 682 | L69: ='QTL-Km118+890,00'!L69 -> #REF! | M69: =$M$21-P69 -> 1090 | N69: -1918 | O69: 3008 | P69: =+$N$21-N69 -> 482 | S69: =+A69 -> #REF! | T69: =+(E69+2*J69+O69)/4 -> 1345.948
A70: ='QTL-Km118+890,00'!A70 -> #REF! | B70: ='QTL-Km118+890,00'!B70 -> #REF! | C70: =$C$21-F70 -> 954 | D70: -1367 | E70: 2371 | F70: =+$D$21-D70 -> 611 | G70: ='QTL-Km118+890,00'!G70 -> #REF! | H70: =$H$21-K70 -> 908 | I70: -1438 | J70: 2.396 | K70: =+$I$21-I70 -> 692 | L70: ='QTL-Km118+890,00'!L70 -> #REF! | M70: =$M$21-P70 -> 1081 | N70: -1927 | O70: 3008 | P70: =+$N$21-N70 -> 491 | S70: =+A70 -> #REF! | T70: =+(E70+2*J70+O70)/4 -> 1345.948
A71: ='QTL-Km118+890,00'!A71 -> #REF! | B71: ='QTL-Km118+890,00'!B71 -> #REF! | C71: =$C$21-F71 -> 946 | D71: -1375 | E71: 2371 | F71: =+$D$21-D71 -> 619 | G71: ='QTL-Km118+890,00'!G71 -> #REF! | H71: =$H$21-K71 -> 898 | I71: -1448 | J71: 2.396 | K71: =+$I$21-I71 -> 702 | L71: ='QTL-Km118+890,00'!L71 -> #REF! | M71: =$M$21-P71 -> 1072 | N71: -1936 | O71: 3008 | P71: =+$N$21-N71 -> 500 | S71: =+A71 -> #REF! | T71: =+(E71+2*J71+O71)/4 -> 1345.948
A72: ='QTL-Km118+890,00'!A72 -> #REF! | B72: ='QTL-Km118+890,00'!B72 -> #REF! | C72: =$C$21-F72 -> 937 | D72: -1384 | E72: 2371 | F72: =+$D$21-D72 -> 628 | G72: ='QTL-Km118+890,00'!G72 -> #REF! | H72: =$H$21-K72 -> 889 | I72: -1457 | J72: 2.396 | K72: =+$I$21-I72 -> 711 | L72: ='QTL-Km118+890,00'!L72 -> #REF! | M72: =$M$21-P72 -> 1064 | N72: -1944 | O72: 3008 | P72: =+$N$21-N72 -> 508 | S72: =+A72 -> #REF! | T72: =+(E72+2*J72+O72)/4 -> 1345.948
A73: ='QTL-Km118+890,00'!A73 -> #REF! | B73: ='QTL-Km118+890,00'!B73 -> #REF! | C73: =$C$21-F73 -> 934 | D73: -1387 | E73: 2371 | F73: =+$D$21-D73 -> 631 | G73: ='QTL-Km118+890,00'!G73 -> #REF! | H73: =$H$21-K73 -> 885 | I73: -1461 | J73: 2.396 | K73: =+$I$21-I73 -> 715 | L73: ='QTL-Km118+890,00'!L73 -> #REF! | M73: =$M$21-P73 -> 1060 | N73: -1948 | O73: 3008 | P73: =+$N$21-N73 -> 512 | S73: =+A73 -> #REF! | T73: =+(E73+2*J73+O73)/4 -> 1345.948
A74: ='QTL-Km118+890,00'!A74 -> #REF! | B74: ='QTL-Km118+890,00'!B74 -> #REF! | C74: =$C$21-F74 -> 930 | D74: -1391 | E74: 2371 | F74: =+$D$21-D74 -> 635 | G74: ='QTL-Km118+890,00'!G74 -> #REF! | H74: =$H$21-K74 -> 881 | I74: -1465 | J74: 2.396 | K74: =+$I$21-I74 -> 719 | L74: ='QTL-Km118+890,00'!L74 -> #REF! | M74: =$M$21-P74 -> 1056 | N74: -1952 | O74: 3008 | P74: =+$N$21-N74 -> 516 | S74: =+A74 -> #REF! | T74: =+(E74+2*J74+O74)/4 -> 1345.948
A75: ='QTL-Km118+890,00'!A75 -> #REF! | B75: ='QTL-Km118+890,00'!B75 -> #REF! | C75: =$C$21-F75 -> 927 | D75: -1394 | E75: 2371 | F75: =+$D$21-D75 -> 638 | G75: ='QTL-Km118+890,00'!G75 -> #REF! | H75: =$H$21-K75 -> 877 | I75: -1469 | J75: 2.396 | K75: =+$I$21-I75 -> 723 | L75: ='QTL-Km118+890,00'!L75 -> #REF! | M75: =$M$21-P75 -> 1054 | N75: -1954 | O75: 3008 | P75: =+$N$21-N75 -> 518 | S75: =+A75 -> #REF! | T75: =+(E75+2*J75+O75)/4 -> 1345.948
A76: ='QTL-Km118+890,00'!A76 -> #REF! | B76: ='QTL-Km118+890,00'!B76 -> #REF! | C76: =$C$21-F76 -> 923 | D76: -1398 | E76: 2371 | F76: =+$D$21-D76 -> 642 | G76: ='QTL-Km118+890,00'!G76 -> #REF! | H76: =$H$21-K76 -> 875 | I76: -1471 | J76: 2.396 | K76: =+$I$21-I76 -> 725 | L76: ='QTL-Km118+890,00'!L76 -> #REF! | M76: =$M$21-P76 -> 1052 | N76: -1956 | O76: 3008 | P76: =+$N$21-N76 -> 520 | S76: =+A76 -> #REF! | T76: =+(E76+2*J76+O76)/4 -> 1345.948
A77: ='QTL-Km118+890,00'!A77 -> #REF! | B77: ='QTL-Km118+890,00'!B77 -> #REF! | C77: =$C$21-F77 -> 919 | D77: -1402 | E77: 2371 | F77: =+$D$21-D77 -> 646 | G77: ='QTL-Km118+890,00'!G77 -> #REF! | H77: =$H$21-K77 -> 873 | I77: -1473 | J77: 2.396 | K77: =+$I$21-I77 -> 727 | L77: ='QTL-Km118+890,00'!L77 -> #REF! | M77: =$M$21-P77 -> 1050 | N77: -1958 | O77: 3008 | P77: =+$N$21-N77 -> 522 | S77: =+A77 -> #REF! | T77: =+(E77+2*J77+O77)/4 -> 1345.948
A78: ='QTL-Km118+890,00'!A78 -> #REF! | B78: ='QTL-Km118+890,00'!B78 -> #REF! | C78: =$C$21-F78 -> 917 | D78: -1404 | E78: 2371 | F78: =+$D$21-D78 -> 648 | G78: ='QTL-Km118+890,00'!G78 -> #REF! | H78: =$H$21-K78 -> 872 | I78: -1474 | J78: 2.396 | K78: =+$I$21-I78 -> 728 | L78: ='QTL-Km118+890,00'!L78 -> #REF! | M78: =$M$21-P78 -> 1049 | N78: -1959 | O78: 3008 | P78: =+$N$21-N78 -> 523 | S78: =+A78 -> #REF! | T78: =+(E78+2*J78+O78)/4 -> 1345.948
A79: ='QTL-Km118+890,00'!A79 -> 45709 | B79: ='QTL-Km118+890,00'!B79 -> #REF! | C79: =$C$21-F79 -> 915 | D79: -1406 | E79: 2371 | F79: =+$D$21-D79 -> 650 | G79: ='QTL-Km118+890,00'!G79 -> #REF! | H79: =$H$21-K79 -> 870 | I79: -1476 | J79: 2.396 | K79: =+$I$21-I79 -> 730 | L79: ='QTL-Km118+890,00'!L79 -> #REF! | M79: =$M$21-P79 -> 1047 | N79: -1961 | O79: 3008 | P79: =+$N$21-N79 -> 525 | S79: =+A79 -> 45709 | T79: =+(E79+2*J79+O79)/4 -> 1345.948
... A99: ='QTL-Km118+890,00'!A99 -> 45729 | B99: ='QTL-Km118+890,00'!B99 -> #REF! | C99: =$C$21-F99 -> 815 | D99: -1506 | E99: 2371 | F99: =+$D$21-D99 -> 750 | G99: ='QTL-Km118+890,00'!G99 -> #REF! | H99: =$H$21-K99 -> 753 | I99: -1593 | J99: 2.396 | K99: =+$I$21-I99 -> 847 | L99: ='QTL-Km118+890,00'!L99 -> #REF! | M99: =$M$21-P99 -> 947 | N99: -2061 | O99: 3008 | P99: =+$N$21-N99 -> 625 | S99: =+A99 -> 45729 | T99: =+(E99+2*J99+O99)/4 -> 1345.948
A100: ='QTL-Km118+890,00'!A100 -> 45730 | B100: ='QTL-Km118+890,00'!B100 -> #REF! | C100: =$C$21-F100 -> 806 | D100: -1515 | E100: 2371 | F100: =+$D$21-D100 -> 759 | G100: ='QTL-Km118+890,00'!G100 -> #REF! | H100: =$H$21-K100 -> 746 | I100: -1600 | J100: 2.396 | K100: =+$I$21-I100 -> 854 | L100: ='QTL-Km118+890,00'!L100 -> #REF! | M100: =$M$21-P100 -> 942 | N100: -2066 | O100: 3008 | P100: =+$N$21-N100 -> 630
A101: ='QTL-Km118+890,00'!A101 -> 45731 | B101: ='QTL-Km118+890,00'!B101 -> #REF! | C101: =$C$21-F101 -> 797 | D101: -1524 | E101: 2371 | F101: =+$D$21-D101 -> 768 | G101: ='QTL-Km118+890,00'!G101 -> #REF! | H101: =$H$21-K101 -> 740 | I101: -1606 | J101: 2.396 | K101: =+$I$21-I101 -> 860 | L101: ='QTL-Km118+890,00'!L101 -> #REF! | M101: =$M$21-P101 -> 938 | N101: -2070 | O101: 3008 | P101: =+$N$21-N101 -> 634
A102: ='QTL-Km118+890,00'!A102 -> 45732 | B102: ='QTL-Km118+890,00'!B102 -> #REF! | C102: =$C$21-F102 -> 797 | D102: -1524 | E102: 2371 | F102: =+$D$21-D102 -> 768 | G102: ='QTL-Km118+890,00'!G102 -> #REF! | H102: =$H$21-K102 -> 736 | I102: -1610 | J102: 2.396 | K102: =+$I$21-I102 -> 864 | L102: ='QTL-Km118+890,00'!L102 -> #REF! | M102: =$M$21-P102 -> 935 | N102: -2073 | O102: 3008 | P102: =+$N$21-N102 -> 637
A103: ='QTL-Km118+890,00'!A103 -> 45733 | B103: ='QTL-Km118+890,00'!B103 -> #REF! | C103: =$C$21-F103 -> 797 | D103: -1524 | E103: 2371 | F103: =+$D$21-D103 -> 768 | G103: ='QTL-Km118+890,00'!G103 -> #REF! | H103: =$H$21-K103 -> 731 | I103: -1615 | J103: 2.396 | K103: =+$I$21-I103 -> 869 | L103: ='QTL-Km118+890,00'!L103 -> #REF! | M103: =$M$21-P103 -> 932 | N103: -2076 | O103: 3008 | P103: =+$N$21-N103 -> 640
A104: ='QTL-Km118+890,00'!A104 -> 45734 | B104: ='QTL-Km118+890,00'!B104 -> #REF! | C104: =$C$21-F104 -> 787 | D104: -1534 | E104: 2371 | F104: =+$D$21-D104 -> 778 | G104: ='QTL-Km118+890,00'!G104 -> #REF! | H104: =$H$21-K104 -> 725 | I104: -1621 | J104: 2.396 | K104: =+$I$21-I104 -> 875 | L104: ='QTL-Km118+890,00'!L104 -> #REF! | M104: =$M$21-P104 -> 929 | N104: -2079 | O104: 3008 | P104: =+$N$21-N104 -> 643
A105: ='QTL-Km118+890,00'!A105 -> 45735 | B105: ='QTL-Km118+890,00'!B105 -> #REF! | C105: =$C$21-F105 -> 787 | D105: -1534 | E105: 2371 | F105: =+$D$21-D105 -> 778 | G105: ='QTL-Km118+890,00'!G105 -> #REF! | H105: =$H$21-K105 -> 725 | I105: -1621 | J105: 2.396 | K105: =+$I$21-I105 -> 875 | L105: ='QTL-Km118+890,00'!L105 -> #REF! | M105: =$M$21-P105 -> 929 | N105: -2079 | O105: 3008 | P105: =+$N$21-N105 -> 643
A106: ='QTL-Km118+890,00'!A106 -> 45736 | B106: ='QTL-Km118+890,00'!B106 -> #REF! | C106: =$C$21-F106 -> 787 | D106: -1534 | E106: 2371 | F106: =+$D$21-D106 -> 778 | G106: ='QTL-Km118+890,00'!G106 -> #REF! | H106: =$H$21-K106 -> 725 | I106: -1621 | J106: 2.396 | K106: =+$I$21-I106 -> 875 | L106: ='QTL-Km118+890,00'!L106 -> #REF! | M106: =$M$21-P106 -> 929 | N106: -2079 | O106: 3008 | P106: =+$N$21-N106 -> 643
A107: ='QTL-Km118+890,00'!A107 -> 45737 | B107: ='QTL-Km118+890,00'!B107 -> #REF! | C107: =$C$21-F107 -> 787 | D107: -1534 | E107: 2371 | F107: =+$D$21-D107 -> 778 | G107: ='QTL-Km118+890,00'!G107 -> #REF! | H107: =$H$21-K107 -> 721 | I107: -1625 | J107: 2.396 | K107: =+$I$21-I107 -> 879 | L107: ='QTL-Km118+890,00'!L107 -> #REF! | M107: =$M$21-P107 -> 925 | N107: -2083 | O107: 3008 | P107: =+$N$21-N107 -> 647
A108: ='QTL-Km118+890,00'!A108 -> 45738 | B108: ='QTL-Km118+890,00'!B108 -> #REF! | C108: =$C$21-F108 -> 783 | D108: -1538 | E108: 2371 | F108: =+$D$21-D108 -> 782 | G108: ='QTL-Km118+890,00'!G108 -> #REF! | H108: =$H$21-K108 -> 718 | I108: -1628 | J108: 2.396 | K108: =+$I$21-I108 -> 882 | L108: ='QTL-Km118+890,00'!L108 -> #REF! | M108: =$M$21-P108 -> 921 | N108: -2087 | O108: 3008 | P108: =+$N$21-N108 -> 651
A109: ='QTL-Km118+890,00'!A109 -> 45739 | B109: ='QTL-Km118+890,00'!B109 -> #REF! | C109: =$C$21-F109 -> 779 | D109: -1542 | E109: 2371 | F109: =+$D$21-D109 -> 786 | G109: ='QTL-Km118+890,00'!G109 -> #REF! | H109: =$H$21-K109 -> 715 | I109: -1631 | J109: 2.396 | K109: =+$I$21-I109 -> 885 | L109: ='QTL-Km118+890,00'!L109 -> #REF! | M109: =$M$21-P109 -> 917 | N109: -2091 | O109: 3008 | P109: =+$N$21-N109 -> 655
A110: ='QTL-Km118+890,00'!A110 -> 45740 | B110: ='QTL-Km118+890,00'!B110 -> #REF! | C110: =$C$21-F110 -> 774 | D110: -1547 | E110: 2371 | F110: =+$D$21-D110 -> 791 | G110: ='QTL-Km118+890,00'!G110 -> #REF! | H110: =$H$21-K110 -> 708 | I110: -1638 | J110: 2.396 | K110: =+$I$21-I110 -> 892 | L110: ='QTL-Km118+890,00'!L110 -> #REF! | M110: =$M$21-P110 -> 916 | N110: -2092 | O110: 3008 | P110: =+$N$21-N110 -> 656
A111: ='QTL-Km118+890,00'!A111 -> 45741 | B111: ='QTL-Km118+890,00'!B111 -> #REF! | C111: =$C$21-F111 -> 768 | D111: -1553 | E111: 2371 | F111: =+$D$21-D111 -> 797 | G111: ='QTL-Km118+890,00'!G111 -> #REF! | H111: =$H$21-K111 -> 701 | I111: -1645 | J111: 2.396 | K111: =+$I$21-I111 -> 899 | L111: ='QTL-Km118+890,00'!L111 -> #REF! | M111: =$M$21-P111 -> 915 | N111: -2093 | O111: 3008 | P111: =+$N$21-N111 -> 657
... A118: ='QTL-Km118+890,00'!A118 -> 45748 | B118: ='QTL-Km118+890,00'!B118 -> #REF! | C118: =$C$21-F118 -> 745 | D118: -1576 | E118: 2371 | F118: =+$D$21-D118 -> 820 | G118: ='QTL-Km118+890,00'!G118 -> #REF! | H118: =$H$21-K118 -> 681 | I118: -1665 | J118: 2.396 | K118: =+$I$21-I118 -> 919 | L118: ='QTL-Km118+890,00'!L118 -> #REF! | M118: =$M$21-P118 -> 889 | N118: -2119 | O118: 3008 | P118: =+$N$21-N118 -> 683
A119: ='QTL-Km118+890,00'!A119 -> 45749 | B119: ='QTL-Km118+890,00'!B119 -> #REF! | C119: =$C$21-F119 -> 741 | D119: -1580 | E119: 2371 | F119: =+$D$21-D119 -> 824 | G119: ='QTL-Km118+890,00'!G119 -> #REF! | H119: =$H$21-K119 -> 679 | I119: -1667 | J119: 2.396 | K119: =+$I$21-I119 -> 921 | L119: ='QTL-Km118+890,00'!L119 -> #REF! | M119: =$M$21-P119 -> 888 | N119: -2120 | O119: 3008 | P119: =+$N$21-N119 -> 684 | S119: =+A119 -> 45749 | T119: =+(E119+2*J119+O119)/4 -> 1345.948
A120: ='QTL-Km118+890,00'!A120 -> 45750 | B120: ='QTL-Km118+890,00'!B120 -> #REF! | C120: =$C$21-F120 -> 736 | D120: -1585 | E120: 2371 | F120: =+$D$21-D120 -> 829 | G120: ='QTL-Km118+890,00'!G120 -> #REF! | H120: =$H$21-K120 -> 677 | I120: -1669 | J120: 2.396 | K120: =+$I$21-I120 -> 923 | L120: ='QTL-Km118+890,00'!L120 -> #REF! | M120: =$M$21-P120 -> 882 | N120: -2126 | O120: 3008 | P120: =+$N$21-N120 -> 690
A121: ='QTL-Km118+890,00'!A121 -> 45751 | B121: ='QTL-Km118+890,00'!B121 -> #REF! | C121: =$C$21-F121 -> 731 | D121: -1590 | E121: 2371 | F121: =+$D$21-D121 -> 834 | G121: ='QTL-Km118+890,00'!G121 -> #REF! | H121: =$H$21-K121 -> 676 | I121: -1670 | J121: 2.396 | K121: =+$I$21-I121 -> 924 | L121: ='QTL-Km118+890,00'!L121 -> #REF! | M121: =$M$21-P121 -> 876 | N121: -2132 | O121: 3008 | P121: =+$N$21-N121 -> 696
A122: ='QTL-Km118+890,00'!A122 -> 45752 | B122: ='QTL-Km118+890,00'!B122 -> #REF! | C122: =$C$21-F122 -> 727 | D122: -1594 | E122: 2371 | F122: =+$D$21-D122 -> 838 | G122: ='QTL-Km118+890,00'!G122 -> #REF! | H122: =$H$21-K122 -> 674 | I122: -1672 | J122: 2.396 | K122: =+$I$21-I122 -> 926 | L122: ='QTL-Km118+890,00'!L122 -> #REF! | M122: =$M$21-P122 -> 873 | N122: -2135 | O122: 3008 | P122: =+$N$21-N122 -> 699
A123: ='QTL-Km118+890,00'!A123 -> 45753 | B123: ='QTL-Km118+890,00'!B123 -> #REF! | C123: =$C$21-F123 -> 723 | D123: -1598 | E123: 2371 | F123: =+$D$21-D123 -> 842 | G123: ='QTL-Km118+890,00'!G123 -> #REF! | H123: =$H$21-K123 -> 673 | I123: -1673 | J123: 2.396 | K123: =+$I$21-I123 -> 927 | L123: ='QTL-Km118+890,00'!L123 -> #REF! | M123: =$M$21-P123 -> 870 | N123: -2138 | O123: 3008 | P123: =+$N$21-N123 -> 702
A124: ='QTL-Km118+890,00'!A124 -> 45754 | B124: ='QTL-Km118+890,00'!B124 -> #REF! | C124: =$C$21-F124 -> 719 | D124: -1602 | E124: 2371 | F124: =+$D$21-D124 -> 846 | G124: ='QTL-Km118+890,00'!G124 -> #REF! | H124: =$H$21-K124 -> 671 | I124: -1675 | J124: 2.396 | K124: =+$I$21-I124 -> 929 | L124: ='QTL-Km118+890,00'!L124 -> #REF! | M124: =$M$21-P124 -> 867 | N124: -2141 | O124: 3008 | P124: =+$N$21-N124 -> 705
A125: ='QTL-Km118+890,00'!A125 -> 45755 | B125: ='QTL-Km118+890,00'!B125 -> #REF! | C125: =$C$21-F125 -> 716 | D125: -1605 | E125: 2371 | F125: =+$D$21-D125 -> 849 | G125: ='QTL-Km118+890,00'!G125 -> #REF! | H125: =$H$21-K125 -> 661 | I125: -1685 | J125: 2.396 | K125: =+$I$21-I125 -> 939 | L125: ='QTL-Km118+890,00'!L125 -> #REF! | M125: =$M$21-P125 -> 861 | N125: -2147 | O125: 3008 | P125: =+$N$21-N125 -> 711
A126: ='QTL-Km118+890,00'!A126 -> 45756 | B126: ='QTL-Km118+890,00'!B126 -> #REF! | C126: =$C$21-F126 -> 714 | D126: -1607 | E126: 2371 | F126: =+$D$21-D126 -> 851 | G126: ='QTL-Km118+890,00'!G126 -> #REF! | H126: =$H$21-K126 -> 651 | I126: -1695 | J126: 2.396 | K126: =+$I$21-I126 -> 949 | L126: ='QTL-Km118+890,00'!L126 -> #REF! | M126: =$M$21-P126 -> 854 | N126: -2154 | O126: 3008 | P126: =+$N$21-N126 -> 718
A127: ='QTL-Km118+890,00'!A127 -> 45757 | B127: ='QTL-Km118+890,00'!B127 -> #REF! | C127: =$C$21-F127 -> 713 | D127: -1608 | E127: 2371 | F127: =+$D$21-D127 -> 852 | G127: ='QTL-Km118+890,00'!G127 -> #REF! | H127: =$H$21-K127 -> 648 | I127: -1698 | J127: 2.396 | K127: =+$I$21-I127 -> 952 | L127: ='QTL-Km118+890,00'!L127 -> #REF! | M127: =$M$21-P127 -> 851 | N127: -2157 | O127: 3008 | P127: =+$N$21-N127 -> 721
A128: ='QTL-Km118+890,00'!A128 -> 45758 | B128: ='QTL-Km118+890,00'!B128 -> #REF! | C128: =$C$21-F128 -> 711 | D128: -1610 | E128: 2371 | F128: =+$D$21-D128 -> 854 | G128: ='QTL-Km118+890,00'!G128 -> #REF! | H128: =$H$21-K128 -> 644 | I128: -1702 | J128: 2.396 | K128: =+$I$21-I128 -> 956 | L128: ='QTL-Km118+890,00'!L128 -> #REF! | M128: =$M$21-P128 -> 848 | N128: -2160 | O128: 3008 | P128: =+$N$21-N128 -> 724
A129: ='QTL-Km118+890,00'!A129 -> 45759 | B129: ='QTL-Km118+890,00'!B129 -> #REF! | C129: =$C$21-F129 -> 709 | D129: -1612 | E129: 2371 | F129: =+$D$21-D129 -> 856 | G129: ='QTL-Km118+890,00'!G129 -> #REF! | H129: =$H$21-K129 -> 641 | I129: -1705 | J129: 2.396 | K129: =+$I$21-I129 -> 959 | L129: ='QTL-Km118+890,00'!L129 -> #REF! | M129: =$M$21-P129 -> 846 | N129: -2162 | O129: 3008 | P129: =+$N$21-N129 -> 726
A130: ='QTL-Km118+890,00'!A130 -> 45760 | B130: ='QTL-Km118+890,00'!B130 -> #REF! | C130: =$C$21-F130 -> 709 | D130: -1612 | E130: 2371 | F130: =+$D$21-D130 -> 856 | G130: ='QTL-Km118+890,00'!G130 -> #REF! | H130: =$H$21-K130 -> 641 | I130: -1705 | J130: 2.396 | K130: =+$I$21-I130 -> 959 | L130: ='QTL-Km118+890,00'!L130 -> #REF! | M130: =$M$21-P130 -> 845 | N130: -2163 | O130: 3008 | P130: =+$N$21-N130 -> 727
A131: ='QTL-Km118+890,00'!A131 -> 45761 | B131: ='QTL-Km118+890,00'!B131 -> #REF! | C131: =$C$21-F131 -> 709 | D131: -1612 | E131: 2371 | F131: =+$D$21-D131 -> 856 | G131: ='QTL-Km118+890,00'!G131 -> #REF! | H131: =$H$21-K131 -> 641 | I131: -1705 | J131: 2.396 | K131: =+$I$21-I131 -> 959 | L131: ='QTL-Km118+890,00'!L131 -> #REF! | M131: =$M$21-P131 -> 844 | N131: -2164 | O131: 3008 | P131: =+$N$21-N131 -> 728
... A204: ='QTL-Km118+890,00'!A204 -> 45834 | B204: ='QTL-Km118+890,00'!B204 -> #REF! | C204: =$C$21-F204 -> 533 | D204: -1788 | E204: 2371 | F204: =+$D$21-D204 -> 1032 | G204: ='QTL-Km118+890,00'!G204 -> #REF! | H204: =$H$21-K204 -> 461 | I204: -1885 | J204: 2.396 | K204: =+$I$21-I204 -> 1139 | L204: ='QTL-Km118+890,00'!L204 -> #REF! | M204: =$M$21-P204 -> 691 | N204: -2317 | O204: 3008 | P204: =+$N$21-N204 -> 881
A205: ='QTL-Km118+890,00'!A205 -> 45835 | B205: ='QTL-Km118+890,00'!B205 -> #REF! | C205: 1652 | D205: -1790 | E205: 2371 | F205: =+$D$21-D205 -> 1034 | G205: ='QTL-Km118+890,00'!G205 -> #REF! | H205: 1622 | I205: -1888 | J205: 2.396 | K205: =+$I$21-I205 -> 1142 | L205: ='QTL-Km118+890,00'!L205 -> #REF! | M205: 1622 | N205: -2320 | O205: 3008 | P205: =+$N$21-N205 -> 884

Sheet QTL-Km119+090
A2: THUỘC DỰ ÁN XÂY DỰNG CÔNG TRÌNH ĐƯỜNG BỘ CAO TỐC BẮC - NAM PHÍA ĐÔNG GIAI ĐOẠN 2021 - 2025
A3: =UPPER("GÓI THẦU XL03 :Thi Công Xây Dựng Đoạn Tuyến Km114+200 - Km126+223 Bao Gồm Tuyến Nối Nút Giao IC12 Với QL1 (bao gồm khảo sát, thiết kế BVTC)") -> GÓI THẦU XL03 :THI CÔNG XÂY DỰNG ĐOẠN TUYẾN KM114+200 - KM126+223 BAO GỒM TUYẾN NỐI NÚT GIAO IC12 VỚI QL1 (BAO GỒM KHẢO SÁT, THIẾT KẾ BVTC)
A4: CHỦ ĐẦU TƯ | M4: NHÀ THẦU
A5: BAN QUẢN LÝ DỰ ÁN MỸ THUẬN | M5: LIÊN DANH CC1 - HẢI ĐĂNG - VẠN CƯỜNG - 492 - BẮC TRUNG NAM
A7: BẢNG SỐ LIỆU QUAN TRẮC THIẾT BỊ ĐO LÚN MẶT
A8: I. SỐ ĐỌC BAN ĐẦU
A9: Vùng (Đường) | B9: Bàn quan trắc lún | D9: Ngày lắp đặt | F9: =+"Cao trình nghiệm thu [m] ("&TEXT(A21,"dd/mm/yy")&")" -> Cao trình nghiệm thu [m] (27/02/25) | L9: Tọa độ | P9: Mốc tọa độ tham chiếu
F10: Cao trình MĐTN | G10: Cao trình đắp | I10: Cao trình đỉnh ống | K10: Cao trình tấm đế | L10: X [m] | N10: Y [m]
A11: VÙNG 2A (ĐƯỜNG N1) | B11: SSP2-4 | P11: CS3
B12: SSP2-5 | P12: Tọa độ [m]
B13: SSP2-6
A15: II. SỐ LIỆU QUAN TRẮC
A16: Ngày quan trắc | B16: ĐỘ LÚN TRÁI | G16: ĐỘ LÚN TIM | L16: ĐỘ LÚN PHẢI | Q16: Áp Đ.hồ Pvac | R16: Ghi chú
B17: Thời gian tích lũy | C17: Cao độ đắp | D17: Cao độ bàn đo lún | E17: Chiều cao đắp | F17: Độ lún | G17: Thời gian tích lũy | H17: Cao độ đắp | I17: Cao độ bàn đo lún | J17: Chiều cao đắp | K17: Độ lún | L17: Thời gian tích lũy | M17: Cao độ đắp | N17: Cao độ bàn đo lún | O17: Chiều cao đắp | P17: Độ lún
B19: [Ngày] | C19: [mm] | D19: [m.m] | E19: [mm] | F19: [m.m] | G19: [Ngày] | H19: [mm] | I19: [m.m] | J19: [mm] | K19: [m.m] | L19: [Ngày] | M19: [mm] | N19: [m.m] | O19: [mm] | P19: [m.m] | Q19: [kPa]
A20: 1 | B20: =+A20+1 -> 2 | C20: =+B20+1 -> 3 | D20: =+C20+1 -> 4 | E20: =+D20+1 -> 5 | F20: =+E20+1 -> 6 | G20: =+F20+1 -> 7 | H20: =+G20+1 -> 8 | I20: =+H20+1 -> 9 | ... R20: =+Q20+1 -> 18
A21: 45715 | B21: 1 | C21: 1587 | D21: -917 | E21: 2505 | F21: 0 | G21: 1 | H21: 1517 | I21: -758 | J21: 2275 | K21: 0 | L21: 1 | M21: 1535 | N21: -572 | O21: 2107 | P21: 0
A22: 45716 | B22: =B21+1 -> 2 | C22: 1587 | D22: -917 | E22: 2505 | F22: 0 | G22: =G21+1 -> 2 | H22: =$H$21-K22 -> 1517 | I22: -758 | J22: 2275 | K22: =$I$21-I22 -> 0 | L22: =L21+1 -> 2 | M22: =$M$21-P22 -> 1535 | N22: -572 | O22: 2107 | P22: =$N$21-N22 -> 0
A23: 45717 | B23: =B22+1 -> 3 | C23: =$C$21-F23 -> 1576 | D23: -928 | E23: 2505 | F23: =D$22-D23 -> 11 | G23: =G22+1 -> 3 | H23: =$H$21-K23 -> 1496 | I23: -779 | J23: 2275 | K23: =$I$21-I23 -> 21 | L23: =L22+1 -> 3 | M23: =$M$21-P23 -> 1523 | N23: -584 | O23: 2107 | P23: =$N$21-N23 -> 12
A24: 45718 | B24: =B23+1 -> 4 | C24: =$C$21-F24 -> 1544 | D24: -960 | E24: 2505 | F24: =D$22-D24 -> 43 | G24: =G23+1 -> 4 | H24: =$H$21-K24 -> 1461 | I24: -814 | J24: 2275 | K24: =$I$21-I24 -> 56 | L24: =L23+1 -> 4 | M24: =$M$21-P24 -> 1492 | N24: -615 | O24: 2107 | P24: =$N$21-N24 -> 43
A25: 45719 | B25: =B24+1 -> 5 | C25: =$C$21-F25 -> 1504 | D25: -1000 | E25: 2505 | F25: =D$22-D25 -> 83 | G25: =G24+1 -> 5 | H25: =$H$21-K25 -> 1419 | I25: -856 | J25: 2275 | K25: =$I$21-I25 -> 98 | L25: =L24+1 -> 5 | M25: =$M$21-P25 -> 1472 | N25: -635 | O25: 2107 | P25: =$N$21-N25 -> 63
A26: 45720 | B26: =B25+1 -> 6 | C26: =$C$21-F26 -> 1486 | D26: -1018 | E26: 2505 | F26: =D$22-D26 -> 101 | G26: =G25+1 -> 6 | H26: =$H$21-K26 -> 1394 | I26: -881 | J26: 2275 | K26: =$I$21-I26 -> 123 | L26: =L25+1 -> 6 | M26: =$M$21-P26 -> 1446 | N26: -661 | O26: 2107 | P26: =$N$21-N26 -> 89
A27: 45721 | B27: =B26+1 -> 7 | C27: =$C$21-F27 -> 1463 | D27: -1041 | E27: 2505 | F27: =D$22-D27 -> 124 | G27: =G26+1 -> 7 | H27: =$H$21-K27 -> 1364 | I27: -911 | J27: 2275 | K27: =$I$21-I27 -> 153 | L27: =L26+1 -> 7 | M27: =$M$21-P27 -> 1426 | N27: -681 | O27: 2107 | P27: =$N$21-N27 -> 109
A28: 45722 | B28: =B27+1 -> 8 | C28: =$C$21-F28 -> 1442 | D28: -1062 | E28: 2505 | F28: =D$22-D28 -> 145 | G28: =G27+1 -> 8 | H28: =$H$21-K28 -> 1342 | I28: -933 | J28: 2275 | K28: =$I$21-I28 -> 175 | L28: =L27+1 -> 8 | M28: =$M$21-P28 -> 1406 | N28: -701 | O28: 2107 | P28: =$N$21-N28 -> 129
A29: 45723 | B29: =B28+1 -> 9 | C29: =$C$21-F29 -> 1418 | D29: -1086 | E29: 2505 | F29: =D$22-D29 -> 169 | G29: =G28+1 -> 9 | H29: =$H$21-K29 -> 1319 | I29: -956 | J29: 2275 | K29: =$I$21-I29 -> 198 | L29: =L28+1 -> 9 | M29: =$M$21-P29 -> 1386 | N29: -721 | O29: 2107 | P29: =$N$21-N29 -> 149
A30: 45724 | B30: =B29+1 -> 10 | C30: =$C$21-F30 -> 1404 | D30: -1100 | E30: 2505 | F30: =D$22-D30 -> 183 | G30: =G29+1 -> 10 | H30: =$H$21-K30 -> 1306 | I30: -969 | J30: 2275 | K30: =$I$21-I30 -> 211 | L30: =L29+1 -> 10 | M30: =$M$21-P30 -> 1381 | N30: -726 | O30: 2107 | P30: =$N$21-N30 -> 154
A31: 45725 | B31: =B30+1 -> 11 | C31: =$C$21-F31 -> 1389 | D31: -1115 | E31: 2505 | F31: =D$22-D31 -> 198 | G31: =G30+1 -> 11 | H31: =$H$21-K31 -> 1295 | I31: -980 | J31: 2275 | K31: =$I$21-I31 -> 222 | L31: =L30+1 -> 11 | M31: =$M$21-P31 -> 1371 | N31: -736 | O31: 2107 | P31: =$N$21-N31 -> 164
A32: 45726 | B32: =B31+1 -> 12 | C32: =$C$21-F32 -> 1378 | D32: -1126 | E32: 2505 | F32: =D$22-D32 -> 209 | G32: =G31+1 -> 12 | H32: =$H$21-K32 -> 1279 | I32: -996 | J32: 2275 | K32: =$I$21-I32 -> 238 | L32: =L31+1 -> 12 | M32: =$M$21-P32 -> 1361 | N32: -746 | O32: 2107 | P32: =$N$21-N32 -> 174
A33: 45727 | B33: =B32+1 -> 13 | C33: =$C$21-F33 -> 1366 | D33: -1138 | E33: 2505 | F33: =D$22-D33 -> 221 | G33: =G32+1 -> 13 | H33: =$H$21-K33 -> 1260 | I33: -1015 | J33: 2275 | K33: =$I$21-I33 -> 257 | L33: =L32+1 -> 13 | M33: =$M$21-P33 -> 1349 | N33: -758 | O33: 2107 | P33: =$N$21-N33 -> 186
A34: 45728 | B34: =B33+1 -> 14 | C34: =$C$21-F34 -> 1355 | D34: -1149 | E34: 2505 | F34: =D$22-D34 -> 232 | G34: =G33+1 -> 14 | H34: =$H$21-K34 -> 1247 | I34: -1028 | J34: 2275 | K34: =$I$21-I34 -> 270 | L34: =L33+1 -> 14 | M34: =$M$21-P34 -> 1337 | N34: -770 | O34: 2107 | P34: =$N$21-N34 -> 198
... A170: 45864 | B170: =B169+1 -> 150 | C170: =$C$21-F170 -> 792 | D170: -1712 | E170: 2505 | F170: =D$22-D170 -> 795 | G170: =G169+1 -> 150 | H170: =$H$21-K170 -> 585 | I170: -1690 | J170: 2275 | K170: =$I$21-I170 -> 932 | L170: =L169+1 -> 150 | M170: =$M$21-P170 -> 879 | N170: -1228 | O170: 2107 | P170: =$N$21-N170 -> 656
A171: 45865 | B171: =B170+1 -> 151 | C171: 1758 | D171: -1722 | E171: 2505 | F171: =D$22-D171 -> 805 | G171: =G170+1 -> 151 | H171: 1788 | I171: -1700 | J171: 2275 | K171: =$I$21-I171 -> 942 | L171: =L170+1 -> 151 | M171: 1633 | N171: -1238 | O171: 2107 | P171: =$N$21-N171 -> 666

Sheet QTL-Km119+150
A1: DỰ ÁN THÀNH PHẦN ĐOẠN HẬU GIANG - CÀ MAU
A2: THUỘC DỰ ÁN XÂY DỰNG CÔNG TRÌNH ĐƯỜNG BỘ CAO TỐC BẮC - NAM PHÍA ĐÔNG GIAI ĐOẠN 2021 - 2025
A3: =UPPER("GÓI THẦU XL03 :Thi Công Xây Dựng Đoạn Tuyến Km114+200 - Km126+223 Bao Gồm Tuyến Nối Nút Giao IC12 Với QL1 (bao gồm khảo sát, thiết kế BVTC)") -> GÓI THẦU XL03 :THI CÔNG XÂY DỰNG ĐOẠN TUYẾN KM114+200 - KM126+223 BAO GỒM TUYẾN NỐI NÚT GIAO IC12 VỚI QL1 (BAO GỒM KHẢO SÁT, THIẾT KẾ BVTC)
A4: CHỦ ĐẦU TƯ | M4: NHÀ THẦU
A5: BAN QUẢN LÝ DỰ ÁN MỸ THUẬN | M5: LIÊN DANH CC1 - HẢI ĐĂNG - VẠN CƯỜNG - 492 - BẮC TRUNG NAM
A7: BẢNG SỐ LIỆU QUAN TRẮC THIẾT BỊ ĐO LÚN MẶT
A8: I. SỐ ĐỌC BAN ĐẦU
A9: Vùng (Đường) | B9: Bàn quan trắc lún | D9: Ngày lắp đặt | F9: =+"Cao trình nghiệm thu [m] ("&TEXT(A21,"dd/mm/yy")&")" -> Cao trình nghiệm thu [m] (27/02/25) | L9: Tọa độ | P9: Mốc tọa độ tham chiếu
F10: Cao trình MĐTN | G10: Cao trình đắp | I10: Cao trình đỉnh ống | K10: Cao trình tấm đế | L10: X [m] | N10: Y [m]
A11: VÙNG 2A (ĐƯỜNG N1) | B11: SSP2-4 | P11: CS3
B12: SSP2-5 | P12: Tọa độ [m]
B13: SSP2-6
A15: II. SỐ LIỆU QUAN TRẮC
A16: Ngày quan trắc | B16: ĐỘ LÚN TRÁI | G16: ĐỘ LÚN TIM | L16: ĐỘ LÚN PHẢI | Q16: Áp Đ.hồ Pvac | R16: Ghi chú
B17: Thời gian tích lũy | C17: Cao độ đắp | D17: Cao độ bàn đo lún | E17: Chiều cao đắp | F17: Độ lún | G17: Thời gian tích lũy | H17: Cao độ đắp | I17: Cao độ bàn đo lún | J17: Chiều cao đắp | K17: Độ lún | L17: Thời gian tích lũy | M17: Cao độ đắp | N17: Cao độ bàn đo lún | O17: Chiều cao đắp | P17: Độ lún
B19: [Ngày] | C19: [mm] | D19: [m.m] | E19: [mm] | F19: [m.m] | G19: [Ngày] | H19: [mm] | I19: [m.m] | J19: [mm] | K19: [m.m] | L19: [Ngày] | M19: [mm] | N19: [m.m] | O19: [mm] | P19: [m.m] | Q19: [kPa]
A20: 1 | B20: =+A20+1 -> 2 | C20: =+B20+1 -> 3 | D20: =+C20+1 -> 4 | E20: =+D20+1 -> 5 | F20: =+E20+1 -> 6 | G20: =+F20+1 -> 7 | H20: =+G20+1 -> 8 | I20: =+H20+1 -> 9 | ... R20: =+Q20+1 -> 18
A21: 45715 | B21: 1 | C21: 1865 | D21: -1010 | E21: 2985 | F21: 0 | G21: 1 | H21: 1795 | I21: -961 | J21: 2856 | K21: 0 | L21: 1 | M21: 1810 | N21: -704 | O21: 2614 | P21: 0
A22: 45716 | B22: =B21+1 -> 2 | C22: =$C$21-F22 -> 1865 | D22: -1010 | E22: 2985 | F22: =$D$21-D22 -> 0 | G22: =G21+1 -> 2 | H22: =$H$21-K22 -> 1795 | I22: -961 | J22: 2856 | K22: =$I$21-I22 -> 0 | L22: =L21+1 -> 2 | M22: =$M$21-P22 -> 1810 | N22: -704 | O22: 2614 | P22: =$N$21-N22 -> 0
A23: 45717 | B23: =B22+1 -> 3 | C23: =$C$21-F23 -> 1835 | D23: -1040 | E23: 2985 | F23: =$D$21-D23 -> 30 | G23: =G22+1 -> 3 | H23: =$H$21-K23 -> 1765 | I23: -991 | J23: 2856 | K23: =$I$21-I23 -> 30 | L23: =L22+1 -> 3 | M23: =$M$21-P23 -> 1778 | N23: -736 | O23: 2614 | P23: =$N$21-N23 -> 32
A24: 45718 | B24: =B23+1 -> 4 | C24: =$C$21-F24 -> 1795 | D24: -1080 | E24: 2985 | F24: =$D$21-D24 -> 70 | G24: =G23+1 -> 4 | H24: =$H$21-K24 -> 1734 | I24: -1022 | J24: 2856 | K24: =$I$21-I24 -> 61 | L24: =L23+1 -> 4 | M24: =$M$21-P24 -> 1746 | N24: -768 | O24: 2614 | P24: =$N$21-N24 -> 64
A25: 45719 | B25: =B24+1 -> 5 | C25: =$C$21-F25 -> 1755 | D25: -1120 | E25: 2985 | F25: =$D$21-D25 -> 110 | G25: =G24+1 -> 5 | H25: =$H$21-K25 -> 1703 | I25: -1053 | J25: 2856 | K25: =$I$21-I25 -> 92 | L25: =L24+1 -> 5 | M25: =$M$21-P25 -> 1714 | N25: -800 | O25: 2614 | P25: =$N$21-N25 -> 96
A26: 45720 | B26: =B25+1 -> 6 | C26: =$C$21-F26 -> 1725 | D26: -1150 | E26: 2985 | F26: =$D$21-D26 -> 140 | G26: =G25+1 -> 6 | H26: =$H$21-K26 -> 1672 | I26: -1084 | J26: 2856 | K26: =$I$21-I26 -> 123 | L26: =L25+1 -> 6 | M26: =$M$21-P26 -> 1682 | N26: -832 | O26: 2614 | P26: =$N$21-N26 -> 128
A27: 45721 | B27: =B26+1 -> 7 | C27: =$C$21-F27 -> 1695 | D27: -1180 | E27: 2985 | F27: =$D$21-D27 -> 170 | G27: =G26+1 -> 7 | H27: =$H$21-K27 -> 1644 | I27: -1112 | J27: 2856 | K27: =$I$21-I27 -> 151 | L27: =L26+1 -> 7 | M27: =$M$21-P27 -> 1649 | N27: -865 | O27: 2614 | P27: =$N$21-N27 -> 161
A28: 45722 | B28: =B27+1 -> 8 | C28: =$C$21-F28 -> 1665 | D28: -1210 | E28: 2985 | F28: =$D$21-D28 -> 200 | G28: =G27+1 -> 8 | H28: =$H$21-K28 -> 1613 | I28: -1143 | J28: 2856 | K28: =$I$21-I28 -> 182 | L28: =L27+1 -> 8 | M28: =$M$21-P28 -> 1624 | N28: -890 | O28: 2614 | P28: =$N$21-N28 -> 186
A29: 45723 | B29: =B28+1 -> 9 | C29: =$C$21-F29 -> 1637 | D29: -1238 | E29: 2985 | F29: =$D$21-D29 -> 228 | G29: =G28+1 -> 9 | H29: =$H$21-K29 -> 1575 | I29: -1181 | J29: 2856 | K29: =$I$21-I29 -> 220 | L29: =L28+1 -> 9 | M29: =$M$21-P29 -> 1599 | N29: -915 | O29: 2614 | P29: =$N$21-N29 -> 211
A30: 45724 | B30: =B29+1 -> 10 | C30: =$C$21-F30 -> 1606 | D30: -1269 | E30: 2985 | F30: =$D$21-D30 -> 259 | G30: =G29+1 -> 10 | H30: =$H$21-K30 -> 1549 | I30: -1207 | J30: 2856 | K30: =$I$21-I30 -> 246 | L30: =L29+1 -> 10 | M30: =$M$21-P30 -> 1574 | N30: -940 | O30: 2614 | P30: =$N$21-N30 -> 236
A31: 45725 | B31: =B30+1 -> 11 | C31: =$C$21-F31 -> 1574 | D31: -1301 | E31: 2985 | F31: =$D$21-D31 -> 291 | G31: =G30+1 -> 11 | H31: =$H$21-K31 -> 1524 | I31: -1232 | J31: 2856 | K31: =$I$21-I31 -> 271 | L31: =L30+1 -> 11 | M31: =$M$21-P31 -> 1549 | N31: -965 | O31: 2614 | P31: =$N$21-N31 -> 261
A32: 45726 | B32: =B31+1 -> 12 | C32: =$C$21-F32 -> 1544 | D32: -1331 | E32: 2985 | F32: =$D$21-D32 -> 321 | G32: =G31+1 -> 12 | H32: =$H$21-K32 -> 1493 | I32: -1263 | J32: 2856 | K32: =$I$21-I32 -> 302 | L32: =L31+1 -> 12 | M32: =$M$21-P32 -> 1519 | N32: -995 | O32: 2614 | P32: =$N$21-N32 -> 291
A33: 45727 | B33: =B32+1 -> 13 | C33: =$C$21-F33 -> 1517 | D33: -1358 | E33: 2985 | F33: =$D$21-D33 -> 348 | G33: =G32+1 -> 13 | H33: =$H$21-K33 -> 1461 | I33: -1295 | J33: 2856 | K33: =$I$21-I33 -> 334 | L33: =L32+1 -> 13 | M33: =$M$21-P33 -> 1501 | N33: -1013 | O33: 2614 | P33: =$N$21-N33 -> 309
... A170: 45864 | B170: =B169+1 -> 150 | C170: =$C$21-F170 -> 975 | D170: -1900 | E170: 2985 | F170: =$D$21-D170 -> 890 | G170: =G169+1 -> 150 | H170: =$H$21-K170 -> 804 | I170: -1952 | J170: 2856 | K170: =$I$21-I170 -> 991 | L170: =L169+1 -> 150 | M170: =$M$21-P170 -> 867 | N170: -1647 | O170: 2614 | P170: =$N$21-N170 -> 943
A171: 45865 | B171: =B170+1 -> 151 | C171: 1983 | D171: -1906 | E171: 2985 | F171: =$D$21-D171 -> 896 | G171: =G170+1 -> 151 | H171: 2015 | I171: -1962 | J171: 2856 | K171: =$I$21-I171 -> 1001 | L171: =L170+1 -> 151 | M171: 1973 | N171: -1657 | O171: 2614 | P171: =$N$21-N171 -> 953

Sheet QTC-Km119+220
A1: DỰ ÁN THÀNH PHẦN ĐOẠN HẬU GIANG - CÀ MAU
A2: THUỘC DỰ ÁN XÂY DỰNG CÔNG TRÌNH ĐƯỜNG BỘ CAO TỐC BẮC - NAM PHÍA ĐÔNG GIAI ĐOẠN 2021 - 2025
A3: =UPPER("GÓI THẦU XL03 :Thi Công Xây Dựng Đoạn Tuyến Km114+200 - Km126+223 Bao Gồm Tuyến Nối Nút Giao IC12 Với QL1 (bao gồm khảo sát, thiết kế BVTC)") -> GÓI THẦU XL03 :THI CÔNG XÂY DỰNG ĐOẠN TUYẾN KM114+200 - KM126+223 BAO GỒM TUYẾN NỐI NÚT GIAO IC12 VỚI QL1 (BAO GỒM KHẢO SÁT, THIẾT KẾ BVTC)
A4: CHỦ ĐẦU TƯ | M4: NHÀ THẦU
A5: BAN QUẢN LÝ DỰ ÁN MỸ THUẬN | M5: LIÊN DANH CC1 - HẢI ĐĂNG - VẠN CƯỜNG - 492 - BẮC TRUNG NAM
A7: BẢNG SỐ LIỆU QUAN TRẮC THIẾT BỊ ĐO LÚN MẶT
A8: I. SỐ ĐỌC BAN ĐẦU
A9: Vùng (Đường) | B9: Bàn quan trắc lún | D9: Ngày lắp đặt | F9: =+"Cao trình nghiệm thu [m] ("&TEXT(A21,"dd/mm/yy")&")" -> Cao trình nghiệm thu [m] (27/02/25) | L9: Tọa độ | P9: Mốc tọa độ tham chiếu
F10: Cao trình MĐTN | G10: Cao trình đắp | I10: Cao trình đỉnh ống | K10: Cao trình tấm đế | L10: X [m] | N10: Y [m]
A11: VÙNG 2A (ĐƯỜNG N1) | B11: SSP2-4 | P11: CS3
B12: SSP2-5 | P12: Tọa độ [m]
B13: SSP2-6
A15: II. SỐ LIỆU QUAN TRẮC
A16: Ngày quan trắc | B16: ĐỘ LÚN TRÁI | G16: ĐỘ LÚN TIM | L16: ĐỘ LÚN PHẢI | Q16: Áp Đ.hồ Pvac | R16: Ghi chú
B17: Thời gian tích lũy | C17: Cao độ đắp | D17: Cao độ bàn đo lún | E17: Chiều cao đắp | F17: Độ lún | G17: Thời gian tích lũy | H17: Cao độ đắp | I17: Cao độ bàn đo lún | J17: Chiều cao đắp | K17: Độ lún | L17: Thời gian tích lũy | M17: Cao độ đắp | N17: Cao độ bàn đo lún | O17: Chiều cao đắp | P17: Độ lún
B19: [Ngày] | C19: [mm] | D19: [m.m] | E19: [mm] | F19: [m.m] | G19: [Ngày] | H19: [mm] | I19: [m.m] | J19: [mm] | K19: [m.m] | L19: [Ngày] | M19: [mm] | N19: [m.m] | O19: [mm] | P19: [m.m] | Q19: [kPa]
A20: 1 | B20: =+A20+1 -> 2 | C20: =+B20+1 -> 3 | D20: =+C20+1 -> 4 | E20: =+D20+1 -> 5 | F20: =+E20+1 -> 6 | G20: =+F20+1 -> 7 | H20: =+G20+1 -> 8 | I20: =+H20+1 -> 9 | ... R20: =+Q20+1 -> 18
A21: 45715 | B21: 1 | C21: 2075 | D21: -1194 | E21: 3269 | F21: 0 | G21: 1 | H21: 2040 | I21: -1190 | J21: 3230 | K21: =$I$21-I21 -> 0 | L21: 1 | M21: 2135 | N21: -1590 | O21: 3725 | P21: =$N$21-N21 -> 0
A22: 45716 | B22: =B21+1 -> 2 | C22: =$C$21-F22 -> 2075 | D22: -1194 | E22: 3269 | F22: =$D$21-D22 -> 0 | G22: =G21+1 -> 2 | H22: =$H$21-K22 -> 2040 | I22: -1190 | J22: 3230 | K22: =$I$21-I22 -> 0 | L22: =L21+1 -> 2 | M22: =$M$21-P22 -> 2135 | N22: -1590 | O22: 3725 | P22: =$N$21-N22 -> 0
A23: 45717 | B23: =B22+1 -> 3 | C23: =$C$21-F23 -> 2065 | D23: -1204 | E23: 3269 | F23: =$D$21-D23 -> 10 | G23: =G22+1 -> 3 | H23: =$H$21-K23 -> 2016 | I23: -1214 | J23: 3230 | K23: =$I$21-I23 -> 24 | L23: =L22+1 -> 3 | M23: =$M$21-P23 -> 2126 | N23: -1599 | O23: 3725 | P23: =$N$21-N23 -> 9
A24: 45718 | B24: =B23+1 -> 4 | C24: =$C$21-F24 -> 2030 | D24: -1239 | E24: 3269 | F24: =$D$21-D24 -> 45 | G24: =G23+1 -> 4 | H24: =$H$21-K24 -> 1982 | I24: -1248 | J24: 3230 | K24: =$I$21-I24 -> 58 | L24: =L23+1 -> 4 | M24: =$M$21-P24 -> 2091 | N24: -1634 | O24: 3725 | P24: =$N$21-N24 -> 44
A25: 45719 | B25: =B24+1 -> 5 | C25: =$C$21-F25 -> 2004 | D25: -1265 | E25: 3269 | F25: =$D$21-D25 -> 71 | G25: =G24+1 -> 5 | H25: =$H$21-K25 -> 1937 | I25: -1293 | J25: 3230 | K25: =$I$21-I25 -> 103 | L25: =L24+1 -> 5 | M25: =$M$21-P25 -> 2064 | N25: -1661 | O25: 3725 | P25: =$N$21-N25 -> 71
A26: 45720 | B26: =B25+1 -> 6 | C26: =$C$21-F26 -> 1983 | D26: -1286 | E26: 3269 | F26: =$D$21-D26 -> 92 | G26: =G25+1 -> 6 | H26: =$H$21-K26 -> 1924 | I26: -1306 | J26: 3230 | K26: =$I$21-I26 -> 116 | L26: =L25+1 -> 6 | M26: =$M$21-P26 -> 2039 | N26: -1686 | O26: 3725 | P26: =$N$21-N26 -> 96
A27: 45721 | B27: =B26+1 -> 7 | C27: =$C$21-F27 -> 1968 | D27: -1301 | E27: 3269 | F27: =$D$21-D27 -> 107 | G27: =G26+1 -> 7 | H27: =$H$21-K27 -> 1904 | I27: -1326 | J27: 3230 | K27: =$I$21-I27 -> 136 | L27: =L26+1 -> 7 | M27: =$M$21-P27 -> 2019 | N27: -1706 | O27: 3725 | P27: =$N$21-N27 -> 116
A28: 45722 | B28: =B27+1 -> 8 | C28: =$C$21-F28 -> 1947 | D28: -1322 | E28: 3269 | F28: =$D$21-D28 -> 128 | G28: =G27+1 -> 8 | H28: =$H$21-K28 -> 1889 | I28: -1341 | J28: 3230 | K28: =$I$21-I28 -> 151 | L28: =L27+1 -> 8 | M28: =$M$21-P28 -> 2005 | N28: -1720 | O28: 3725 | P28: =$N$21-N28 -> 130
A29: 45723 | B29: =B28+1 -> 9 | C29: =$C$21-F29 -> 1924 | D29: -1345 | E29: 3269 | F29: =$D$21-D29 -> 151 | G29: =G28+1 -> 9 | H29: =$H$21-K29 -> 1854 | I29: -1376 | J29: 3230 | K29: =$I$21-I29 -> 186 | L29: =L28+1 -> 9 | M29: =$M$21-P29 -> 1989 | N29: -1736 | O29: 3725 | P29: =$N$21-N29 -> 146
A30: 45724 | B30: =B29+1 -> 10 | C30: =$C$21-F30 -> 1914 | D30: -1355 | E30: 3269 | F30: =$D$21-D30 -> 161 | G30: =G29+1 -> 10 | H30: =$H$21-K30 -> 1840 | I30: -1390 | J30: 3230 | K30: =$I$21-I30 -> 200 | L30: =L29+1 -> 10 | M30: =$M$21-P30 -> 1972 | N30: -1753 | O30: 3725 | P30: =$N$21-N30 -> 163
A31: 45725 | B31: =B30+1 -> 11 | C31: =$C$21-F31 -> 1899 | D31: -1370 | E31: 3269 | F31: =$D$21-D31 -> 176 | G31: =G30+1 -> 11 | H31: =$H$21-K31 -> 1825 | I31: -1405 | J31: 3230 | K31: =$I$21-I31 -> 215 | L31: =L30+1 -> 11 | M31: =$M$21-P31 -> 1955 | N31: -1770 | O31: 3725 | P31: =$N$21-N31 -> 180
A32: 45726 | B32: =B31+1 -> 12 | C32: =$C$21-F32 -> 1883 | D32: -1386 | E32: 3269 | F32: =$D$21-D32 -> 192 | G32: =G31+1 -> 12 | H32: =$H$21-K32 -> 1809 | I32: -1421 | J32: 3230 | K32: =$I$21-I32 -> 231 | L32: =L31+1 -> 12 | M32: =$M$21-P32 -> 1944 | N32: -1781 | O32: 3725 | P32: =$N$21-N32 -> 191
A33: 45727 | B33: =B32+1 -> 13 | C33: =$C$21-F33 -> 1872 | D33: -1397 | E33: 3269 | F33: =$D$21-D33 -> 203 | G33: =G32+1 -> 13 | H33: =$H$21-K33 -> 1795 | I33: -1435 | J33: 3230 | K33: =$I$21-I33 -> 245 | L33: =L32+1 -> 13 | M33: =$M$21-P33 -> 1932 | N33: -1793 | O33: 3725 | P33: =$N$21-N33 -> 203
... A86: 45780 | B86: =B85+1 -> 66 | C86: =$C$21-F86 -> 1556 | D86: -1713 | E86: 3269 | F86: =$D$21-D86 -> 519 | G86: =G85+1 -> 66 | H86: =$H$21-K86 -> 1442 | I86: -1788 | J86: 3230 | K86: =$I$21-I86 -> 598 | L86: =L85+1 -> 66 | M86: =$M$21-P86 -> 1617 | N86: -2108 | O86: 3725 | P86: =$N$21-N86 -> 518
A87: 45781 | B87: =B86+1 -> 67 | C87: =$C$21-F87 -> 1552 | D87: -1717 | E87: 3269 | F87: =$D$21-D87 -> 523 | G87: =G86+1 -> 67 | H87: =$H$21-K87 -> 1437 | I87: -1793 | J87: 3230 | K87: =$I$21-I87 -> 603 | L87: =B87 -> 67 | M87: =$M$21-P87 -> 1612 | N87: -2113 | O87: 3725 | P87: =$N$21-N87 -> 523
A88: 45782 | B88: =B87+1 -> 68 | C88: =$C$21-F88 -> 1548 | D88: -1721 | E88: 3269 | F88: =$D$21-D88 -> 527 | G88: =G87+1 -> 68 | H88: =$H$21-K88 -> 1432 | I88: -1798 | J88: 3230 | K88: =$I$21-I88 -> 608 | L88: =B88 -> 68 | M88: =$M$21-P88 -> 1607 | N88: -2118 | O88: 3725 | P88: =$N$21-N88 -> 528
A89: 45783 | B89: =B88+1 -> 69 | C89: =$C$21-F89 -> 1544 | D89: -1725 | E89: 3269 | F89: =$D$21-D89 -> 531 | G89: =G88+1 -> 69 | H89: =$H$21-K89 -> 1427 | I89: -1803 | J89: 3230 | K89: =$I$21-I89 -> 613 | L89: =B89 -> 69 | M89: =$M$21-P89 -> 1602 | N89: -2123 | O89: 3725 | P89: =$N$21-N89 -> 533
A90: 45784 | B90: =B89+1 -> 70 | C90: =$C$21-F90 -> 1541 | D90: -1728 | E90: 3269 | F90: =$D$21-D90 -> 534 | G90: =G89+1 -> 70 | H90: =$H$21-K90 -> 1422 | I90: -1808 | J90: 3230 | K90: =$I$21-I90 -> 618 | L90: =B90 -> 70 | M90: =$M$21-P90 -> 1597 | N90: -2128 | O90: 3725 | P90: =$N$21-N90 -> 538
A91: 45785 | B91: =B90+1 -> 71 | C91: =$C$21-F91 -> 1536 | D91: -1733 | E91: 3269 | F91: =$D$21-D91 -> 539 | G91: =G90+1 -> 71 | H91: =$H$21-K91 -> 1417 | I91: -1813 | J91: 3230 | K91: =$I$21-I91 -> 623 | L91: =B91 -> 71 | M91: =$M$21-P91 -> 1592 | N91: -2133 | O91: 3725 | P91: =$N$21-N91 -> 543
A92: 45786 | B92: =B91+1 -> 72 | C92: =$C$21-F92 -> 1531 | D92: -1738 | E92: 3269 | F92: =$D$21-D92 -> 544 | G92: =G91+1 -> 72 | H92: =$H$21-K92 -> 1412 | I92: -1818 | J92: 3230 | K92: =$I$21-I92 -> 628 | L92: =B92 -> 72 | M92: =$M$21-P92 -> 1587 | N92: -2138 | O92: 3725 | P92: =$N$21-N92 -> 548
A93: 45787 | B93: =B92+1 -> 73 | C93: =$C$21-F93 -> 1527 | D93: -1742 | E93: 3269 | F93: =$D$21-D93 -> 548 | G93: =G92+1 -> 73 | H93: =$H$21-K93 -> 1407 | I93: -1823 | J93: 3230 | K93: =$I$21-I93 -> 633 | L93: =B93 -> 73 | M93: =$M$21-P93 -> 1585 | N93: -2140 | O93: 3725 | P93: =$N$21-N93 -> 550
A94: 45788 | B94: =B93+1 -> 74 | C94: =$C$21-F94 -> 1523 | D94: -1746 | E94: 3269 | F94: =$D$21-D94 -> 552 | G94: =G93+1 -> 74 | H94: =$H$21-K94 -> 1402 | I94: -1828 | J94: 3230 | K94: =$I$21-I94 -> 638 | L94: =B94 -> 74 | M94: =$M$21-P94 -> 1583 | N94: -2142 | O94: 3725 | P94: =$N$21-N94 -> 552
A95: 45789 | B95: =B94+1 -> 75 | C95: =$C$21-F95 -> 1521 | D95: -1748 | E95: 3269 | F95: =$D$21-D95 -> 554 | G95: =G94+1 -> 75 | H95: =$H$21-K95 -> 1398 | I95: -1832 | J95: 3230 | K95: =$I$21-I95 -> 642 | L95: =B95 -> 75 | M95: =$M$21-P95 -> 1581 | N95: -2144 | O95: 3725 | P95: =$N$21-N95 -> 554
A96: 45790 | B96: =B95+1 -> 76 | C96: =$C$21-F96 -> 1518 | D96: -1751 | E96: 3269 | F96: =$D$21-D96 -> 557 | G96: =G95+1 -> 76 | H96: =$H$21-K96 -> 1394 | I96: -1836 | J96: 3230 | K96: =$I$21-I96 -> 646 | L96: =B96 -> 76 | M96: =$M$21-P96 -> 1579 | N96: -2146 | O96: 3725 | P96: =$N$21-N96 -> 556
A97: 45791 | B97: =B96+1 -> 77 | C97: =$C$21-F97 -> 1512 | D97: -1757 | E97: 3269 | F97: =$D$21-D97 -> 563 | G97: =G96+1 -> 77 | H97: =$H$21-K97 -> 1388 | I97: -1842 | J97: 3230 | K97: =$I$21-I97 -> 652 | L97: =B97 -> 77 | M97: =$M$21-P97 -> 1569 | N97: -2156 | O97: 3725 | P97: =$N$21-N97 -> 566
A98: 45792 | B98: =B97+1 -> 78 | C98: =$C$21-F98 -> 1504 | D98: -1765 | E98: 3269 | F98: =$D$21-D98 -> 571 | G98: =G97+1 -> 78 | H98: =$H$21-K98 -> 1380 | I98: -1850 | J98: 3230 | K98: =$I$21-I98 -> 660 | L98: =B98 -> 78 | M98: =$M$21-P98 -> 1559 | N98: -2166 | O98: 3725 | P98: =$N$21-N98 -> 576
... A170: 45864 | B170: =B169+1 -> 150 | C170: =$C$21-F170 -> 1369 | D170: -1900 | E170: 3269 | F170: =$D$21-D170 -> 706 | G170: =G169+1 -> 150 | H170: =$H$21-K170 -> 1255 | I170: -1975 | J170: 3230 | K170: =$I$21-I170 -> 785 | L170: =B170 -> 150 | M170: =$M$21-P170 -> 1455 | N170: -2270 | O170: 3725 | P170: =$N$21-N170 -> 680
A171: 45865 | B171: =B170+1 -> 151 | C171: 2278 | D171: -1909 | E171: 3269 | F171: =$D$21-D171 -> 715 | G171: =G170+1 -> 151 | H171: 2218 | I171: -1980 | J171: 3230 | K171: =$I$21-I171 -> 790 | L171: =B171 -> 151 | M171: 2263 | N171: -2280 | O171: 3725 | P171: =$N$21-N171 -> 690

Sheet QTL-Km119+630
A1: DỰ ÁN THÀNH PHẦN ĐOẠN HẬU GIANG - CÀ MAU
A2: THUỘC DỰ ÁN XÂY DỰNG CÔNG TRÌNH ĐƯỜNG BỘ CAO TỐC BẮC - NAM PHÍA ĐÔNG GIAI ĐOẠN 2021 - 2025
A3: =UPPER("GÓI THẦU XL03 :Thi Công Xây Dựng Đoạn Tuyến Km114+200 - Km126+223 Bao Gồm Tuyến Nối Nút Giao IC12 Với QL1 (bao gồm khảo sát, thiết kế BVTC)") -> GÓI THẦU XL03 :THI CÔNG XÂY DỰNG ĐOẠN TUYẾN KM114+200 - KM126+223 BAO GỒM TUYẾN NỐI NÚT GIAO IC12 VỚI QL1 (BAO GỒM KHẢO SÁT, THIẾT KẾ BVTC)
A4: CHỦ ĐẦU TƯ | M4: NHÀ THẦU
A5: BAN QUẢN LÝ DỰ ÁN MỸ THUẬN | M5: LIÊN DANH CC1 - HẢI ĐĂNG - VẠN CƯỜNG - 492 - BẮC TRUNG NAM
A7: BẢNG SỐ LIỆU QUAN TRẮC THIẾT BỊ ĐO LÚN MẶT
A8: I. SỐ ĐỌC BAN ĐẦU
A9: Vùng (Đường) | B9: Bàn quan trắc lún | D9: Ngày lắp đặt | F9: =+"Cao trình nghiệm thu [m] ("&TEXT(A21,"dd/mm/yy")&")" -> Cao trình nghiệm thu [m] (04/03/25) | L9: Tọa độ | P9: Mốc tọa độ tham chiếu
F10: Cao trình MĐTN | G10: Cao trình đắp | I10: Cao trình đỉnh ống | K10: Cao trình tấm đế | L10: X [m] | N10: Y [m]
A11: VÙNG 2A (ĐƯỜNG N1) | B11: SSP2-4 | P11: CS3
B12: SSP2-5 | P12: Tọa độ [m]
B13: SSP2-6
A15: II. SỐ LIỆU QUAN TRẮC
A16: Ngày quan trắc | B16: ĐỘ LÚN TRÁI | G16: ĐỘ LÚN TIM | L16: ĐỘ LÚN PHẢI | Q16: Áp Đ.hồ Pvac | R16: Ghi chú
B17: Thời gian tích lũy | C17: Cao độ đắp | D17: Cao độ bàn đo lún | E17: Chiều cao đắp | F17: Độ lún | G17: Thời gian tích lũy | H17: Cao độ đắp | I17: Cao độ bàn đo lún | J17: Chiều cao đắp | K17: Độ lún | L17: Thời gian tích lũy | M17: Cao độ đắp | N17: Cao độ bàn đo lún | O17: Chiều cao đắp | P17: Độ lún
B19: [Ngày] | C19: [mm] | D19: [m.m] | E19: [mm] | F19: [m.m] | G19: [Ngày] | H19: [mm] | I19: [m.m] | J19: [mm] | K19: [m.m] | L19: [Ngày] | M19: [mm] | N19: [m.m] | O19: [mm] | P19: [m.m] | Q19: [kPa]
A20: 1 | B20: =+A20+1 -> 2 | C20: =+B20+1 -> 3 | D20: =+C20+1 -> 4 | E20: =+D20+1 -> 5 | F20: =+E20+1 -> 6 | G20: =+F20+1 -> 7 | H20: =+G20+1 -> 8 | I20: =+H20+1 -> 9 | ... R20: =+Q20+1 -> 18
A21: 45720 | B21: 1 | C21: 2125 | D21: -1098 | E21: 3223 | F21: 0 | G21: 1 | H21: 2095 | I21: -795 | J21: 2990 | K21: 0 | L21: 1 | M21: 2115 | N21: -1132 | O21: 3247 | P21: 0
A22: 45721 | B22: =B21+1 -> 2 | C22: =$C$21-F22 -> 2125 | D22: -1098 | E22: 2505 | F22: =$D$21-D22 -> 0 | G22: =G21+1 -> 2 | H22: =$H$21-K22 -> 2095 | I22: -795 | J22: 2990 | K22: =$I$21-I22 -> 0 | L22: =L21+1 -> 2 | M22: =$M$21-P22 -> 2115 | N22: -1132 | O22: 3247 | P22: =$N$21-N22 -> 0
A23: 45722 | B23: =B22+1 -> 3 | C23: =$C$21-F23 -> 2098 | D23: -1125 | E23: 2505 | F23: =$D$21-D23 -> 27 | G23: =G22+1 -> 3 | H23: =$H$21-K23 -> 2050 | I23: -840 | J23: 2990 | K23: =$I$21-I23 -> 45 | L23: =L22+1 -> 3 | M23: =$M$21-P23 -> 2088 | N23: -1159 | O23: 3247 | P23: =$N$21-N23 -> 27
A24: 45723 | B24: =B23+1 -> 4 | C24: =$C$21-F24 -> 2078 | D24: -1145 | E24: 2505 | F24: =$D$21-D24 -> 47 | G24: =G23+1 -> 4 | H24: =$H$21-K24 -> 2008 | I24: -882 | J24: 2990 | K24: =$I$21-I24 -> 87 | L24: =L23+1 -> 4 | M24: =$M$21-P24 -> 2060 | N24: -1187 | O24: 3247 | P24: =$N$21-N24 -> 55
A25: 45724 | B25: =B24+1 -> 5 | C25: =$C$21-F25 -> 2056 | D25: -1167 | E25: 2505 | F25: =$D$21-D25 -> 69 | G25: =G24+1 -> 5 | H25: =$H$21-K25 -> 1965 | I25: -925 | J25: 2990 | K25: =$I$21-I25 -> 130 | L25: =L24+1 -> 5 | M25: =$M$21-P25 -> 2135 | N25: -1112 | O25: 3247 | P25: =$N$21-N25 -> -20
A26: 45725 | B26: =B25+1 -> 6 | C26: =$C$21-F26 -> 1333 | D26: -1890 | E26: 2505 | F26: =$D$21-D26 -> 792 | G26: =G25+1 -> 6 | H26: =$H$21-K26 -> 1923 | I26: -967 | J26: 2990 | K26: =$I$21-I26 -> 172 | L26: =L25+1 -> 6 | M26: =$M$21-P26 -> 2030 | N26: -1217 | O26: 3247 | P26: =$N$21-N26 -> 85
A27: 45726 | B27: =B26+1 -> 7 | C27: =$C$21-F27 -> 2008 | D27: -1215 | E27: 2505 | F27: =$D$21-D27 -> 117 | G27: =G26+1 -> 7 | H27: =$H$21-K27 -> 1882 | I27: -1008 | J27: 2990 | K27: =$I$21-I27 -> 213 | L27: =L26+1 -> 7 | M27: =$M$21-P27 -> 2015 | N27: -1232 | O27: 3247 | P27: =$N$21-N27 -> 100
A28: 45727 | B28: =B27+1 -> 8 | C28: =$C$21-F28 -> 1984 | D28: -1239 | E28: 2505 | F28: =$D$21-D28 -> 141 | G28: =G27+1 -> 8 | H28: =$H$21-K28 -> 1848 | I28: -1042 | J28: 2990 | K28: =$I$21-I28 -> 247 | L28: =L27+1 -> 8 | M28: =$M$21-P28 -> 2002 | N28: -1245 | O28: 3247 | P28: =$N$21-N28 -> 113
A29: 45728 | B29: =B28+1 -> 9 | C29: =$C$21-F29 -> 1971 | D29: -1252 | E29: 2505 | F29: =$D$21-D29 -> 154 | G29: =G28+1 -> 9 | H29: =$H$21-K29 -> 1820 | I29: -1070 | J29: 2990 | K29: =$I$21-I29 -> 275 | L29: =L28+1 -> 9 | M29: =$M$21-P29 -> 1989 | N29: -1258 | O29: 3247 | P29: =$N$21-N29 -> 126
A30: 45729 | B30: =B29+1 -> 10 | C30: =$C$21-F30 -> 1958 | D30: -1265 | E30: 2505 | F30: =$D$21-D30 -> 167 | G30: =G29+1 -> 10 | H30: =$H$21-K30 -> 1790 | I30: -1100 | J30: 2990 | K30: =$I$21-I30 -> 305 | L30: =L29+1 -> 10 | M30: =$M$21-P30 -> 1972 | N30: -1275 | O30: 3247 | P30: =$N$21-N30 -> 143
A31: 45730 | B31: =B30+1 -> 11 | C31: =$C$21-F31 -> 1939 | D31: -1284 | E31: 2505 | F31: =$D$21-D31 -> 186 | G31: =G30+1 -> 11 | H31: =$H$21-K31 -> 1762 | I31: -1128 | J31: 2990 | K31: =$I$21-I31 -> 333 | L31: =L30+1 -> 11 | M31: =$M$21-P31 -> 1957 | N31: -1290 | O31: 3247 | P31: =$N$21-N31 -> 158
A32: 45731 | B32: =B31+1 -> 12 | C32: =$C$21-F32 -> 1921 | D32: -1302 | E32: 2505 | F32: =$D$21-D32 -> 204 | G32: =G31+1 -> 12 | H32: =$H$21-K32 -> 1734 | I32: -1156 | J32: 2990 | K32: =$I$21-I32 -> 361 | L32: =L31+1 -> 12 | M32: =$M$21-P32 -> 1940 | N32: -1307 | O32: 3247 | P32: =$N$21-N32 -> 175
A33: 45732 | B33: =B32+1 -> 13 | C33: =$C$21-F33 -> 1903 | D33: -1320 | E33: 2505 | F33: =$D$21-D33 -> 222 | G33: =G32+1 -> 13 | H33: =$H$21-K33 -> 1712 | I33: -1178 | J33: 2990 | K33: =$I$21-I33 -> 383 | L33: =L32+1 -> 13 | M33: =$M$21-P33 -> 1929 | N33: -1318 | O33: 3247 | P33: =$N$21-N33 -> 186
... A70: 45769 | B70: =B69+1 -> 50 | C70: =$C$21-F70 -> 1573 | D70: -1650 | E70: 2505 | F70: =$D$21-D70 -> 552 | G70: =G69+1 -> 50 | H70: =$H$21-K70 -> 1380 | I70: -1510 | J70: 2990 | K70: =$I$21-I70 -> 715 | L70: =L69+1 -> 50 | M70: =$M$21-P70 -> 1627 | N70: -1620 | O70: 3247 | P70: =$N$21-N70 -> 488
A71: 45770 | B71: =B70+1 -> 51 | C71: =$C$21-F71 -> 1567 | D71: -1652 | E71: 2505 | F71: =$D$21-D72 -> 558 | G71: =G70+1 -> 51 | H71: =$H$21-K71 -> 1375 | I71: -1515 | J71: 2990 | K71: =$I$21-I71 -> 720 | L71: =L70+1 -> 51 | M71: =$M$21-P71 -> 1617 | N71: -1630 | O71: 3247 | P71: =$N$21-N71 -> 498
A72: 45771 | B72: =B71+1 -> 52 | C72: =$C$21-F72 -> #REF! | D72: -1656 | E72: 2505 | F72: =$D$21-#REF! -> #REF! | G72: =G71+1 -> 52 | H72: =$H$21-K72 -> 1370 | I72: -1520 | J72: 2990 | K72: =$I$21-I72 -> 725 | L72: =L71+1 -> 52 | M72: =$M$21-P72 -> 1606 | N72: -1641 | O72: 3247 | P72: =$N$21-N72 -> 509
A73: 45772 | B73: =B72+1 -> 53 | C73: =$C$21-F73 -> 1563 | D73: -1660 | E73: 2505 | F73: =$D$21-D73 -> 562 | G73: =G72+1 -> 53 | H73: =$H$21-K73 -> 1350 | I73: -1540 | J73: 2990 | K73: =$I$21-I73 -> 745 | L73: =L72+1 -> 53 | M73: =$M$21-P73 -> 1597 | N73: -1650 | O73: 3247 | P73: =$N$21-N73 -> 518
A74: 45773 | B74: =B73+1 -> 54 | C74: =$C$21-F74 -> 1559 | D74: -1664 | E74: 2505 | F74: =$D$21-D74 -> 566 | G74: =G73+1 -> 54 | H74: =$H$21-K74 -> 1330 | I74: -1560 | J74: 2990 | K74: =$I$21-I74 -> 765 | L74: =L73+1 -> 54 | M74: =$M$21-P74 -> 1592 | N74: -1655 | O74: 3247 | P74: =$N$21-N74 -> 523
A75: 45774 | B75: =B74+1 -> 55 | C75: =$C$21-F75 -> 1555 | D75: -1668 | E75: 2505 | F75: =$D$21-D75 -> 570 | G75: =G74+1 -> 55 | H75: =$H$21-K75 -> 1320 | I75: -1570 | J75: 2990 | K75: =$I$21-I75 -> 775 | L75: =L74+1 -> 55 | M75: =$M$21-P75 -> 1587 | N75: -1660 | O75: 3247 | P75: =$N$21-N75 -> 528
A76: 45775 | B76: =B75+1 -> 56 | C76: =$C$21-F76 -> 1548 | D76: -1675 | E76: 2505 | F76: =$D$21-D76 -> 577 | G76: =G75+1 -> 56 | H76: =$H$21-K76 -> 1310 | I76: -1580 | J76: 2990 | K76: =$I$21-I76 -> 785 | L76: =L75+1 -> 56 | M76: =$M$21-P76 -> 1582 | N76: -1665 | O76: 3247 | P76: =$N$21-N76 -> 533
A77: 45776 | B77: =B76+1 -> 57 | C77: =$C$21-F77 -> 1538 | D77: -1685 | E77: 2505 | F77: =$D$21-D77 -> 587 | G77: =G76+1 -> 57 | H77: =$H$21-K77 -> 1300 | I77: -1590 | J77: 2990 | K77: =$I$21-I77 -> 795 | L77: =L76+1 -> 57 | M77: =$M$21-P77 -> 1577 | N77: -1670 | O77: 3247 | P77: =$N$21-N77 -> 538
A78: 45777 | B78: =B77+1 -> 58 | C78: =$C$21-F78 -> 1528 | D78: -1695 | E78: 2505 | F78: =$D$21-D78 -> 597 | G78: =G77+1 -> 58 | H78: =$H$21-K78 -> 1290 | I78: -1600 | J78: 2990 | K78: =$I$21-I78 -> 805 | L78: =L77+1 -> 58 | M78: =$M$21-P78 -> 1572 | N78: -1675 | O78: 3247 | P78: =$N$21-N78 -> 543
A79: 45778 | B79: =B78+1 -> 59 | C79: =$C$21-F79 -> 1518 | D79: -1705 | E79: 2505 | F79: =$D$21-D79 -> 607 | G79: =G78+1 -> 59 | H79: =$H$21-K79 -> 1280 | I79: -1610 | J79: 2990 | K79: =$I$21-I79 -> 815 | L79: =L78+1 -> 59 | M79: =$M$21-P79 -> 1567 | N79: -1680 | O79: 3247 | P79: =$N$21-N79 -> 548
A80: 45779 | B80: =B79+1 -> 60 | C80: =$C$21-F80 -> 1508 | D80: -1715 | E80: 2505 | F80: =$D$21-D80 -> 617 | G80: =G79+1 -> 60 | H80: =$H$21-K80 -> 1271 | I80: -1619 | J80: 2990 | K80: =$I$21-I80 -> 824 | L80: =L79+1 -> 60 | M80: =$M$21-P80 -> 1559 | N80: -1688 | O80: 3247 | P80: =$N$21-N80 -> 556
