Workbook

Sheet 114+840
B1: 1 | C1: =+B1+1 -> 2 | D1: =+C1+1 -> 3 | E1: =+D1+1 -> 4 | F1: =+E1+1 -> 5 | G1: =+F1+1 -> 6 | H1: =+G1+1 -> 7 | I1: =+H1+1 -> 8 | J1: =+I1+1 -> 9 | ... W1: =+V1+1 -> 22 | Y1: =+W1+1 -> 23 | Z1: =+Y1+1 -> 24 | AA1: =+Z1+1 -> 25 | AB1: =+AA1+1 -> 26
A2: DỰ ÁN THÀNH PHẦN ĐOẠN HẬU GIANG - CÀ MAU
A3: THUỘC DỰ ÁN XÂY DỰNG CÔNG TRÌNH ĐƯỜNG BỘ CAO TỐC BẮC - NAM PHÍA ĐÔNG GIAI ĐOẠN 2021 - 2025
A4: =UPPER("GÓI THẦU XL03 :Thi Công Xây Dựng Đoạn Tuyến Km114+200 - Km126+223 Bao Gồm Tuyến Nối Nút Giao IC12 Với QL1 (bao gồm khảo sát, thiết kế BVTC)") -> GÓI THẦU XL03 :THI CÔNG XÂY DỰNG ĐOẠN TUYẾN KM114+200 - KM126+223 BAO GỒM TUYẾN NỐI NÚT GIAO IC12 VỚI QL1 (BAO GỒM KHẢO SÁT, THIẾT KẾ BVTC)
A5: CHỦ ĐẦU TƯ | I5: TƯ VẤN GIÁM SÁT | S5: NHÀ THẦU
A6: BAN QUẢN LÝ DỰ ÁN MỸ THUẬN | I6: =UPPER("Liên danh Phân viện KHCN GTVT phía Nam - Công ty Cổ phần Tư vấn kỹ thuật và xây dựng Hồng Hà") -> LIÊN DANH PHÂN VIỆN KHCN GTVT PHÍA NAM - CÔNG TY CỔ PHẦN TƯ VẤN KỸ THUẬT VÀ XÂY DỰNG HỒNG HÀ | S6: LIÊN DANH CC1 - HẢI ĐĂNG - VẠN CƯỜNG - 492 - BẮC TRUNG NAM
A7: BIỂU GHI ĐO QUAN TRẮC LÚN
A8: Người lập: | K8: Tên mốc:
A9: Thời tiết: | C9: Nắng | K9: Cao độ mốc: | M9: =C14 -> 842
A10: Lý trình: | C10: Km114+840 | K10: Ngày đặt bàn: | M10: =B14 -> 45270
A12: Stt | B12: Ngày quan trắc | C12: Cao độ mốc (mm) | D12: Số đọc tại mốc (mm) | E12: Số đọc mia (mm) | H12: Cao độ quan trắc (mm) | K12: Chiều dài cần nối (mm) | N12: Cao độ bàn đo lún (mm) | Q12: Tốc độ lún (mm) | T12: Số đọc mia tại nền đắp tại tâm (mm) | U12: Cao độ nền đắp (mm) | X12: Chiều dày lớp đắp (m) | Y12: Đội quan trắc | Z12: Nhà thầu | AA12: Tư Vấn Giám Sát | AB12: Ghi chú
E13: Trái | F13: Giữa | G13: Phải | H13: Trái | I13: Giữa | J13: Phải | K13: Trái | L13: Giữa | M13: Phải | N13: Trái | O13: Giữa | P13: Phải | Q13: Trái | R13: Giữa | S13: Phải | U13: Trái | V13: Giữa | W13: Phải
A14: 0 | B14: 45270 | C14: 842 | D14: 1623 | E14: =C14+D14-H14 -> 545 | F14: =C14+D14-I14 -> 365 | G14: =D14+C14-J14 -> 855 | H14: =K14+N14 -> 1920 | I14: =L14+O14 -> 2100 | J14: =M14+P14 -> 1610 | K14: 2000 | L14: 2000 | M14: 2000 | N14: -80 | O14: 100 | P14: -390 | Q14: 0 | R14: 0 | S14: 0 | T14: =D14+C14-V14 -> 2365 | U14: =N14 -> -80 | V14: =O14 -> 100 | W14: =P14 -> -390 | AB14: Lắp đặt ban đầu
A15: 1 | B15: =B14+1 -> 45271 | C15: =C14 -> 842 | D15: =D14-2 -> 1621 | E15: =C15+D15-H15 -> 543 | F15: =C15+D15-I15 -> 363 | G15: =D15+C15-J15 -> 853 | H15: =K15+N15 -> 1920 | I15: =L15+O15 -> 2100 | J15: =M15+P15 -> 1610 | K15: =K14 -> 2000 | L15: =L14 -> 2000 | M15: =M14 -> 2000 | N15: =N14-Q15 -> -80 | O15: =O14-R15 -> 100 | P15: =P14-S15 -> -390 | Q15: 0 | R15: 0 | S15: 0 | T15: =D15+C15-V15 -> 2363 | U15: =N15 -> -80 | V15: =O15 -> 100 | W15: =P15 -> -390
A16: 2 | B16: =B15+1 -> 45272 | C16: =C15 -> 842 | D16: =D15-2 -> 1619 | E16: =C16+D16-H16 -> 541 | F16: =C16+D16-I16 -> 361 | G16: =D16+C16-J16 -> 851 | H16: =K16+N16 -> 1920 | I16: =L16+O16 -> 2100 | J16: =M16+P16 -> 1610 | K16: =K15 -> 2000 | L16: =L15 -> 2000 | M16: =M15 -> 2000 | N16: =N15-Q16 -> -80 | O16: =O15-R16 -> 100 | P16: =P15-S16 -> -390 | Q16: 0 | R16: 0 | S16: 0 | T16: =D16+C16-V16 -> 2361 | U16: =N16 -> -80 | V16: =O16 -> 100 | W16: =P16 -> -390
A17: 3 | B17: =B16+1 -> 45273 | C17: =C16 -> 842 | D17: =D16-2 -> 1617 | E17: =C17+D17-H17 -> 539 | F17: =C17+D17-I17 -> 359 | G17: =D17+C17-J17 -> 849 | H17: =K17+N17 -> 1920 | I17: =L17+O17 -> 2100 | J17: =M17+P17 -> 1610 | K17: =K16 -> 2000 | L17: =L16 -> 2000 | M17: =M16 -> 2000 | N17: =N16-Q17 -> -80 | O17: =O16-R17 -> 100 | P17: =P16-S17 -> -390 | Q17: 0 | R17: 0 | S17: 0 | T17: =D17+C17-V17 -> 2359 | U17: =N17 -> -80 | V17: =O17 -> 100 | W17: =P17 -> -390 | AD17: 45273
A18: 4 | B18: =B17+1 -> 45274 | C18: =C17 -> 842 | D18: =D17-2 -> 1615 | E18: =C18+D18-H18 -> 537 | F18: =C18+D18-I18 -> 357 | G18: =D18+C18-J18 -> 847 | H18: =K18+N18 -> 1920 | I18: =L18+O18 -> 2100 | J18: =M18+P18 -> 1610 | K18: =K17 -> 2000 | L18: =L17 -> 2000 | M18: =M17 -> 2000 | N18: =N17-Q18 -> -80 | O18: =O17-R18 -> 100 | P18: =P17-S18 -> -390 | Q18: 0 | R18: 0 | S18: 0 | T18: =D18+C18-V18 -> 2357 | U18: =N18 -> -80 | V18: =O18 -> 100 | W18: =P18 -> -390 | AD18: 45277
A19: 5 | B19: =B18+1 -> 45275 | C19: =C18 -> 842 | D19: =D18-2 -> 1613 | E19: =C19+D19-H19 -> 535 | F19: =C19+D19-I19 -> 355 | G19: =D19+C19-J19 -> 845 | H19: =K19+N19 -> 1920 | I19: =L19+O19 -> 2100 | J19: =M19+P19 -> 1610 | K19: =K18 -> 2000 | L19: =L18 -> 2000 | M19: =M18 -> 2000 | N19: =N18-Q19 -> -80 | O19: =O18-R19 -> 100 | P19: =P18-S19 -> -390 | Q19: 0 | R19: 0 | S19: 0 | T19: =D19+C19-V19 -> 2355 | U19: =N19 -> -80 | V19: =O19 -> 100 | W19: =P19 -> -390 | AD19: 45281
A20: 6 | B20: =B19+1 -> 45276 | C20: =C19 -> 842 | D20: =D19-2 -> 1611 | E20: =C20+D20-H20 -> 533 | F20: =C20+D20-I20 -> 353 | G20: =D20+C20-J20 -> 843 | H20: =K20+N20 -> 1920 | I20: =L20+O20 -> 2100 | J20: =M20+P20 -> 1610 | K20: =K19 -> 2000 | L20: =L19 -> 2000 | M20: =M19 -> 2000 | N20: =N19-Q20 -> -80 | O20: =O19-R20 -> 100 | P20: =P19-S20 -> -390 | Q20: 0 | R20: 0 | S20: 0 | T20: =D20+C20-V20 -> 2353 | U20: =N20 -> -80 | V20: =O20 -> 100 | W20: =P20 -> -390 | AD20: 45287
A21: 7 | B21: =B20+1 -> 45277 | C21: =C20 -> 842 | D21: =D20-2 -> 1609 | E21: =C21+D21-H21 -> 531 | F21: =C21+D21-I21 -> 351 | G21: =D21+C21-J21 -> 841 | H21: =K21+N21 -> 1920 | I21: =L21+O21 -> 2100 | J21: =M21+P21 -> 1610 | K21: =K20 -> 2000 | L21: =L20 -> 2000 | M21: =M20 -> 2000 | N21: =N20-Q21 -> -80 | O21: =O20-R21 -> 100 | P21: =P20-S21 -> -390 | Q21: 0 | R21: 0 | S21: 0 | T21: =D21+C21-V21 -> 2351 | U21: =N21 -> -80 | V21: =O21 -> 100 | W21: =P21 -> -390 | AD21: 45293
A22: 8 | B22: =B21+1 -> 45278 | C22: =C21 -> 842 | D22: =D21-2 -> 1607 | E22: =C22+D22-H22 -> 529 | F22: =C22+D22-I22 -> 349 | G22: =D22+C22-J22 -> 839 | H22: =K22+N22 -> 1920 | I22: =L22+O22 -> 2100 | J22: =M22+P22 -> 1610 | K22: =K21 -> 2000 | L22: =L21 -> 2000 | M22: =M21 -> 2000 | N22: =N21-Q22 -> -80 | O22: =O21-R22 -> 100 | P22: =P21-S22 -> -390 | Q22: 0 | R22: 0 | S22: 0 | T22: =D22+C22-V22 -> 2349 | U22: =N22 -> -80 | V22: =O22 -> 100 | W22: =P22 -> -390 | AD22: 45299
A23: 9 | B23: =B22+1 -> 45279 | C23: =C22 -> 842 | D23: =D22-2 -> 1605 | E23: =C23+D23-H23 -> 527 | F23: =C23+D23-I23 -> 347 | G23: =D23+C23-J23 -> 837 | H23: =K23+N23 -> 1920 | I23: =L23+O23 -> 2100 | J23: =M23+P23 -> 1610 | K23: =K22 -> 2000 | L23: =L22 -> 2000 | M23: =M22 -> 2000 | N23: =N22-Q23 -> -80 | O23: =O22-R23 -> 100 | P23: =P22-S23 -> -390 | Q23: 0 | R23: 0 | S23: 0 | T23: =D23+C23-V23 -> 2347 | U23: =U22+$X23*1000-Q23 -> -80 | V23: =V22+$X23*1000-R23 -> 100 | W23: =W22+$X23*1000-S23 -> -390 | AD23: 45305
A24: 10 | B24: =B23+1 -> 45280 | C24: =C23 -> 842 | D24: =D23-2 -> 1603 | E24: =C24+D24-H24 -> 525 | F24: =C24+D24-I24 -> 345 | G24: =D24+C24-J24 -> 835 | H24: =K24+N24 -> 1920 | I24: =L24+O24 -> 2100 | J24: =M24+P24 -> 1610 | K24: =K23 -> 2000 | L24: =L23 -> 2000 | M24: =M23 -> 2000 | N24: =N23-Q24 -> -80 | O24: =O23-R24 -> 100 | P24: =P23-S24 -> -390 | Q24: 0 | R24: 0 | S24: 0 | T24: =D24+C24-V24 -> 2345 | U24: =U23+$X24*1000-Q24 -> -80 | V24: =V23+$X24*1000-R24 -> 100 | W24: =W23+$X24*1000-S24 -> -390 | AD24: 45311
A25: 11 | B25: =B24+1 -> 45281 | C25: =C24 -> 842 | D25: =D24-2 -> 1601 | E25: =C25+D25-H25 -> 523 | F25: =C25+D25-I25 -> 343 | G25: =D25+C25-J25 -> 833 | H25: =K25+N25 -> 1920 | I25: =L25+O25 -> 2100 | J25: =M25+P25 -> 1610 | K25: =K24 -> 2000 | L25: =L24 -> 2000 | M25: =M24 -> 2000 | N25: =N24-Q25 -> -80 | O25: =O24-R25 -> 100 | P25: =P24-S25 -> -390 | Q25: 0 | R25: 0 | S25: 0 | T25: =D25+C25-V25 -> 2343 | U25: =U24+$X25*1000-Q25 -> -80 | V25: =V24+$X25*1000-R25 -> 100 | W25: =W24+$X25*1000-S25 -> -390 | AD25: 45396
A26: 12 | B26: =B25+1 -> 45282 | C26: =C25 -> 842 | D26: =D25-2 -> 1599 | E26: =C26+D26-H26 -> 521 | F26: =C26+D26-I26 -> 341 | G26: =D26+C26-J26 -> 831 | H26: =K26+N26 -> 1920 | I26: =L26+O26 -> 2100 | J26: =M26+P26 -> 1610 | K26: =K25 -> 2000 | L26: =L25 -> 2000 | M26: =M25 -> 2000 | N26: =N25-Q26 -> -80 | O26: =O25-R26 -> 100 | P26: =P25-S26 -> -390 | Q26: 0 | R26: 0 | S26: 0 | T26: =D26+C26-V26 -> 2341 | U26: =U25+$X26*1000-Q26 -> -80 | V26: =V25+$X26*1000-R26 -> 100 | W26: =W25+$X26*1000-S26 -> -390 | AD26: 45400
A27: 13 | B27: =B26+1 -> 45283 | C27: =C26 -> 842 | D27: =D26-2 -> 1597 | E27: =C27+D27-H27 -> 519 | F27: =C27+D27-I27 -> 339 | G27: =D27+C27-J27 -> 829 | H27: =K27+N27 -> 1920 | I27: =L27+O27 -> 2100 | J27: =M27+P27 -> 1610 | K27: =K26 -> 2000 | L27: =L26 -> 2000 | M27: =M26 -> 2000 | N27: =N26-Q27 -> -80 | O27: =O26-R27 -> 100 | P27: =P26-S27 -> -390 | Q27: 0 | R27: 0 | S27: 0 | T27: =D27+C27-V27 -> 2339 | U27: =U26+$X27*1000-Q27 -> -80 | V27: =V26+$X27*1000-R27 -> 100 | W27: =W26+$X27*1000-S27 -> -390 | AD27: 45405
A28: 14 | B28: =B27+1 -> 45284 | C28: =C27 -> 842 | D28: =D27-2 -> 1595 | E28: =C28+D28-H28 -> 517 | F28: =C28+D28-I28 -> 337 | G28: =D28+C28-J28 -> 827 | H28: =K28+N28 -> 1920 | I28: =L28+O28 -> 2100 | J28: =M28+P28 -> 1610 | K28: =K27 -> 2000 | L28: =L27 -> 2000 | M28: =M27 -> 2000 | N28: =N27-Q28 -> -80 | O28: =O27-R28 -> 100 | P28: =P27-S28 -> -390 | Q28: 0 | R28: 0 | S28: 0 | T28: =D28+C28-V28 -> 2337 | U28: =U27+$X28*1000-Q28 -> -80 | V28: =V27+$X28*1000-R28 -> 100 | W28: =W27+$X28*1000-S28 -> -390
A29: 15 | B29: =B28+1 -> 45285 | C29: =C28 -> 842 | D29: =D28-2 -> 1593 | E29: =C29+D29-H29 -> 515 | F29: =C29+D29-I29 -> 335 | G29: =D29+C29-J29 -> 825 | H29: =K29+N29 -> 1920 | I29: =L29+O29 -> 2100 | J29: =M29+P29 -> 1610 | K29: =K28 -> 2000 | L29: =L28 -> 2000 | M29: =M28 -> 2000 | N29: =N28-Q29 -> -80 | O29: =O28-R29 -> 100 | P29: =P28-S29 -> -390 | Q29: 0 | R29: 0 | S29: 0 | T29: =D29+C29-V29 -> 2335 | U29: =U28+$X29*1000-Q29 -> -80 | V29: =V28+$X29*1000-R29 -> 100 | W29: =W28+$X29*1000-S29 -> -390
A30: 16 | B30: =B29+1 -> 45286 | C30: =C29 -> 842 | D30: =D29-2 -> 1591 | E30: =C30+D30-H30 -> 513 | F30: =C30+D30-I30 -> 333 | G30: =D30+C30-J30 -> 823 | H30: =K30+N30 -> 1920 | I30: =L30+O30 -> 2100 | J30: =M30+P30 -> 1610 | K30: =K29 -> 2000 | L30: =L29 -> 2000 | M30: =M29 -> 2000 | N30: =N29-Q30 -> -80 | O30: =O29-R30 -> 100 | P30: =P29-S30 -> -390 | Q30: 0 | R30: 0 | S30: 0 | T30: =D30+C30-V30 -> 2333 | U30: =U29+$X30*1000-Q30 -> -80 | V30: =V29+$X30*1000-R30 -> 100 | W30: =W29+$X30*1000-S30 -> -390
A31: 17 | B31: =B30+1 -> 45287 | C31: =C30 -> 842 | D31: =D30-2 -> 1589 | E31: =C31+D31-H31 -> 511 | F31: =C31+D31-I31 -> 331 | G31: =D31+C31-J31 -> 829 | H31: =K31+N31 -> 1920 | I31: =L31+O31 -> 2100 | J31: =M31+P31 -> 1602 | K31: =K30 -> 2000 | L31: =L30 -> 2000 | M31: =M30 -> 2000 | N31: =N30-Q31 -> -80 | O31: =O30-R31 -> 100 | P31: =P30-S31 -> -398 | Q31: 0 | R31: 0 | S31: 8 | T31: =D31+C31-V31 -> 2331 | U31: =U30+$X31*1000-Q31 -> -80 | V31: =V30+$X31*1000-R31 -> 100 | W31: =W30+0.29*1000-S31 -> -108 | Y31: -100 | Z31: -100 | AA31: -100 | AB31: 8
A32: 18 | B32: =B31+1 -> 45288 | C32: =C31 -> 842 | D32: =D31-2 -> 1587 | E32: =C32+D32-H32 -> 509 | F32: =C32+D32-I32 -> 329 | G32: =D32+C32-J32 -> 833 | H32: =K32+N32 -> 1920 | I32: =L32+O32 -> 2100 | J32: =M32+P32 -> 1596 | K32: =K31 -> 2000 | L32: =L31 -> 2000 | M32: =M31 -> 2000 | N32: =N31-Q32 -> -80 | O32: =O31-R32 -> 100 | P32: =P31-S32 -> -404 | Q32: 0 | R32: 0 | S32: 6 | T32: =D32+C32-V32 -> 2329 | U32: =U31+$X32*1000-Q32 -> -80 | V32: =V31+$X32*1000-R32 -> 100 | W32: =W31+$X32*1000-S32 -> -114
A33: 19 | B33: =B32+1 -> 45289 | C33: =C32 -> 842 | D33: =D32-2 -> 1585 | E33: =C33+D33-H33 -> 507 | F33: =C33+D33-I33 -> 327 | G33: =D33+C33-J33 -> 837 | H33: =K33+N33 -> 1920 | I33: =L33+O33 -> 2100 | J33: =M33+P33 -> 1590 | K33: =K32 -> 2000 | L33: =L32 -> 2000 | M33: =M32 -> 2000 | N33: =N32-Q33 -> -80 | O33: =O32-R33 -> 100 | P33: =P32-S33 -> -410 | Q33: 0 | R33: 0 | S33: 6 | T33: =D33+C33-V33 -> 2327 | U33: =U32+$X33*1000-Q33 -> -80 | V33: =V32+$X33*1000-R33 -> 100 | W33: =W32+$X33*1000-S33 -> -120
A34: 20 | B34: =B33+1 -> 45290 | C34: =C33 -> 842 | D34: =D33-2 -> 1583 | E34: =C34+D34-H34 -> 505 | F34: =C34+D34-I34 -> 325 | G34: =D34+C34-J34 -> 841 | H34: =K34+N34 -> 1920 | I34: =L34+O34 -> 2100 | J34: =M34+P34 -> 1584 | K34: =K33 -> 2000 | L34: =L33 -> 2000 | M34: =M33 -> 2000 | N34: =N33-Q34 -> -80 | O34: =O33-R34 -> 100 | P34: =P33-S34 -> -416 | Q34: 0 | R34: 0 | S34: 6 | T34: =D34+C34-V34 -> 2325 | U34: =U33+$X34*1000-Q34 -> -80 | V34: =V33+$X34*1000-R34 -> 100 | W34: =W33+$X34*1000-S34 -> -126
A35: 21 | B35: =B34+1 -> 45291 | C35: =C34 -> 842 | D35: =D34-2 -> 1581 | E35: =C35+D35-H35 -> 503 | F35: =C35+D35-I35 -> 323 | G35: =D35+C35-J35 -> 848 | H35: =K35+N35 -> 1920 | I35: =L35+O35 -> 2100 | J35: =M35+P35 -> 1575 | K35: =K34 -> 2000 | L35: =L34 -> 2000 | M35: =M34 -> 2000 | N35: =N34-Q35 -> -80 | O35: =O34-R35 -> 100 | P35: =P34-S35 -> -425 | Q35: 0 | R35: 0 | S35: 9 | T35: =D35+C35-V35 -> 2323 | U35: =U34+$X35*1000-Q35 -> -80 | V35: =V34+$X35*1000-R35 -> 100 | W35: =W34+$X35*1000-S35 -> -135
A36: 22 | B36: =B35+1 -> 45292 | C36: =C35 -> 842 | D36: =D35-2 -> 1579 | E36: =C36+D36-H36 -> 501 | F36: =C36+D36-I36 -> 321 | G36: =D36+C36-J36 -> 849 | H36: =K36+N36 -> 1920 | I36: =L36+O36 -> 2100 | J36: =M36+P36 -> 1572 | K36: =K35 -> 2000 | L36: =L35 -> 2000 | M36: =M35 -> 2000 | N36: =N35-Q36 -> -80 | O36: =O35-R36 -> 100 | P36: =P35-S36 -> -428 | Q36: 0 | R36: 0 | S36: 3 | T36: =D36+C36-V36 -> 2321 | U36: =U35+$X36*1000-Q36 -> -80 | V36: =V35+$X36*1000-R36 -> 100 | W36: =W35+$X36*1000-S36 -> -138
A37: 23 | B37: =B36+1 -> 45293 | C37: =C36 -> 842 | D37: =D36-2 -> 1577 | E37: =C37+D37-H37 -> 507 | F37: =C37+D37-I37 -> 327 | G37: =D37+C37-J37 -> 854 | H37: =K37+N37 -> 1912 | I37: =L37+O37 -> 2092 | J37: =M37+P37 -> 1565 | K37: =K36 -> 2000 | L37: =L36 -> 2000 | M37: =M36 -> 2000 | N37: =N36-Q37 -> -88 | O37: =O36-R37 -> 92 | P37: =P36-S37 -> -435 | Q37: 8 | R37: 8 | S37: 7 | T37: =D37+C37-V37 -> 2227 | U37: =U36+0.28*1000-Q37 -> 192 | V37: =V36+0.1*1000-R37 -> 192 | W37: =W36+$X37*1000-S37 -> 155 | X37: 0.3 | AB37: 7
A38: 24 | B38: =B37+1 -> 45294 | C38: =C37 -> 842 | D38: =D37-2 -> 1575 | E38: =C38+D38-H38 -> 508 | F38: =C38+D38-I38 -> 331 | G38: =D38+C38-J38 -> 855 | H38: =K38+N38 -> 1909 | I38: =L38+O38 -> 2086 | J38: =M38+P38 -> 1562 | K38: =K37 -> 2000 | L38: =L37 -> 2000 | M38: =M37 -> 2000 | N38: =N37-Q38 -> -91 | O38: =O37-R38 -> 86 | P38: =P37-S38 -> -438 | Q38: 3 | R38: 6 | S38: 3 | T38: =D38+C38-V38 -> 2231 | U38: =U37+$X38*1000-Q38 -> 189 | V38: =V37+$X38*1000-R38 -> 186 | W38: =W37+$X38*1000-S38 -> 152
A39: 25 | B39: =B38+1 -> 45295 | C39: =C38 -> 842 | D39: =D38-2 -> 1573 | E39: =C39+D39-H39 -> 510 | F39: =C39+D39-I39 -> 335 | G39: =D39+C39-J39 -> 857 | H39: =K39+N39 -> 1905 | I39: =L39+O39 -> 2080 | J39: =M39+P39 -> 1558 | K39: =K38 -> 2000 | L39: =L38 -> 2000 | M39: =M38 -> 2000 | N39: =N38-Q39 -> -95 | O39: =O38-R39 -> 80 | P39: =P38-S39 -> -442 | Q39: 4 | R39: 6 | S39: 4 | T39: =D39+C39-V39 -> 2235 | U39: =U38+$X39*1000-Q39 -> 185 | V39: =V38+$X39*1000-R39 -> 180 | W39: =W38+$X39*1000-S39 -> 148
A40: 26 | B40: =B39+1 -> 45296 | C40: =C39 -> 842 | D40: =D39-2 -> 1571 | E40: =C40+D40-H40 -> 510 | F40: =C40+D40-I40 -> 339 | G40: =D40+C40-J40 -> 860 | H40: =K40+N40 -> 1903 | I40: =L40+O40 -> 2074 | J40: =M40+P40 -> 1553 | K40: =K39 -> 2000 | L40: =L39 -> 2000 | M40: =M39 -> 2000 | N40: =N39-Q40 -> -97 | O40: =O39-R40 -> 74 | P40: =P39-S40 -> -447 | Q40: 2 | R40: 6 | S40: 5 | T40: =D40+C40-V40 -> 2239 | U40: =U39+$X40*1000-Q40 -> 183 | V40: =V39+$X40*1000-R40 -> 174 | W40: =W39+$X40*1000-S40 -> 143
A41: 27 | B41: =B40+1 -> 45297 | C41: =C40 -> 842 | D41: =D40-2 -> 1569 | E41: =C41+D41-H41 -> 516 | F41: =C41+D41-I41 -> 346 | G41: =D41+C41-J41 -> 867 | H41: =K41+N41 -> 1895 | I41: =L41+O41 -> 2065 | J41: =M41+P41 -> 1544 | K41: =K40 -> 2000 | L41: =L40 -> 2000 | M41: =M40 -> 2000 | N41: =N40-Q41 -> -105 | O41: =O40-R41 -> 65 | P41: =P40-S41 -> -456 | Q41: 8 | R41: 9 | S41: 9 | T41: =D41+C41-V41 -> 2246 | U41: =U40+$X41*1000-Q41 -> 175 | V41: =V40+$X41*1000-R41 -> 165 | W41: =W40+$X41*1000-S41 -> 134
A42: 28 | B42: =B41+1 -> 45298 | C42: =C41 -> 842 | D42: =D41-2 -> 1567 | E42: =C42+D42-H42 -> 517 | F42: =C42+D42-I42 -> 347 | G42: =D42+C42-J42 -> 869 | H42: =K42+N42 -> 1892 | I42: =L42+O42 -> 2062 | J42: =M42+P42 -> 1540 | K42: =K41 -> 2000 | L42: =L41 -> 2000 | M42: =M41 -> 2000 | N42: =N41-Q42 -> -108 | O42: =O41-R42 -> 62 | P42: =P41-S42 -> -460 | Q42: 3 | R42: 3 | S42: 4 | T42: =D42+C42-V42 -> 2247 | U42: =U41+$X42*1000-Q42 -> 172 | V42: =V41+$X42*1000-R42 -> 162 | W42: =W41+$X42*1000-S42 -> 130
A43: 29 | B43: =B42+1 -> 45299 | C43: =C42 -> 842 | D43: =D42-2 -> 1565 | E43: =C43+D43-H43 -> 523 | F43: =C43+D43-I43 -> 354 | G43: =D43+C43-J43 -> 876 | H43: =K43+N43 -> 1884 | I43: =L43+O43 -> 2053 | J43: =M43+P43 -> 1531 | K43: =K42 -> 2000 | L43: =L42 -> 2000 | M43: =M42 -> 2000 | N43: =N42-Q43 -> -116 | O43: =O42-R43 -> 53 | P43: =P42-S43 -> -469 | Q43: 8 | R43: 9 | S43: 9 | T43: =D43+C43-V43 -> 1954 | U43: =U42+$X43*1000-Q43 -> 464 | V43: =V42+$X43*1000-R43 -> 453 | W43: =W42+$X43*1000-S43 -> 421 | X43: 0.3 | AB43: 6
A44: 30 | B44: =B43+1 -> 45300 | C44: =C43 -> 842 | D44: =D43-2 -> 1563 | E44: =C44+D44-H44 -> 524 | F44: =C44+D44-I44 -> 355 | G44: =D44+C44-J44 -> 878 | H44: =K44+N44 -> 1881 | I44: =L44+O44 -> 2050 | J44: =M44+P44 -> 1527 | K44: =K43 -> 2000 | L44: =L43 -> 2000 | M44: =M43 -> 2000 | N44: =N43-Q44 -> -119 | O44: =O43-R44 -> 50 | P44: =P43-S44 -> -473 | Q44: 3 | R44: 3 | S44: 4 | T44: =D44+C44-V44 -> 1955 | U44: =U43+$X44*1000-Q44 -> 461 | V44: =V43+$X44*1000-R44 -> 450 | W44: =W43+$X44*1000-S44 -> 417
A45: 31 | B45: =B44+1 -> 45301 | C45: =C44 -> 842 | D45: =D44-2 -> 1561 | E45: =C45+D45-H45 -> 530 | F45: =C45+D45-I45 -> 361 | G45: =D45+C45-J45 -> 883 | H45: =K45+N45 -> 1873 | I45: =L45+O45 -> 2042 | J45: =M45+P45 -> 1520 | K45: =K44 -> 2000 | L45: =L44 -> 2000 | M45: =M44 -> 2000 | N45: =N44-Q45 -> -127 | O45: =O44-R45 -> 42 | P45: =P44-S45 -> -480 | Q45: 8 | R45: 8 | S45: 7 | T45: =D45+C45-V45 -> 1961 | U45: =U44+$X45*1000-Q45 -> 453 | V45: =V44+$X45*1000-R45 -> 442 | W45: =W44+$X45*1000-S45 -> 410
A46: 32 | B46: =B45+1 -> 45302 | C46: =C45 -> 842 | D46: =D45-2 -> 1559 | E46: =C46+D46-H46 -> 531 | F46: =C46+D46-I46 -> 365 | G46: =D46+C46-J46 -> 884 | H46: =K46+N46 -> 1870 | I46: =L46+O46 -> 2036 | J46: =M46+P46 -> 1517 | K46: =K45 -> 2000 | L46: =L45 -> 2000 | M46: =M45 -> 2000 | N46: =N45-Q46 -> -130 | O46: =O45-R46 -> 36 | P46: =P45-S46 -> -483 | Q46: 3 | R46: 6 | S46: 3 | T46: =D46+C46-V46 -> 1965 | U46: =U45+$X46*1000-Q46 -> 450 | V46: =V45+$X46*1000-R46 -> 436 | W46: =W45+$X46*1000-S46 -> 407
A47: 33 | B47: =B46+1 -> 45303 | C47: =C46 -> 842 | D47: =D46-2 -> 1557 | E47: =C47+D47-H47 -> 533 | F47: =C47+D47-I47 -> 370 | G47: =D47+C47-J47 -> 886 | H47: =K47+N47 -> 1866 | I47: =L47+O47 -> 2029 | J47: =M47+P47 -> 1513 | K47: =K46 -> 2000 | L47: =L46 -> 2000 | M47: =M46 -> 2000 | N47: =N46-Q47 -> -134 | O47: =O46-R47 -> 29 | P47: =P46-S47 -> -487 | Q47: 4 | R47: 7 | S47: 4 | T47: =D47+C47-V47 -> 1970 | U47: =U46+$X47*1000-Q47 -> 446 | V47: =V46+$X47*1000-R47 -> 429 | W47: =W46+$X47*1000-S47 -> 403
A48: 34 | B48: =B47+1 -> 45304 | C48: =C47 -> 842 | D48: =D47-2 -> 1555 | E48: =C48+D48-H48 -> 533 | F48: =C48+D48-I48 -> 374 | G48: =D48+C48-J48 -> 889 | H48: =K48+N48 -> 1864 | I48: =L48+O48 -> 2023 | J48: =M48+P48 -> 1508 | K48: =K47 -> 2000 | L48: =L47 -> 2000 | M48: =M47 -> 2000 | N48: =N47-Q48 -> -136 | O48: =O47-R48 -> 23 | P48: =P47-S48 -> -492 | Q48: 2 | R48: 6 | S48: 5 | T48: =D48+C48-V48 -> 1974 | U48: =U47+$X48*1000-Q48 -> 444 | V48: =V47+$X48*1000-R48 -> 423 | W48: =W47+$X48*1000-S48 -> 398
A49: 35 | B49: =B48+1 -> 45305 | C49: =C48 -> 842 | D49: =D48-2 -> 1553 | E49: =C49+D49-H49 -> 539 | F49: =C49+D49-I49 -> 381 | G49: =D49+C49-J49 -> 896 | H49: =K49+N49 -> 1856 | I49: =L49+O49 -> 2014 | J49: =M49+P49 -> 1499 | K49: =K48 -> 2000 | L49: =L48 -> 2000 | M49: =M48 -> 2000 | N49: =N48-Q49 -> -144 | O49: =O48-R49 -> 14 | P49: =P48-S49 -> -501 | Q49: 8 | R49: 9 | S49: 9 | T49: =D49+C49-V49 -> 1681 | U49: =U48+$X49*1000-Q49 -> 736 | V49: =V48+$X49*1000-R49 -> 714 | W49: =W48+$X49*1000-S49 -> 689 | X49: 0.3 | AB49: 5
A50: 36 | B50: =B49+1 -> 45306 | C50: =C49 -> 842 | D50: =D49-2 -> 1551 | E50: =C50+D50-H50 -> 540 | F50: =C50+D50-I50 -> 382 | G50: =D50+C50-J50 -> 898 | H50: =K50+N50 -> 1853 | I50: =L50+O50 -> 2011 | J50: =M50+P50 -> 1495 | K50: =K49 -> 2000 | L50: =L49 -> 2000 | M50: =M49 -> 2000 | N50: =N49-Q50 -> -147 | O50: =O49-R50 -> 11 | P50: =P49-S50 -> -505 | Q50: 3 | R50: 3 | S50: 4 | T50: =D50+C50-V50 -> 1682 | U50: =U49+$X50*1000-Q50 -> 733 | V50: =V49+$X50*1000-R50 -> 711 | W50: =W49+$X50*1000-S50 -> 685
A51: 37 | B51: =B50+1 -> 45307 | C51: =C50 -> 842 | D51: =D50-2 -> 1549 | E51: =C51+D51-H51 -> 542 | F51: =C51+D51-I51 -> 384 | G51: =D51+C51-J51 -> 899 | H51: =K51+N51 -> 1849 | I51: =L51+O51 -> 2007 | J51: =M51+P51 -> 1492 | K51: =K50 -> 2000 | L51: =L50 -> 2000 | M51: =M50 -> 2000 | N51: =N50-Q51 -> -151 | O51: =O50-R51 -> 7 | P51: =P50-S51 -> -508 | Q51: 4 | R51: 4 | S51: 3 | T51: =D51+C51-V51 -> 1684 | U51: =U50+$X51*1000-Q51 -> 729 | V51: =V50+$X51*1000-R51 -> 707 | W51: =W50+$X51*1000-S51 -> 682
A52: 38 | B52: =B51+1 -> 45308 | C52: =C51 -> 842 | D52: =D51-2 -> 1547 | E52: =C52+D52-H52 -> 545 | F52: =C52+D52-I52 -> 384 | G52: =D52+C52-J52 -> 899 | H52: =K52+N52 -> 1844 | I52: =L52+O52 -> 2005 | J52: =M52+P52 -> 1490 | K52: =K51 -> 2000 | L52: =L51 -> 2000 | M52: =M51 -> 2000 | N52: =N51-Q52 -> -156 | O52: =O51-R52 -> 5 | P52: =P51-S52 -> -510 | Q52: 5 | R52: 2 | S52: 2 | T52: =D52+C52-V52 -> 1684 | U52: =U51+$X52*1000-Q52 -> 724 | V52: =V51+$X52*1000-R52 -> 705 | W52: =W51+$X52*1000-S52 -> 680
A53: 39 | B53: =B52+1 -> 45309 | C53: =C52 -> 842 | D53: =D52-2 -> 1545 | E53: =C53+D53-H53 -> 548 | F53: =C53+D53-I53 -> 387 | G53: =D53+C53-J53 -> 901 | H53: =K53+N53 -> 1839 | I53: =L53+O53 -> 2000 | J53: =M53+P53 -> 1486 | K53: =K52 -> 2000 | L53: =L52 -> 2000 | M53: =M52 -> 2000 | N53: =N52-Q53 -> -161 | O53: =O52-R53 -> 0 | P53: =P52-S53 -> -514 | Q53: 5 | R53: 5 | S53: 4 | T53: =D53+C53-V53 -> 1687 | U53: =U52+$X53*1000-Q53 -> 719 | V53: =V52+$X53*1000-R53 -> 700 | W53: =W52+$X53*1000-S53 -> 676
A54: 40 | B54: =B53+1 -> 45310 | C54: =C53 -> 842 | D54: =D53-2 -> 1543 | E54: =C54+D54-H54 -> 551 | F54: =C54+D54-I54 -> 390 | G54: =D54+C54-J54 -> 903 | H54: =K54+N54 -> 1834 | I54: =L54+O54 -> 1995 | J54: =M54+P54 -> 1482 | K54: =K53 -> 2000 | L54: =L53 -> 2000 | M54: =M53 -> 2000 | N54: =N53-Q54 -> -166 | O54: =O53-R54 -> -5 | P54: =P53-S54 -> -518 | Q54: 5 | R54: 5 | S54: 4 | T54: =D54+C54-V54 -> 1690 | U54: =U53+$X54*1000-Q54 -> 714 | V54: =V53+$X54*1000-R54 -> 695 | W54: =W53+$X54*1000-S54 -> 672
A55: 41 | B55: =B54+1 -> 45311 | C55: =C54 -> 842 | D55: =D54-2 -> 1541 | E55: =C55+D55-H55 -> 557 | F55: =C55+D55-I55 -> 396 | G55: =D55+C55-J55 -> 909 | H55: =K55+N55 -> 1826 | I55: =L55+O55 -> 1987 | J55: =M55+P55 -> 1474 | K55: =K54 -> 2000 | L55: =L54 -> 2000 | M55: =M54 -> 2000 | N55: =N54-Q55 -> -174 | O55: =O54-R55 -> -13 | P55: =P54-S55 -> -526 | Q55: 8 | R55: 8 | S55: 8 | T55: =D55+C55-V55 -> 1396 | U55: =U54+$X55*1000-Q55 -> 1006 | V55: =V54+$X55*1000-R55 -> 987 | W55: =W54+$X55*1000-S55 -> 964 | X55: 0.3 | AB55: 4
A56: 42 | B56: =B55+1 -> 45312 | C56: =C55 -> 842 | D56: =D55-2 -> 1539 | E56: =C56+D56-H56 -> 557 | F56: =C56+D56-I56 -> 398 | G56: =D56+C56-J56 -> 912 | H56: =K56+N56 -> 1824 | I56: =L56+O56 -> 1983 | J56: =M56+P56 -> 1469 | K56: =K55 -> 2000 | L56: =L55 -> 2000 | M56: =M55 -> 2000 | N56: =N55-Q56 -> -176 | O56: =O55-R56 -> -17 | P56: =P55-S56 -> -531 | Q56: 2 | R56: 4 | S56: 5 | T56: =D56+C56-V56 -> 1398 | U56: =U55+$X56*1000-Q56 -> 1004 | V56: =V55+$X56*1000-R56 -> 983 | W56: =W55+$X56*1000-S56 -> 959
A57: 43 | B57: =B56+1 -> 45313 | C57: =C56 -> 842 | D57: =D56-2 -> 1537 | E57: =C57+D57-H57 -> 559 | F57: =C57+D57-I57 -> 403 | G57: =D57+C57-J57 -> 914 | H57: =K57+N57 -> 1820 | I57: =L57+O57 -> 1976 | J57: =M57+P57 -> 1465 | K57: =K56 -> 2000 | L57: =L56 -> 2000 | M57: =M56 -> 2000 | N57: =N56-Q57 -> -180 | O57: =O56-R57 -> -24 | P57: =P56-S57 -> -535 | Q57: 4 | R57: 7 | S57: 4 | T57: =D57+C57-V57 -> 1403 | U57: =U56+$X57*1000-Q57 -> 1000 | V57: =V56+$X57*1000-R57 -> 976 | W57: =W56+$X57*1000-S57 -> 955
A58: 44 | B58: =B57+1 -> 45314 | C58: =C57 -> 842 | D58: =D57-2 -> 1535 | E58: =C58+D58-H58 -> 564 | F58: =C58+D58-I58 -> 406 | G58: =D58+C58-J58 -> 915 | H58: =K58+N58 -> 1813 | I58: =L58+O58 -> 1971 | J58: =M58+P58 -> 1462 | K58: =K57 -> 2000 | L58: =L57 -> 2000 | M58: =M57 -> 2000 | N58: =N57-Q58 -> -187 | O58: =O57-R58 -> -29 | P58: =P57-S58 -> -538 | Q58: 7 | R58: 5 | S58: 3 | T58: =D58+C58-V58 -> 1406 | U58: =U57+$X58*1000-Q58 -> 993 | V58: =V57+$X58*1000-R58 -> 971 | W58: =W57+$X58*1000-S58 -> 952
A59: 45 | B59: =B58+1 -> 45315 | C59: =C58 -> 842 | D59: =D58-2 -> 1533 | E59: =C59+D59-H59 -> 567 | F59: =C59+D59-I59 -> 408 | G59: =D59+C59-J59 -> 915 | H59: =K59+N59 -> 1808 | I59: =L59+O59 -> 1967 | J59: =M59+P59 -> 1460 | K59: =K58 -> 2000 | L59: =L58 -> 2000 | M59: =M58 -> 2000 | N59: =N58-Q59 -> -192 | O59: =O58-R59 -> -33 | P59: =P58-S59 -> -540 | Q59: 5 | R59: 4 | S59: 2 | T59: =D59+C59-V59 -> 1408 | U59: =U58+$X59*1000-Q59 -> 988 | V59: =V58+$X59*1000-R59 -> 967 | W59: =W58+$X59*1000-S59 -> 950
A60: 46 | B60: =B59+1 -> 45316 | C60: =C59 -> 842 | D60: =D59-2 -> 1531 | E60: =C60+D60-H60 -> 569 | F60: =C60+D60-I60 -> 410 | G60: =D60+C60-J60 -> 916 | H60: =K60+N60 -> 1804 | I60: =L60+O60 -> 1963 | J60: =M60+P60 -> 1457 | K60: =K59 -> 2000 | L60: =L59 -> 2000 | M60: =M59 -> 2000 | N60: =N59-Q60 -> -196 | O60: =O59-R60 -> -37 | P60: =P59-S60 -> -543 | Q60: 4 | R60: 4 | S60: 3 | T60: =D60+C60-V60 -> 1410 | U60: =U59+$X60*1000-Q60 -> 984 | V60: =V59+$X60*1000-R60 -> 963 | W60: =W59+$X60*1000-S60 -> 947
A61: 47 | B61: =B60+1 -> 45317 | C61: =C60 -> 842 | D61: =D60-2 -> 1529 | E61: =C61+D61-H61 -> 575 | F61: =C61+D61-I61 -> 416 | G61: =D61+C61-J61 -> 922 | H61: =K61+N61 -> 1796 | I61: =L61+O61 -> 1955 | J61: =M61+P61 -> 1449 | K61: =K60 -> 2000 | L61: =L60 -> 2000 | M61: =M60 -> 2000 | N61: =N60-Q61 -> -204 | O61: =O60-R61 -> -45 | P61: =P60-S61 -> -551 | Q61: 8 | R61: 8 | S61: 8 | T61: =D61+C61-V61 -> 1416 | U61: =U60+$X61*1000-Q61 -> 976 | V61: =V60+$X61*1000-R61 -> 955 | W61: =W60+$X61*1000-S61 -> 939
A62: 48 | B62: =B61+1 -> 45318 | C62: =C61 -> 842 | D62: =D61-2 -> 1527 | E62: =C62+D62-H62 -> 575 | F62: =C62+D62-I62 -> 418 | G62: =D62+C62-J62 -> 925 | H62: =K62+N62 -> 1794 | I62: =L62+O62 -> 1951 | J62: =M62+P62 -> 1444 | K62: =K61 -> 2000 | L62: =L61 -> 2000 | M62: =M61 -> 2000 | N62: =N61-Q62 -> -206 | O62: =O61-R62 -> -49 | P62: =P61-S62 -> -556 | Q62: 2 | R62: 4 | S62: 5 | T62: =D62+C62-V62 -> 1418 | U62: =U61+$X62*1000-Q62 -> 974 | V62: =V61+$X62*1000-R62 -> 951 | W62: =W61+$X62*1000-S62 -> 934
A63: 49 | B63: =B62+1 -> 45319 | C63: =C62 -> 842 | D63: =D62-2 -> 1525 | E63: =C63+D63-H63 -> 577 | F63: =C63+D63-I63 -> 423 | G63: =D63+C63-J63 -> 927 | H63: =K63+N63 -> 1790 | I63: =L63+O63 -> 1944 | J63: =M63+P63 -> 1440 | K63: =K62 -> 2000 | L63: =L62 -> 2000 | M63: =M62 -> 2000 | N63: =N62-Q63 -> -210 | O63: =O62-R63 -> -56 | P63: =P62-S63 -> -560 | Q63: 4 | R63: 7 | S63: 4 | T63: =D63+C63-V63 -> 1423 | U63: =U62+$X63*1000-Q63 -> 970 | V63: =V62+$X63*1000-R63 -> 944 | W63: =W62+$X63*1000-S63 -> 930
A64: 50 | B64: =B63+1 -> 45320 | C64: =C63 -> 842 | D64: =D63-2 -> 1523 | E64: =C64+D64-H64 -> 582 | F64: =C64+D64-I64 -> 426 | G64: =D64+C64-J64 -> 928 | H64: =K64+N64 -> 1783 | I64: =L64+O64 -> 1939 | J64: =M64+P64 -> 1437 | K64: =K63 -> 2000 | L64: =L63 -> 2000 | M64: =M63 -> 2000 | N64: =N63-Q64 -> -217 | O64: =O63-R64 -> -61 | P64: =P63-S64 -> -563 | Q64: 7 | R64: 5 | S64: 3 | T64: =D64+C64-V64 -> 1426 | U64: =U63+$X64*1000-Q64 -> 963 | V64: =V63+$X64*1000-R64 -> 939 | W64: =W63+$X64*1000-S64 -> 927
A65: 51 | B65: =B64+1 -> 45321 | C65: =C64 -> 842 | D65: =D64-2 -> 1521 | E65: =C65+D65-H65 -> 585 | F65: =C65+D65-I65 -> 426 | G65: =D65+C65-J65 -> 928 | H65: =K65+N65 -> 1778 | I65: =L65+O65 -> 1937 | J65: =M65+P65 -> 1435 | K65: =K64 -> 2000 | L65: =L64 -> 2000 | M65: =M64 -> 2000 | N65: =N64-Q65 -> -222 | O65: =O64-R65 -> -63 | P65: =P64-S65 -> -565 | Q65: 5 | R65: 2 | S65: 2 | T65: =D65+C65-V65 -> 1426 | U65: =U64+$X65*1000-Q65 -> 958 | V65: =V64+$X65*1000-R65 -> 937 | W65: =W64+$X65*1000-S65 -> 925
A66: 52 | B66: =B65+1 -> 45322 | C66: =C65 -> 842 | D66: =D65-2 -> 1519 | E66: =C66+D66-H66 -> 585 | F66: =C66+D66-I66 -> 428 | G66: =D66+C66-J66 -> 927 | H66: =K66+N66 -> 1776 | I66: =L66+O66 -> 1933 | J66: =M66+P66 -> 1434 | K66: =K65 -> 2000 | L66: =L65 -> 2000 | M66: =M65 -> 2000 | N66: =N65-Q66 -> -224 | O66: =O65-R66 -> -67 | P66: =P65-S66 -> -566 | Q66: 2 | R66: 4 | S66: 1 | T66: =D66+C66-V66 -> 1428 | U66: =U65+$X66*1000-Q66 -> 956 | V66: =V65+$X66*1000-R66 -> 933 | W66: =W65+$X66*1000-S66 -> 924
A67: 53 | B67: =B66+1 -> 45323 | C67: =C66 -> 842 | D67: =D66-2 -> 1517 | E67: =C67+D67-H67 -> 587 | F67: =C67+D67-I67 -> 433 | G67: =D67+C67-J67 -> 925 | H67: =K67+N67 -> 1772 | I67: =L67+O67 -> 1926 | J67: =M67+P67 -> 1434 | K67: =K66 -> 2000 | L67: =L66 -> 2000 | M67: =M66 -> 2000 | N67: =N66-Q67 -> -228 | O67: =O66-R67 -> -74 | P67: =P66-S67 -> -566 | Q67: 4 | R67: 7 | S67: 0 | T67: =D67+C67-V67 -> 1433 | U67: =U66+$X67*1000-Q67 -> 952 | V67: =V66+$X67*1000-R67 -> 926 | W67: =W66+$X67*1000-S67 -> 924
... A126: 112 | B126: =B125+1 -> 45382 | C126: =C125 -> 842 | D126: =D125-2 -> 1399 | E126: =C126+D126-H126 -> 517 | F126: =C126+D126-I126 -> 432 | G126: =D126+C126-J126 -> 814 | H126: =K126+N126 -> 1724 | I126: =L126+O126 -> 1809 | J126: =M126+P126 -> 1427 | K126: =K125 -> 2000 | L126: =L125 -> 2000 | M126: =M125 -> 2000 | N126: =N125-Q126 -> -276 | O126: =O125-R126 -> -191 | P126: =P125-S126 -> -573 | Q126: 0 | R126: 0 | S126: 0 | T126: =D126+C126-V126 -> 1432 | U126: =U125+$X126*1000-Q126 -> 904 | V126: =V125+$X126*1000-R126 -> 809 | W126: =W125+$X126*1000-S126 -> 917
A127: 113 | B127: =B126+1 -> 45383 | C127: =C126 -> 842 | D127: =D126+2 -> 1401 | E127: =C127+D127-H127 -> 519 | F127: =C127+D127-I127 -> 434 | G127: =D127+C127-J127 -> 816 | H127: =K127+N127 -> 1724 | I127: =L127+O127 -> 1809 | J127: =M127+P127 -> 1427 | K127: =K126 -> 2000 | L127: =L126 -> 2000 | M127: =M126 -> 2000 | N127: =N126-Q127 -> -276 | O127: =O126-R127 -> -191 | P127: =P126-S127 -> -573 | Q127: 0 | R127: 0 | S127: 0 | T127: =D127+C127-V127 -> 1434 | U127: =U126+$X127*1000-Q127 -> 904 | V127: =V126+$X127*1000-R127 -> 809 | W127: =W126+$X127*1000-S127 -> 917
A128: 114 | B128: =B127+1 -> 45384 | C128: =C127 -> 842 | D128: =D127+2 -> 1403 | E128: =C128+D128-H128 -> 521 | F128: =C128+D128-I128 -> 436 | G128: =D128+C128-J128 -> 818 | H128: =K128+N128 -> 1724 | I128: =L128+O128 -> 1809 | J128: =M128+P128 -> 1427 | K128: =K127 -> 2000 | L128: =L127 -> 2000 | M128: =M127 -> 2000 | N128: =N127-Q128 -> -276 | O128: =O127-R128 -> -191 | P128: =P127-S128 -> -573 | Q128: 0 | R128: 0 | S128: 0 | T128: =D128+C128-V128 -> 1436 | U128: =U127+$X128*1000-Q128 -> 904 | V128: =V127+$X128*1000-R128 -> 809 | W128: =W127+$X128*1000-S128 -> 917
A129: 115 | B129: =B128+1 -> 45385 | C129: =C128 -> 842 | D129: =D128+2 -> 1405 | E129: =C129+D129-H129 -> 523 | F129: =C129+D129-I129 -> 438 | G129: =D129+C129-J129 -> 820 | H129: =K129+N129 -> 1724 | I129: =L129+O129 -> 1809 | J129: =M129+P129 -> 1427 | K129: =K128 -> 2000 | L129: =L128 -> 2000 | M129: =M128 -> 2000 | N129: =N128-Q129 -> -276 | O129: =O128-R129 -> -191 | P129: =P128-S129 -> -573 | Q129: 0 | R129: 0 | S129: 0 | T129: =D129+C129-V129 -> 1438 | U129: =U128+$X129*1000-Q129 -> 904 | V129: =V128+$X129*1000-R129 -> 809 | W129: =W128+$X129*1000-S129 -> 917
A130: 116 | B130: =B129+1 -> 45386 | C130: =C129 -> 842 | D130: =D129+2 -> 1407 | E130: =C130+D130-H130 -> 525 | F130: =C130+D130-I130 -> 440 | G130: =D130+C130-J130 -> 822 | H130: =K130+N130 -> 1724 | I130: =L130+O130 -> 1809 | J130: =M130+P130 -> 1427 | K130: =K129 -> 2000 | L130: =L129 -> 2000 | M130: =M129 -> 2000 | N130: =N129-Q130 -> -276 | O130: =O129-R130 -> -191 | P130: =P129-S130 -> -573 | Q130: 0 | R130: 0 | S130: 0 | T130: =D130+C130-V130 -> 1440 | U130: =U129+$X130*1000-Q130 -> 904 | V130: =V129+$X130*1000-R130 -> 809 | W130: =W129+$X130*1000-S130 -> 917
A131: 117 | B131: =B130+1 -> 45387 | C131: =C130 -> 842 | D131: =D130+2 -> 1409 | E131: =C131+D131-H131 -> 527 | F131: =C131+D131-I131 -> 442 | G131: =D131+C131-J131 -> 824 | H131: =K131+N131 -> 1724 | I131: =L131+O131 -> 1809 | J131: =M131+P131 -> 1427 | K131: =K130 -> 2000 | L131: =L130 -> 2000 | M131: =M130 -> 2000 | N131: =N130-Q131 -> -276 | O131: =O130-R131 -> -191 | P131: =P130-S131 -> -573 | Q131: 0 | R131: 0 | S131: 0 | T131: =D131+C131-V131 -> 1442 | U131: =U130+$X131*1000-Q131 -> 904 | V131: =V130+$X131*1000-R131 -> 809 | W131: =W130+$X131*1000-S131 -> 917
A132: 118 | B132: =B131+1 -> 45388 | C132: =C131 -> 842 | D132: =D131+2 -> 1411 | E132: =C132+D132-H132 -> 529 | F132: =C132+D132-I132 -> 444 | G132: =D132+C132-J132 -> 826 | H132: =K132+N132 -> 1724 | I132: =L132+O132 -> 1809 | J132: =M132+P132 -> 1427 | K132: =K131 -> 2000 | L132: =L131 -> 2000 | M132: =M131 -> 2000 | N132: =N131-Q132 -> -276 | O132: =O131-R132 -> -191 | P132: =P131-S132 -> -573 | Q132: 0 | R132: 0 | S132: 0 | T132: =D132+C132-V132 -> 1444 | U132: =U131+$X132*1000-Q132 -> 904 | V132: =V131+$X132*1000-R132 -> 809 | W132: =W131+$X132*1000-S132 -> 917
A133: 119 | B133: =B132+1 -> 45389 | C133: =C132 -> 842 | D133: =D132+2 -> 1413 | E133: =C133+D133-H133 -> 531 | F133: =C133+D133-I133 -> 446 | G133: =D133+C133-J133 -> 828 | H133: =K133+N133 -> 1724 | I133: =L133+O133 -> 1809 | J133: =M133+P133 -> 1427 | K133: =K132 -> 2000 | L133: =L132 -> 2000 | M133: =M132 -> 2000 | N133: =N132-Q133 -> -276 | O133: =O132-R133 -> -191 | P133: =P132-S133 -> -573 | Q133: 0 | R133: 0 | S133: 0 | T133: =D133+C133-V133 -> 1446 | U133: =U132+$X133*1000-Q133 -> 904 | V133: =V132+$X133*1000-R133 -> 809 | W133: =W132+$X133*1000-S133 -> 917
A134: 120 | B134: =B133+1 -> 45390 | C134: =C133 -> 842 | D134: =D133+2 -> 1415 | E134: =C134+D134-H134 -> 533 | F134: =C134+D134-I134 -> 448 | G134: =D134+C134-J134 -> 830 | H134: =K134+N134 -> 1724 | I134: =L134+O134 -> 1809 | J134: =M134+P134 -> 1427 | K134: =K133 -> 2000 | L134: =L133 -> 2000 | M134: =M133 -> 2000 | N134: =N133-Q134 -> -276 | O134: =O133-R134 -> -191 | P134: =P133-S134 -> -573 | Q134: 0 | R134: 0 | S134: 0 | T134: =D134+C134-V134 -> 1448 | U134: =U133+$X134*1000-Q134 -> 904 | V134: =V133+$X134*1000-R134 -> 809 | W134: =W133+$X134*1000-S134 -> 917
A135: 121 | B135: =B134+1 -> 45391 | C135: =C134 -> 842 | D135: =D134+2 -> 1417 | E135: =C135+D135-H135 -> 535 | F135: =C135+D135-I135 -> 450 | G135: =D135+C135-J135 -> 832 | H135: =K135+N135 -> 1724 | I135: =L135+O135 -> 1809 | J135: =M135+P135 -> 1427 | K135: =K134 -> 2000 | L135: =L134 -> 2000 | M135: =M134 -> 2000 | N135: =N134-Q135 -> -276 | O135: =O134-R135 -> -191 | P135: =P134-S135 -> -573 | Q135: 0 | R135: 0 | S135: 0 | T135: =D135+C135-V135 -> 1450 | U135: =U134+$X135*1000-Q135 -> 904 | V135: =V134+$X135*1000-R135 -> 809 | W135: =W134+$X135*1000-S135 -> 917
A136: 122 | B136: =B135+1 -> 45392 | C136: =C135 -> 842 | D136: =D135+2 -> 1419 | E136: =C136+D136-H136 -> 537 | F136: =C136+D136-I136 -> 452 | G136: =D136+C136-J136 -> 834 | H136: =K136+N136 -> 1724 | I136: =L136+O136 -> 1809 | J136: =M136+P136 -> 1427 | K136: =K135 -> 2000 | L136: =L135 -> 2000 | M136: =M135 -> 2000 | N136: =N135-Q136 -> -276 | O136: =O135-R136 -> -191 | P136: =P135-S136 -> -573 | Q136: 0 | R136: 0 | S136: 0 | T136: =D136+C136-V136 -> 1452 | U136: =U135+$X136*1000-Q136 -> 904 | V136: =V135+$X136*1000-R136 -> 809 | W136: =W135+$X136*1000-S136 -> 917
A137: 123 | B137: =B136+1 -> 45393 | C137: =C136 -> 842 | D137: =D136+2 -> 1421 | E137: =C137+D137-H137 -> 539 | F137: =C137+D137-I137 -> 454 | G137: =D137+C137-J137 -> 836 | H137: =K137+N137 -> 1724 | I137: =L137+O137 -> 1809 | J137: =M137+P137 -> 1427 | K137: =K136 -> 2000 | L137: =L136 -> 2000 | M137: =M136 -> 2000 | N137: =N136-Q137 -> -276 | O137: =O136-R137 -> -191 | P137: =P136-S137 -> -573 | Q137: 0 | R137: 0 | S137: 0 | T137: =D137+C137-V137 -> 1454 | U137: =U136+$X137*1000-Q137 -> 904 | V137: =V136+$X137*1000-R137 -> 809 | W137: =W136+$X137*1000-S137 -> 917
A138: 124 | B138: =B137+1 -> 45394 | C138: =C137 -> 842 | D138: =D137+2 -> 1423 | E138: =C138+D138-H138 -> 541 | F138: =C138+D138-I138 -> 456 | G138: =D138+C138-J138 -> 838 | H138: =K138+N138 -> 1724 | I138: =L138+O138 -> 1809 | J138: =M138+P138 -> 1427 | K138: =K137 -> 2000 | L138: =L137 -> 2000 | M138: =M137 -> 2000 | N138: =N137-Q138 -> -276 | O138: =O137-R138 -> -191 | P138: =P137-S138 -> -573 | Q138: 0 | R138: 0 | S138: 0 | T138: =D138+C138-V138 -> 1456 | U138: =U137+$X138*1000-Q138 -> 904 | V138: =V137+$X138*1000-R138 -> 809 | W138: =W137+$X138*1000-S138 -> 917
A139: 125 | B139: =B138+1 -> 45395 | C139: =C138 -> 842 | D139: =D138+2 -> 1425 | E139: =C139+D139-H139 -> 543 | F139: =C139+D139-I139 -> 458 | G139: =D139+C139-J139 -> 840 | H139: =K139+N139 -> 1724 | I139: =L139+O139 -> 1809 | J139: =M139+P139 -> 1427 | K139: =K138 -> 2000 | L139: =L138 -> 2000 | M139: =M138 -> 2000 | N139: =N138-Q139 -> -276 | O139: =O138-R139 -> -191 | P139: =P138-S139 -> -573 | Q139: 0 | R139: 0 | S139: 0 | T139: =D139+C139-V139 -> 1458 | U139: =U138+$X139*1000-Q139 -> 904 | V139: =V138+$X139*1000-R139 -> 809 | W139: =W138+$X139*1000-S139 -> 917
A140: 126 | B140: =B139+1 -> 45396 | C140: =C139 -> 842 | D140: =D139+2 -> 1427 | E140: =C140+D140-H140 -> 552 | F140: =C140+D140-I140 -> 469 | G140: =D140+C140-J140 -> 850 | H140: =K140+N140 -> 1717 | I140: =L140+O140 -> 1800 | J140: =M140+P140 -> 1419 | K140: =K139 -> 2000 | L140: =L139 -> 2000 | M140: =M139 -> 2000 | N140: =N139-Q140 -> -283 | O140: =O139-R140 -> -200 | P140: =P139-S140 -> -581 | Q140: 7 | R140: 9 | S140: 8 | T140: =D140+C140-V140 -> 1169 | U140: =U139+$X140*1000-Q140 -> 1197 | V140: =V139+$X140*1000-R140 -> 1100 | W140: =W139+$X140*1000-S140 -> 1209 | X140: 0.3 | AB140: 3
A141: 127 | B141: =B140+1 -> 45397 | C141: =C140 -> 842 | D141: =D140+2 -> 1429 | E141: =C141+D141-H141 -> 557 | F141: =C141+D141-I141 -> 474 | G141: =D141+C141-J141 -> 855 | H141: =K141+N141 -> 1714 | I141: =L141+O141 -> 1797 | J141: =M141+P141 -> 1416 | K141: =K140 -> 2000 | L141: =L140 -> 2000 | M141: =M140 -> 2000 | N141: =N140-Q141 -> -286 | O141: =O140-R141 -> -203 | P141: =P140-S141 -> -584 | Q141: 3 | R141: 3 | S141: 3 | T141: =D141+C141-V141 -> 1174 | U141: =U140+$X141*1000-Q141 -> 1194 | V141: =V140+$X141*1000-R141 -> 1097 | W141: =W140+$X141*1000-S141 -> 1206
A142: 128 | B142: =B141+1 -> 45398 | C142: =C141 -> 842 | D142: =D141+2 -> 1431 | E142: =C142+D142-H142 -> 563 | F142: =C142+D142-I142 -> 480 | G142: =D142+C142-J142 -> 861 | H142: =K142+N142 -> 1710 | I142: =L142+O142 -> 1793 | J142: =M142+P142 -> 1412 | K142: =K141 -> 2000 | L142: =L141 -> 2000 | M142: =M141 -> 2000 | N142: =N141-Q142 -> -290 | O142: =O141-R142 -> -207 | P142: =P141-S142 -> -588 | Q142: 4 | R142: 4 | S142: 4 | T142: =D142+C142-V142 -> 1180 | U142: =U141+$X142*1000-Q142 -> 1190 | V142: =V141+$X142*1000-R142 -> 1093 | W142: =W141+$X142*1000-S142 -> 1202
A143: 129 | B143: =B142+1 -> 45399 | C143: =C142 -> 842 | D143: =D142+2 -> 1433 | E143: =C143+D143-H143 -> 570 | F143: =C143+D143-I143 -> 484 | G143: =D143+C143-J143 -> 867 | H143: =K143+N143 -> 1705 | I143: =L143+O143 -> 1791 | J143: =M143+P143 -> 1408 | K143: =K142 -> 2000 | L143: =L142 -> 2000 | M143: =M142 -> 2000 | N143: =N142-Q143 -> -295 | O143: =O142-R143 -> -209 | P143: =P142-S143 -> -592 | Q143: 5 | R143: 2 | S143: 4 | T143: =D143+C143-V143 -> 1184 | U143: =U142+$X143*1000-Q143 -> 1185 | V143: =V142+$X143*1000-R143 -> 1091 | W143: =W142+$X143*1000-S143 -> 1198
A144: 130 | B144: =B143+1 -> 45400 | C144: =C143 -> 842 | D144: =D143+2 -> 1435 | E144: =C144+D144-H144 -> 581 | F144: =C144+D144-I144 -> 495 | G144: =D144+C144-J144 -> 878 | H144: =K144+N144 -> 1696 | I144: =L144+O144 -> 1782 | J144: =M144+P144 -> 1399 | K144: =K143 -> 2000 | L144: =L143 -> 2000 | M144: =M143 -> 2000 | N144: =N143-Q144 -> -304 | O144: =O143-R144 -> -218 | P144: =P143-S144 -> -601 | Q144: 9 | R144: 9 | S144: 9 | T144: =D144+C144-V144 -> 895 | U144: =U143+$X144*1000-Q144 -> 1476 | V144: =V143+$X144*1000-R144 -> 1382 | W144: =W143+$X144*1000-S144 -> 1489 | X144: 0.3 | AB144: 2
A145: 131 | B145: =B144+1 -> 45401 | C145: =C144 -> 842 | D145: =D144+2 -> 1437 | E145: =C145+D145-H145 -> 587 | F145: =C145+D145-I145 -> 500 | G145: =D145+C145-J145 -> 883 | H145: =K145+N145 -> 1692 | I145: =L145+O145 -> 1779 | J145: =M145+P145 -> 1396 | K145: =K144 -> 2000 | L145: =L144 -> 2000 | M145: =M144 -> 2000 | N145: =N144-Q145 -> -308 | O145: =O144-R145 -> -221 | P145: =P144-S145 -> -604 | Q145: 4 | R145: 3 | S145: 3 | T145: =D145+C145-V145 -> 900 | U145: =U144+$X145*1000-Q145 -> 1472 | V145: =V144+$X145*1000-R145 -> 1379 | W145: =W144+$X145*1000-S145 -> 1486
A146: 132 | B146: =B145+1 -> 45402 | C146: =C145 -> 842 | D146: =D145+2 -> 1439 | E146: =C146+D146-H146 -> 592 | F146: =C146+D146-I146 -> 506 | G146: =D146+C146-J146 -> 889 | H146: =K146+N146 -> 1689 | I146: =L146+O146 -> 1775 | J146: =M146+P146 -> 1392 | K146: =K145 -> 2000 | L146: =L145 -> 2000 | M146: =M145 -> 2000 | N146: =N145-Q146 -> -311 | O146: =O145-R146 -> -225 | P146: =P145-S146 -> -608 | Q146: 3 | R146: 4 | S146: 4 | T146: =D146+C146-V146 -> 906 | U146: =U145+$X146*1000-Q146 -> 1469 | V146: =V145+$X146*1000-R146 -> 1375 | W146: =W145+$X146*1000-S146 -> 1482
A147: 133 | B147: =B146+1 -> 45403 | C147: =C146 -> 842 | D147: =D146+2 -> 1441 | E147: =C147+D147-H147 -> 596 | F147: =C147+D147-I147 -> 513 | G147: =D147+C147-J147 -> 893 | H147: =K147+N147 -> 1687 | I147: =L147+O147 -> 1770 | J147: =M147+P147 -> 1390 | K147: =K146 -> 2000 | L147: =L146 -> 2000 | M147: =M146 -> 2000 | N147: =N146-Q147 -> -313 | O147: =O146-R147 -> -230 | P147: =P146-S147 -> -610 | Q147: 2 | R147: 5 | S147: 2 | T147: =D147+C147-V147 -> 913 | U147: =U146+$X147*1000-Q147 -> 1467 | V147: =V146+$X147*1000-R147 -> 1370 | W147: =W146+$X147*1000-S147 -> 1480 | AB147: Trước nối cần
A148: 134 | B148: =B147+1 -> 45404 | C148: =C147 -> 842 | D148: =D147+2 -> 1443 | E148: =C148+D148-H148 -> -398 | F148: =C148+D148-I148 -> -480 | G148: =D148+C148-J148 -> -100 | H148: =K148+N148 -> 2683 | I148: =L148+O148 -> 2765 | J148: =M148+P148 -> 2385 | K148: =K147+1000 -> 3000 | L148: =L147+1000 -> 3000 | M148: =M147+1000 -> 3000 | N148: =N147-Q148 -> -317 | O148: =O147-R148 -> -235 | P148: =P147-S148 -> -615 | Q148: 4 | R148: 5 | S148: 5 | T148: =D148+C148-V148 -> 920 | U148: =U147+$X148*1000-Q148 -> 1463 | V148: =V147+$X148*1000-R148 -> 1365 | W148: =W147+$X148*1000-S148 -> 1475 | AB148: Sau nối cần
A149: 135 | B149: =B148+1 -> 45405 | C149: =C148 -> 842 | D149: =D148+2 -> 1445 | E149: =C149+D149-H149 -> -388 | F149: =C149+D149-I149 -> -469 | G149: =D149+C149-J149 -> -90 | H149: =K149+N149 -> 2675 | I149: =L149+O149 -> 2756 | J149: =M149+P149 -> 2377 | K149: =K148 -> 3000 | L149: =L148 -> 3000 | M149: =M148 -> 3000 | N149: =N148-Q149 -> -325 | O149: =O148-R149 -> -244 | P149: =P148-S149 -> -623 | Q149: 8 | R149: 9 | S149: 8 | T149: =D149+C149-V149 -> 631 | U149: =U148+$X149*1000-Q149 -> 1755 | V149: =V148+$X149*1000-R149 -> 1656 | W149: =W148+$X149*1000-S149 -> 1767 | X149: 0.3 | AB149: 1
A150: 136 | B150: =B149+1 -> 45406 | C150: =C149 -> 842 | D150: =D149+2 -> 1447 | E150: =C150+D150-H150 -> -381 | F150: =C150+D150-I150 -> -462 | G150: =D150+C150-J150 -> -84 | H150: =K150+N150 -> 2670 | I150: =L150+O150 -> 2751 | J150: =M150+P150 -> 2373 | K150: =K149 -> 3000 | L150: =L149 -> 3000 | M150: =M149 -> 3000 | N150: =N149-Q150 -> -330 | O150: =O149-R150 -> -249 | P150: =P149-S150 -> -627 | Q150: 5 | R150: 5 | S150: 4 | T150: =D150+C150-V150 -> 638 | U150: =U149+$X150*1000-Q150 -> 1750 | V150: =V149+$X150*1000-R150 -> 1651 | W150: =W149+$X150*1000-S150 -> 1763
A151: 137 | B151: =B150+1 -> 45407 | C151: =C150 -> 842 | D151: =D150+2 -> 1449 | E151: =C151+D151-H151 -> -374 | F151: =C151+D151-I151 -> -456 | G151: =D151+C151-J151 -> -79 | H151: =K151+N151 -> 2665 | I151: =L151+O151 -> 2747 | J151: =M151+P151 -> 2370 | K151: =K150 -> 3000 | L151: =L150 -> 3000 | M151: =M150 -> 3000 | N151: =N150-Q151 -> -335 | O151: =O150-R151 -> -253 | P151: =P150-S151 -> -630 | Q151: 5 | R151: 4 | S151: 3 | T151: =D151+C151-V151 -> 644 | U151: =U150+$X151*1000-Q151 -> 1745 | V151: =V150+$X151*1000-R151 -> 1647 | W151: =W150+$X151*1000-S151 -> 1760
A152: 138 | B152: =B151+1 -> 45408 | C152: =C151 -> 842 | D152: =D151+2 -> 1451 | E152: =C152+D152-H152 -> -368 | F152: =C152+D152-I152 -> -450 | G152: =D152+C152-J152 -> -76 | H152: =K152+N152 -> 2661 | I152: =L152+O152 -> 2743 | J152: =M152+P152 -> 2369 | K152: =K151 -> 3000 | L152: =L151 -> 3000 | M152: =M151 -> 3000 | N152: =N151-Q152 -> -339 | O152: =O151-R152 -> -257 | P152: =P151-S152 -> -631 | Q152: 4 | R152: 4 | S152: 1 | T152: =D152+C152-V152 -> 650 | U152: =U151+$X152*1000-Q152 -> 1741 | V152: =V151+$X152*1000-R152 -> 1643 | W152: =W151+$X152*1000-S152 -> 1759
A153: 139 | B153: =B152+1 -> 45409 | C153: =C152 -> 842 | D153: =D152+2 -> 1453 | E153: =C153+D153-H153 -> -363 | F153: =C153+D153-I153 -> -441 | G153: =D153+C153-J153 -> -73 | H153: =K153+N153 -> 2658 | I153: =L153+O153 -> 2736 | J153: =M153+P153 -> 2368 | K153: =K152 -> 3000 | L153: =L152 -> 3000 | M153: =M152 -> 3000 | N153: =N152-Q153 -> -342 | O153: =O152-R153 -> -264 | P153: =P152-S153 -> -632 | Q153: 3 | R153: 7 | S153: 1 | T153: =D153+C153-V153 -> 659 | U153: =U152+$X153*1000-Q153 -> 1738 | V153: =V152+$X153*1000-R153 -> 1636 | W153: =W152+$X153*1000-S153 -> 1758
A154: 140 | B154: =B153+1 -> 45410 | C154: =C153 -> 842 | D154: =D153+2 -> 1455 | E154: =C154+D154-H154 -> -359 | F154: =C154+D154-I154 -> -434 | G154: =D154+C154-J154 -> -70 | H154: =K154+N154 -> 2656 | I154: =L154+O154 -> 2731 | J154: =M154+P154 -> 2367 | K154: =K153 -> 3000 | L154: =L153 -> 3000 | M154: =M153 -> 3000 | N154: =N153-Q154 -> -344 | O154: =O153-R154 -> -269 | P154: =P153-S154 -> -633 | Q154: 2 | R154: 5 | S154: 1 | T154: =D154+C154-V154 -> 666 | U154: =U153+$X154*1000-Q154 -> 1736 | V154: =V153+$X154*1000-R154 -> 1631 | W154: =W153+$X154*1000-S154 -> 1757
A155: 141 | B155: =B154+1 -> 45411 | C155: =C154 -> 842 | D155: =D154+2 -> 1457 | E155: =C155+D155-H155 -> -353 | F155: =C155+D155-I155 -> -427 | G155: =D155+C155-J155 -> -65 | H155: =K155+N155 -> 2652 | I155: =L155+O155 -> 2726 | J155: =M155+P155 -> 2364 | K155: =K154 -> 3000 | L155: =L154 -> 3000 | M155: =M154 -> 3000 | N155: =N154-Q155 -> -348 | O155: =O154-R155 -> -274 | P155: =P154-S155 -> -636 | Q155: 4 | R155: 5 | S155: 3 | T155: =D155+C155-V155 -> 673 | U155: =U154+$X155*1000-Q155 -> 1732 | V155: =V154+$X155*1000-R155 -> 1626 | W155: =W154+$X155*1000-S155 -> 1754
A156: 142 | B156: =B155+1 -> 45412 | C156: =C155 -> 842 | D156: =D155+2 -> 1459 | E156: =C156+D156-H156 -> -349 | F156: =C156+D156-I156 -> -421 | G156: =D156+C156-J156 -> -62 | H156: =K156+N156 -> 2650 | I156: =L156+O156 -> 2722 | J156: =M156+P156 -> 2363 | K156: =K155 -> 3000 | L156: =L155 -> 3000 | M156: =M155 -> 3000 | N156: =N155-Q156 -> -350 | O156: =O155-R156 -> -278 | P156: =P155-S156 -> -637 | Q156: 2 | R156: 4 | S156: 1 | T156: =D156+C156-V156 -> 679 | U156: =U155+$X156*1000-Q156 -> 1730 | V156: =V155+$X156*1000-R156 -> 1622 | W156: =W155+$X156*1000-S156 -> 1753
A157: 143 | B157: =B156+1 -> 45413 | C157: =C156 -> 842 | D157: =D156+2 -> 1461 | E157: =C157+D157-H157 -> -343 | F157: =C157+D157-I157 -> -416 | G157: =D157+C157-J157 -> -58 | H157: =K157+N157 -> 2646 | I157: =L157+O157 -> 2719 | J157: =M157+P157 -> 2361 | K157: =K156 -> 3000 | L157: =L156 -> 3000 | M157: =M156 -> 3000 | N157: =N156-Q157 -> -354 | O157: =O156-R157 -> -281 | P157: =P156-S157 -> -639 | Q157: 4 | R157: 3 | S157: 2 | T157: =D157+C157-V157 -> 684 | U157: =U156+$X157*1000-Q157 -> 1726 | V157: =V156+$X157*1000-R157 -> 1619 | W157: =W156+$X157*1000-S157 -> 1751
A158: 144 | B158: =B157+1 -> 45414 | C158: =C157 -> 842 | D158: =D157+2 -> 1463 | E158: =C158+D158-H158 -> -340 | F158: =C158+D158-I158 -> -412 | G158: =D158+C158-J158 -> -55 | H158: =K158+N158 -> 2645 | I158: =L158+O158 -> 2717 | J158: =M158+P158 -> 2360 | K158: =K157 -> 3000 | L158: =L157 -> 3000 | M158: =M157 -> 3000 | N158: =N157-Q158 -> -355 | O158: =O157-R158 -> -283 | P158: =P157-S158 -> -640 | Q158: 1 | R158: 2 | S158: 1 | T158: =D158+C158-V158 -> 688 | U158: =U157+$X158*1000-Q158 -> 1725 | V158: =V157+$X158*1000-R158 -> 1617 | W158: =W157+$X158*1000-S158 -> 1750
A159: 145 | B159: =B158+1 -> 45415 | C159: =C158 -> 842 | D159: =D158+2 -> 1465 | E159: =C159+D159-H159 -> -337 | F159: =C159+D159-I159 -> -403 | G159: =D159+C159-J159 -> -51 | H159: =K159+N159 -> 2644 | I159: =L159+O159 -> 2710 | J159: =M159+P159 -> 2358 | K159: =K158 -> 3000 | L159: =L158 -> 3000 | M159: =M158 -> 3000 | N159: =N158-Q159 -> -356 | O159: =O158-R159 -> -290 | P159: =P158-S159 -> -642 | Q159: 1 | R159: 7 | S159: 2 | T159: =D159+C159-V159 -> 697 | U159: =U158+$X159*1000-Q159 -> 1724 | V159: =V158+$X159*1000-R159 -> 1610 | W159: =W158+$X159*1000-S159 -> 1748
...

Sheet BC.114+840
A1: 13 | B1: DỰ ÁN THÀNH PHẦN ĐOẠN HẬU GIANG - CÀ MAU
B2: THUỘC DỰ ÁN XÂY DỰNG CÔNG TRÌNH ĐƯỜNG BỘ CAO TỐC BẮC - NAM PHÍA ĐÔNG GIAI ĐOẠN 2021 - 2025
B3: =UPPER("GÓI THẦU XL03 :Thi Công Xây Dựng Đoạn Tuyến Km114+200 - Km126+223 Bao Gồm Tuyến Nối Nút Giao IC12 Với QL1 (bao gồm khảo sát, thiết kế BVTC)") -> GÓI THẦU XL03 :THI CÔNG XÂY DỰNG ĐOẠN TUYẾN KM114+200 - KM126+223 BAO GỒM TUYẾN NỐI NÚT GIAO IC12 VỚI QL1 (BAO GỒM KHẢO SÁT, THIẾT KẾ BVTC)
B4: CHỦ ĐẦU TƯ | J4: TƯ VẤN GIÁM SÁT | T4: NHÀ THẦU
B5: BAN QUẢN LÝ DỰ ÁN MỸ THUẬN | J5: =UPPER("Liên danh Phân viện KHCN GTVT phía Nam - Công ty Cổ phần Tư vấn kỹ thuật và xây dựng Hồng Hà") -> LIÊN DANH PHÂN VIỆN KHCN GTVT PHÍA NAM - CÔNG TY CỔ PHẦN TƯ VẤN KỸ THUẬT VÀ XÂY DỰNG HỒNG HÀ | T5: LIÊN DANH CC1 - HẢI ĐĂNG - VẠN CƯỜNG - 492 - BẮC TRUNG NAM
B6: BIỂU GHI ĐO QUAN TRẮC LÚN
B7: Người lập: | C7: ='114+840'!C8 -> 0 | L7: Tên mốc: | N7: ='114+840'!M8 -> 0
B8: Thời tiết: | C8: ='114+840'!C9 -> Nắng | L8: Cao độ mốc: | N8: ='114+840'!M9 -> 842
B9: Lý trình: | C9: ='114+840'!C10 -> Km114+840 | L9: Ngày đặt bàn: | N9: ='114+840'!M10 -> 45270
B11: Ngày | C11: Ngày cộng dồn | D11: Cao độ mốc | E11: Số đọc mia của mốc | F11: Cao độ đường ngắm | G11: Trái | M11: Tim | S11: Phải | Z11: Chiều dày lớp đắp (m) | AA11: Chiều cao nền đắp (m) | AB11: Chiều dày nền đắp (m)
G12: Cao độ đắp (mm) | H12: Số đọc mia | I12: Cao độ quan trắc (mm) | J12: Cao độ bàn đo lún (mm) | K12: Độ lún (mm) | L12: Độ lún tích lũy (mm) | M12: Cao độ đắp (mm) | N12: Số đọc mia | O12: Cao độ quan trắc (mm) | P12: Cao độ bàn đo lún (mm) | Q12: Độ lún (mm) | R12: Độ lún tích lũy (mm) | S12: Cao độ đắp (mm) | T12: Số đọc mia | U12: Cao độ quan trắc (mm) | V12: Cao độ bàn đo lún (mm) | W12: Độ lún (mm) | X12: Độ lún tích lũy (mm)
B13: ='114+840'!B14 -> 45270 | C13: 0 | D13: =VLOOKUP(B13,'114+840'!B14:AB115,2,FALSE) -> 842 | E13: =VLOOKUP(B13,'114+840'!B14:AB115,3,FALSE) -> 1623 | F13: =D13+E13 -> 2465 | G13: =VLOOKUP(B13,'114+840'!$B$14:$AB$115,20,FALSE) -> -80 | H13: =VLOOKUP(B13,'114+840'!$B$14:$AB$115,4,FALSE) -> 545 | I13: =F13-H13 -> 1920 | J13: =VLOOKUP(B13,'114+840'!$B$14:$AB$115,13,FALSE) -> -80 | K13: ='114+840'!Q14 -> 0 | L13: 0 | M13: =VLOOKUP(B13,'114+840'!$B$14:$AB$115,21,FALSE) -> 100 | N13: =VLOOKUP(B13,'114+840'!$B$14:$AB$115,5,FALSE) -> 365 | O13: =F13-N13 -> 2100 | P13: =VLOOKUP(B13,'114+840'!$B$14:$AB$115,14,FALSE) -> 100 | Q13: ='114+840'!R14 -> 0 | R13: 0 | S13: =VLOOKUP(B13,'114+840'!$B$14:$AB$115,22,FALSE) -> -390 | T13: =VLOOKUP(B13,'114+840'!$B$13:$AB$115,6,FALSE) -> 855 | U13: =F13-T13 -> 1610 | V13: =VLOOKUP(B13,'114+840'!$B$14:$AB$115,15,FALSE) -> -390 | W13: ='114+840'!S14 -> 0 | X13: 0 | Y13: 0 | Z13: =IF(Y13>0,Y13,0) -> 0 | AA13: =Z13 -> 0 | AB13: 0
B14: ='114+840'!B15 -> 45271 | C14: =B14-B13 -> 1 | D14: =D13 -> 842 | E14: =VLOOKUP(B14,'114+840'!B15:AB116,3,FALSE) -> 1621 | F14: =D14+E14 -> 2463 | G14: =VLOOKUP(B14,'114+840'!$B$15:$AB$115,20,FALSE) -> -80 | H14: =VLOOKUP(B14,'114+840'!$B$15:$AB$115,4,FALSE) -> 543 | I14: =F14-H14 -> 1920 | J14: =VLOOKUP(B14,'114+840'!$B$15:$AB$115,13,FALSE) -> -80 | K14: ='114+840'!Q15 -> 0 | L14: =+K14+L13 -> 0 | M14: =VLOOKUP(B14,'114+840'!$B$14:$AB$115,21,FALSE) -> 100 | N14: =VLOOKUP(B14,'114+840'!$B$15:$AB$115,5,FALSE) -> 363 | O14: =F14-N14 -> 2100 | P14: =VLOOKUP(B14,'114+840'!$B$15:$AB$115,14,FALSE) -> 100 | Q14: ='114+840'!R15 -> 0 | R14: =+Q14+R13 -> 0 | S14: =VLOOKUP(B14,'114+840'!$B$14:$AB$115,22,FALSE) -> -390 | T14: =VLOOKUP(B14,'114+840'!$B$15:$AB$115,6,FALSE) -> 853 | U14: =F14-T14 -> 1610 | V14: =VLOOKUP(B14,'114+840'!$B$15:$AB$115,15,FALSE) -> -390 | W14: ='114+840'!S15 -> 0 | X14: =+W14+X13 -> 0 | Y14: =S14-S13 -> 0 | Z14: =IF(Y14>0,Y14,0)/1000 -> 0 | AA14: =AA13+Z14 -> 0 | AB14: =(M14-$M$13-R14)/1000 -> 0
A15: 1 | B15: ='114+840'!B16 -> 45272 | C15: =B15-B14 -> 1 | D15: =D14 -> 842 | E15: =VLOOKUP(B15,'114+840'!B16:AB117,3,FALSE) -> 1619 | F15: =D15+E15 -> 2461 | G15: =VLOOKUP(B15,'114+840'!$B$15:$AB$115,20,FALSE) -> -80 | H15: =VLOOKUP(B15,'114+840'!$B$15:$AB$115,4,FALSE) -> 541 | I15: =F15-H15 -> 1920 | J15: =VLOOKUP(B15,'114+840'!$B$15:$AB$115,13,FALSE) -> -80 | K15: ='114+840'!Q16 -> 0 | L15: =+K15+L14 -> 0 | M15: =VLOOKUP(B15,'114+840'!$B$14:$AB$115,21,FALSE) -> 100 | N15: =VLOOKUP(B15,'114+840'!$B$15:$AB$115,5,FALSE) -> 361 | O15: =F15-N15 -> 2100 | P15: =VLOOKUP(B15,'114+840'!$B$15:$AB$115,14,FALSE) -> 100 | Q15: ='114+840'!R16 -> 0 | R15: =+Q15+R14 -> 0 | S15: =VLOOKUP(B15,'114+840'!$B$14:$AB$115,22,FALSE) -> -390 | T15: =VLOOKUP(B15,'114+840'!$B$15:$AB$115,6,FALSE) -> 851 | U15: =F15-T15 -> 1610 | V15: =VLOOKUP(B15,'114+840'!$B$15:$AB$115,15,FALSE) -> -390 | W15: ='114+840'!S16 -> 0 | X15: =+W15+X14 -> 0 | Y15: =S15-S14 -> 0 | Z15: =IF(Y15>0,Y15,0)/1000 -> 0 | AA15: =AA14+Z15 -> 0 | AB15: =(M15-$M$13-R15)/1000 -> 0
A16: =A15+1 -> 2 | B16: ='114+840'!B17 -> 45273 | C16: =B16-B15 -> 1 | D16: =D15 -> 842 | E16: =VLOOKUP(B16,'114+840'!B17:AB118,3,FALSE) -> 1617 | F16: =D16+E16 -> 2459 | G16: =VLOOKUP(B16,'114+840'!$B$15:$AB$115,20,FALSE) -> -80 | H16: =VLOOKUP(B16,'114+840'!$B$15:$AB$115,4,FALSE) -> 539 | I16: =F16-H16 -> 1920 | J16: =VLOOKUP(B16,'114+840'!$B$15:$AB$115,13,FALSE) -> -80 | K16: ='114+840'!Q17 -> 0 | L16: =+K16+L15 -> 0 | M16: =VLOOKUP(B16,'114+840'!$B$14:$AB$115,21,FALSE) -> 100 | N16: =VLOOKUP(B16,'114+840'!$B$15:$AB$115,5,FALSE) -> 359 | O16: =F16-N16 -> 2100 | P16: =VLOOKUP(B16,'114+840'!$B$15:$AB$115,14,FALSE) -> 100 | Q16: ='114+840'!R17 -> 0 | R16: =+Q16+R15 -> 0 | S16: =VLOOKUP(B16,'114+840'!$B$14:$AB$115,22,FALSE) -> -390 | T16: =VLOOKUP(B16,'114+840'!$B$15:$AB$115,6,FALSE) -> 849 | U16: =F16-T16 -> 1610 | V16: =VLOOKUP(B16,'114+840'!$B$15:$AB$115,15,FALSE) -> -390 | W16: ='114+840'!S17 -> 0 | X16: =+W16+X15 -> 0 | Y16: =S16-S15 -> 0 | Z16: =IF(Y16>0,Y16,0)/1000 -> 0 | AA16: =AA15+Z16 -> 0 | AB16: =(M16-$M$13-R16)/1000 -> 0
A17: =A16+1 -> 3 | B17: ='114+840'!B18 -> 45274 | C17: =B17-B16 -> 1 | D17: =D16 -> 842 | E17: =VLOOKUP(B17,'114+840'!B18:AB119,3,FALSE) -> 1615 | F17: =D17+E17 -> 2457 | G17: =VLOOKUP(B17,'114+840'!$B$15:$AB$115,20,FALSE) -> -80 | H17: =VLOOKUP(B17,'114+840'!$B$15:$AB$115,4,FALSE) -> 537 | I17: =F17-H17 -> 1920 | J17: =VLOOKUP(B17,'114+840'!$B$15:$AB$115,13,FALSE) -> -80 | K17: ='114+840'!Q18 -> 0 | L17: =+K17+L16 -> 0 | M17: =VLOOKUP(B17,'114+840'!$B$14:$AB$115,21,FALSE) -> 100 | N17: =VLOOKUP(B17,'114+840'!$B$15:$AB$115,5,FALSE) -> 357 | O17: =F17-N17 -> 2100 | P17: =VLOOKUP(B17,'114+840'!$B$15:$AB$115,14,FALSE) -> 100 | Q17: ='114+840'!R18 -> 0 | R17: =+Q17+R16 -> 0 | S17: =VLOOKUP(B17,'114+840'!$B$14:$AB$115,22,FALSE) -> -390 | T17: =VLOOKUP(B17,'114+840'!$B$15:$AB$115,6,FALSE) -> 847 | U17: =F17-T17 -> 1610 | V17: =VLOOKUP(B17,'114+840'!$B$15:$AB$115,15,FALSE) -> -390 | W17: ='114+840'!S18 -> 0 | X17: =+W17+X16 -> 0 | Y17: =S17-S16 -> 0 | Z17: =IF(Y17>0,Y17,0)/1000 -> 0 | AA17: =AA16+Z17 -> 0 | AB17: =(M17-$M$13-R17)/1000 -> 0
A18: =A17+1 -> 4 | B18: ='114+840'!B19 -> 45275 | C18: =B18-B17 -> 1 | D18: =D17 -> 842 | E18: =VLOOKUP(B18,'114+840'!B19:AB120,3,FALSE) -> 1613 | F18: =D18+E18 -> 2455 | G18: =VLOOKUP(B18,'114+840'!$B$15:$AB$115,20,FALSE) -> -80 | H18: =VLOOKUP(B18,'114+840'!$B$15:$AB$115,4,FALSE) -> 535 | I18: =F18-H18 -> 1920 | J18: =VLOOKUP(B18,'114+840'!$B$15:$AB$115,13,FALSE) -> -80 | K18: ='114+840'!Q19 -> 0 | L18: =+K18+L17 -> 0 | M18: =VLOOKUP(B18,'114+840'!$B$14:$AB$115,21,FALSE) -> 100 | N18: =VLOOKUP(B18,'114+840'!$B$15:$AB$115,5,FALSE) -> 355 | O18: =F18-N18 -> 2100 | P18: =VLOOKUP(B18,'114+840'!$B$15:$AB$115,14,FALSE) -> 100 | Q18: ='114+840'!R19 -> 0 | R18: =+Q18+R17 -> 0 | S18: =VLOOKUP(B18,'114+840'!$B$14:$AB$115,22,FALSE) -> -390 | T18: =VLOOKUP(B18,'114+840'!$B$15:$AB$115,6,FALSE) -> 845 | U18: =F18-T18 -> 1610 | V18: =VLOOKUP(B18,'114+840'!$B$15:$AB$115,15,FALSE) -> -390 | W18: ='114+840'!S19 -> 0 | X18: =+W18+X17 -> 0 | Y18: =S18-S17 -> 0 | Z18: =IF(Y18>0,Y18,0)/1000 -> 0 | AA18: =AA17+Z18 -> 0 | AB18: =(M18-$M$13-R18)/1000 -> 0
A19: =A18+1 -> 5 | B19: ='114+840'!B20 -> 45276 | C19: =B19-B18 -> 1 | D19: =D18 -> 842 | E19: =VLOOKUP(B19,'114+840'!B20:AB121,3,FALSE) -> 1611 | F19: =D19+E19 -> 2453 | G19: =VLOOKUP(B19,'114+840'!$B$15:$AB$115,20,FALSE) -> -80 | H19: =VLOOKUP(B19,'114+840'!$B$15:$AB$115,4,FALSE) -> 533 | I19: =F19-H19 -> 1920 | J19: =VLOOKUP(B19,'114+840'!$B$15:$AB$115,13,FALSE) -> -80 | K19: ='114+840'!Q20 -> 0 | L19: =+K19+L18 -> 0 | M19: =VLOOKUP(B19,'114+840'!$B$14:$AB$115,21,FALSE) -> 100 | N19: =VLOOKUP(B19,'114+840'!$B$15:$AB$115,5,FALSE) -> 353 | O19: =F19-N19 -> 2100 | P19: =VLOOKUP(B19,'114+840'!$B$15:$AB$115,14,FALSE) -> 100 | Q19: ='114+840'!R20 -> 0 | R19: =+Q19+R18 -> 0 | S19: =VLOOKUP(B19,'114+840'!$B$14:$AB$115,22,FALSE) -> -390 | T19: =VLOOKUP(B19,'114+840'!$B$15:$AB$115,6,FALSE) -> 843 | U19: =F19-T19 -> 1610 | V19: =VLOOKUP(B19,'114+840'!$B$15:$AB$115,15,FALSE) -> -390 | W19: ='114+840'!S20 -> 0 | X19: =+W19+X18 -> 0 | Y19: =S19-S18 -> 0 | Z19: =IF(Y19>0,Y19,0)/1000 -> 0 | AA19: =AA18+Z19 -> 0 | AB19: =(M19-$M$13-R19)/1000 -> 0
A20: =A19+1 -> 6 | B20: ='114+840'!B21 -> 45277 | C20: =B20-B19 -> 1 | D20: =D19 -> 842 | E20: =VLOOKUP(B20,'114+840'!B21:AB122,3,FALSE) -> 1609 | F20: =D20+E20 -> 2451 | G20: =VLOOKUP(B20,'114+840'!$B$15:$AB$115,20,FALSE) -> -80 | H20: =VLOOKUP(B20,'114+840'!$B$15:$AB$115,4,FALSE) -> 531 | I20: =F20-H20 -> 1920 | J20: =VLOOKUP(B20,'114+840'!$B$15:$AB$115,13,FALSE) -> -80 | K20: ='114+840'!Q21 -> 0 | L20: =+K20+L19 -> 0 | M20: =VLOOKUP(B20,'114+840'!$B$14:$AB$115,21,FALSE) -> 100 | N20: =VLOOKUP(B20,'114+840'!$B$15:$AB$115,5,FALSE) -> 351 | O20: =F20-N20 -> 2100 | P20: =VLOOKUP(B20,'114+840'!$B$15:$AB$115,14,FALSE) -> 100 | Q20: ='114+840'!R21 -> 0 | R20: =+Q20+R19 -> 0 | S20: =VLOOKUP(B20,'114+840'!$B$14:$AB$115,22,FALSE) -> -390 | T20: =VLOOKUP(B20,'114+840'!$B$15:$AB$115,6,FALSE) -> 841 | U20: =F20-T20 -> 1610 | V20: =VLOOKUP(B20,'114+840'!$B$15:$AB$115,15,FALSE) -> -390 | W20: ='114+840'!S21 -> 0 | X20: =+W20+X19 -> 0 | Y20: =S20-S19 -> 0 | Z20: =IF(Y20>0,Y20,0)/1000 -> 0 | AA20: =AA19+Z20 -> 0 | AB20: =(M20-$M$13-R20)/1000 -> 0
A21: =A20+1 -> 7 | B21: ='114+840'!B22 -> 45278 | C21: =B21-B20 -> 1 | D21: =D20 -> 842 | E21: =VLOOKUP(B21,'114+840'!B22:AB123,3,FALSE) -> 1607 | F21: =D21+E21 -> 2449 | G21: =VLOOKUP(B21,'114+840'!$B$15:$AB$115,20,FALSE) -> -80 | H21: =VLOOKUP(B21,'114+840'!$B$15:$AB$115,4,FALSE) -> 529 | I21: =F21-H21 -> 1920 | J21: =VLOOKUP(B21,'114+840'!$B$15:$AB$115,13,FALSE) -> -80 | K21: ='114+840'!Q22 -> 0 | L21: =+K21+L20 -> 0 | M21: =VLOOKUP(B21,'114+840'!$B$14:$AB$115,21,FALSE) -> 100 | N21: =VLOOKUP(B21,'114+840'!$B$15:$AB$115,5,FALSE) -> 349 | O21: =F21-N21 -> 2100 | P21: =VLOOKUP(B21,'114+840'!$B$15:$AB$115,14,FALSE) -> 100 | Q21: ='114+840'!R22 -> 0 | R21: =+Q21+R20 -> 0 | S21: =VLOOKUP(B21,'114+840'!$B$14:$AB$115,22,FALSE) -> -390 | T21: =VLOOKUP(B21,'114+840'!$B$15:$AB$115,6,FALSE) -> 839 | U21: =F21-T21 -> 1610 | V21: =VLOOKUP(B21,'114+840'!$B$15:$AB$115,15,FALSE) -> -390 | W21: ='114+840'!S22 -> 0 | X21: =+W21+X20 -> 0 | Y21: =S21-S20 -> 0 | Z21: =IF(Y21>0,Y21,0)/1000 -> 0 | AA21: =AA20+Z21 -> 0 | AB21: =(M21-$M$13-R21)/1000 -> 0
B22: ='114+840'!B23 -> 45279 | C22: =B22-B21 -> 1 | D22: =D21 -> 842 | E22: =VLOOKUP(B22,'114+840'!B23:AB124,3,FALSE) -> 1605 | F22: =D22+E22 -> 2447 | G22: =VLOOKUP(B22,'114+840'!$B$15:$AB$115,20,FALSE) -> -80 | H22: =VLOOKUP(B22,'114+840'!$B$15:$AB$115,4,FALSE) -> 527 | I22: =F22-H22 -> 1920 | J22: =VLOOKUP(B22,'114+840'!$B$15:$AB$115,13,FALSE) -> -80 | K22: ='114+840'!Q23 -> 0 | L22: =+K22+L21 -> 0 | M22: =VLOOKUP(B22,'114+840'!$B$14:$AB$115,21,FALSE) -> 100 | N22: =VLOOKUP(B22,'114+840'!$B$15:$AB$115,5,FALSE) -> 347 | O22: =F22-N22 -> 2100 | P22: =VLOOKUP(B22,'114+840'!$B$15:$AB$115,14,FALSE) -> 100 | Q22: ='114+840'!R23 -> 0 | R22: =+Q22+R21 -> 0 | S22: =VLOOKUP(B22,'114+840'!$B$14:$AB$115,22,FALSE) -> -390 | T22: =VLOOKUP(B22,'114+840'!$B$15:$AB$115,6,FALSE) -> 837 | U22: =F22-T22 -> 1610 | V22: =VLOOKUP(B22,'114+840'!$B$15:$AB$115,15,FALSE) -> -390 | W22: ='114+840'!S23 -> 0 | X22: =+W22+X21 -> 0 | Y22: =S22-S21 -> 0 | Z22: =IF(Y22>0,Y22,0)/1000 -> 0 | AA22: =AA21+Z22 -> 0 | AB22: =(M22-$M$13-R22)/1000 -> 0
B23: ='114+840'!B24 -> 45280 | C23: =B23-B22 -> 1 | D23: =D22 -> 842 | E23: =VLOOKUP(B23,'114+840'!B24:AB125,3,FALSE) -> 1603 | F23: =D23+E23 -> 2445 | G23: =VLOOKUP(B23,'114+840'!$B$15:$AB$115,20,FALSE) -> -80 | H23: =VLOOKUP(B23,'114+840'!$B$15:$AB$115,4,FALSE) -> 525 | I23: =F23-H23 -> 1920 | J23: =VLOOKUP(B23,'114+840'!$B$15:$AB$115,13,FALSE) -> -80 | K23: ='114+840'!Q24 -> 0 | L23: =+K23+L22 -> 0 | M23: =VLOOKUP(B23,'114+840'!$B$14:$AB$115,21,FALSE) -> 100 | N23: =VLOOKUP(B23,'114+840'!$B$15:$AB$115,5,FALSE) -> 345 | O23: =F23-N23 -> 2100 | P23: =VLOOKUP(B23,'114+840'!$B$15:$AB$115,14,FALSE) -> 100 | Q23: ='114+840'!R24 -> 0 | R23: =+Q23+R22 -> 0 | S23: =VLOOKUP(B23,'114+840'!$B$14:$AB$115,22,FALSE) -> -390 | T23: =VLOOKUP(B23,'114+840'!$B$15:$AB$115,6,FALSE) -> 835 | U23: =F23-T23 -> 1610 | V23: =VLOOKUP(B23,'114+840'!$B$15:$AB$115,15,FALSE) -> -390 | W23: ='114+840'!S24 -> 0 | X23: =+W23+X22 -> 0 | Y23: =S23-S22 -> 0 | Z23: =IF(Y23>0,Y23,0)/1000 -> 0 | AA23: =AA22+Z23 -> 0 | AB23: =(M23-$M$13-R23)/1000 -> 0
B24: ='114+840'!B25 -> 45281 | C24: =B24-B23 -> 1 | D24: =D23 -> 842 | E24: =VLOOKUP(B24,'114+840'!B25:AB126,3,FALSE) -> 1601 | F24: =D24+E24 -> 2443 | G24: =VLOOKUP(B24,'114+840'!$B$15:$AB$115,20,FALSE) -> -80 | H24: =VLOOKUP(B24,'114+840'!$B$15:$AB$115,4,FALSE) -> 523 | I24: =F24-H24 -> 1920 | J24: =VLOOKUP(B24,'114+840'!$B$15:$AB$115,13,FALSE) -> -80 | K24: ='114+840'!Q25 -> 0 | L24: =+K24+L23 -> 0 | M24: =VLOOKUP(B24,'114+840'!$B$14:$AB$115,21,FALSE) -> 100 | N24: =VLOOKUP(B24,'114+840'!$B$15:$AB$115,5,FALSE) -> 343 | O24: =F24-N24 -> 2100 | P24: =VLOOKUP(B24,'114+840'!$B$15:$AB$115,14,FALSE) -> 100 | Q24: ='114+840'!R25 -> 0 | R24: =+Q24+R23 -> 0 | S24: =VLOOKUP(B24,'114+840'!$B$14:$AB$115,22,FALSE) -> -390 | T24: =VLOOKUP(B24,'114+840'!$B$15:$AB$115,6,FALSE) -> 833 | U24: =F24-T24 -> 1610 | V24: =VLOOKUP(B24,'114+840'!$B$15:$AB$115,15,FALSE) -> -390 | W24: ='114+840'!S25 -> 0 | X24: =+W24+X23 -> 0 | Y24: =S24-S23 -> 0 | Z24: =IF(Y24>0,Y24,0)/1000 -> 0 | AA24: =AA23+Z24 -> 0 | AB24: =(M24-$M$13-R24)/1000 -> 0
B25: ='114+840'!B26 -> 45282 | C25: =B25-B24 -> 1 | D25: =D24 -> 842 | E25: =VLOOKUP(B25,'114+840'!B26:AB127,3,FALSE) -> 1599 | F25: =D25+E25 -> 2441 | G25: =VLOOKUP(B25,'114+840'!$B$15:$AB$115,20,FALSE) -> -80 | H25: =VLOOKUP(B25,'114+840'!$B$15:$AB$115,4,FALSE) -> 521 | I25: =F25-H25 -> 1920 | J25: =VLOOKUP(B25,'114+840'!$B$15:$AB$115,13,FALSE) -> -80 | K25: ='114+840'!Q26 -> 0 | L25: =+K25+L24 -> 0 | M25: =VLOOKUP(B25,'114+840'!$B$14:$AB$115,21,FALSE) -> 100 | N25: =VLOOKUP(B25,'114+840'!$B$15:$AB$115,5,FALSE) -> 341 | O25: =F25-N25 -> 2100 | P25: =VLOOKUP(B25,'114+840'!$B$15:$AB$115,14,FALSE) -> 100 | Q25: ='114+840'!R26 -> 0 | R25: =+Q25+R24 -> 0 | S25: =VLOOKUP(B25,'114+840'!$B$14:$AB$115,22,FALSE) -> -390 | T25: =VLOOKUP(B25,'114+840'!$B$15:$AB$115,6,FALSE) -> 831 | U25: =F25-T25 -> 1610 | V25: =VLOOKUP(B25,'114+840'!$B$15:$AB$115,15,FALSE) -> -390 | W25: ='114+840'!S26 -> 0 | X25: =+W25+X24 -> 0 | Y25: =S25-S24 -> 0 | Z25: =IF(Y25>0,Y25,0)/1000 -> 0 | AA25: =AA24+Z25 -> 0 | AB25: =(M25-$M$13-R25)/1000 -> 0
B26: ='114+840'!B27 -> 45283 | C26: =B26-B25 -> 1 | D26: =D25 -> 842 | E26: =VLOOKUP(B26,'114+840'!B27:AB128,3,FALSE) -> 1597 | F26: =D26+E26 -> 2439 | G26: =VLOOKUP(B26,'114+840'!$B$15:$AB$115,20,FALSE) -> -80 | H26: =VLOOKUP(B26,'114+840'!$B$15:$AB$115,4,FALSE) -> 519 | I26: =F26-H26 -> 1920 | J26: =VLOOKUP(B26,'114+840'!$B$15:$AB$115,13,FALSE) -> -80 | K26: ='114+840'!Q27 -> 0 | L26: =+K26+L25 -> 0 | M26: =VLOOKUP(B26,'114+840'!$B$14:$AB$115,21,FALSE) -> 100 | N26: =VLOOKUP(B26,'114+840'!$B$15:$AB$115,5,FALSE) -> 339 | O26: =F26-N26 -> 2100 | P26: =VLOOKUP(B26,'114+840'!$B$15:$AB$115,14,FALSE) -> 100 | Q26: ='114+840'!R27 -> 0 | R26: =+Q26+R25 -> 0 | S26: =VLOOKUP(B26,'114+840'!$B$14:$AB$115,22,FALSE) -> -390 | T26: =VLOOKUP(B26,'114+840'!$B$15:$AB$115,6,FALSE) -> 829 | U26: =F26-T26 -> 1610 | V26: =VLOOKUP(B26,'114+840'!$B$15:$AB$115,15,FALSE) -> -390 | W26: ='114+840'!S27 -> 0 | X26: =+W26+X25 -> 0 | Y26: =S26-S25 -> 0 | Z26: =IF(Y26>0,Y26,0)/1000 -> 0 | AA26: =AA25+Z26 -> 0 | AB26: =(M26-$M$13-R26)/1000 -> 0
B27: ='114+840'!B28 -> 45284 | C27: =B27-B26 -> 1 | D27: =D26 -> 842 | E27: =VLOOKUP(B27,'114+840'!B28:AB129,3,FALSE) -> 1595 | F27: =D27+E27 -> 2437 | G27: =VLOOKUP(B27,'114+840'!$B$15:$AB$115,20,FALSE) -> -80 | H27: =VLOOKUP(B27,'114+840'!$B$15:$AB$115,4,FALSE) -> 517 | I27: =F27-H27 -> 1920 | J27: =VLOOKUP(B27,'114+840'!$B$15:$AB$115,13,FALSE) -> -80 | K27: ='114+840'!Q28 -> 0 | L27: =+K27+L26 -> 0 | M27: =VLOOKUP(B27,'114+840'!$B$14:$AB$115,21,FALSE) -> 100 | N27: =VLOOKUP(B27,'114+840'!$B$15:$AB$115,5,FALSE) -> 337 | O27: =F27-N27 -> 2100 | P27: =VLOOKUP(B27,'114+840'!$B$15:$AB$115,14,FALSE) -> 100 | Q27: ='114+840'!R28 -> 0 | R27: =+Q27+R26 -> 0 | S27: =VLOOKUP(B27,'114+840'!$B$14:$AB$115,22,FALSE) -> -390 | T27: =VLOOKUP(B27,'114+840'!$B$15:$AB$115,6,FALSE) -> 827 | U27: =F27-T27 -> 1610 | V27: =VLOOKUP(B27,'114+840'!$B$15:$AB$115,15,FALSE) -> -390 | W27: ='114+840'!S28 -> 0 | X27: =+W27+X26 -> 0 | Y27: =S27-S26 -> 0 | Z27: =IF(Y27>0,Y27,0)/1000 -> 0 | AA27: =AA26+Z27 -> 0 | AB27: =(M27-$M$13-R27)/1000 -> 0
B28: ='114+840'!B29 -> 45285 | C28: =B28-B27 -> 1 | D28: =D27 -> 842 | E28: =VLOOKUP(B28,'114+840'!B29:AB130,3,FALSE) -> 1593 | F28: =D28+E28 -> 2435 | G28: =VLOOKUP(B28,'114+840'!$B$15:$AB$115,20,FALSE) -> -80 | H28: =VLOOKUP(B28,'114+840'!$B$15:$AB$115,4,FALSE) -> 515 | I28: =F28-H28 -> 1920 | J28: =VLOOKUP(B28,'114+840'!$B$15:$AB$115,13,FALSE) -> -80 | K28: ='114+840'!Q29 -> 0 | L28: =+K28+L27 -> 0 | M28: =VLOOKUP(B28,'114+840'!$B$14:$AB$115,21,FALSE) -> 100 | N28: =VLOOKUP(B28,'114+840'!$B$15:$AB$115,5,FALSE) -> 335 | O28: =F28-N28 -> 2100 | P28: =VLOOKUP(B28,'114+840'!$B$15:$AB$115,14,FALSE) -> 100 | Q28: ='114+840'!R29 -> 0 | R28: =+Q28+R27 -> 0 | S28: =VLOOKUP(B28,'114+840'!$B$14:$AB$115,22,FALSE) -> -390 | T28: =VLOOKUP(B28,'114+840'!$B$15:$AB$115,6,FALSE) -> 825 | U28: =F28-T28 -> 1610 | V28: =VLOOKUP(B28,'114+840'!$B$15:$AB$115,15,FALSE) -> -390 | W28: ='114+840'!S29 -> 0 | X28: =+W28+X27 -> 0 | Y28: =S28-S27 -> 0 | Z28: =IF(Y28>0,Y28,0)/1000 -> 0 | AA28: =AA27+Z28 -> 0 | AB28: =(M28-$M$13-R28)/1000 -> 0
B29: ='114+840'!B30 -> 45286 | C29: =B29-B28 -> 1 | D29: =D28 -> 842 | E29: =VLOOKUP(B29,'114+840'!B30:AB131,3,FALSE) -> 1591 | F29: =D29+E29 -> 2433 | G29: =VLOOKUP(B29,'114+840'!$B$15:$AB$115,20,FALSE) -> -80 | H29: =VLOOKUP(B29,'114+840'!$B$15:$AB$115,4,FALSE) -> 513 | I29: =F29-H29 -> 1920 | J29: =VLOOKUP(B29,'114+840'!$B$15:$AB$115,13,FALSE) -> -80 | K29: ='114+840'!Q30 -> 0 | L29: =+K29+L28 -> 0 | M29: =VLOOKUP(B29,'114+840'!$B$14:$AB$115,21,FALSE) -> 100 | N29: =VLOOKUP(B29,'114+840'!$B$15:$AB$115,5,FALSE) -> 333 | O29: =F29-N29 -> 2100 | P29: =VLOOKUP(B29,'114+840'!$B$15:$AB$115,14,FALSE) -> 100 | Q29: ='114+840'!R30 -> 0 | R29: =+Q29+R28 -> 0 | S29: =VLOOKUP(B29,'114+840'!$B$14:$AB$115,22,FALSE) -> -390 | T29: =VLOOKUP(B29,'114+840'!$B$15:$AB$115,6,FALSE) -> 823 | U29: =F29-T29 -> 1610 | V29: =VLOOKUP(B29,'114+840'!$B$15:$AB$115,15,FALSE) -> -390 | W29: ='114+840'!S30 -> 0 | X29: =+W29+X28 -> 0 | Y29: =S29-S28 -> 0 | Z29: =IF(Y29>0,Y29,0)/1000 -> 0 | AA29: =AA28+Z29 -> 0 | AB29: =(M29-$M$13-R29)/1000 -> 0
B30: ='114+840'!B31 -> 45287 | C30: =B30-B29 -> 1 | D30: =D29 -> 842 | E30: =VLOOKUP(B30,'114+840'!B31:AB132,3,FALSE) -> 1589 | F30: =D30+E30 -> 2431 | G30: =VLOOKUP(B30,'114+840'!$B$15:$AB$115,20,FALSE) -> -80 | H30: =VLOOKUP(B30,'114+840'!$B$15:$AB$115,4,FALSE) -> 511 | I30: =F30-H30 -> 1920 | J30: =VLOOKUP(B30,'114+840'!$B$15:$AB$115,13,FALSE) -> -80 | K30: ='114+840'!Q31 -> 0 | L30: =+K30+L29 -> 0 | M30: =VLOOKUP(B30,'114+840'!$B$14:$AB$115,21,FALSE) -> 100 | N30: =VLOOKUP(B30,'114+840'!$B$15:$AB$115,5,FALSE) -> 331 | O30: =F30-N30 -> 2100 | P30: =VLOOKUP(B30,'114+840'!$B$15:$AB$115,14,FALSE) -> 100 | Q30: ='114+840'!R31 -> 0 | R30: =+Q30+R29 -> 0 | S30: =VLOOKUP(B30,'114+840'!$B$14:$AB$115,22,FALSE) -> -108 | T30: =VLOOKUP(B30,'114+840'!$B$15:$AB$115,6,FALSE) -> 829 | U30: =F30-T30 -> 1602 | V30: =VLOOKUP(B30,'114+840'!$B$15:$AB$115,15,FALSE) -> -398 | W30: ='114+840'!S31 -> 8 | X30: =+W30+X29 -> 8 | Y30: =S30-S29 -> 282 | Z30: =IF(Y30>0,Y30,0)/1000 -> 0.282 | AA30: =AA29+Z30 -> 0.282 | AB30: =(M30-$M$13-R30)/1000 -> 0
B31: ='114+840'!B32 -> 45288 | C31: =B31-B30 -> 1 | D31: =D30 -> 842 | E31: =VLOOKUP(B31,'114+840'!B32:AB133,3,FALSE) -> 1587 | F31: =D31+E31 -> 2429 | G31: =VLOOKUP(B31,'114+840'!$B$15:$AB$115,20,FALSE) -> -80 | H31: =VLOOKUP(B31,'114+840'!$B$15:$AB$115,4,FALSE) -> 509 | I31: =F31-H31 -> 1920 | J31: =VLOOKUP(B31,'114+840'!$B$15:$AB$115,13,FALSE) -> -80 | K31: ='114+840'!Q32 -> 0 | L31: =+K31+L30 -> 0 | M31: =VLOOKUP(B31,'114+840'!$B$14:$AB$115,21,FALSE) -> 100 | N31: =VLOOKUP(B31,'114+840'!$B$15:$AB$115,5,FALSE) -> 329 | O31: =F31-N31 -> 2100 | P31: =VLOOKUP(B31,'114+840'!$B$15:$AB$115,14,FALSE) -> 100 | Q31: ='114+840'!R32 -> 0 | R31: =+Q31+R30 -> 0 | S31: =VLOOKUP(B31,'114+840'!$B$14:$AB$115,22,FALSE) -> -114 | T31: =VLOOKUP(B31,'114+840'!$B$15:$AB$115,6,FALSE) -> 833 | U31: =F31-T31 -> 1596 | V31: =VLOOKUP(B31,'114+840'!$B$15:$AB$115,15,FALSE) -> -404 | W31: ='114+840'!S32 -> 6 | X31: =+W31+X30 -> 14 | Y31: =S31-S30 -> -6 | Z31: =IF(Y31>0,Y31,0)/1000 -> 0 | AA31: =AA30+Z31 -> 0.282 | AB31: =(M31-$M$13-R31)/1000 -> 0
B32: ='114+840'!B33 -> 45289 | C32: =B32-B31 -> 1 | D32: =D31 -> 842 | E32: =VLOOKUP(B32,'114+840'!B33:AB134,3,FALSE) -> 1585 | F32: =D32+E32 -> 2427 | G32: =VLOOKUP(B32,'114+840'!$B$15:$AB$115,20,FALSE) -> -80 | H32: =VLOOKUP(B32,'114+840'!$B$15:$AB$115,4,FALSE) -> 507 | I32: =F32-H32 -> 1920 | J32: =VLOOKUP(B32,'114+840'!$B$15:$AB$115,13,FALSE) -> -80 | K32: ='114+840'!Q33 -> 0 | L32: =+K32+L31 -> 0 | M32: =VLOOKUP(B32,'114+840'!$B$14:$AB$115,21,FALSE) -> 100 | N32: =VLOOKUP(B32,'114+840'!$B$15:$AB$115,5,FALSE) -> 327 | O32: =F32-N32 -> 2100 | P32: =VLOOKUP(B32,'114+840'!$B$15:$AB$115,14,FALSE) -> 100 | Q32: ='114+840'!R33 -> 0 | R32: =+Q32+R31 -> 0 | S32: =VLOOKUP(B32,'114+840'!$B$14:$AB$115,22,FALSE) -> -120 | T32: =VLOOKUP(B32,'114+840'!$B$15:$AB$115,6,FALSE) -> 837 | U32: =F32-T32 -> 1590 | V32: =VLOOKUP(B32,'114+840'!$B$15:$AB$115,15,FALSE) -> -410 | W32: ='114+840'!S33 -> 6 | X32: =+W32+X31 -> 20 | Y32: =S32-S31 -> -6 | Z32: =IF(Y32>0,Y32,0)/1000 -> 0 | AA32: =AA31+Z32 -> 0.282 | AB32: =(M32-$M$13-R32)/1000 -> 0
B33: ='114+840'!B34 -> 45290 | C33: =B33-B32 -> 1 | D33: =D32 -> 842 | E33: =VLOOKUP(B33,'114+840'!B34:AB135,3,FALSE) -> 1583 | F33: =D33+E33 -> 2425 | G33: =VLOOKUP(B33,'114+840'!$B$15:$AB$115,20,FALSE) -> -80 | H33: =VLOOKUP(B33,'114+840'!$B$15:$AB$115,4,FALSE) -> 505 | I33: =F33-H33 -> 1920 | J33: =VLOOKUP(B33,'114+840'!$B$15:$AB$115,13,FALSE) -> -80 | K33: ='114+840'!Q34 -> 0 | L33: =+K33+L32 -> 0 | M33: =VLOOKUP(B33,'114+840'!$B$14:$AB$115,21,FALSE) -> 100 | N33: =VLOOKUP(B33,'114+840'!$B$15:$AB$115,5,FALSE) -> 325 | O33: =F33-N33 -> 2100 | P33: =VLOOKUP(B33,'114+840'!$B$15:$AB$115,14,FALSE) -> 100 | Q33: ='114+840'!R34 -> 0 | R33: =+Q33+R32 -> 0 | S33: =VLOOKUP(B33,'114+840'!$B$14:$AB$115,22,FALSE) -> -126 | T33: =VLOOKUP(B33,'114+840'!$B$15:$AB$115,6,FALSE) -> 841 | U33: =F33-T33 -> 1584 | V33: =VLOOKUP(B33,'114+840'!$B$15:$AB$115,15,FALSE) -> -416 | W33: ='114+840'!S34 -> 6 | X33: =+W33+X32 -> 26 | Y33: =S33-S32 -> -6 | Z33: =IF(Y33>0,Y33,0)/1000 -> 0 | AA33: =AA32+Z33 -> 0.282 | AB33: =(M33-$M$13-R33)/1000 -> 0
... B76: ='114+840'!B77 -> 45333 | C76: =B76-B75 -> 1 | D76: =D75 -> 842 | E76: =VLOOKUP(B76,'114+840'!B77:AB178,3,FALSE) -> 1497 | F76: =D76+E76 -> 2339 | G76: =VLOOKUP(B76,'114+840'!$B$15:$AB$115,20,FALSE) -> 916 | H76: =VLOOKUP(B76,'114+840'!$B$15:$AB$115,4,FALSE) -> 603 | I76: =F76-H76 -> 1736 | J76: =VLOOKUP(B76,'114+840'!$B$15:$AB$115,13,FALSE) -> -264 | K76: ='114+840'!Q77 -> 4 | L76: =+K76+L75 -> 184 | M76: =VLOOKUP(B76,'114+840'!$B$14:$AB$115,21,FALSE) -> 883 | N76: =VLOOKUP(B76,'114+840'!$B$15:$AB$115,5,FALSE) -> 456 | O76: =F76-N76 -> 1883 | P76: =VLOOKUP(B76,'114+840'!$B$15:$AB$115,14,FALSE) -> -117 | Q76: ='114+840'!R77 -> 4 | R76: =+Q76+R75 -> 217 | S76: =VLOOKUP(B76,'114+840'!$B$14:$AB$115,22,FALSE) -> 918 | T76: =VLOOKUP(B76,'114+840'!$B$15:$AB$115,6,FALSE) -> 911 | U76: =F76-T76 -> 1428 | V76: =VLOOKUP(B76,'114+840'!$B$15:$AB$115,15,FALSE) -> -572 | W76: ='114+840'!S77 -> 0 | X76: =+W76+X75 -> 182 | Y76: =S76-S75 -> 0 | Z76: =IF(Y76>0,Y76,0)/1000 -> 0 | AA76: =AA75+Z76 -> 1.449 | AB76: =(M76-$M$13-R76)/1000 -> 0.566
A77: 42307 | B77: ='114+840'!B78 -> 45334 | C77: =B77-B76 -> 1 | D77: =D76 -> 842 | E77: =VLOOKUP(B77,'114+840'!B78:AB179,3,FALSE) -> 1495 | F77: =D77+E77 -> 2337 | G77: =VLOOKUP(B77,'114+840'!$B$15:$AB$115,20,FALSE) -> 914 | H77: =VLOOKUP(B77,'114+840'!$B$15:$AB$115,4,FALSE) -> 603 | I77: =F77-H77 -> 1734 | J77: =VLOOKUP(B77,'114+840'!$B$15:$AB$115,13,FALSE) -> -266 | K77: ='114+840'!Q78 -> 2 | L77: =+K77+L76 -> 186 | M77: =VLOOKUP(B77,'114+840'!$B$14:$AB$115,21,FALSE) -> 876 | N77: =VLOOKUP(B77,'114+840'!$B$15:$AB$115,5,FALSE) -> 461 | O77: =F77-N77 -> 1876 | P77: =VLOOKUP(B77,'114+840'!$B$15:$AB$115,14,FALSE) -> -124 | Q77: ='114+840'!R78 -> 7 | R77: =+Q77+R76 -> 224 | S77: =VLOOKUP(B77,'114+840'!$B$14:$AB$115,22,FALSE) -> 918 | T77: =VLOOKUP(B77,'114+840'!$B$15:$AB$115,6,FALSE) -> 909 | U77: =F77-T77 -> 1428 | V77: =VLOOKUP(B77,'114+840'!$B$15:$AB$115,15,FALSE) -> -572 | W77: ='114+840'!S78 -> 0 | X77: =+W77+X76 -> 182 | Y77: =S77-S76 -> 0 | Z77: =IF(Y77>0,Y77,0)/1000 -> 0 | AA77: =AA76+Z77 -> 1.449 | AB77: =(M77-$M$13-R77)/1000 -> 0.552
A78: 02/11/015 | B78: ='114+840'!B79 -> 45335 | C78: =B78-B77 -> 1 | D78: =D77 -> 842 | E78: =VLOOKUP(B78,'114+840'!B79:AB180,3,FALSE) -> 1493 | F78: =D78+E78 -> 2335 | G78: =VLOOKUP(B78,'114+840'!$B$15:$AB$115,20,FALSE) -> 910 | H78: =VLOOKUP(B78,'114+840'!$B$15:$AB$115,4,FALSE) -> 605 | I78: =F78-H78 -> 1730 | J78: =VLOOKUP(B78,'114+840'!$B$15:$AB$115,13,FALSE) -> -270 | K78: ='114+840'!Q79 -> 4 | L78: =+K78+L77 -> 190 | M78: =VLOOKUP(B78,'114+840'!$B$14:$AB$115,21,FALSE) -> 871 | N78: =VLOOKUP(B78,'114+840'!$B$15:$AB$115,5,FALSE) -> 464 | O78: =F78-N78 -> 1871 | P78: =VLOOKUP(B78,'114+840'!$B$15:$AB$115,14,FALSE) -> -129 | Q78: ='114+840'!R79 -> 5 | R78: =+Q78+R77 -> 229 | S78: =VLOOKUP(B78,'114+840'!$B$14:$AB$115,22,FALSE) -> 917 | T78: =VLOOKUP(B78,'114+840'!$B$15:$AB$115,6,FALSE) -> 908 | U78: =F78-T78 -> 1427 | V78: =VLOOKUP(B78,'114+840'!$B$15:$AB$115,15,FALSE) -> -573 | W78: ='114+840'!S79 -> 1 | X78: =+W78+X77 -> 183 | Y78: =S78-S77 -> -1 | Z78: =IF(Y78>0,Y78,0)/1000 -> 0 | AA78: =AA77+Z78 -> 1.449 | AB78: =(M78-$M$13-R78)/1000 -> 0.542
A79: 42313 | B79: ='114+840'!B80 -> 45336 | C79: =B79-B78 -> 1 | D79: =D78 -> 842 | E79: =VLOOKUP(B79,'114+840'!B80:AB181,3,FALSE) -> 1491 | F79: =D79+E79 -> 2333 | G79: =VLOOKUP(B79,'114+840'!$B$15:$AB$115,20,FALSE) -> 908 | H79: =VLOOKUP(B79,'114+840'!$B$15:$AB$115,4,FALSE) -> 605 | I79: =F79-H79 -> 1728 | J79: =VLOOKUP(B79,'114+840'!$B$15:$AB$115,13,FALSE) -> -272 | K79: ='114+840'!Q80 -> 2 | L79: =+K79+L78 -> 192 | M79: =VLOOKUP(B79,'114+840'!$B$14:$AB$115,21,FALSE) -> 867 | N79: =VLOOKUP(B79,'114+840'!$B$15:$AB$115,5,FALSE) -> 466 | O79: =F79-N79 -> 1867 | P79: =VLOOKUP(B79,'114+840'!$B$15:$AB$115,14,FALSE) -> -133 | Q79: ='114+840'!R80 -> 4 | R79: =+Q79+R78 -> 233 | S79: =VLOOKUP(B79,'114+840'!$B$14:$AB$115,22,FALSE) -> 917 | T79: =VLOOKUP(B79,'114+840'!$B$15:$AB$115,6,FALSE) -> 906 | U79: =F79-T79 -> 1427 | V79: =VLOOKUP(B79,'114+840'!$B$15:$AB$115,15,FALSE) -> -573 | W79: ='114+840'!S80 -> 0 | X79: =+W79+X78 -> 183 | Y79: =S79-S78 -> 0 | Z79: =IF(Y79>0,Y79,0)/1000 -> 0 | AA79: =AA78+Z79 -> 1.449 | AB79: =(M79-$M$13-R79)/1000 -> 0.534
A80: 42319 | B80: ='114+840'!B81 -> 45337 | C80: =B80-B79 -> 1 | D80: =D79 -> 842 | E80: =VLOOKUP(B80,'114+840'!B81:AB182,3,FALSE) -> 1489 | F80: =D80+E80 -> 2331 | G80: =VLOOKUP(B80,'114+840'!$B$15:$AB$115,20,FALSE) -> 904 | H80: =VLOOKUP(B80,'114+840'!$B$15:$AB$115,4,FALSE) -> 607 | I80: =F80-H80 -> 1724 | J80: =VLOOKUP(B80,'114+840'!$B$15:$AB$115,13,FALSE) -> -276 | K80: ='114+840'!Q81 -> 4 | L80: =+K80+L79 -> 196 | M80: =VLOOKUP(B80,'114+840'!$B$14:$AB$115,21,FALSE) -> 859 | N80: =VLOOKUP(B80,'114+840'!$B$15:$AB$115,5,FALSE) -> 472 | O80: =F80-N80 -> 1859 | P80: =VLOOKUP(B80,'114+840'!$B$15:$AB$115,14,FALSE) -> -141 | Q80: ='114+840'!R81 -> 8 | R80: =+Q80+R79 -> 241 | S80: =VLOOKUP(B80,'114+840'!$B$14:$AB$115,22,FALSE) -> 917 | T80: =VLOOKUP(B80,'114+840'!$B$15:$AB$115,6,FALSE) -> 904 | U80: =F80-T80 -> 1427 | V80: =VLOOKUP(B80,'114+840'!$B$15:$AB$115,15,FALSE) -> -573 | W80: ='114+840'!S81 -> 0 | X80: =+W80+X79 -> 183 | Y80: =S80-S79 -> 0 | Z80: =IF(Y80>0,Y80,0)/1000 -> 0 | AA80: =AA79+Z80 -> 1.449 | AB80: =(M80-$M$13-R80)/1000 -> 0.518
A81: 42322 | B81: ='114+840'!B82 -> 45338 | C81: =B81-B80 -> 1 | D81: =D80 -> 842 | E81: =VLOOKUP(B81,'114+840'!B82:AB183,3,FALSE) -> 1487 | F81: =D81+E81 -> 2329 | G81: =VLOOKUP(B81,'114+840'!$B$15:$AB$115,20,FALSE) -> 904 | H81: =VLOOKUP(B81,'114+840'!$B$15:$AB$115,4,FALSE) -> 605 | I81: =F81-H81 -> 1724 | J81: =VLOOKUP(B81,'114+840'!$B$15:$AB$115,13,FALSE) -> -276 | K81: ='114+840'!Q82 -> 0 | L81: =+K81+L80 -> 196 | M81: =VLOOKUP(B81,'114+840'!$B$14:$AB$115,21,FALSE) -> 857 | N81: =VLOOKUP(B81,'114+840'!$B$15:$AB$115,5,FALSE) -> 472 | O81: =F81-N81 -> 1857 | P81: =VLOOKUP(B81,'114+840'!$B$15:$AB$115,14,FALSE) -> -143 | Q81: ='114+840'!R82 -> 2 | R81: =+Q81+R80 -> 243 | S81: =VLOOKUP(B81,'114+840'!$B$14:$AB$115,22,FALSE) -> 917 | T81: =VLOOKUP(B81,'114+840'!$B$15:$AB$115,6,FALSE) -> 902 | U81: =F81-T81 -> 1427 | V81: =VLOOKUP(B81,'114+840'!$B$15:$AB$115,15,FALSE) -> -573 | W81: ='114+840'!S82 -> 0 | X81: =+W81+X80 -> 183 | Y81: =S81-S80 -> 0 | Z81: =IF(Y81>0,Y81,0)/1000 -> 0 | AA81: =AA80+Z81 -> 1.449 | AB81: =(M81-$M$13-R81)/1000 -> 0.514
A82: 17/11/015 | B82: ='114+840'!B83 -> 45339 | C82: =B82-B81 -> 1 | D82: =D81 -> 842 | E82: =VLOOKUP(B82,'114+840'!B83:AB184,3,FALSE) -> 1485 | F82: =D82+E82 -> 2327 | G82: =VLOOKUP(B82,'114+840'!$B$15:$AB$115,20,FALSE) -> 904 | H82: =VLOOKUP(B82,'114+840'!$B$15:$AB$115,4,FALSE) -> 603 | I82: =F82-H82 -> 1724 | J82: =VLOOKUP(B82,'114+840'!$B$15:$AB$115,13,FALSE) -> -276 | K82: ='114+840'!Q83 -> 0 | L82: =+K82+L81 -> 196 | M82: =VLOOKUP(B82,'114+840'!$B$14:$AB$115,21,FALSE) -> 853 | N82: =VLOOKUP(B82,'114+840'!$B$15:$AB$115,5,FALSE) -> 474 | O82: =F82-N82 -> 1853 | P82: =VLOOKUP(B82,'114+840'!$B$15:$AB$115,14,FALSE) -> -147 | Q82: ='114+840'!R83 -> 4 | R82: =+Q82+R81 -> 247 | S82: =VLOOKUP(B82,'114+840'!$B$14:$AB$115,22,FALSE) -> 917 | T82: =VLOOKUP(B82,'114+840'!$B$15:$AB$115,6,FALSE) -> 900 | U82: =F82-T82 -> 1427 | V82: =VLOOKUP(B82,'114+840'!$B$15:$AB$115,15,FALSE) -> -573 | W82: ='114+840'!S83 -> 0 | X82: =+W82+X81 -> 183 | Y82: =S82-S81 -> 0 | Z82: =IF(Y82>0,Y82,0)/1000 -> 0 | AA82: =AA81+Z82 -> 1.449 | AB82: =(M82-$M$13-R82)/1000 -> 0.506
A83: 42328 | B83: ='114+840'!B84 -> 45340 | C83: =B83-B82 -> 1 | D83: =D82 -> 842 | E83: =VLOOKUP(B83,'114+840'!B84:AB185,3,FALSE) -> 1483 | F83: =D83+E83 -> 2325 | G83: =VLOOKUP(B83,'114+840'!$B$15:$AB$115,20,FALSE) -> 904 | H83: =VLOOKUP(B83,'114+840'!$B$15:$AB$115,4,FALSE) -> 601 | I83: =F83-H83 -> 1724 | J83: =VLOOKUP(B83,'114+840'!$B$15:$AB$115,13,FALSE) -> -276 | K83: ='114+840'!Q84 -> 0 | L83: =+K83+L82 -> 196 | M83: =VLOOKUP(B83,'114+840'!$B$14:$AB$115,21,FALSE) -> 846 | N83: =VLOOKUP(B83,'114+840'!$B$15:$AB$115,5,FALSE) -> 479 | O83: =F83-N83 -> 1846 | P83: =VLOOKUP(B83,'114+840'!$B$15:$AB$115,14,FALSE) -> -154 | Q83: ='114+840'!R84 -> 7 | R83: =+Q83+R82 -> 254 | S83: =VLOOKUP(B83,'114+840'!$B$14:$AB$115,22,FALSE) -> 917 | T83: =VLOOKUP(B83,'114+840'!$B$15:$AB$115,6,FALSE) -> 898 | U83: =F83-T83 -> 1427 | V83: =VLOOKUP(B83,'114+840'!$B$15:$AB$115,15,FALSE) -> -573 | W83: ='114+840'!S84 -> 0 | X83: =+W83+X82 -> 183 | Y83: =S83-S82 -> 0 | Z83: =IF(Y83>0,Y83,0)/1000 -> 0 | AA83: =AA82+Z83 -> 1.449 | AB83: =(M83-$M$13-R83)/1000 -> 0.492
A84: 42331 | B84: ='114+840'!B85 -> 45341 | C84: =B84-B83 -> 1 | D84: =D83 -> 842 | E84: =VLOOKUP(B84,'114+840'!B85:AB186,3,FALSE) -> 1481 | F84: =D84+E84 -> 2323 | G84: =VLOOKUP(B84,'114+840'!$B$15:$AB$115,20,FALSE) -> 904 | H84: =VLOOKUP(B84,'114+840'!$B$15:$AB$115,4,FALSE) -> 599 | I84: =F84-H84 -> 1724 | J84: =VLOOKUP(B84,'114+840'!$B$15:$AB$115,13,FALSE) -> -276 | K84: ='114+840'!Q85 -> 0 | L84: =+K84+L83 -> 196 | M84: =VLOOKUP(B84,'114+840'!$B$14:$AB$115,21,FALSE) -> 841 | N84: =VLOOKUP(B84,'114+840'!$B$15:$AB$115,5,FALSE) -> 482 | O84: =F84-N84 -> 1841 | P84: =VLOOKUP(B84,'114+840'!$B$15:$AB$115,14,FALSE) -> -159 | Q84: ='114+840'!R85 -> 5 | R84: =+Q84+R83 -> 259 | S84: =VLOOKUP(B84,'114+840'!$B$14:$AB$115,22,FALSE) -> 917 | T84: =VLOOKUP(B84,'114+840'!$B$15:$AB$115,6,FALSE) -> 896 | U84: =F84-T84 -> 1427 | V84: =VLOOKUP(B84,'114+840'!$B$15:$AB$115,15,FALSE) -> -573 | W84: ='114+840'!S85 -> 0 | X84: =+W84+X83 -> 183 | Y84: =S84-S83 -> 0 | Z84: =IF(Y84>0,Y84,0)/1000 -> 0 | AA84: =AA83+Z84 -> 1.449 | AB84: =(M84-$M$13-R84)/1000 -> 0.482
A85: 26/11/015 | B85: ='114+840'!B86 -> 45342 | C85: =B85-B84 -> 1 | D85: =D84 -> 842 | E85: =VLOOKUP(B85,'114+840'!B86:AB187,3,FALSE) -> 1479 | F85: =D85+E85 -> 2321 | G85: =VLOOKUP(B85,'114+840'!$B$15:$AB$115,20,FALSE) -> 904 | H85: =VLOOKUP(B85,'114+840'!$B$15:$AB$115,4,FALSE) -> 597 | I85: =F85-H85 -> 1724 | J85: =VLOOKUP(B85,'114+840'!$B$15:$AB$115,13,FALSE) -> -276 | K85: ='114+840'!Q86 -> 0 | L85: =+K85+L84 -> 196 | M85: =VLOOKUP(B85,'114+840'!$B$14:$AB$115,21,FALSE) -> 837 | N85: =VLOOKUP(B85,'114+840'!$B$15:$AB$115,5,FALSE) -> 484 | O85: =F85-N85 -> 1837 | P85: =VLOOKUP(B85,'114+840'!$B$15:$AB$115,14,FALSE) -> -163 | Q85: ='114+840'!R86 -> 4 | R85: =+Q85+R84 -> 263 | S85: =VLOOKUP(B85,'114+840'!$B$14:$AB$115,22,FALSE) -> 917 | T85: =VLOOKUP(B85,'114+840'!$B$15:$AB$115,6,FALSE) -> 894 | U85: =F85-T85 -> 1427 | V85: =VLOOKUP(B85,'114+840'!$B$15:$AB$115,15,FALSE) -> -573 | W85: ='114+840'!S86 -> 0 | X85: =+W85+X84 -> 183 | Y85: =S85-S84 -> 0 | Z85: =IF(Y85>0,Y85,0)/1000 -> 0 | AA85: =AA84+Z85 -> 1.449 | AB85: =(M85-$M$13-R85)/1000 -> 0.474
A86: 42337 | B86: ='114+840'!B87 -> 45343 | C86: =B86-B85 -> 1 | D86: =D85 -> 842 | E86: =VLOOKUP(B86,'114+840'!B87:AB188,3,FALSE) -> 1477 | F86: =D86+E86 -> 2319 | G86: =VLOOKUP(B86,'114+840'!$B$15:$AB$115,20,FALSE) -> 904 | H86: =VLOOKUP(B86,'114+840'!$B$15:$AB$115,4,FALSE) -> 595 | I86: =F86-H86 -> 1724 | J86: =VLOOKUP(B86,'114+840'!$B$15:$AB$115,13,FALSE) -> -276 | K86: ='114+840'!Q87 -> 0 | L86: =+K86+L85 -> 196 | M86: =VLOOKUP(B86,'114+840'!$B$14:$AB$115,21,FALSE) -> 829 | N86: =VLOOKUP(B86,'114+840'!$B$15:$AB$115,5,FALSE) -> 490 | O86: =F86-N86 -> 1829 | P86: =VLOOKUP(B86,'114+840'!$B$15:$AB$115,14,FALSE) -> -171 | Q86: ='114+840'!R87 -> 8 | R86: =+Q86+R85 -> 271 | S86: =VLOOKUP(B86,'114+840'!$B$14:$AB$115,22,FALSE) -> 917 | T86: =VLOOKUP(B86,'114+840'!$B$15:$AB$115,6,FALSE) -> 892 | U86: =F86-T86 -> 1427 | V86: =VLOOKUP(B86,'114+840'!$B$15:$AB$115,15,FALSE) -> -573 | W86: ='114+840'!S87 -> 0 | X86: =+W86+X85 -> 183 | Y86: =S86-S85 -> 0 | Z86: =IF(Y86>0,Y86,0)/1000 -> 0 | AA86: =AA85+Z86 -> 1.449 | AB86: =(M86-$M$13-R86)/1000 -> 0.458
A87: 42340 | B87: ='114+840'!B88 -> 45344 | C87: =B87-B86 -> 1 | D87: =D86 -> 842 | E87: =VLOOKUP(B87,'114+840'!B88:AB189,3,FALSE) -> 1475 | F87: =D87+E87 -> 2317 | G87: =VLOOKUP(B87,'114+840'!$B$15:$AB$115,20,FALSE) -> 904 | H87: =VLOOKUP(B87,'114+840'!$B$15:$AB$115,4,FALSE) -> 593 | I87: =F87-H87 -> 1724 | J87: =VLOOKUP(B87,'114+840'!$B$15:$AB$115,13,FALSE) -> -276 | K87: ='114+840'!Q88 -> 0 | L87: =+K87+L86 -> 196 | M87: =VLOOKUP(B87,'114+840'!$B$14:$AB$115,21,FALSE) -> 827 | N87: =VLOOKUP(B87,'114+840'!$B$15:$AB$115,5,FALSE) -> 490 | O87: =F87-N87 -> 1827 | P87: =VLOOKUP(B87,'114+840'!$B$15:$AB$115,14,FALSE) -> -173 | Q87: ='114+840'!R88 -> 2 | R87: =+Q87+R86 -> 273 | S87: =VLOOKUP(B87,'114+840'!$B$14:$AB$115,22,FALSE) -> 917 | T87: =VLOOKUP(B87,'114+840'!$B$15:$AB$115,6,FALSE) -> 890 | U87: =F87-T87 -> 1427 | V87: =VLOOKUP(B87,'114+840'!$B$15:$AB$115,15,FALSE) -> -573 | W87: ='114+840'!S88 -> 0 | X87: =+W87+X86 -> 183 | Y87: =S87-S86 -> 0 | Z87: =IF(Y87>0,Y87,0)/1000 -> 0 | AA87: =AA86+Z87 -> 1.449 | AB87: =(M87-$M$13-R87)/1000 -> 0.454
A88: 42343 | B88: ='114+840'!B89 -> 45345 | C88: =B88-B87 -> 1 | D88: =D87 -> 842 | E88: =VLOOKUP(B88,'114+840'!B89:AB190,3,FALSE) -> 1473 | F88: =D88+E88 -> 2315 | G88: =VLOOKUP(B88,'114+840'!$B$15:$AB$115,20,FALSE) -> 904 | H88: =VLOOKUP(B88,'114+840'!$B$15:$AB$115,4,FALSE) -> 591 | I88: =F88-H88 -> 1724 | J88: =VLOOKUP(B88,'114+840'!$B$15:$AB$115,13,FALSE) -> -276 | K88: ='114+840'!Q89 -> 0 | L88: =+K88+L87 -> 196 | M88: =VLOOKUP(B88,'114+840'!$B$14:$AB$115,21,FALSE) -> 823 | N88: =VLOOKUP(B88,'114+840'!$B$15:$AB$115,5,FALSE) -> 492 | O88: =F88-N88 -> 1823 | P88: =VLOOKUP(B88,'114+840'!$B$15:$AB$115,14,FALSE) -> -177 | Q88: ='114+840'!R89 -> 4 | R88: =+Q88+R87 -> 277 | S88: =VLOOKUP(B88,'114+840'!$B$14:$AB$115,22,FALSE) -> 917 | T88: =VLOOKUP(B88,'114+840'!$B$15:$AB$115,6,FALSE) -> 888 | U88: =F88-T88 -> 1427 | V88: =VLOOKUP(B88,'114+840'!$B$15:$AB$115,15,FALSE) -> -573 | W88: ='114+840'!S89 -> 0 | X88: =+W88+X87 -> 183 | Y88: =S88-S87 -> 0 | Z88: =IF(Y88>0,Y88,0)/1000 -> 0 | AA88: =AA87+Z88 -> 1.449 | AB88: =(M88-$M$13-R88)/1000 -> 0.446
A89: 08/12/015 | B89: ='114+840'!B90 -> 45346 | C89: =B89-B88 -> 1 | D89: =D88 -> 842 | E89: =VLOOKUP(B89,'114+840'!B90:AB191,3,FALSE) -> 1471 | F89: =D89+E89 -> 2313 | G89: =VLOOKUP(B89,'114+840'!$B$15:$AB$115,20,FALSE) -> 904 | H89: =VLOOKUP(B89,'114+840'!$B$15:$AB$115,4,FALSE) -> 589 | I89: =F89-H89 -> 1724 | J89: =VLOOKUP(B89,'114+840'!$B$15:$AB$115,13,FALSE) -> -276 | K89: ='114+840'!Q90 -> 0 | L89: =+K89+L88 -> 196 | M89: =VLOOKUP(B89,'114+840'!$B$14:$AB$115,21,FALSE) -> 816 | N89: =VLOOKUP(B89,'114+840'!$B$15:$AB$115,5,FALSE) -> 497 | O89: =F89-N89 -> 1816 | P89: =VLOOKUP(B89,'114+840'!$B$15:$AB$115,14,FALSE) -> -184 | Q89: ='114+840'!R90 -> 7 | R89: =+Q89+R88 -> 284 | S89: =VLOOKUP(B89,'114+840'!$B$14:$AB$115,22,FALSE) -> 917 | T89: =VLOOKUP(B89,'114+840'!$B$15:$AB$115,6,FALSE) -> 886 | U89: =F89-T89 -> 1427 | V89: =VLOOKUP(B89,'114+840'!$B$15:$AB$115,15,FALSE) -> -573 | W89: ='114+840'!S90 -> 0 | X89: =+W89+X88 -> 183 | Y89: =S89-S88 -> 0 | Z89: =IF(Y89>0,Y89,0)/1000 -> 0 | AA89: =AA88+Z89 -> 1.449 | AB89: =(M89-$M$13-R89)/1000 -> 0.432
A90: 42349 | B90: ='114+840'!B91 -> 45347 | C90: =B90-B89 -> 1 | D90: =D89 -> 842 | E90: =VLOOKUP(B90,'114+840'!B91:AB192,3,FALSE) -> 1469 | F90: =D90+E90 -> 2311 | G90: =VLOOKUP(B90,'114+840'!$B$15:$AB$115,20,FALSE) -> 904 | H90: =VLOOKUP(B90,'114+840'!$B$15:$AB$115,4,FALSE) -> 587 | I90: =F90-H90 -> 1724 | J90: =VLOOKUP(B90,'114+840'!$B$15:$AB$115,13,FALSE) -> -276 | K90: ='114+840'!Q91 -> 0 | L90: =+K90+L89 -> 196 | M90: =VLOOKUP(B90,'114+840'!$B$14:$AB$115,21,FALSE) -> 811 | N90: =VLOOKUP(B90,'114+840'!$B$15:$AB$115,5,FALSE) -> 500 | O90: =F90-N90 -> 1811 | P90: =VLOOKUP(B90,'114+840'!$B$15:$AB$115,14,FALSE) -> -189 | Q90: ='114+840'!R91 -> 5 | R90: =+Q90+R89 -> 289 | S90: =VLOOKUP(B90,'114+840'!$B$14:$AB$115,22,FALSE) -> 917 | T90: =VLOOKUP(B90,'114+840'!$B$15:$AB$115,6,FALSE) -> 884 | U90: =F90-T90 -> 1427 | V90: =VLOOKUP(B90,'114+840'!$B$15:$AB$115,15,FALSE) -> -573 | W90: ='114+840'!S91 -> 0 | X90: =+W90+X89 -> 183 | Y90: =S90-S89 -> 0 | Z90: =IF(Y90>0,Y90,0)/1000 -> 0 | AA90: =AA89+Z90 -> 1.449 | AB90: =(M90-$M$13-R90)/1000 -> 0.422
A91: 42352 | B91: ='114+840'!B92 -> 45348 | C91: =B91-B90 -> 1 | D91: =D90 -> 842 | E91: =VLOOKUP(B91,'114+840'!B92:AB193,3,FALSE) -> 1467 | F91: =D91+E91 -> 2309 | G91: =VLOOKUP(B91,'114+840'!$B$15:$AB$115,20,FALSE) -> 904 | H91: =VLOOKUP(B91,'114+840'!$B$15:$AB$115,4,FALSE) -> 585 | I91: =F91-H91 -> 1724 | J91: =VLOOKUP(B91,'114+840'!$B$15:$AB$115,13,FALSE) -> -276 | K91: ='114+840'!Q92 -> 0 | L91: =+K91+L90 -> 196 | M91: =VLOOKUP(B91,'114+840'!$B$14:$AB$115,21,FALSE) -> 809 | N91: =VLOOKUP(B91,'114+840'!$B$15:$AB$115,5,FALSE) -> 500 | O91: =F91-N91 -> 1809 | P91: =VLOOKUP(B91,'114+840'!$B$15:$AB$115,14,FALSE) -> -191 | Q91: ='114+840'!R92 -> 2 | R91: =+Q91+R90 -> 291 | S91: =VLOOKUP(B91,'114+840'!$B$14:$AB$115,22,FALSE) -> 917 | T91: =VLOOKUP(B91,'114+840'!$B$15:$AB$115,6,FALSE) -> 882 | U91: =F91-T91 -> 1427 | V91: =VLOOKUP(B91,'114+840'!$B$15:$AB$115,15,FALSE) -> -573 | W91: ='114+840'!S92 -> 0 | X91: =+W91+X90 -> 183 | Y91: =S91-S90 -> 0 | Z91: =IF(Y91>0,Y91,0)/1000 -> 0 | AA91: =AA90+Z91 -> 1.449 | AB91: =(M91-$M$13-R91)/1000 -> 0.418
A92: 42353 | B92: ='114+840'!B93 -> 45349 | C92: =B92-B91 -> 1 | D92: =D91 -> 842 | E92: =VLOOKUP(B92,'114+840'!B93:AB194,3,FALSE) -> 1465 | F92: =D92+E92 -> 2307 | G92: =VLOOKUP(B92,'114+840'!$B$15:$AB$115,20,FALSE) -> 904 | H92: =VLOOKUP(B92,'114+840'!$B$15:$AB$115,4,FALSE) -> 583 | I92: =F92-H92 -> 1724 | J92: =VLOOKUP(B92,'114+840'!$B$15:$AB$115,13,FALSE) -> -276 | K92: ='114+840'!Q93 -> 0 | L92: =+K92+L91 -> 196 | M92: =VLOOKUP(B92,'114+840'!$B$14:$AB$115,21,FALSE) -> 809 | N92: =VLOOKUP(B92,'114+840'!$B$15:$AB$115,5,FALSE) -> 498 | O92: =F92-N92 -> 1809 | P92: =VLOOKUP(B92,'114+840'!$B$15:$AB$115,14,FALSE) -> -191 | Q92: ='114+840'!R93 -> 0 | R92: =+Q92+R91 -> 291 | S92: =VLOOKUP(B92,'114+840'!$B$14:$AB$115,22,FALSE) -> 917 | T92: =VLOOKUP(B92,'114+840'!$B$15:$AB$115,6,FALSE) -> 880 | U92: =F92-T92 -> 1427 | V92: =VLOOKUP(B92,'114+840'!$B$15:$AB$115,15,FALSE) -> -573 | W92: ='114+840'!S93 -> 0 | X92: =+W92+X91 -> 183 | Y92: =S92-S91 -> 0 | Z92: =IF(Y92>0,Y92,0)/1000 -> 0 | AA92: =AA91+Z92 -> 1.449 | AB92: =(M92-$M$13-R92)/1000 -> 0.418
A93: 42353 | B93: ='114+840'!B94 -> 45350 | C93: =B93-B92 -> 1 | D93: =D92 -> 842 | E93: =VLOOKUP(B93,'114+840'!B94:AB195,3,FALSE) -> 1463 | F93: =D93+E93 -> 2305 | G93: =VLOOKUP(B93,'114+840'!$B$15:$AB$115,20,FALSE) -> 904 | H93: =VLOOKUP(B93,'114+840'!$B$15:$AB$115,4,FALSE) -> 581 | I93: =F93-H93 -> 1724 | J93: =VLOOKUP(B93,'114+840'!$B$15:$AB$115,13,FALSE) -> -276 | K93: ='114+840'!Q94 -> 0 | L93: =+K93+L92 -> 196 | M93: =VLOOKUP(B93,'114+840'!$B$14:$AB$115,21,FALSE) -> 809 | N93: =VLOOKUP(B93,'114+840'!$B$15:$AB$115,5,FALSE) -> 496 | O93: =F93-N93 -> 1809 | P93: =VLOOKUP(B93,'114+840'!$B$15:$AB$115,14,FALSE) -> -191 | Q93: ='114+840'!R94 -> 0 | R93: =+Q93+R92 -> 291 | S93: =VLOOKUP(B93,'114+840'!$B$14:$AB$115,22,FALSE) -> 917 | T93: =VLOOKUP(B93,'114+840'!$B$15:$AB$115,6,FALSE) -> 878 | U93: =F93-T93 -> 1427 | V93: =VLOOKUP(B93,'114+840'!$B$15:$AB$115,15,FALSE) -> -573 | W93: ='114+840'!S94 -> 0 | X93: =+W93+X92 -> 183 | Y93: =S93-S92 -> 0 | Z93: =IF(Y93>0,Y93,0)/1000 -> 0 | AA93: =AA92+Z93 -> 1.449 | AB93: =(M93-$M$13-R93)/1000 -> 0.418
B94: ='114+840'!B95 -> 45351 | C94: =B94-B93 -> 1 | D94: =D93 -> 842 | E94: =VLOOKUP(B94,'114+840'!B95:AB196,3,FALSE) -> 1461 | F94: =D94+E94 -> 2303 | G94: =VLOOKUP(B94,'114+840'!$B$15:$AB$115,20,FALSE) -> 904 | H94: =VLOOKUP(B94,'114+840'!$B$15:$AB$115,4,FALSE) -> 579 | I94: =F94-H94 -> 1724 | J94: =VLOOKUP(B94,'114+840'!$B$15:$AB$115,13,FALSE) -> -276 | K94: ='114+840'!Q95 -> 0 | L94: =+K94+L93 -> 196 | M94: =VLOOKUP(B94,'114+840'!$B$14:$AB$115,21,FALSE) -> 809 | N94: =VLOOKUP(B94,'114+840'!$B$15:$AB$115,5,FALSE) -> 494 | O94: =F94-N94 -> 1809 | P94: =VLOOKUP(B94,'114+840'!$B$15:$AB$115,14,FALSE) -> -191 | Q94: ='114+840'!R95 -> 0 | R94: =+Q94+R93 -> 291 | S94: =VLOOKUP(B94,'114+840'!$B$14:$AB$115,22,FALSE) -> 917 | T94: =VLOOKUP(B94,'114+840'!$B$15:$AB$115,6,FALSE) -> 876 | U94: =F94-T94 -> 1427 | V94: =VLOOKUP(B94,'114+840'!$B$15:$AB$115,15,FALSE) -> -573 | W94: ='114+840'!S95 -> 0 | X94: =+W94+X93 -> 183 | Y94: =S94-S93 -> 0 | Z94: =IF(Y94>0,Y94,0)/1000 -> 0 | AA94: =AA93+Z94 -> 1.449 | AB94: =(M94-$M$13-R94)/1000 -> 0.418
B95: ='114+840'!B96 -> 45352 | C95: =B95-B94 -> 1 | D95: =D94 -> 842 | E95: =VLOOKUP(B95,'114+840'!B96:AB197,3,FALSE) -> 1459 | F95: =D95+E95 -> 2301 | G95: =VLOOKUP(B95,'114+840'!$B$15:$AB$115,20,FALSE) -> 904 | H95: =VLOOKUP(B95,'114+840'!$B$15:$AB$115,4,FALSE) -> 577 | I95: =F95-H95 -> 1724 | J95: =VLOOKUP(B95,'114+840'!$B$15:$AB$115,13,FALSE) -> -276 | K95: ='114+840'!Q96 -> 0 | L95: =+K95+L94 -> 196 | M95: =VLOOKUP(B95,'114+840'!$B$14:$AB$115,21,FALSE) -> 809 | N95: =VLOOKUP(B95,'114+840'!$B$15:$AB$115,5,FALSE) -> 492 | O95: =F95-N95 -> 1809 | P95: =VLOOKUP(B95,'114+840'!$B$15:$AB$115,14,FALSE) -> -191 | Q95: ='114+840'!R96 -> 0 | R95: =+Q95+R94 -> 291 | S95: =VLOOKUP(B95,'114+840'!$B$14:$AB$115,22,FALSE) -> 917 | T95: =VLOOKUP(B95,'114+840'!$B$15:$AB$115,6,FALSE) -> 874 | U95: =F95-T95 -> 1427 | V95: =VLOOKUP(B95,'114+840'!$B$15:$AB$115,15,FALSE) -> -573 | W95: ='114+840'!S96 -> 0 | X95: =+W95+X94 -> 183 | Y95: =S95-S94 -> 0 | Z95: =IF(Y95>0,Y95,0)/1000 -> 0 | AA95: =AA94+Z95 -> 1.449 | AB95: =(M95-$M$13-R95)/1000 -> 0.418
B96: ='114+840'!B97 -> 45353 | C96: =B96-B95 -> 1 | D96: =D95 -> 842 | E96: =VLOOKUP(B96,'114+840'!B97:AB198,3,FALSE) -> 1457 | F96: =D96+E96 -> 2299 | G96: =VLOOKUP(B96,'114+840'!$B$15:$AB$115,20,FALSE) -> 904 | H96: =VLOOKUP(B96,'114+840'!$B$15:$AB$115,4,FALSE) -> 575 | I96: =F96-H96 -> 1724 | J96: =VLOOKUP(B96,'114+840'!$B$15:$AB$115,13,FALSE) -> -276 | K96: ='114+840'!Q97 -> 0 | L96: =+K96+L95 -> 196 | M96: =VLOOKUP(B96,'114+840'!$B$14:$AB$115,21,FALSE) -> 809 | N96: =VLOOKUP(B96,'114+840'!$B$15:$AB$115,5,FALSE) -> 490 | O96: =F96-N96 -> 1809 | P96: =VLOOKUP(B96,'114+840'!$B$15:$AB$115,14,FALSE) -> -191 | Q96: ='114+840'!R97 -> 0 | R96: =+Q96+R95 -> 291 | S96: =VLOOKUP(B96,'114+840'!$B$14:$AB$115,22,FALSE) -> 917 | T96: =VLOOKUP(B96,'114+840'!$B$15:$AB$115,6,FALSE) -> 872 | U96: =F96-T96 -> 1427 | V96: =VLOOKUP(B96,'114+840'!$B$15:$AB$115,15,FALSE) -> -573 | W96: ='114+840'!S97 -> 0 | X96: =+W96+X95 -> 183 | Y96: =S96-S95 -> 0 | Z96: =IF(Y96>0,Y96,0)/1000 -> 0 | AA96: =AA95+Z96 -> 1.449 | AB96: =(M96-$M$13-R96)/1000 -> 0.418
B97: ='114+840'!B98 -> 45354 | C97: =B97-B96 -> 1 | D97: =D96 -> 842 | E97: =VLOOKUP(B97,'114+840'!B98:AB199,3,FALSE) -> 1455 | F97: =D97+E97 -> 2297 | G97: =VLOOKUP(B97,'114+840'!$B$15:$AB$115,20,FALSE) -> 904 | H97: =VLOOKUP(B97,'114+840'!$B$15:$AB$115,4,FALSE) -> 573 | I97: =F97-H97 -> 1724 | J97: =VLOOKUP(B97,'114+840'!$B$15:$AB$115,13,FALSE) -> -276 | K97: ='114+840'!Q98 -> 0 | L97: =+K97+L96 -> 196 | M97: =VLOOKUP(B97,'114+840'!$B$14:$AB$115,21,FALSE) -> 809 | N97: =VLOOKUP(B97,'114+840'!$B$15:$AB$115,5,FALSE) -> 488 | O97: =F97-N97 -> 1809 | P97: =VLOOKUP(B97,'114+840'!$B$15:$AB$115,14,FALSE) -> -191 | Q97: ='114+840'!R98 -> 0 | R97: =+Q97+R96 -> 291 | S97: =VLOOKUP(B97,'114+840'!$B$14:$AB$115,22,FALSE) -> 917 | T97: =VLOOKUP(B97,'114+840'!$B$15:$AB$115,6,FALSE) -> 870 | U97: =F97-T97 -> 1427 | V97: =VLOOKUP(B97,'114+840'!$B$15:$AB$115,15,FALSE) -> -573 | W97: ='114+840'!S98 -> 0 | X97: =+W97+X96 -> 183 | Y97: =S97-S96 -> 0 | Z97: =IF(Y97>0,Y97,0)/1000 -> 0 | AA97: =AA96+Z97 -> 1.449 | AB97: =(M97-$M$13-R97)/1000 -> 0.418
B98: ='114+840'!B99 -> 45355 | C98: =B98-B97 -> 1 | D98: =D97 -> 842 | E98: =VLOOKUP(B98,'114+840'!B99:AB200,3,FALSE) -> 1453 | F98: =D98+E98 -> 2295 | G98: =VLOOKUP(B98,'114+840'!$B$15:$AB$115,20,FALSE) -> 904 | H98: =VLOOKUP(B98,'114+840'!$B$15:$AB$115,4,FALSE) -> 571 | I98: =F98-H98 -> 1724 | J98: =VLOOKUP(B98,'114+840'!$B$15:$AB$115,13,FALSE) -> -276 | K98: ='114+840'!Q99 -> 0 | L98: =+K98+L97 -> 196 | M98: =VLOOKUP(B98,'114+840'!$B$14:$AB$115,21,FALSE) -> 809 | N98: =VLOOKUP(B98,'114+840'!$B$15:$AB$115,5,FALSE) -> 486 | O98: =F98-N98 -> 1809 | P98: =VLOOKUP(B98,'114+840'!$B$15:$AB$115,14,FALSE) -> -191 | Q98: ='114+840'!R99 -> 0 | R98: =+Q98+R97 -> 291 | S98: =VLOOKUP(B98,'114+840'!$B$14:$AB$115,22,FALSE) -> 917 | T98: =VLOOKUP(B98,'114+840'!$B$15:$AB$115,6,FALSE) -> 868 | U98: =F98-T98 -> 1427 | V98: =VLOOKUP(B98,'114+840'!$B$15:$AB$115,15,FALSE) -> -573 | W98: ='114+840'!S99 -> 0 | X98: =+W98+X97 -> 183 | Y98: =S98-S97 -> 0 | Z98: =IF(Y98>0,Y98,0)/1000 -> 0 | AA98: =AA97+Z98 -> 1.449 | AB98: =(M98-$M$13-R98)/1000 -> 0.418
B99: ='114+840'!B100 -> 45356 | C99: =B99-B98 -> 1 | D99: =D98 -> 842 | E99: =VLOOKUP(B99,'114+840'!B100:AB201,3,FALSE) -> 1451 | F99: =D99+E99 -> 2293 | G99: =VLOOKUP(B99,'114+840'!$B$15:$AB$115,20,FALSE) -> 904 | H99: =VLOOKUP(B99,'114+840'!$B$15:$AB$115,4,FALSE) -> 569 | I99: =F99-H99 -> 1724 | J99: =VLOOKUP(B99,'114+840'!$B$15:$AB$115,13,FALSE) -> -276 | K99: ='114+840'!Q100 -> 0 | L99: =+K99+L98 -> 196 | M99: =VLOOKUP(B99,'114+840'!$B$14:$AB$115,21,FALSE) -> 809 | N99: =VLOOKUP(B99,'114+840'!$B$15:$AB$115,5,FALSE) -> 484 | O99: =F99-N99 -> 1809 | P99: =VLOOKUP(B99,'114+840'!$B$15:$AB$115,14,FALSE) -> -191 | Q99: ='114+840'!R100 -> 0 | R99: =+Q99+R98 -> 291 | S99: =VLOOKUP(B99,'114+840'!$B$14:$AB$115,22,FALSE) -> 917 | T99: =VLOOKUP(B99,'114+840'!$B$15:$AB$115,6,FALSE) -> 866 | U99: =F99-T99 -> 1427 | V99: =VLOOKUP(B99,'114+840'!$B$15:$AB$115,15,FALSE) -> -573 | W99: ='114+840'!S100 -> 0 | X99: =+W99+X98 -> 183 | Y99: =S99-S98 -> 0 | Z99: =IF(Y99>0,Y99,0)/1000 -> 0 | AA99: =AA98+Z99 -> 1.449 | AB99: =(M99-$M$13-R99)/1000 -> 0.418
B100: ='114+840'!B101 -> 45357 | C100: =B100-B99 -> 1 | D100: =D99 -> 842 | E100: =VLOOKUP(B100,'114+840'!B101:AB202,3,FALSE) -> 1449 | F100: =D100+E100 -> 2291 | G100: =VLOOKUP(B100,'114+840'!$B$15:$AB$115,20,FALSE) -> 904 | H100: =VLOOKUP(B100,'114+840'!$B$15:$AB$115,4,FALSE) -> 567 | I100: =F100-H100 -> 1724 | J100: =VLOOKUP(B100,'114+840'!$B$15:$AB$115,13,FALSE) -> -276 | K100: ='114+840'!Q101 -> 0 | L100: =+K100+L99 -> 196 | M100: =VLOOKUP(B100,'114+840'!$B$14:$AB$115,21,FALSE) -> 809 | N100: =VLOOKUP(B100,'114+840'!$B$15:$AB$115,5,FALSE) -> 482 | O100: =F100-N100 -> 1809 | P100: =VLOOKUP(B100,'114+840'!$B$15:$AB$115,14,FALSE) -> -191 | Q100: ='114+840'!R101 -> 0 | R100: =+Q100+R99 -> 291 | S100: =VLOOKUP(B100,'114+840'!$B$14:$AB$115,22,FALSE) -> 917 | T100: =VLOOKUP(B100,'114+840'!$B$15:$AB$115,6,FALSE) -> 864 | U100: =F100-T100 -> 1427 | V100: =VLOOKUP(B100,'114+840'!$B$15:$AB$115,15,FALSE) -> -573 | W100: ='114+840'!S101 -> 0 | X100: =+W100+X99 -> 183 | Y100: =S100-S99 -> 0 | Z100: =IF(Y100>0,Y100,0)/1000 -> 0 | AA100: =AA99+Z100 -> 1.449 | AB100: =(M100-$M$13-R100)/1000 -> 0.418
B101: ='114+840'!B102 -> 45358 | C101: =B101-B100 -> 1 | D101: =D100 -> 842 | E101: =VLOOKUP(B101,'114+840'!B102:AB203,3,FALSE) -> 1447 | F101: =D101+E101 -> 2289 | G101: =VLOOKUP(B101,'114+840'!$B$15:$AB$115,20,FALSE) -> 904 | H101: =VLOOKUP(B101,'114+840'!$B$15:$AB$115,4,FALSE) -> 565 | I101: =F101-H101 -> 1724 | J101: =VLOOKUP(B101,'114+840'!$B$15:$AB$115,13,FALSE) -> -276 | K101: ='114+840'!Q102 -> 0 | L101: =+K101+L100 -> 196 | M101: =VLOOKUP(B101,'114+840'!$B$14:$AB$115,21,FALSE) -> 809 | N101: =VLOOKUP(B101,'114+840'!$B$15:$AB$115,5,FALSE) -> 480 | O101: =F101-N101 -> 1809 | P101: =VLOOKUP(B101,'114+840'!$B$15:$AB$115,14,FALSE) -> -191 | Q101: ='114+840'!R102 -> 0 | R101: =+Q101+R100 -> 291 | S101: =VLOOKUP(B101,'114+840'!$B$14:$AB$115,22,FALSE) -> 917 | T101: =VLOOKUP(B101,'114+840'!$B$15:$AB$115,6,FALSE) -> 862 | U101: =F101-T101 -> 1427 | V101: =VLOOKUP(B101,'114+840'!$B$15:$AB$115,15,FALSE) -> -573 | W101: ='114+840'!S102 -> 0 | X101: =+W101+X100 -> 183 | Y101: =S101-S100 -> 0 | Z101: =IF(Y101>0,Y101,0)/1000 -> 0 | AA101: =AA100+Z101 -> 1.449 | AB101: =(M101-$M$13-R101)/1000 -> 0.418
B102: ='114+840'!B103 -> 45359 | C102: =B102-B101 -> 1 | D102: =D101 -> 842 | E102: =VLOOKUP(B102,'114+840'!B103:AB204,3,FALSE) -> 1445 | F102: =D102+E102 -> 2287 | G102: =VLOOKUP(B102,'114+840'!$B$15:$AB$115,20,FALSE) -> 904 | H102: =VLOOKUP(B102,'114+840'!$B$15:$AB$115,4,FALSE) -> 563 | I102: =F102-H102 -> 1724 | J102: =VLOOKUP(B102,'114+840'!$B$15:$AB$115,13,FALSE) -> -276 | K102: ='114+840'!Q103 -> 0 | L102: =+K102+L101 -> 196 | M102: =VLOOKUP(B102,'114+840'!$B$14:$AB$115,21,FALSE) -> 809 | N102: =VLOOKUP(B102,'114+840'!$B$15:$AB$115,5,FALSE) -> 478 | O102: =F102-N102 -> 1809 | P102: =VLOOKUP(B102,'114+840'!$B$15:$AB$115,14,FALSE) -> -191 | Q102: ='114+840'!R103 -> 0 | R102: =+Q102+R101 -> 291 | S102: =VLOOKUP(B102,'114+840'!$B$14:$AB$115,22,FALSE) -> 917 | T102: =VLOOKUP(B102,'114+840'!$B$15:$AB$115,6,FALSE) -> 860 | U102: =F102-T102 -> 1427 | V102: =VLOOKUP(B102,'114+840'!$B$15:$AB$115,15,FALSE) -> -573 | W102: ='114+840'!S103 -> 0 | X102: =+W102+X101 -> 183 | Y102: =S102-S101 -> 0 | Z102: =IF(Y102>0,Y102,0)/1000 -> 0 | AA102: =AA101+Z102 -> 1.449 | AB102: =(M102-$M$13-R102)/1000 -> 0.418
B103: ='114+840'!B104 -> 45360 | C103: =B103-B102 -> 1 | D103: =D102 -> 842 | E103: =VLOOKUP(B103,'114+840'!B104:AB205,3,FALSE) -> 1443 | F103: =D103+E103 -> 2285 | G103: =VLOOKUP(B103,'114+840'!$B$15:$AB$115,20,FALSE) -> 904 | H103: =VLOOKUP(B103,'114+840'!$B$15:$AB$115,4,FALSE) -> 561 | I103: =F103-H103 -> 1724 | J103: =VLOOKUP(B103,'114+840'!$B$15:$AB$115,13,FALSE) -> -276 | K103: ='114+840'!Q104 -> 0 | L103: =+K103+L102 -> 196 | M103: =VLOOKUP(B103,'114+840'!$B$14:$AB$115,21,FALSE) -> 809 | N103: =VLOOKUP(B103,'114+840'!$B$15:$AB$115,5,FALSE) -> 476 | O103: =F103-N103 -> 1809 | P103: =VLOOKUP(B103,'114+840'!$B$15:$AB$115,14,FALSE) -> -191 | Q103: ='114+840'!R104 -> 0 | R103: =+Q103+R102 -> 291 | S103: =VLOOKUP(B103,'114+840'!$B$14:$AB$115,22,FALSE) -> 917 | T103: =VLOOKUP(B103,'114+840'!$B$15:$AB$115,6,FALSE) -> 858 | U103: =F103-T103 -> 1427 | V103: =VLOOKUP(B103,'114+840'!$B$15:$AB$115,15,FALSE) -> -573 | W103: ='114+840'!S104 -> 0 | X103: =+W103+X102 -> 183 | Y103: =S103-S102 -> 0 | Z103: =IF(Y103>0,Y103,0)/1000 -> 0 | AA103: =AA102+Z103 -> 1.449 | AB103: =(M103-$M$13-R103)/1000 -> 0.418
B104: ='114+840'!B105 -> 45361 | C104: =B104-B103 -> 1 | D104: =D103 -> 842 | E104: =VLOOKUP(B104,'114+840'!B105:AB206,3,FALSE) -> 1441 | F104: =D104+E104 -> 2283 | G104: =VLOOKUP(B104,'114+840'!$B$15:$AB$115,20,FALSE) -> 904 | H104: =VLOOKUP(B104,'114+840'!$B$15:$AB$115,4,FALSE) -> 559 | I104: =F104-H104 -> 1724 | J104: =VLOOKUP(B104,'114+840'!$B$15:$AB$115,13,FALSE) -> -276 | K104: ='114+840'!Q105 -> 0 | L104: =+K104+L103 -> 196 | M104: =VLOOKUP(B104,'114+840'!$B$14:$AB$115,21,FALSE) -> 809 | N104: =VLOOKUP(B104,'114+840'!$B$15:$AB$115,5,FALSE) -> 474 | O104: =F104-N104 -> 1809 | P104: =VLOOKUP(B104,'114+840'!$B$15:$AB$115,14,FALSE) -> -191 | Q104: ='114+840'!R105 -> 0 | R104: =+Q104+R103 -> 291 | S104: =VLOOKUP(B104,'114+840'!$B$14:$AB$115,22,FALSE) -> 917 | T104: =VLOOKUP(B104,'114+840'!$B$15:$AB$115,6,FALSE) -> 856 | U104: =F104-T104 -> 1427 | V104: =VLOOKUP(B104,'114+840'!$B$15:$AB$115,15,FALSE) -> -573 | W104: ='114+840'!S105 -> 0 | X104: =+W104+X103 -> 183 | Y104: =S104-S103 -> 0 | Z104: =IF(Y104>0,Y104,0)/1000 -> 0 | AA104: =AA103+Z104 -> 1.449 | AB104: =(M104-$M$13-R104)/1000 -> 0.418
B105: ='114+840'!B106 -> 45362 | C105: =B105-B104 -> 1 | D105: =D104 -> 842 | E105: =VLOOKUP(B105,'114+840'!B106:AB207,3,FALSE) -> 1439 | F105: =D105+E105 -> 2281 | G105: =VLOOKUP(B105,'114+840'!$B$15:$AB$115,20,FALSE) -> 904 | H105: =VLOOKUP(B105,'114+840'!$B$15:$AB$115,4,FALSE) -> 557 | I105: =F105-H105 -> 1724 | J105: =VLOOKUP(B105,'114+840'!$B$15:$AB$115,13,FALSE) -> -276 | K105: ='114+840'!Q106 -> 0 | L105: =+K105+L104 -> 196 | M105: =VLOOKUP(B105,'114+840'!$B$14:$AB$115,21,FALSE) -> 809 | N105: =VLOOKUP(B105,'114+840'!$B$15:$AB$115,5,FALSE) -> 472 | O105: =F105-N105 -> 1809 | P105: =VLOOKUP(B105,'114+840'!$B$15:$AB$115,14,FALSE) -> -191 | Q105: ='114+840'!R106 -> 0 | R105: =+Q105+R104 -> 291 | S105: =VLOOKUP(B105,'114+840'!$B$14:$AB$115,22,FALSE) -> 917 | T105: =VLOOKUP(B105,'114+840'!$B$15:$AB$115,6,FALSE) -> 854 | U105: =F105-T105 -> 1427 | V105: =VLOOKUP(B105,'114+840'!$B$15:$AB$115,15,FALSE) -> -573 | W105: ='114+840'!S106 -> 0 | X105: =+W105+X104 -> 183 | Y105: =S105-S104 -> 0 | Z105: =IF(Y105>0,Y105,0)/1000 -> 0 | AA105: =AA104+Z105 -> 1.449 | AB105: =(M105-$M$13-R105)/1000 -> 0.418
... B114: ='114+840'!B115 -> 45371 | C114: =B114-B113 -> 1 | D114: =D113 -> 842 | E114: =VLOOKUP(B114,'114+840'!B115:AB216,3,FALSE) -> 1421 | F114: =D114+E114 -> 2263 | G114: =VLOOKUP(B114,'114+840'!$B$15:$AB$115,20,FALSE) -> 904 | H114: =VLOOKUP(B114,'114+840'!$B$15:$AB$115,4,FALSE) -> 539 | I114: =F114-H114 -> 1724 | J114: =VLOOKUP(B114,'114+840'!$B$15:$AB$115,13,FALSE) -> -276 | K114: ='114+840'!Q115 -> 0 | L114: =+K114+L113 -> 196 | M114: =VLOOKUP(B114,'114+840'!$B$14:$AB$115,21,FALSE) -> 809 | N114: =VLOOKUP(B114,'114+840'!$B$15:$AB$115,5,FALSE) -> 454 | O114: =F114-N114 -> 1809 | P114: =VLOOKUP(B114,'114+840'!$B$15:$AB$115,14,FALSE) -> -191 | Q114: ='114+840'!R115 -> 0 | R114: =+Q114+R113 -> 291 | S114: =VLOOKUP(B114,'114+840'!$B$14:$AB$115,22,FALSE) -> 917 | T114: =VLOOKUP(B114,'114+840'!$B$15:$AB$115,6,FALSE) -> 836 | U114: =F114-T114 -> 1427 | V114: =VLOOKUP(B114,'114+840'!$B$15:$AB$115,15,FALSE) -> -573 | W114: ='114+840'!S115 -> 0 | X114: =+W114+X113 -> 183 | Y114: =S114-S113 -> 0 | Z114: =IF(Y114>0,Y114,0)/1000 -> 0 | AA114: =AA113+Z114 -> 1.449 | AB114: =(M114-$M$13-R114)/1000 -> 0.418
B115: ='114+840'!B116 -> 45372 | C115: =B115-B114 -> 1 | D115: =D114 -> 842 | E115: =VLOOKUP(B115,'114+840'!B116:AB217,3,FALSE) -> 1419 | F115: =D115+E115 -> 2261 | G115: =VLOOKUP(B115,'114+840'!$B$15:$AB$516,20,FALSE) -> 904 | H115: =VLOOKUP(B115,'114+840'!$B$15:$AB$516,4,FALSE) -> 537 | I115: =F115-H115 -> 1724 | J115: =VLOOKUP(B115,'114+840'!$B$15:$AB$516,13,FALSE) -> -276 | K115: ='114+840'!Q116 -> 0 | L115: =+K115+L114 -> 196 | M115: =VLOOKUP(B115,'114+840'!$B$14:$AB$516,21,FALSE) -> 809 | N115: =VLOOKUP(B115,'114+840'!$B$15:$AB$516,5,FALSE) -> 452 | O115: =F115-N115 -> 1809 | P115: =VLOOKUP(B115,'114+840'!$B$15:$AB$516,14,FALSE) -> -191 | Q115: ='114+840'!R116 -> 0 | R115: =+Q115+R114 -> 291 | S115: =VLOOKUP(B115,'114+840'!$B$14:$AB$516,22,FALSE) -> 917 | T115: =VLOOKUP(B115,'114+840'!$B$15:$AB$516,6,FALSE) -> 834 | U115: =F115-T115 -> 1427 | V115: =VLOOKUP(B115,'114+840'!$B$15:$AB$516,15,FALSE) -> -573 | W115: ='114+840'!S116 -> 0 | X115: =+W115+X114 -> 183 | Y115: =S115-S114 -> 0 | Z115: =IF(Y115>0,Y115,0)/1000 -> 0 | AA115: =AA114+Z115 -> 1.449 | AB115: =(M115-$M$13-R115)/1000 -> 0.418
B116: ='114+840'!B117 -> 45373 | C116: =B116-B115 -> 1 | D116: =D115 -> 842 | E116: =VLOOKUP(B116,'114+840'!B117:AB218,3,FALSE) -> 1417 | F116: =D116+E116 -> 2259 | G116: =VLOOKUP(B116,'114+840'!$B$15:$AB$516,20,FALSE) -> 904 | H116: =VLOOKUP(B116,'114+840'!$B$15:$AB$516,4,FALSE) -> 535 | I116: =F116-H116 -> 1724 | J116: =VLOOKUP(B116,'114+840'!$B$15:$AB$516,13,FALSE) -> -276 | K116: ='114+840'!Q117 -> 0 | L116: =+K116+L115 -> 196 | M116: =VLOOKUP(B116,'114+840'!$B$14:$AB$516,21,FALSE) -> 809 | N116: =VLOOKUP(B116,'114+840'!$B$15:$AB$516,5,FALSE) -> 450 | O116: =F116-N116 -> 1809 | P116: =VLOOKUP(B116,'114+840'!$B$15:$AB$516,14,FALSE) -> -191 | Q116: ='114+840'!R117 -> 0 | R116: =+Q116+R115 -> 291 | S116: =VLOOKUP(B116,'114+840'!$B$14:$AB$516,22,FALSE) -> 917 | T116: =VLOOKUP(B116,'114+840'!$B$15:$AB$516,6,FALSE) -> 832 | U116: =F116-T116 -> 1427 | V116: =VLOOKUP(B116,'114+840'!$B$15:$AB$516,15,FALSE) -> -573 | W116: ='114+840'!S117 -> 0 | X116: =+W116+X115 -> 183 | Y116: =S116-S115 -> 0 | Z116: =IF(Y116>0,Y116,0)/1000 -> 0 | AA116: =AA115+Z116 -> 1.449 | AB116: =(M116-$M$13-R116)/1000 -> 0.418
B117: ='114+840'!B118 -> 45374 | C117: =B117-B116 -> 1 | D117: =D116 -> 842 | E117: =VLOOKUP(B117,'114+840'!B118:AB219,3,FALSE) -> 1415 | F117: =D117+E117 -> 2257 | G117: =VLOOKUP(B117,'114+840'!$B$15:$AB$516,20,FALSE) -> 904 | H117: =VLOOKUP(B117,'114+840'!$B$15:$AB$516,4,FALSE) -> 533 | I117: =F117-H117 -> 1724 | J117: =VLOOKUP(B117,'114+840'!$B$15:$AB$516,13,FALSE) -> -276 | K117: ='114+840'!Q118 -> 0 | L117: =+K117+L116 -> 196 | M117: =VLOOKUP(B117,'114+840'!$B$14:$AB$516,21,FALSE) -> 809 | N117: =VLOOKUP(B117,'114+840'!$B$15:$AB$516,5,FALSE) -> 448 | O117: =F117-N117 -> 1809 | P117: =VLOOKUP(B117,'114+840'!$B$15:$AB$516,14,FALSE) -> -191 | Q117: ='114+840'!R118 -> 0 | R117: =+Q117+R116 -> 291 | S117: =VLOOKUP(B117,'114+840'!$B$14:$AB$516,22,FALSE) -> 917 | T117: =VLOOKUP(B117,'114+840'!$B$15:$AB$516,6,FALSE) -> 830 | U117: =F117-T117 -> 1427 | V117: =VLOOKUP(B117,'114+840'!$B$15:$AB$516,15,FALSE) -> -573 | W117: ='114+840'!S118 -> 0 | X117: =+W117+X116 -> 183 | Y117: =S117-S116 -> 0 | Z117: =IF(Y117>0,Y117,0)/1000 -> 0 | AA117: =AA116+Z117 -> 1.449 | AB117: =(M117-$M$13-R117)/1000 -> 0.418
B118: ='114+840'!B119 -> 45375 | C118: =B118-B117 -> 1 | D118: =D117 -> 842 | E118: =VLOOKUP(B118,'114+840'!B119:AB220,3,FALSE) -> 1413 | F118: =D118+E118 -> 2255 | G118: =VLOOKUP(B118,'114+840'!$B$15:$AB$516,20,FALSE) -> 904 | H118: =VLOOKUP(B118,'114+840'!$B$15:$AB$516,4,FALSE) -> 531 | I118: =F118-H118 -> 1724 | J118: =VLOOKUP(B118,'114+840'!$B$15:$AB$516,13,FALSE) -> -276 | K118: ='114+840'!Q119 -> 0 | L118: =+K118+L117 -> 196 | M118: =VLOOKUP(B118,'114+840'!$B$14:$AB$516,21,FALSE) -> 809 | N118: =VLOOKUP(B118,'114+840'!$B$15:$AB$516,5,FALSE) -> 446 | O118: =F118-N118 -> 1809 | P118: =VLOOKUP(B118,'114+840'!$B$15:$AB$516,14,FALSE) -> -191 | Q118: ='114+840'!R119 -> 0 | R118: =+Q118+R117 -> 291 | S118: =VLOOKUP(B118,'114+840'!$B$14:$AB$516,22,FALSE) -> 917 | T118: =VLOOKUP(B118,'114+840'!$B$15:$AB$516,6,FALSE) -> 828 | U118: =F118-T118 -> 1427 | V118: =VLOOKUP(B118,'114+840'!$B$15:$AB$516,15,FALSE) -> -573 | W118: ='114+840'!S119 -> 0 | X118: =+W118+X117 -> 183 | Y118: =S118-S117 -> 0 | Z118: =IF(Y118>0,Y118,0)/1000 -> 0 | AA118: =AA117+Z118 -> 1.449 | AB118: =(M118-$M$13-R118)/1000 -> 0.418
B119: ='114+840'!B120 -> 45376 | C119: =B119-B118 -> 1 | D119: =D118 -> 842 | E119: =VLOOKUP(B119,'114+840'!B120:AB221,3,FALSE) -> 1411 | F119: =D119+E119 -> 2253 | G119: =VLOOKUP(B119,'114+840'!$B$15:$AB$516,20,FALSE) -> 904 | H119: =VLOOKUP(B119,'114+840'!$B$15:$AB$516,4,FALSE) -> 529 | I119: =F119-H119 -> 1724 | J119: =VLOOKUP(B119,'114+840'!$B$15:$AB$516,13,FALSE) -> -276 | K119: ='114+840'!Q120 -> 0 | L119: =+K119+L118 -> 196 | M119: =VLOOKUP(B119,'114+840'!$B$14:$AB$516,21,FALSE) -> 809 | N119: =VLOOKUP(B119,'114+840'!$B$15:$AB$516,5,FALSE) -> 444 | O119: =F119-N119 -> 1809 | P119: =VLOOKUP(B119,'114+840'!$B$15:$AB$516,14,FALSE) -> -191 | Q119: ='114+840'!R120 -> 0 | R119: =+Q119+R118 -> 291 | S119: =VLOOKUP(B119,'114+840'!$B$14:$AB$516,22,FALSE) -> 917 | T119: =VLOOKUP(B119,'114+840'!$B$15:$AB$516,6,FALSE) -> 826 | U119: =F119-T119 -> 1427 | V119: =VLOOKUP(B119,'114+840'!$B$15:$AB$516,15,FALSE) -> -573 | W119: ='114+840'!S120 -> 0 | X119: =+W119+X118 -> 183 | Y119: =S119-S118 -> 0 | Z119: =IF(Y119>0,Y119,0)/1000 -> 0 | AA119: =AA118+Z119 -> 1.449 | AB119: =(M119-$M$13-R119)/1000 -> 0.418
B120: ='114+840'!B121 -> 45377 | C120: =B120-B119 -> 1 | D120: =D119 -> 842 | E120: =VLOOKUP(B120,'114+840'!B121:AB222,3,FALSE) -> 1409 | F120: =D120+E120 -> 2251 | G120: =VLOOKUP(B120,'114+840'!$B$15:$AB$516,20,FALSE) -> 904 | H120: =VLOOKUP(B120,'114+840'!$B$15:$AB$516,4,FALSE) -> 527 | I120: =F120-H120 -> 1724 | J120: =VLOOKUP(B120,'114+840'!$B$15:$AB$516,13,FALSE) -> -276 | K120: ='114+840'!Q121 -> 0 | L120: =+K120+L119 -> 196 | M120: =VLOOKUP(B120,'114+840'!$B$14:$AB$516,21,FALSE) -> 809 | N120: =VLOOKUP(B120,'114+840'!$B$15:$AB$516,5,FALSE) -> 442 | O120: =F120-N120 -> 1809 | P120: =VLOOKUP(B120,'114+840'!$B$15:$AB$516,14,FALSE) -> -191 | Q120: ='114+840'!R121 -> 0 | R120: =+Q120+R119 -> 291 | S120: =VLOOKUP(B120,'114+840'!$B$14:$AB$516,22,FALSE) -> 917 | T120: =VLOOKUP(B120,'114+840'!$B$15:$AB$516,6,FALSE) -> 824 | U120: =F120-T120 -> 1427 | V120: =VLOOKUP(B120,'114+840'!$B$15:$AB$516,15,FALSE) -> -573 | W120: ='114+840'!S121 -> 0 | X120: =+W120+X119 -> 183 | Y120: =S120-S119 -> 0 | Z120: =IF(Y120>0,Y120,0)/1000 -> 0 | AA120: =AA119+Z120 -> 1.449 | AB120: =(M120-$M$13-R120)/1000 -> 0.418
B121: ='114+840'!B122 -> 45378 | C121: =B121-B120 -> 1 | D121: =D120 -> 842 | E121: =VLOOKUP(B121,'114+840'!B122:AB223,3,FALSE) -> 1407 | F121: =D121+E121 -> 2249 | G121: =VLOOKUP(B121,'114+840'!$B$15:$AB$516,20,FALSE) -> 904 | H121: =VLOOKUP(B121,'114+840'!$B$15:$AB$516,4,FALSE) -> 525 | I121: =F121-H121 -> 1724 | J121: =VLOOKUP(B121,'114+840'!$B$15:$AB$516,13,FALSE) -> -276 | K121: ='114+840'!Q122 -> 0 | L121: =+K121+L120 -> 196 | M121: =VLOOKUP(B121,'114+840'!$B$14:$AB$516,21,FALSE) -> 809 | N121: =VLOOKUP(B121,'114+840'!$B$15:$AB$516,5,FALSE) -> 440 | O121: =F121-N121 -> 1809 | P121: =VLOOKUP(B121,'114+840'!$B$15:$AB$516,14,FALSE) -> -191 | Q121: ='114+840'!R122 -> 0 | R121: =+Q121+R120 -> 291 | S121: =VLOOKUP(B121,'114+840'!$B$14:$AB$516,22,FALSE) -> 917 | T121: =VLOOKUP(B121,'114+840'!$B$15:$AB$516,6,FALSE) -> 822 | U121: =F121-T121 -> 1427 | V121: =VLOOKUP(B121,'114+840'!$B$15:$AB$516,15,FALSE) -> -573 | W121: ='114+840'!S122 -> 0 | X121: =+W121+X120 -> 183 | Y121: =S121-S120 -> 0 | Z121: =IF(Y121>0,Y121,0)/1000 -> 0 | AA121: =AA120+Z121 -> 1.449 | AB121: =(M121-$M$13-R121)/1000 -> 0.418
B122: ='114+840'!B123 -> 45379 | C122: =B122-B121 -> 1 | D122: =D121 -> 842 | E122: =VLOOKUP(B122,'114+840'!B123:AB224,3,FALSE) -> 1405 | F122: =D122+E122 -> 2247 | G122: =VLOOKUP(B122,'114+840'!$B$15:$AB$516,20,FALSE) -> 904 | H122: =VLOOKUP(B122,'114+840'!$B$15:$AB$516,4,FALSE) -> 523 | I122: =F122-H122 -> 1724 | J122: =VLOOKUP(B122,'114+840'!$B$15:$AB$516,13,FALSE) -> -276 | K122: ='114+840'!Q123 -> 0 | L122: =+K122+L121 -> 196 | M122: =VLOOKUP(B122,'114+840'!$B$14:$AB$516,21,FALSE) -> 809 | N122: =VLOOKUP(B122,'114+840'!$B$15:$AB$516,5,FALSE) -> 438 | O122: =F122-N122 -> 1809 | P122: =VLOOKUP(B122,'114+840'!$B$15:$AB$516,14,FALSE) -> -191 | Q122: ='114+840'!R123 -> 0 | R122: =+Q122+R121 -> 291 | S122: =VLOOKUP(B122,'114+840'!$B$14:$AB$516,22,FALSE) -> 917 | T122: =VLOOKUP(B122,'114+840'!$B$15:$AB$516,6,FALSE) -> 820 | U122: =F122-T122 -> 1427 | V122: =VLOOKUP(B122,'114+840'!$B$15:$AB$516,15,FALSE) -> -573 | W122: ='114+840'!S123 -> 0 | X122: =+W122+X121 -> 183 | Y122: =S122-S121 -> 0 | Z122: =IF(Y122>0,Y122,0)/1000 -> 0 | AA122: =AA121+Z122 -> 1.449 | AB122: =(M122-$M$13-R122)/1000 -> 0.418
B123: ='114+840'!B124 -> 45380 | C123: =B123-B122 -> 1 | D123: =D122 -> 842 | E123: =VLOOKUP(B123,'114+840'!B124:AB225,3,FALSE) -> 1403 | F123: =D123+E123 -> 2245 | G123: =VLOOKUP(B123,'114+840'!$B$15:$AB$516,20,FALSE) -> 904 | H123: =VLOOKUP(B123,'114+840'!$B$15:$AB$516,4,FALSE) -> 521 | I123: =F123-H123 -> 1724 | J123: =VLOOKUP(B123,'114+840'!$B$15:$AB$516,13,FALSE) -> -276 | K123: ='114+840'!Q124 -> 0 | L123: =+K123+L122 -> 196 | M123: =VLOOKUP(B123,'114+840'!$B$14:$AB$516,21,FALSE) -> 809 | N123: =VLOOKUP(B123,'114+840'!$B$15:$AB$516,5,FALSE) -> 436 | O123: =F123-N123 -> 1809 | P123: =VLOOKUP(B123,'114+840'!$B$15:$AB$516,14,FALSE) -> -191 | Q123: ='114+840'!R124 -> 0 | R123: =+Q123+R122 -> 291 | S123: =VLOOKUP(B123,'114+840'!$B$14:$AB$516,22,FALSE) -> 917 | T123: =VLOOKUP(B123,'114+840'!$B$15:$AB$516,6,FALSE) -> 818 | U123: =F123-T123 -> 1427 | V123: =VLOOKUP(B123,'114+840'!$B$15:$AB$516,15,FALSE) -> -573 | W123: ='114+840'!S124 -> 0 | X123: =+W123+X122 -> 183 | Y123: =S123-S122 -> 0 | Z123: =IF(Y123>0,Y123,0)/1000 -> 0 | AA123: =AA122+Z123 -> 1.449 | AB123: =(M123-$M$13-R123)/1000 -> 0.418
B124: ='114+840'!B125 -> 45381 | C124: =B124-B123 -> 1 | D124: =D123 -> 842 | E124: =VLOOKUP(B124,'114+840'!B125:AB226,3,FALSE) -> 1401 | F124: =D124+E124 -> 2243 | G124: =VLOOKUP(B124,'114+840'!$B$15:$AB$516,20,FALSE) -> 904 | H124: =VLOOKUP(B124,'114+840'!$B$15:$AB$516,4,FALSE) -> 519 | I124: =F124-H124 -> 1724 | J124: =VLOOKUP(B124,'114+840'!$B$15:$AB$516,13,FALSE) -> -276 | K124: ='114+840'!Q125 -> 0 | L124: =+K124+L123 -> 196 | M124: =VLOOKUP(B124,'114+840'!$B$14:$AB$516,21,FALSE) -> 809 | N124: =VLOOKUP(B124,'114+840'!$B$15:$AB$516,5,FALSE) -> 434 | O124: =F124-N124 -> 1809 | P124: =VLOOKUP(B124,'114+840'!$B$15:$AB$516,14,FALSE) -> -191 | Q124: ='114+840'!R125 -> 0 | R124: =+Q124+R123 -> 291 | S124: =VLOOKUP(B124,'114+840'!$B$14:$AB$516,22,FALSE) -> 917 | T124: =VLOOKUP(B124,'114+840'!$B$15:$AB$516,6,FALSE) -> 816 | U124: =F124-T124 -> 1427 | V124: =VLOOKUP(B124,'114+840'!$B$15:$AB$516,15,FALSE) -> -573 | W124: ='114+840'!S125 -> 0 | X124: =+W124+X123 -> 183 | Y124: =S124-S123 -> 0 | Z124: =IF(Y124>0,Y124,0)/1000 -> 0 | AA124: =AA123+Z124 -> 1.449 | AB124: =(M124-$M$13-R124)/1000 -> 0.418
B125: ='114+840'!B126 -> 45382 | C125: =B125-B124 -> 1 | D125: =D124 -> 842 | E125: =VLOOKUP(B125,'114+840'!B126:AB227,3,FALSE) -> 1399 | F125: =D125+E125 -> 2241 | G125: =VLOOKUP(B125,'114+840'!$B$15:$AB$516,20,FALSE) -> 904 | H125: =VLOOKUP(B125,'114+840'!$B$15:$AB$516,4,FALSE) -> 517 | I125: =F125-H125 -> 1724 | J125: =VLOOKUP(B125,'114+840'!$B$15:$AB$516,13,FALSE) -> -276 | K125: ='114+840'!Q126 -> 0 | L125: =+K125+L124 -> 196 | M125: =VLOOKUP(B125,'114+840'!$B$14:$AB$516,21,FALSE) -> 809 | N125: =VLOOKUP(B125,'114+840'!$B$15:$AB$516,5,FALSE) -> 432 | O125: =F125-N125 -> 1809 | P125: =VLOOKUP(B125,'114+840'!$B$15:$AB$516,14,FALSE) -> -191 | Q125: ='114+840'!R126 -> 0 | R125: =+Q125+R124 -> 291 | S125: =VLOOKUP(B125,'114+840'!$B$14:$AB$516,22,FALSE) -> 917 | T125: =VLOOKUP(B125,'114+840'!$B$15:$AB$516,6,FALSE) -> 814 | U125: =F125-T125 -> 1427 | V125: =VLOOKUP(B125,'114+840'!$B$15:$AB$516,15,FALSE) -> -573 | W125: ='114+840'!S126 -> 0 | X125: =+W125+X124 -> 183 | Y125: =S125-S124 -> 0 | Z125: =IF(Y125>0,Y125,0)/1000 -> 0 | AA125: =AA124+Z125 -> 1.449 | AB125: =(M125-$M$13-R125)/1000 -> 0.418
B126: ='114+840'!B127 -> 45383 | C126: =B126-B125 -> 1 | D126: =D125 -> 842 | E126: =VLOOKUP(B126,'114+840'!B127:AB228,3,FALSE) -> 1401 | F126: =D126+E126 -> 2243 | G126: =VLOOKUP(B126,'114+840'!$B$15:$AB$516,20,FALSE) -> 904 | H126: =VLOOKUP(B126,'114+840'!$B$15:$AB$516,4,FALSE) -> 519 | I126: =F126-H126 -> 1724 | J126: =VLOOKUP(B126,'114+840'!$B$15:$AB$516,13,FALSE) -> -276 | K126: ='114+840'!Q127 -> 0 | L126: =+K126+L125 -> 196 | M126: =VLOOKUP(B126,'114+840'!$B$14:$AB$516,21,FALSE) -> 809 | N126: =VLOOKUP(B126,'114+840'!$B$15:$AB$516,5,FALSE) -> 434 | O126: =F126-N126 -> 1809 | P126: =VLOOKUP(B126,'114+840'!$B$15:$AB$516,14,FALSE) -> -191 | Q126: ='114+840'!R127 -> 0 | R126: =+Q126+R125 -> 291 | S126: =VLOOKUP(B126,'114+840'!$B$14:$AB$516,22,FALSE) -> 917 | T126: =VLOOKUP(B126,'114+840'!$B$15:$AB$516,6,FALSE) -> 816 | U126: =F126-T126 -> 1427 | V126: =VLOOKUP(B126,'114+840'!$B$15:$AB$516,15,FALSE) -> -573 | W126: ='114+840'!S127 -> 0 | X126: =+W126+X125 -> 183 | Y126: =S126-S125 -> 0 | Z126: =IF(Y126>0,Y126,0)/1000 -> 0 | AA126: =AA125+Z126 -> 1.449 | AB126: =(M126-$M$13-R126)/1000 -> 0.418
... B153: ='114+840'!B154 -> 45410 | C153: =B153-B152 -> 1 | D153: =D152 -> 842 | E153: =VLOOKUP(B153,'114+840'!B154:AB255,3,FALSE) -> 1455 | F153: =D153+E153 -> 2297 | G153: =VLOOKUP(B153,'114+840'!$B$15:$AB$516,20,FALSE) -> 1736 | H153: =VLOOKUP(B153,'114+840'!$B$15:$AB$516,4,FALSE) -> -359 | I153: =F153-H153 -> 2656 | J153: =VLOOKUP(B153,'114+840'!$B$15:$AB$516,13,FALSE) -> -344 | K153: ='114+840'!Q154 -> 2 | L153: =+K153+L152 -> 264 | M153: =VLOOKUP(B153,'114+840'!$B$14:$AB$516,21,FALSE) -> 1631 | N153: =VLOOKUP(B153,'114+840'!$B$15:$AB$516,5,FALSE) -> -434 | O153: =F153-N153 -> 2731 | P153: =VLOOKUP(B153,'114+840'!$B$15:$AB$516,14,FALSE) -> -269 | Q153: ='114+840'!R154 -> 5 | R153: =+Q153+R152 -> 369 | S153: =VLOOKUP(B153,'114+840'!$B$14:$AB$516,22,FALSE) -> 1757 | T153: =VLOOKUP(B153,'114+840'!$B$15:$AB$516,6,FALSE) -> -70 | U153: =F153-T153 -> 2367 | V153: =VLOOKUP(B153,'114+840'!$B$15:$AB$516,15,FALSE) -> -633 | W153: ='114+840'!S154 -> 1 | X153: =+W153+X152 -> 243 | Y153: =S153-S152 -> -1 | Z153: =IF(Y153>0,Y153,0)/1000 -> 0 | AA153: =AA152+Z153 -> 2.324 | AB153: =(M153-$M$13-R153)/1000 -> 1.162
B154: ='114+840'!B155 -> 45411 | C154: =B154-B153 -> 1 | D154: =D153 -> 842 | E154: =VLOOKUP(B154,'114+840'!B155:AB255,3,FALSE) -> 1457 | F154: =D154+E154 -> 2299 | G154: =VLOOKUP(B154,'114+840'!$B$15:$AB$516,20,FALSE) -> 1732 | H154: =VLOOKUP(B154,'114+840'!$B$15:$AB$516,4,FALSE) -> -353 | I154: =F154-H154 -> 2652 | J154: =VLOOKUP(B154,'114+840'!$B$15:$AB$516,13,FALSE) -> -348 | K154: ='114+840'!Q155 -> 4 | L154: =+K154+L153 -> 268 | M154: =VLOOKUP(B154,'114+840'!$B$14:$AB$516,21,FALSE) -> 1626 | N154: =VLOOKUP(B154,'114+840'!$B$15:$AB$516,5,FALSE) -> -427 | O154: =F154-N154 -> 2726 | P154: =VLOOKUP(B154,'114+840'!$B$15:$AB$516,14,FALSE) -> -274 | Q154: ='114+840'!R155 -> 5 | R154: =+Q154+R153 -> 374 | S154: =VLOOKUP(B154,'114+840'!$B$14:$AB$516,22,FALSE) -> 1754 | T154: =VLOOKUP(B154,'114+840'!$B$15:$AB$516,6,FALSE) -> -65 | U154: =F154-T154 -> 2364 | V154: =VLOOKUP(B154,'114+840'!$B$15:$AB$516,15,FALSE) -> -636 | W154: ='114+840'!S155 -> 3 | X154: =+W154+X153 -> 246 | Y154: =S154-S153 -> -3 | Z154: =IF(Y154>0,Y154,0)/1000 -> 0 | AA154: =AA153+Z154 -> 2.324 | AB154: =(M154-$M$13-R154)/1000 -> 1.152
B155: ='114+840'!B156 -> 45412 | C155: =B155-B154 -> 1 | D155: =D154 -> 842 | E155: =VLOOKUP(B155,'114+840'!B156:AB255,3,FALSE) -> 1459 | F155: =D155+E155 -> 2301 | G155: =VLOOKUP(B155,'114+840'!$B$15:$AB$516,20,FALSE) -> 1730 | H155: =VLOOKUP(B155,'114+840'!$B$15:$AB$516,4,FALSE) -> -349 | I155: =F155-H155 -> 2650 | J155: =VLOOKUP(B155,'114+840'!$B$15:$AB$516,13,FALSE) -> -350 | K155: ='114+840'!Q156 -> 2 | L155: =+K155+L154 -> 270 | M155: =VLOOKUP(B155,'114+840'!$B$14:$AB$516,21,FALSE) -> 1622 | N155: =VLOOKUP(B155,'114+840'!$B$15:$AB$516,5,FALSE) -> -421 | O155: =F155-N155 -> 2722 | P155: =VLOOKUP(B155,'114+840'!$B$15:$AB$516,14,FALSE) -> -278 | Q155: ='114+840'!R156 -> 4 | R155: =+Q155+R154 -> 378 | S155: =VLOOKUP(B155,'114+840'!$B$14:$AB$516,22,FALSE) -> 1753 | T155: =VLOOKUP(B155,'114+840'!$B$15:$AB$516,6,FALSE) -> -62 | U155: =F155-T155 -> 2363 | V155: =VLOOKUP(B155,'114+840'!$B$15:$AB$516,15,FALSE) -> -637 | W155: ='114+840'!S156 -> 1 | X155: =+W155+X154 -> 247 | Y155: =S155-S154 -> -1 | Z155: =IF(Y155>0,Y155,0)/1000 -> 0 | AA155: =AA154+Z155 -> 2.324 | AB155: =(M155-$M$13-R155)/1000 -> 1.144
B156: ='114+840'!B157 -> 45413 | C156: =B156-B155 -> 1 | D156: =D155 -> 842 | E156: =VLOOKUP(B156,'114+840'!B157:AB255,3,FALSE) -> 1461 | F156: =D156+E156 -> 2303 | G156: =VLOOKUP(B156,'114+840'!$B$15:$AB$516,20,FALSE) -> 1726 | H156: =VLOOKUP(B156,'114+840'!$B$15:$AB$516,4,FALSE) -> -343 | I156: =F156-H156 -> 2646 | J156: =VLOOKUP(B156,'114+840'!$B$15:$AB$516,13,FALSE) -> -354 | K156: ='114+840'!Q157 -> 4 | L156: =+K156+L155 -> 274 | M156: =VLOOKUP(B156,'114+840'!$B$14:$AB$516,21,FALSE) -> 1619 | N156: =VLOOKUP(B156,'114+840'!$B$15:$AB$516,5,FALSE) -> -416 | O156: =F156-N156 -> 2719 | P156: =VLOOKUP(B156,'114+840'!$B$15:$AB$516,14,FALSE) -> -281 | Q156: ='114+840'!R157 -> 3 | R156: =+Q156+R155 -> 381 | S156: =VLOOKUP(B156,'114+840'!$B$14:$AB$516,22,FALSE) -> 1751 | T156: =VLOOKUP(B156,'114+840'!$B$15:$AB$516,6,FALSE) -> -58 | U156: =F156-T156 -> 2361 | V156: =VLOOKUP(B156,'114+840'!$B$15:$AB$516,15,FALSE) -> -639 | W156: ='114+840'!S157 -> 2 | X156: =+W156+X155 -> 249 | Y156: =S156-S155 -> -2 | Z156: =IF(Y156>0,Y156,0)/1000 -> 0 | AA156: =AA155+Z156 -> 2.324 | AB156: =(M156-$M$13-R156)/1000 -> 1.138
B157: ='114+840'!B158 -> 45414 | C157: =B157-B156 -> 1 | D157: =D156 -> 842 | E157: =VLOOKUP(B157,'114+840'!B158:AB255,3,FALSE) -> 1463 | F157: =D157+E157 -> 2305 | G157: =VLOOKUP(B157,'114+840'!$B$15:$AB$516,20,FALSE) -> 1725 | H157: =VLOOKUP(B157,'114+840'!$B$15:$AB$516,4,FALSE) -> -340 | I157: =F157-H157 -> 2645 | J157: =VLOOKUP(B157,'114+840'!$B$15:$AB$516,13,FALSE) -> -355 | K157: ='114+840'!Q158 -> 1 | L157: =+K157+L156 -> 275 | M157: =VLOOKUP(B157,'114+840'!$B$14:$AB$516,21,FALSE) -> 1617 | N157: =VLOOKUP(B157,'114+840'!$B$15:$AB$516,5,FALSE) -> -412 | O157: =F157-N157 -> 2717 | P157: =VLOOKUP(B157,'114+840'!$B$15:$AB$516,14,FALSE) -> -283 | Q157: ='114+840'!R158 -> 2 | R157: =+Q157+R156 -> 383 | S157: =VLOOKUP(B157,'114+840'!$B$14:$AB$516,22,FALSE) -> 1750 | T157: =VLOOKUP(B157,'114+840'!$B$15:$AB$516,6,FALSE) -> -55 | U157: =F157-T157 -> 2360 | V157: =VLOOKUP(B157,'114+840'!$B$15:$AB$516,15,FALSE) -> -640 | W157: ='114+840'!S158 -> 1 | X157: =+W157+X156 -> 250 | Y157: =S157-S156 -> -1 | Z157: =IF(Y157>0,Y157,0)/1000 -> 0 | AA157: =AA156+Z157 -> 2.324 | AB157: =(M157-$M$13-R157)/1000 -> 1.134
B158: ='114+840'!B159 -> 45415 | C158: =B158-B157 -> 1 | D158: =D157 -> 842 | E158: =VLOOKUP(B158,'114+840'!B159:AB255,3,FALSE) -> 1465 | F158: =D158+E158 -> 2307 | G158: =VLOOKUP(B158,'114+840'!$B$15:$AB$516,20,FALSE) -> 1724 | H158: =VLOOKUP(B158,'114+840'!$B$15:$AB$516,4,FALSE) -> -337 | I158: =F158-H158 -> 2644 | J158: =VLOOKUP(B158,'114+840'!$B$15:$AB$516,13,FALSE) -> -356 | K158: ='114+840'!Q159 -> 1 | L158: =+K158+L157 -> 276 | M158: =VLOOKUP(B158,'114+840'!$B$14:$AB$516,21,FALSE) -> 1610 | N158: =VLOOKUP(B158,'114+840'!$B$15:$AB$516,5,FALSE) -> -403 | O158: =F158-N158 -> 2710 | P158: =VLOOKUP(B158,'114+840'!$B$15:$AB$516,14,FALSE) -> -290 | Q158: ='114+840'!R159 -> 7 | R158: =+Q158+R157 -> 390 | S158: =VLOOKUP(B158,'114+840'!$B$14:$AB$516,22,FALSE) -> 1748 | T158: =VLOOKUP(B158,'114+840'!$B$15:$AB$516,6,FALSE) -> -51 | U158: =F158-T158 -> 2358 | V158: =VLOOKUP(B158,'114+840'!$B$15:$AB$516,15,FALSE) -> -642 | W158: ='114+840'!S159 -> 2 | X158: =+W158+X157 -> 252 | Y158: =S158-S157 -> -2 | Z158: =IF(Y158>0,Y158,0)/1000 -> 0 | AA158: =AA157+Z158 -> 2.324 | AB158: =(M158-$M$13-R158)/1000 -> 1.12
B159: ='114+840'!B160 -> 45416 | C159: =B159-B158 -> 1 | D159: =D158 -> 842 | E159: =VLOOKUP(B159,'114+840'!B160:AB255,3,FALSE) -> 1467 | F159: =D159+E159 -> 2309 | G159: =VLOOKUP(B159,'114+840'!$B$15:$AB$516,20,FALSE) -> 1723 | H159: =VLOOKUP(B159,'114+840'!$B$15:$AB$516,4,FALSE) -> -334 | I159: =F159-H159 -> 2643 | J159: =VLOOKUP(B159,'114+840'!$B$15:$AB$516,13,FALSE) -> -357 | K159: ='114+840'!Q160 -> 1 | L159: =+K159+L158 -> 277 | M159: =VLOOKUP(B159,'114+840'!$B$14:$AB$516,21,FALSE) -> 1605 | N159: =VLOOKUP(B159,'114+840'!$B$15:$AB$516,5,FALSE) -> -396 | O159: =F159-N159 -> 2705 | P159: =VLOOKUP(B159,'114+840'!$B$15:$AB$516,14,FALSE) -> -295 | Q159: ='114+840'!R160 -> 5 | R159: =+Q159+R158 -> 395 | S159: =VLOOKUP(B159,'114+840'!$B$14:$AB$516,22,FALSE) -> 1746 | T159: =VLOOKUP(B159,'114+840'!$B$15:$AB$516,6,FALSE) -> -47 | U159: =F159-T159 -> 2356 | V159: =VLOOKUP(B159,'114+840'!$B$15:$AB$516,15,FALSE) -> -644 | W159: ='114+840'!S160 -> 2 | X159: =+W159+X158 -> 254 | Y159: =S159-S158 -> -2 | Z159: =IF(Y159>0,Y159,0)/1000 -> 0 | AA159: =AA158+Z159 -> 2.324 | AB159: =(M159-$M$13-R159)/1000 -> 1.11
B160: ='114+840'!B161 -> 45417 | C160: =B160-B159 -> 1 | D160: =D159 -> 842 | E160: =VLOOKUP(B160,'114+840'!B161:AB255,3,FALSE) -> 1469 | F160: =D160+E160 -> 2311 | G160: =VLOOKUP(B160,'114+840'!$B$15:$AB$516,20,FALSE) -> 1723 | H160: =VLOOKUP(B160,'114+840'!$B$15:$AB$516,4,FALSE) -> -332 | I160: =F160-H160 -> 2643 | J160: =VLOOKUP(B160,'114+840'!$B$15:$AB$516,13,FALSE) -> -357 | K160: ='114+840'!Q161 -> 0 | L160: =+K160+L159 -> 277 | M160: =VLOOKUP(B160,'114+840'!$B$14:$AB$516,21,FALSE) -> 1600 | N160: =VLOOKUP(B160,'114+840'!$B$15:$AB$516,5,FALSE) -> -389 | O160: =F160-N160 -> 2700 | P160: =VLOOKUP(B160,'114+840'!$B$15:$AB$516,14,FALSE) -> -300 | Q160: ='114+840'!R161 -> 5 | R160: =+Q160+R159 -> 400 | S160: =VLOOKUP(B160,'114+840'!$B$14:$AB$516,22,FALSE) -> 1746 | T160: =VLOOKUP(B160,'114+840'!$B$15:$AB$516,6,FALSE) -> -45 | U160: =F160-T160 -> 2356 | V160: =VLOOKUP(B160,'114+840'!$B$15:$AB$516,15,FALSE) -> -644 | W160: ='114+840'!S161 -> 0 | X160: =+W160+X159 -> 254 | Y160: =S160-S159 -> 0 | Z160: =IF(Y160>0,Y160,0)/1000 -> 0 | AA160: =AA159+Z160 -> 2.324 | AB160: =(M160-$M$13-R160)/1000 -> 1.1
B161: ='114+840'!B162 -> 45418 | C161: =B161-B160 -> 1 | D161: =D160 -> 842 | E161: =VLOOKUP(B161,'114+840'!B162:AB255,3,FALSE) -> 1471 | F161: =D161+E161 -> 2313 | G161: =VLOOKUP(B161,'114+840'!$B$15:$AB$516,20,FALSE) -> 1722 | H161: =VLOOKUP(B161,'114+840'!$B$15:$AB$516,4,FALSE) -> -329 | I161: =F161-H161 -> 2642 | J161: =VLOOKUP(B161,'114+840'!$B$15:$AB$516,13,FALSE) -> -358 | K161: ='114+840'!Q162 -> 1 | L161: =+K161+L160 -> 278 | M161: =VLOOKUP(B161,'114+840'!$B$14:$AB$516,21,FALSE) -> 1593 | N161: =VLOOKUP(B161,'114+840'!$B$15:$AB$516,5,FALSE) -> -380 | O161: =F161-N161 -> 2693 | P161: =VLOOKUP(B161,'114+840'!$B$15:$AB$516,14,FALSE) -> -307 | Q161: ='114+840'!R162 -> 7 | R161: =+Q161+R160 -> 407 | S161: =VLOOKUP(B161,'114+840'!$B$14:$AB$516,22,FALSE) -> 1745 | T161: =VLOOKUP(B161,'114+840'!$B$15:$AB$516,6,FALSE) -> -42 | U161: =F161-T161 -> 2355 | V161: =VLOOKUP(B161,'114+840'!$B$15:$AB$516,15,FALSE) -> -645 | W161: ='114+840'!S162 -> 1 | X161: =+W161+X160 -> 255 | Y161: =S161-S160 -> -1 | Z161: =IF(Y161>0,Y161,0)/1000 -> 0 | AA161: =AA160+Z161 -> 2.324 | AB161: =(M161-$M$13-R161)/1000 -> 1.086
B162: ='114+840'!B163 -> 45419 | C162: =B162-B161 -> 1 | D162: =D161 -> 842 | E162: =VLOOKUP(B162,'114+840'!B163:AB255,3,FALSE) -> 1473 | F162: =D162+E162 -> 2315 | G162: =VLOOKUP(B162,'114+840'!$B$15:$AB$516,20,FALSE) -> 1722 | H162: =VLOOKUP(B162,'114+840'!$B$15:$AB$516,4,FALSE) -> -327 | I162: =F162-H162 -> 2642 | J162: =VLOOKUP(B162,'114+840'!$B$15:$AB$516,13,FALSE) -> -358 | K162: ='114+840'!Q163 -> 0 | L162: =+K162+L161 -> 278 | M162: =VLOOKUP(B162,'114+840'!$B$14:$AB$516,21,FALSE) -> 1588 | N162: =VLOOKUP(B162,'114+840'!$B$15:$AB$516,5,FALSE) -> -373 | O162: =F162-N162 -> 2688 | P162: =VLOOKUP(B162,'114+840'!$B$15:$AB$516,14,FALSE) -> -312 | Q162: ='114+840'!R163 -> 5 | R162: =+Q162+R161 -> 412 | S162: =VLOOKUP(B162,'114+840'!$B$14:$AB$516,22,FALSE) -> 1745 | T162: =VLOOKUP(B162,'114+840'!$B$15:$AB$516,6,FALSE) -> -40 | U162: =F162-T162 -> 2355 | V162: =VLOOKUP(B162,'114+840'!$B$15:$AB$516,15,FALSE) -> -645 | W162: ='114+840'!S163 -> 0 | X162: =+W162+X161 -> 255 | Y162: =S162-S161 -> 0 | Z162: =IF(Y162>0,Y162,0)/1000 -> 0 | AA162: =AA161+Z162 -> 2.324 | AB162: =(M162-$M$13-R162)/1000 -> 1.076
B163: ='114+840'!B164 -> 45420 | C163: =B163-B162 -> 1 | D163: =D162 -> 842 | E163: =VLOOKUP(B163,'114+840'!B164:AB255,3,FALSE) -> 1475 | F163: =D163+E163 -> 2317 | G163: =VLOOKUP(B163,'114+840'!$B$15:$AB$516,20,FALSE) -> 1721 | H163: =VLOOKUP(B163,'114+840'!$B$15:$AB$516,4,FALSE) -> -324 | I163: =F163-H163 -> 2641 | J163: =VLOOKUP(B163,'114+840'!$B$15:$AB$516,13,FALSE) -> -359 | K163: ='114+840'!Q164 -> 1 | L163: =+K163+L162 -> 279 | M163: =VLOOKUP(B163,'114+840'!$B$14:$AB$516,21,FALSE) -> 1583 | N163: =VLOOKUP(B163,'114+840'!$B$15:$AB$516,5,FALSE) -> -366 | O163: =F163-N163 -> 2683 | P163: =VLOOKUP(B163,'114+840'!$B$15:$AB$516,14,FALSE) -> -317 | Q163: ='114+840'!R164 -> 5 | R163: =+Q163+R162 -> 417 | S163: =VLOOKUP(B163,'114+840'!$B$14:$AB$516,22,FALSE) -> 1745 | T163: =VLOOKUP(B163,'114+840'!$B$15:$AB$516,6,FALSE) -> -38 | U163: =F163-T163 -> 2355 | V163: =VLOOKUP(B163,'114+840'!$B$15:$AB$516,15,FALSE) -> -645 | W163: ='114+840'!S164 -> 0 | X163: =+W163+X162 -> 255 | Y163: =S163-S162 -> 0 | Z163: =IF(Y163>0,Y163,0)/1000 -> 0 | AA163: =AA162+Z163 -> 2.324 | AB163: =(M163-$M$13-R163)/1000 -> 1.066
B164: ='114+840'!B165 -> 45421 | C164: =B164-B163 -> 1 | D164: =D163 -> 842 | E164: =VLOOKUP(B164,'114+840'!B165:AB255,3,FALSE) -> 1477 | F164: =D164+E164 -> 2319 | G164: =VLOOKUP(B164,'114+840'!$B$15:$AB$516,20,FALSE) -> 1721 | H164: =VLOOKUP(B164,'114+840'!$B$15:$AB$516,4,FALSE) -> -322 | I164: =F164-H164 -> 2641 | J164: =VLOOKUP(B164,'114+840'!$B$15:$AB$516,13,FALSE) -> -359 | K164: ='114+840'!Q165 -> 0 | L164: =+K164+L163 -> 279 | M164: =VLOOKUP(B164,'114+840'!$B$14:$AB$516,21,FALSE) -> 1579 | N164: =VLOOKUP(B164,'114+840'!$B$15:$AB$516,5,FALSE) -> -360 | O164: =F164-N164 -> 2679 | P164: =VLOOKUP(B164,'114+840'!$B$15:$AB$516,14,FALSE) -> -321 | Q164: ='114+840'!R165 -> 4 | R164: =+Q164+R163 -> 421 | S164: =VLOOKUP(B164,'114+840'!$B$14:$AB$516,22,FALSE) -> 1744 | T164: =VLOOKUP(B164,'114+840'!$B$15:$AB$516,6,FALSE) -> -35 | U164: =F164-T164 -> 2354 | V164: =VLOOKUP(B164,'114+840'!$B$15:$AB$516,15,FALSE) -> -646 | W164: ='114+840'!S165 -> 1 | X164: =+W164+X163 -> 256 | Y164: =S164-S163 -> -1 | Z164: =IF(Y164>0,Y164,0)/1000 -> 0 | AA164: =AA163+Z164 -> 2.324 | AB164: =(M164-$M$13-R164)/1000 -> 1.058
B165: ='114+840'!B166 -> 45422 | C165: =B165-B164 -> 1 | D165: =D164 -> 842 | E165: =VLOOKUP(B165,'114+840'!B166:AB255,3,FALSE) -> 1479 | F165: =D165+E165 -> 2321 | G165: =VLOOKUP(B165,'114+840'!$B$15:$AB$516,20,FALSE) -> 1720 | H165: =VLOOKUP(B165,'114+840'!$B$15:$AB$516,4,FALSE) -> -319 | I165: =F165-H165 -> 2640 | J165: =VLOOKUP(B165,'114+840'!$B$15:$AB$516,13,FALSE) -> -360 | K165: ='114+840'!Q166 -> 1 | L165: =+K165+L164 -> 280 | M165: =VLOOKUP(B165,'114+840'!$B$14:$AB$516,21,FALSE) -> 1576 | N165: =VLOOKUP(B165,'114+840'!$B$15:$AB$516,5,FALSE) -> -355 | O165: =F165-N165 -> 2676 | P165: =VLOOKUP(B165,'114+840'!$B$15:$AB$516,14,FALSE) -> -324 | Q165: ='114+840'!R166 -> 3 | R165: =+Q165+R164 -> 424 | S165: =VLOOKUP(B165,'114+840'!$B$14:$AB$516,22,FALSE) -> 1744 | T165: =VLOOKUP(B165,'114+840'!$B$15:$AB$516,6,FALSE) -> -33 | U165: =F165-T165 -> 2354 | V165: =VLOOKUP(B165,'114+840'!$B$15:$AB$516,15,FALSE) -> -646 | W165: ='114+840'!S166 -> 0 | X165: =+W165+X164 -> 256 | Y165: =S165-S164 -> 0 | Z165: =IF(Y165>0,Y165,0)/1000 -> 0 | AA165: =AA164+Z165 -> 2.324 | AB165: =(M165-$M$13-R165)/1000 -> 1.052
B166: ='114+840'!B167 -> 45423 | C166: =B166-B165 -> 1 | D166: =D165 -> 842 | E166: =VLOOKUP(B166,'114+840'!B167:AB255,3,FALSE) -> 1481 | F166: =D166+E166 -> 2323 | G166: =VLOOKUP(B166,'114+840'!$B$15:$AB$516,20,FALSE) -> 1720 | H166: =VLOOKUP(B166,'114+840'!$B$15:$AB$516,4,FALSE) -> -317 | I166: =F166-H166 -> 2640 | J166: =VLOOKUP(B166,'114+840'!$B$15:$AB$516,13,FALSE) -> -360 | K166: ='114+840'!Q167 -> 0 | L166: =+K166+L165 -> 280 | M166: =VLOOKUP(B166,'114+840'!$B$14:$AB$516,21,FALSE) -> 1574 | N166: =VLOOKUP(B166,'114+840'!$B$15:$AB$516,5,FALSE) -> -351 | O166: =F166-N166 -> 2674 | P166: =VLOOKUP(B166,'114+840'!$B$15:$AB$516,14,FALSE) -> -326 | Q166: ='114+840'!R167 -> 2 | R166: =+Q166+R165 -> 426 | S166: =VLOOKUP(B166,'114+840'!$B$14:$AB$516,22,FALSE) -> 1744 | T166: =VLOOKUP(B166,'114+840'!$B$15:$AB$516,6,FALSE) -> -31 | U166: =F166-T166 -> 2354 | V166: =VLOOKUP(B166,'114+840'!$B$15:$AB$516,15,FALSE) -> -646 | W166: ='114+840'!S167 -> 0 | X166: =+W166+X165 -> 256 | Y166: =S166-S165 -> 0 | Z166: =IF(Y166>0,Y166,0)/1000 -> 0 | AA166: =AA165+Z166 -> 2.324 | AB166: =(M166-$M$13-R166)/1000 -> 1.048
B167: ='114+840'!B168 -> 45424 | C167: =B167-B166 -> 1 | D167: =D166 -> 842 | E167: =VLOOKUP(B167,'114+840'!B168:AB255,3,FALSE) -> 1483 | F167: =D167+E167 -> 2325 | G167: =VLOOKUP(B167,'114+840'!$B$15:$AB$516,20,FALSE) -> 1719 | H167: =VLOOKUP(B167,'114+840'!$B$15:$AB$516,4,FALSE) -> -314 | I167: =F167-H167 -> 2639 | J167: =VLOOKUP(B167,'114+840'!$B$15:$AB$516,13,FALSE) -> -361 | K167: ='114+840'!Q168 -> 1 | L167: =+K167+L166 -> 281 | M167: =VLOOKUP(B167,'114+840'!$B$14:$AB$516,21,FALSE) -> 1567 | N167: =VLOOKUP(B167,'114+840'!$B$15:$AB$516,5,FALSE) -> -342 | O167: =F167-N167 -> 2667 | P167: =VLOOKUP(B167,'114+840'!$B$15:$AB$516,14,FALSE) -> -333 | Q167: ='114+840'!R168 -> 7 | R167: =+Q167+R166 -> 433 | S167: =VLOOKUP(B167,'114+840'!$B$14:$AB$516,22,FALSE) -> 1743 | T167: =VLOOKUP(B167,'114+840'!$B$15:$AB$516,6,FALSE) -> -28 | U167: =F167-T167 -> 2353 | V167: =VLOOKUP(B167,'114+840'!$B$15:$AB$516,15,FALSE) -> -647 | W167: ='114+840'!S168 -> 1 | X167: =+W167+X166 -> 257 | Y167: =S167-S166 -> -1 | Z167: =IF(Y167>0,Y167,0)/1000 -> 0 | AA167: =AA166+Z167 -> 2.324 | AB167: =(M167-$M$13-R167)/1000 -> 1.034
B168: ='114+840'!B169 -> 45425 | C168: =B168-B167 -> 1 | D168: =D167 -> 842 | E168: =VLOOKUP(B168,'114+840'!B169:AB255,3,FALSE) -> 1485 | F168: =D168+E168 -> 2327 | G168: =VLOOKUP(B168,'114+840'!$B$15:$AB$516,20,FALSE) -> 1719 | H168: =VLOOKUP(B168,'114+840'!$B$15:$AB$516,4,FALSE) -> -312 | I168: =F168-H168 -> 2639 | J168: =VLOOKUP(B168,'114+840'!$B$15:$AB$516,13,FALSE) -> -361 | K168: ='114+840'!Q169 -> 0 | L168: =+K168+L167 -> 281 | M168: =VLOOKUP(B168,'114+840'!$B$14:$AB$516,21,FALSE) -> 1562 | N168: =VLOOKUP(B168,'114+840'!$B$15:$AB$516,5,FALSE) -> -335 | O168: =F168-N168 -> 2662 | P168: =VLOOKUP(B168,'114+840'!$B$15:$AB$516,14,FALSE) -> -338 | Q168: ='114+840'!R169 -> 5 | R168: =+Q168+R167 -> 438 | S168: =VLOOKUP(B168,'114+840'!$B$14:$AB$516,22,FALSE) -> 1743 | T168: =VLOOKUP(B168,'114+840'!$B$15:$AB$516,6,FALSE) -> -26 | U168: =F168-T168 -> 2353 | V168: =VLOOKUP(B168,'114+840'!$B$15:$AB$516,15,FALSE) -> -647 | W168: ='114+840'!S169 -> 0 | X168: =+W168+X167 -> 257 | Y168: =S168-S167 -> 0 | Z168: =IF(Y168>0,Y168,0)/1000 -> 0 | AA168: =AA167+Z168 -> 2.324 | AB168: =(M168-$M$13-R168)/1000 -> 1.024
B169: ='114+840'!B170 -> 45426 | C169: =B169-B168 -> 1 | D169: =D168 -> 842 | E169: =VLOOKUP(B169,'114+840'!B170:AB255,3,FALSE) -> 1487 | F169: =D169+E169 -> 2329 | G169: =VLOOKUP(B169,'114+840'!$B$15:$AB$516,20,FALSE) -> 1719 | H169: =VLOOKUP(B169,'114+840'!$B$15:$AB$516,4,FALSE) -> -310 | I169: =F169-H169 -> 2639 | J169: =VLOOKUP(B169,'114+840'!$B$15:$AB$516,13,FALSE) -> -361 | K169: ='114+840'!Q170 -> 0 | L169: =+K169+L168 -> 281 | M169: =VLOOKUP(B169,'114+840'!$B$14:$AB$516,21,FALSE) -> 1557 | N169: =VLOOKUP(B169,'114+840'!$B$15:$AB$516,5,FALSE) -> -328 | O169: =F169-N169 -> 2657 | P169: =VLOOKUP(B169,'114+840'!$B$15:$AB$516,14,FALSE) -> -343 | Q169: ='114+840'!R170 -> 5 | R169: =+Q169+R168 -> 443 | S169: =VLOOKUP(B169,'114+840'!$B$14:$AB$516,22,FALSE) -> 1743 | T169: =VLOOKUP(B169,'114+840'!$B$15:$AB$516,6,FALSE) -> -24 | U169: =F169-T169 -> 2353 | V169: =VLOOKUP(B169,'114+840'!$B$15:$AB$516,15,FALSE) -> -647 | W169: ='114+840'!S170 -> 0 | X169: =+W169+X168 -> 257 | Y169: =S169-S168 -> 0 | Z169: =IF(Y169>0,Y169,0)/1000 -> 0 | AA169: =AA168+Z169 -> 2.324 | AB169: =(M169-$M$13-R169)/1000 -> 1.014
B170: ='114+840'!B171 -> 45427 | C170: =B170-B169 -> 1 | D170: =D169 -> 842 | E170: =VLOOKUP(B170,'114+840'!B171:AB255,3,FALSE) -> 1489 | F170: =D170+E170 -> 2331 | G170: =VLOOKUP(B170,'114+840'!$B$15:$AB$516,20,FALSE) -> 1719 | H170: =VLOOKUP(B170,'114+840'!$B$15:$AB$516,4,FALSE) -> -308 | I170: =F170-H170 -> 2639 | J170: =VLOOKUP(B170,'114+840'!$B$15:$AB$516,13,FALSE) -> -361 | K170: ='114+840'!Q171 -> 0 | L170: =+K170+L169 -> 281 | M170: =VLOOKUP(B170,'114+840'!$B$14:$AB$516,21,FALSE) -> 1552 | N170: =VLOOKUP(B170,'114+840'!$B$15:$AB$516,5,FALSE) -> -321 | O170: =F170-N170 -> 2652 | P170: =VLOOKUP(B170,'114+840'!$B$15:$AB$516,14,FALSE) -> -348 | Q170: ='114+840'!R171 -> 5 | R170: =+Q170+R169 -> 448 | S170: =VLOOKUP(B170,'114+840'!$B$14:$AB$516,22,FALSE) -> 1742 | T170: =VLOOKUP(B170,'114+840'!$B$15:$AB$516,6,FALSE) -> -21 | U170: =F170-T170 -> 2352 | V170: =VLOOKUP(B170,'114+840'!$B$15:$AB$516,15,FALSE) -> -648 | W170: ='114+840'!S171 -> 1 | X170: =+W170+X169 -> 258 | Y170: =S170-S169 -> -1 | Z170: =IF(Y170>0,Y170,0)/1000 -> 0 | AA170: =AA169+Z170 -> 2.324 | AB170: =(M170-$M$13-R170)/1000 -> 1.004
B171: ='114+840'!B172 -> 45428 | C171: =B171-B170 -> 1 | D171: =D170 -> 842 | E171: =VLOOKUP(B171,'114+840'!B172:AB255,3,FALSE) -> 1491 | F171: =D171+E171 -> 2333 | G171: =VLOOKUP(B171,'114+840'!$B$15:$AB$516,20,FALSE) -> 1719 | H171: =VLOOKUP(B171,'114+840'!$B$15:$AB$516,4,FALSE) -> -306 | I171: =F171-H171 -> 2639 | J171: =VLOOKUP(B171,'114+840'!$B$15:$AB$516,13,FALSE) -> -361 | K171: ='114+840'!Q172 -> 0 | L171: =+K171+L170 -> 281 | M171: =VLOOKUP(B171,'114+840'!$B$14:$AB$516,21,FALSE) -> 1547 | N171: =VLOOKUP(B171,'114+840'!$B$15:$AB$516,5,FALSE) -> -314 | O171: =F171-N171 -> 2647 | P171: =VLOOKUP(B171,'114+840'!$B$15:$AB$516,14,FALSE) -> -353 | Q171: ='114+840'!R172 -> 5 | R171: =+Q171+R170 -> 453 | S171: =VLOOKUP(B171,'114+840'!$B$14:$AB$516,22,FALSE) -> 1742 | T171: =VLOOKUP(B171,'114+840'!$B$15:$AB$516,6,FALSE) -> -19 | U171: =F171-T171 -> 2352 | V171: =VLOOKUP(B171,'114+840'!$B$15:$AB$516,15,FALSE) -> -648 | W171: ='114+840'!S172 -> 0 | X171: =+W171+X170 -> 258 | Y171: =S171-S170 -> 0 | Z171: =IF(Y171>0,Y171,0)/1000 -> 0 | AA171: =AA170+Z171 -> 2.324 | AB171: =(M171-$M$13-R171)/1000 -> 0.994
B172: ='114+840'!B173 -> 45429 | C172: =B172-B171 -> 1 | D172: =D171 -> 842 | E172: =VLOOKUP(B172,'114+840'!B173:AB255,3,FALSE) -> 1493 | F172: =D172+E172 -> 2335 | G172: =VLOOKUP(B172,'114+840'!$B$15:$AB$516,20,FALSE) -> 1719 | H172: =VLOOKUP(B172,'114+840'!$B$15:$AB$516,4,FALSE) -> -304 | I172: =F172-H172 -> 2639 | J172: =VLOOKUP(B172,'114+840'!$B$15:$AB$516,13,FALSE) -> -361 | K172: ='114+840'!Q173 -> 0 | L172: =+K172+L171 -> 281 | M172: =VLOOKUP(B172,'114+840'!$B$14:$AB$516,21,FALSE) -> 1543 | N172: =VLOOKUP(B172,'114+840'!$B$15:$AB$516,5,FALSE) -> -308 | O172: =F172-N172 -> 2643 | P172: =VLOOKUP(B172,'114+840'!$B$15:$AB$516,14,FALSE) -> -357 | Q172: ='114+840'!R173 -> 4 | R172: =+Q172+R171 -> 457 | S172: =VLOOKUP(B172,'114+840'!$B$14:$AB$516,22,FALSE) -> 1742 | T172: =VLOOKUP(B172,'114+840'!$B$15:$AB$516,6,FALSE) -> -17 | U172: =F172-T172 -> 2352 | V172: =VLOOKUP(B172,'114+840'!$B$15:$AB$516,15,FALSE) -> -648 | W172: ='114+840'!S173 -> 0 | X172: =+W172+X171 -> 258 | Y172: =S172-S171 -> 0 | Z172: =IF(Y172>0,Y172,0)/1000 -> 0 | AA172: =AA171+Z172 -> 2.324 | AB172: =(M172-$M$13-R172)/1000 -> 0.986
B173: ='114+840'!B174 -> 45430 | C173: =B173-B172 -> 1 | D173: =D172 -> 842 | E173: =VLOOKUP(B173,'114+840'!B174:AB255,3,FALSE) -> 1495 | F173: =D173+E173 -> 2337 | G173: =VLOOKUP(B173,'114+840'!$B$15:$AB$516,20,FALSE) -> 1719 | H173: =VLOOKUP(B173,'114+840'!$B$15:$AB$516,4,FALSE) -> -302 | I173: =F173-H173 -> 2639 | J173: =VLOOKUP(B173,'114+840'!$B$15:$AB$516,13,FALSE) -> -361 | K173: ='114+840'!Q174 -> 0 | L173: =+K173+L172 -> 281 | M173: =VLOOKUP(B173,'114+840'!$B$14:$AB$516,21,FALSE) -> 1540 | N173: =VLOOKUP(B173,'114+840'!$B$15:$AB$516,5,FALSE) -> -303 | O173: =F173-N173 -> 2640 | P173: =VLOOKUP(B173,'114+840'!$B$15:$AB$516,14,FALSE) -> -360 | Q173: ='114+840'!R174 -> 3 | R173: =+Q173+R172 -> 460 | S173: =VLOOKUP(B173,'114+840'!$B$14:$AB$516,22,FALSE) -> 1742 | T173: =VLOOKUP(B173,'114+840'!$B$15:$AB$516,6,FALSE) -> -15 | U173: =F173-T173 -> 2352 | V173: =VLOOKUP(B173,'114+840'!$B$15:$AB$516,15,FALSE) -> -648 | W173: ='114+840'!S174 -> 0 | X173: =+W173+X172 -> 258 | Y173: =S173-S172 -> 0 | Z173: =IF(Y173>0,Y173,0)/1000 -> 0 | AA173: =AA172+Z173 -> 2.324 | AB173: =(M173-$M$13-R173)/1000 -> 0.98
B174: ='114+840'!B175 -> 45431 | C174: =B174-B173 -> 1 | D174: =D173 -> 842 | E174: =VLOOKUP(B174,'114+840'!B175:AB255,3,FALSE) -> 1497 | F174: =D174+E174 -> 2339 | G174: =VLOOKUP(B174,'114+840'!$B$15:$AB$516,20,FALSE) -> 1719 | H174: =VLOOKUP(B174,'114+840'!$B$15:$AB$516,4,FALSE) -> -300 | I174: =F174-H174 -> 2639 | J174: =VLOOKUP(B174,'114+840'!$B$15:$AB$516,13,FALSE) -> -361 | K174: ='114+840'!Q175 -> 0 | L174: =+K174+L173 -> 281 | M174: =VLOOKUP(B174,'114+840'!$B$14:$AB$516,21,FALSE) -> 1538 | N174: =VLOOKUP(B174,'114+840'!$B$15:$AB$516,5,FALSE) -> -299 | O174: =F174-N174 -> 2638 | P174: =VLOOKUP(B174,'114+840'!$B$15:$AB$516,14,FALSE) -> -362 | Q174: ='114+840'!R175 -> 2 | R174: =+Q174+R173 -> 462 | S174: =VLOOKUP(B174,'114+840'!$B$14:$AB$516,22,FALSE) -> 1742 | T174: =VLOOKUP(B174,'114+840'!$B$15:$AB$516,6,FALSE) -> -13 | U174: =F174-T174 -> 2352 | V174: =VLOOKUP(B174,'114+840'!$B$15:$AB$516,15,FALSE) -> -648 | W174: ='114+840'!S175 -> 0 | X174: =+W174+X173 -> 258 | Y174: =S174-S173 -> 0 | Z174: =IF(Y174>0,Y174,0)/1000 -> 0 | AA174: =AA173+Z174 -> 2.324 | AB174: =(M174-$M$13-R174)/1000 -> 0.976
B175: ='114+840'!B176 -> 45432 | C175: =B175-B174 -> 1 | D175: =D174 -> 842 | E175: =VLOOKUP(B175,'114+840'!B176:AB255,3,FALSE) -> 1499 | F175: =D175+E175 -> 2341 | G175: =VLOOKUP(B175,'114+840'!$B$15:$AB$516,20,FALSE) -> 1719 | H175: =VLOOKUP(B175,'114+840'!$B$15:$AB$516,4,FALSE) -> -298 | I175: =F175-H175 -> 2639 | J175: =VLOOKUP(B175,'114+840'!$B$15:$AB$516,13,FALSE) -> -361 | K175: ='114+840'!Q176 -> 0 | L175: =+K175+L174 -> 281 | M175: =VLOOKUP(B175,'114+840'!$B$14:$AB$516,21,FALSE) -> 1535 | N175: =VLOOKUP(B175,'114+840'!$B$15:$AB$516,5,FALSE) -> -294 | O175: =F175-N175 -> 2635 | P175: =VLOOKUP(B175,'114+840'!$B$15:$AB$516,14,FALSE) -> -365 | Q175: ='114+840'!R176 -> 3 | R175: =+Q175+R174 -> 465 | S175: =VLOOKUP(B175,'114+840'!$B$14:$AB$516,22,FALSE) -> 1742 | T175: =VLOOKUP(B175,'114+840'!$B$15:$AB$516,6,FALSE) -> -11 | U175: =F175-T175 -> 2352 | V175: =VLOOKUP(B175,'114+840'!$B$15:$AB$516,15,FALSE) -> -648 | W175: ='114+840'!S176 -> 0 | X175: =+W175+X174 -> 258 | Y175: =S175-S174 -> 0 | Z175: =IF(Y175>0,Y175,0)/1000 -> 0 | AA175: =AA174+Z175 -> 2.324 | AB175: =(M175-$M$13-R175)/1000 -> 0.97
B176: ='114+840'!B177 -> 45433 | C176: =B176-B175 -> 1 | D176: =D175 -> 842 | E176: =VLOOKUP(B176,'114+840'!B177:AB255,3,FALSE) -> 1501 | F176: =D176+E176 -> 2343 | G176: =VLOOKUP(B176,'114+840'!$B$15:$AB$516,20,FALSE) -> 1719 | H176: =VLOOKUP(B176,'114+840'!$B$15:$AB$516,4,FALSE) -> -296 | I176: =F176-H176 -> 2639 | J176: =VLOOKUP(B176,'114+840'!$B$15:$AB$516,13,FALSE) -> -361 | K176: ='114+840'!Q177 -> 0 | L176: =+K176+L175 -> 281 | M176: =VLOOKUP(B176,'114+840'!$B$14:$AB$516,21,FALSE) -> 1534 | N176: =VLOOKUP(B176,'114+840'!$B$15:$AB$516,5,FALSE) -> -291 | O176: =F176-N176 -> 2634 | P176: =VLOOKUP(B176,'114+840'!$B$15:$AB$516,14,FALSE) -> -366 | Q176: ='114+840'!R177 -> 1 | R176: =+Q176+R175 -> 466 | S176: =VLOOKUP(B176,'114+840'!$B$14:$AB$516,22,FALSE) -> 1742 | T176: =VLOOKUP(B176,'114+840'!$B$15:$AB$516,6,FALSE) -> -9 | U176: =F176-T176 -> 2352 | V176: =VLOOKUP(B176,'114+840'!$B$15:$AB$516,15,FALSE) -> -648 | W176: ='114+840'!S177 -> 0 | X176: =+W176+X175 -> 258 | Y176: =S176-S175 -> 0 | Z176: =IF(Y176>0,Y176,0)/1000 -> 0 | AA176: =AA175+Z176 -> 2.324 | AB176: =(M176-$M$13-R176)/1000 -> 0.968
B177: ='114+840'!B178 -> 45434 | C177: =B177-B176 -> 1 | D177: =D176 -> 842 | E177: =VLOOKUP(B177,'114+840'!B178:AB255,3,FALSE) -> 1503 | F177: =D177+E177 -> 2345 | G177: =VLOOKUP(B177,'114+840'!$B$15:$AB$516,20,FALSE) -> 1719 | H177: =VLOOKUP(B177,'114+840'!$B$15:$AB$516,4,FALSE) -> -294 | I177: =F177-H177 -> 2639 | J177: =VLOOKUP(B177,'114+840'!$B$15:$AB$516,13,FALSE) -> -361 | K177: ='114+840'!Q178 -> 0 | L177: =+K177+L176 -> 281 | M177: =VLOOKUP(B177,'114+840'!$B$14:$AB$516,21,FALSE) -> 1532 | N177: =VLOOKUP(B177,'114+840'!$B$15:$AB$516,5,FALSE) -> -287 | O177: =F177-N177 -> 2632 | P177: =VLOOKUP(B177,'114+840'!$B$15:$AB$516,14,FALSE) -> -368 | Q177: ='114+840'!R178 -> 2 | R177: =+Q177+R176 -> 468 | S177: =VLOOKUP(B177,'114+840'!$B$14:$AB$516,22,FALSE) -> 1742 | T177: =VLOOKUP(B177,'114+840'!$B$15:$AB$516,6,FALSE) -> -7 | U177: =F177-T177 -> 2352 | V177: =VLOOKUP(B177,'114+840'!$B$15:$AB$516,15,FALSE) -> -648 | W177: ='114+840'!S178 -> 0 | X177: =+W177+X176 -> 258 | Y177: =S177-S176 -> 0 | Z177: =IF(Y177>0,Y177,0)/1000 -> 0 | AA177: =AA176+Z177 -> 2.324 | AB177: =(M177-$M$13-R177)/1000 -> 0.964
...

Sheet SL.114+840
A1: DỰ ÁN THÀNH PHẦN ĐOẠN HẬU GIANG - CÀ MAU
A2: THUỘC DỰ ÁN XÂY DỰNG CÔNG TRÌNH ĐƯỜNG BỘ CAO TỐC BẮC - NAM PHÍA ĐÔNG GIAI ĐOẠN 2021 - 2025
A3: =UPPER("GÓI THẦU XL03 :Thi Công Xây Dựng Đoạn Tuyến Km114+200 - Km126+223 Bao Gồm Tuyến Nối Nút Giao IC12 Với QL1 (bao gồm khảo sát, thiết kế BVTC)") -> GÓI THẦU XL03 :THI CÔNG XÂY DỰNG ĐOẠN TUYẾN KM114+200 - KM126+223 BAO GỒM TUYẾN NỐI NÚT GIAO IC12 VỚI QL1 (BAO GỒM KHẢO SÁT, THIẾT KẾ BVTC)
A4: CHỦ ĐẦU TƯ | F4: TƯ VẤN GIÁM SÁT | K4: NHÀ THẦU
A5: BAN QUẢN LÝ DỰ ÁN MỸ THUẬN | F5: =UPPER("Liên danh Phân viện KHCN GTVT phía Nam - Công ty Cổ phần Tư vấn kỹ thuật và xây dựng Hồng Hà") -> LIÊN DANH PHÂN VIỆN KHCN GTVT PHÍA NAM - CÔNG TY CỔ PHẦN TƯ VẤN KỸ THUẬT VÀ XÂY DỰNG HỒNG HÀ | K5: LIÊN DANH CC1 - HẢI ĐĂNG - VẠN CƯỜNG - 492 - BẮC TRUNG NAM
A6: BIỂU GHI ĐO QUAN TRẮC LÚN
A7: Người lập: | B7: ='[4]BC.95+020'!C7 -> 0 | K7: Tên mốc: | M7: ='[4]BC.95+020'!N7 -> 0
A8: Thời tiết: | B8: ='[4]BC.95+020'!C8 -> năng | K8: Cao độ mốc: | M8: ='114+840'!M9 -> 842
A9: Lý trình: | B9: ='114+840'!C10 -> Km114+840 | K9: Ngày đặt bàn: | M9: ='114+840'!M10 -> 45270
A11: BÀN QUAN TRẮC: KM114+840
A12: Ngày đo | B12: Số ngày | C12: Cao độ đắp(m) | D12: Chiều cao nền đắp (m) | E12: chiều dày đắp(m) | F12: Trái | H12: Giữa | J12: Phải | L12: Độ lún (trái) (mm) | M12: Độ lún (giữa) (mm) | N12: Độ lún (phải) (mm) | O12: Ghi chú
F13: Cao độ quan trắc | G13: Cao độ bàn đo lún | H13: Cao độ quan trắc | I13: Cao độ bàn đo lún | J13: Cao độ quan trắc | K13: Cao độ bàn đo lún
A14: ='BC.114+840'!B13 -> 45270 | B14: 0 | C14: ='BC.114+840'!M13/1000 -> 0.1 | D14: ='BC.114+840'!AA13 -> 0 | E14: ='BC.114+840'!AB13 -> 0 | F14: =VLOOKUP($A14,'BC.114+840'!$B$13:$X$470,8,0)/1000 -> 1.92 | G14: =VLOOKUP($A14,'BC.114+840'!$B$13:$X$470,9,0)/1000 -> -0.08 | H14: =VLOOKUP($A14,'BC.114+840'!$B$13:$X$470,14,0)/1000 -> 2.1 | I14: =VLOOKUP($A14,'BC.114+840'!$B$13:$X$470,15,0)/1000 -> 0.1 | J14: =VLOOKUP($A14,'BC.114+840'!$B$13:$X$470,20,0)/1000 -> 1.61 | K14: =VLOOKUP($A14,'BC.114+840'!$B$13:$X$470,21,0)/1000 -> -0.39 | L14: =(G14-$G$14)*1000 -> 0 | M14: =(I14-$I$14)*1000 -> 0 | N14: 0
A15: ='BC.114+840'!B14 -> 45271 | B15: 1 | C15: ='BC.114+840'!M14/1000 -> 0.1 | D15: ='BC.114+840'!AA14 -> 0 | E15: ='BC.114+840'!AB14 -> 0 | F15: =VLOOKUP($A15,'BC.114+840'!$B$13:$X$470,8,0)/1000 -> 1.92 | G15: =VLOOKUP($A15,'BC.114+840'!$B$13:$X$470,9,0)/1000 -> -0.08 | H15: =VLOOKUP($A15,'BC.114+840'!$B$13:$X$470,14,0)/1000 -> 2.1 | I15: =VLOOKUP($A15,'BC.114+840'!$B$13:$X$470,15,0)/1000 -> 0.1 | J15: =VLOOKUP($A15,'BC.114+840'!$B$13:$X$470,20,0)/1000 -> 1.61 | K15: =VLOOKUP($A15,'BC.114+840'!$B$13:$X$470,21,0)/1000 -> -0.39 | L15: =(G15-$G$14)*1000 -> 0 | M15: =(I15-$I$14)*1000 -> 0 | N15: =(K15-$K$14)*1000 -> 0
A16: ='BC.114+840'!B15 -> 45272 | B16: 2 | C16: ='BC.114+840'!M15/1000 -> 0.1 | D16: ='BC.114+840'!AA15 -> 0 | E16: ='BC.114+840'!AB15 -> 0 | F16: =VLOOKUP($A16,'BC.114+840'!$B$13:$X$470,8,0)/1000 -> 1.92 | G16: =VLOOKUP($A16,'BC.114+840'!$B$13:$X$470,9,0)/1000 -> -0.08 | H16: =VLOOKUP($A16,'BC.114+840'!$B$13:$X$470,14,0)/1000 -> 2.1 | I16: =VLOOKUP($A16,'BC.114+840'!$B$13:$X$470,15,0)/1000 -> 0.1 | J16: =VLOOKUP($A16,'BC.114+840'!$B$13:$X$470,20,0)/1000 -> 1.61 | K16: =VLOOKUP($A16,'BC.114+840'!$B$13:$X$470,21,0)/1000 -> -0.39 | L16: =(G16-$G$14)*1000 -> 0 | M16: =(I16-$I$14)*1000 -> 0 | N16: =(K16-$K$14)*1000 -> 0
A17: ='BC.114+840'!B16 -> 45273 | B17: 3 | C17: ='BC.114+840'!M16/1000 -> 0.1 | D17: ='BC.114+840'!AA16 -> 0 | E17: ='BC.114+840'!AB16 -> 0 | F17: =VLOOKUP($A17,'BC.114+840'!$B$13:$X$470,8,0)/1000 -> 1.92 | G17: =VLOOKUP($A17,'BC.114+840'!$B$13:$X$470,9,0)/1000 -> -0.08 | H17: =VLOOKUP($A17,'BC.114+840'!$B$13:$X$470,14,0)/1000 -> 2.1 | I17: =VLOOKUP($A17,'BC.114+840'!$B$13:$X$470,15,0)/1000 -> 0.1 | J17: =VLOOKUP($A17,'BC.114+840'!$B$13:$X$470,20,0)/1000 -> 1.61 | K17: =VLOOKUP($A17,'BC.114+840'!$B$13:$X$470,21,0)/1000 -> -0.39 | L17: =(G17-$G$14)*1000 -> 0 | M17: =(I17-$I$14)*1000 -> 0 | N17: =(K17-$K$14)*1000 -> 0
A18: ='BC.114+840'!B17 -> 45274 | B18: 4 | C18: ='BC.114+840'!M17/1000 -> 0.1 | D18: ='BC.114+840'!AA17 -> 0 | E18: ='BC.114+840'!AB17 -> 0 | F18: =VLOOKUP($A18,'BC.114+840'!$B$13:$X$470,8,0)/1000 -> 1.92 | G18: =VLOOKUP($A18,'BC.114+840'!$B$13:$X$470,9,0)/1000 -> -0.08 | H18: =VLOOKUP($A18,'BC.114+840'!$B$13:$X$470,14,0)/1000 -> 2.1 | I18: =VLOOKUP($A18,'BC.114+840'!$B$13:$X$470,15,0)/1000 -> 0.1 | J18: =VLOOKUP($A18,'BC.114+840'!$B$13:$X$470,20,0)/1000 -> 1.61 | K18: =VLOOKUP($A18,'BC.114+840'!$B$13:$X$470,21,0)/1000 -> -0.39 | L18: =(G18-$G$14)*1000 -> 0 | M18: =(I18-$I$14)*1000 -> 0 | N18: =(K18-$K$14)*1000 -> 0
A19: ='BC.114+840'!B18 -> 45275 | B19: 5 | C19: ='BC.114+840'!M18/1000 -> 0.1 | D19: ='BC.114+840'!AA18 -> 0 | E19: ='BC.114+840'!AB18 -> 0 | F19: =VLOOKUP($A19,'BC.114+840'!$B$13:$X$470,8,0)/1000 -> 1.92 | G19: =VLOOKUP($A19,'BC.114+840'!$B$13:$X$470,9,0)/1000 -> -0.08 | H19: =VLOOKUP($A19,'BC.114+840'!$B$13:$X$470,14,0)/1000 -> 2.1 | I19: =VLOOKUP($A19,'BC.114+840'!$B$13:$X$470,15,0)/1000 -> 0.1 | J19: =VLOOKUP($A19,'BC.114+840'!$B$13:$X$470,20,0)/1000 -> 1.61 | K19: =VLOOKUP($A19,'BC.114+840'!$B$13:$X$470,21,0)/1000 -> -0.39 | L19: =(G19-$G$14)*1000 -> 0 | M19: =(I19-$I$14)*1000 -> 0 | N19: =(K19-$K$14)*1000 -> 0
A20: ='BC.114+840'!B19 -> 45276 | B20: 6 | C20: ='BC.114+840'!M19/1000 -> 0.1 | D20: ='BC.114+840'!AA19 -> 0 | E20: ='BC.114+840'!AB19 -> 0 | F20: =VLOOKUP($A20,'BC.114+840'!$B$13:$X$470,8,0)/1000 -> 1.92 | G20: =VLOOKUP($A20,'BC.114+840'!$B$13:$X$470,9,0)/1000 -> -0.08 | H20: =VLOOKUP($A20,'BC.114+840'!$B$13:$X$470,14,0)/1000 -> 2.1 | I20: =VLOOKUP($A20,'BC.114+840'!$B$13:$X$470,15,0)/1000 -> 0.1 | J20: =VLOOKUP($A20,'BC.114+840'!$B$13:$X$470,20,0)/1000 -> 1.61 | K20: =VLOOKUP($A20,'BC.114+840'!$B$13:$X$470,21,0)/1000 -> -0.39 | L20: =(G20-$G$14)*1000 -> 0 | M20: =(I20-$I$14)*1000 -> 0 | N20: =(K20-$K$14)*1000 -> 0
A21: ='BC.114+840'!B20 -> 45277 | B21: 7 | C21: ='BC.114+840'!M20/1000 -> 0.1 | D21: ='BC.114+840'!AA20 -> 0 | E21: ='BC.114+840'!AB20 -> 0 | F21: =VLOOKUP($A21,'BC.114+840'!$B$13:$X$470,8,0)/1000 -> 1.92 | G21: =VLOOKUP($A21,'BC.114+840'!$B$13:$X$470,9,0)/1000 -> -0.08 | H21: =VLOOKUP($A21,'BC.114+840'!$B$13:$X$470,14,0)/1000 -> 2.1 | I21: =VLOOKUP($A21,'BC.114+840'!$B$13:$X$470,15,0)/1000 -> 0.1 | J21: =VLOOKUP($A21,'BC.114+840'!$B$13:$X$470,20,0)/1000 -> 1.61 | K21: =VLOOKUP($A21,'BC.114+840'!$B$13:$X$470,21,0)/1000 -> -0.39 | L21: =(G21-$G$14)*1000 -> 0 | M21: =(I21-$I$14)*1000 -> 0 | N21: =(K21-$K$14)*1000 -> 0
A22: ='BC.114+840'!B21 -> 45278 | B22: 8 | C22: ='BC.114+840'!M21/1000 -> 0.1 | D22: ='BC.114+840'!AA21 -> 0 | E22: ='BC.114+840'!AB21 -> 0 | F22: =VLOOKUP($A22,'BC.114+840'!$B$13:$X$470,8,0)/1000 -> 1.92 | G22: =VLOOKUP($A22,'BC.114+840'!$B$13:$X$470,9,0)/1000 -> -0.08 | H22: =VLOOKUP($A22,'BC.114+840'!$B$13:$X$470,14,0)/1000 -> 2.1 | I22: =VLOOKUP($A22,'BC.114+840'!$B$13:$X$470,15,0)/1000 -> 0.1 | J22: =VLOOKUP($A22,'BC.114+840'!$B$13:$X$470,20,0)/1000 -> 1.61 | K22: =VLOOKUP($A22,'BC.114+840'!$B$13:$X$470,21,0)/1000 -> -0.39 | L22: =(G22-$G$14)*1000 -> 0 | M22: =(I22-$I$14)*1000 -> 0 | N22: =(K22-$K$14)*1000 -> 0
A23: ='BC.114+840'!B22 -> 45279 | B23: 9 | C23: ='BC.114+840'!M22/1000 -> 0.1 | D23: ='BC.114+840'!AA22 -> 0 | E23: ='BC.114+840'!AB22 -> 0 | F23: =VLOOKUP($A23,'BC.114+840'!$B$13:$X$470,8,0)/1000 -> 1.92 | G23: =VLOOKUP($A23,'BC.114+840'!$B$13:$X$470,9,0)/1000 -> -0.08 | H23: =VLOOKUP($A23,'BC.114+840'!$B$13:$X$470,14,0)/1000 -> 2.1 | I23: =VLOOKUP($A23,'BC.114+840'!$B$13:$X$470,15,0)/1000 -> 0.1 | J23: =VLOOKUP($A23,'BC.114+840'!$B$13:$X$470,20,0)/1000 -> 1.61 | K23: =VLOOKUP($A23,'BC.114+840'!$B$13:$X$470,21,0)/1000 -> -0.39 | L23: =(G23-$G$14)*1000 -> 0 | M23: =(I23-$I$14)*1000 -> 0 | N23: =(K23-$K$14)*1000 -> 0
A24: ='BC.114+840'!B23 -> 45280 | B24: 10 | C24: ='BC.114+840'!M23/1000 -> 0.1 | D24: ='BC.114+840'!AA23 -> 0 | E24: ='BC.114+840'!AB23 -> 0 | F24: =VLOOKUP($A24,'BC.114+840'!$B$13:$X$470,8,0)/1000 -> 1.92 | G24: =VLOOKUP($A24,'BC.114+840'!$B$13:$X$470,9,0)/1000 -> -0.08 | H24: =VLOOKUP($A24,'BC.114+840'!$B$13:$X$470,14,0)/1000 -> 2.1 | I24: =VLOOKUP($A24,'BC.114+840'!$B$13:$X$470,15,0)/1000 -> 0.1 | J24: =VLOOKUP($A24,'BC.114+840'!$B$13:$X$470,20,0)/1000 -> 1.61 | K24: =VLOOKUP($A24,'BC.114+840'!$B$13:$X$470,21,0)/1000 -> -0.39 | L24: =(G24-$G$14)*1000 -> 0 | M24: =(I24-$I$14)*1000 -> 0 | N24: =(K24-$K$14)*1000 -> 0
A25: ='BC.114+840'!B24 -> 45281 | B25: 11 | C25: ='BC.114+840'!M24/1000 -> 0.1 | D25: ='BC.114+840'!AA24 -> 0 | E25: ='BC.114+840'!AB24 -> 0 | F25: =VLOOKUP($A25,'BC.114+840'!$B$13:$X$470,8,0)/1000 -> 1.92 | G25: =VLOOKUP($A25,'BC.114+840'!$B$13:$X$470,9,0)/1000 -> -0.08 | H25: =VLOOKUP($A25,'BC.114+840'!$B$13:$X$470,14,0)/1000 -> 2.1 | I25: =VLOOKUP($A25,'BC.114+840'!$B$13:$X$470,15,0)/1000 -> 0.1 | J25: =VLOOKUP($A25,'BC.114+840'!$B$13:$X$470,20,0)/1000 -> 1.61 | K25: =VLOOKUP($A25,'BC.114+840'!$B$13:$X$470,21,0)/1000 -> -0.39 | L25: =(G25-$G$14)*1000 -> 0 | M25: =(I25-$I$14)*1000 -> 0 | N25: =(K25-$K$14)*1000 -> 0
A26: ='BC.114+840'!B25 -> 45282 | B26: 12 | C26: ='BC.114+840'!M25/1000 -> 0.1 | D26: ='BC.114+840'!AA25 -> 0 | E26: ='BC.114+840'!AB25 -> 0 | F26: =VLOOKUP($A26,'BC.114+840'!$B$13:$X$470,8,0)/1000 -> 1.92 | G26: =VLOOKUP($A26,'BC.114+840'!$B$13:$X$470,9,0)/1000 -> -0.08 | H26: =VLOOKUP($A26,'BC.114+840'!$B$13:$X$470,14,0)/1000 -> 2.1 | I26: =VLOOKUP($A26,'BC.114+840'!$B$13:$X$470,15,0)/1000 -> 0.1 | J26: =VLOOKUP($A26,'BC.114+840'!$B$13:$X$470,20,0)/1000 -> 1.61 | K26: =VLOOKUP($A26,'BC.114+840'!$B$13:$X$470,21,0)/1000 -> -0.39 | L26: =(G26-$G$14)*1000 -> 0 | M26: =(I26-$I$14)*1000 -> 0 | N26: =(K26-$K$14)*1000 -> 0
... A91: ='BC.114+840'!B90 -> 45347 | B91: 77 | C91: ='BC.114+840'!M90/1000 -> 0.811 | D91: ='BC.114+840'!AA90 -> 1.449 | E91: ='BC.114+840'!AB90 -> 0.422 | F91: =VLOOKUP($A91,'BC.114+840'!$B$13:$X$470,8,0)/1000 -> 1.724 | G91: =VLOOKUP($A91,'BC.114+840'!$B$13:$X$470,9,0)/1000 -> -0.276 | H91: =VLOOKUP($A91,'BC.114+840'!$B$13:$X$470,14,0)/1000 -> 1.811 | I91: =VLOOKUP($A91,'BC.114+840'!$B$13:$X$470,15,0)/1000 -> -0.189 | J91: =VLOOKUP($A91,'BC.114+840'!$B$13:$X$470,20,0)/1000 -> 1.427 | K91: =VLOOKUP($A91,'BC.114+840'!$B$13:$X$470,21,0)/1000 -> -0.573 | L91: =(G91-$G$14)*1000 -> -196 | M91: =(I91-$I$14)*1000 -> -289 | N91: =(K91-$K$14)*1000 -> -183
A92: ='BC.114+840'!B91 -> 45348 | B92: 78 | C92: ='BC.114+840'!M91/1000 -> 0.809 | D92: ='BC.114+840'!AA91 -> 1.449 | E92: ='BC.114+840'!AB91 -> 0.418 | F92: =VLOOKUP($A92,'BC.114+840'!$B$13:$X$470,8,0)/1000 -> 1.724 | G92: =VLOOKUP($A92,'BC.114+840'!$B$13:$X$470,9,0)/1000 -> -0.276 | H92: =VLOOKUP($A92,'BC.114+840'!$B$13:$X$470,14,0)/1000 -> 1.809 | I92: =VLOOKUP($A92,'BC.114+840'!$B$13:$X$470,15,0)/1000 -> -0.191 | J92: =VLOOKUP($A92,'BC.114+840'!$B$13:$X$470,20,0)/1000 -> 1.427 | K92: =VLOOKUP($A92,'BC.114+840'!$B$13:$X$470,21,0)/1000 -> -0.573 | L92: =(G92-$G$14)*1000 -> -196 | M92: =(I92-$I$14)*1000 -> -291 | N92: =(K92-$K$14)*1000 -> -183 | Y92: =A21-A14 -> 7
A93: ='BC.114+840'!B92 -> 45349 | B93: 79 | C93: ='BC.114+840'!M92/1000 -> 0.809 | D93: ='BC.114+840'!AA92 -> 1.449 | E93: ='BC.114+840'!AB92 -> 0.418 | F93: =VLOOKUP($A93,'BC.114+840'!$B$13:$X$470,8,0)/1000 -> 1.724 | G93: =VLOOKUP($A93,'BC.114+840'!$B$13:$X$470,9,0)/1000 -> -0.276 | H93: =VLOOKUP($A93,'BC.114+840'!$B$13:$X$470,14,0)/1000 -> 1.809 | I93: =VLOOKUP($A93,'BC.114+840'!$B$13:$X$470,15,0)/1000 -> -0.191 | J93: =VLOOKUP($A93,'BC.114+840'!$B$13:$X$470,20,0)/1000 -> 1.427 | K93: =VLOOKUP($A93,'BC.114+840'!$B$13:$X$470,21,0)/1000 -> -0.573 | L93: =(G93-$G$14)*1000 -> -196 | M93: =(I93-$I$14)*1000 -> -291 | N93: =(K93-$K$14)*1000 -> -183
A94: ='BC.114+840'!B93 -> 45350 | B94: 80 | C94: ='BC.114+840'!M93/1000 -> 0.809 | D94: ='BC.114+840'!AA93 -> 1.449 | E94: ='BC.114+840'!AB93 -> 0.418 | F94: =VLOOKUP($A94,'BC.114+840'!$B$13:$X$470,8,0)/1000 -> 1.724 | G94: =VLOOKUP($A94,'BC.114+840'!$B$13:$X$470,9,0)/1000 -> -0.276 | H94: =VLOOKUP($A94,'BC.114+840'!$B$13:$X$470,14,0)/1000 -> 1.809 | I94: =VLOOKUP($A94,'BC.114+840'!$B$13:$X$470,15,0)/1000 -> -0.191 | J94: =VLOOKUP($A94,'BC.114+840'!$B$13:$X$470,20,0)/1000 -> 1.427 | K94: =VLOOKUP($A94,'BC.114+840'!$B$13:$X$470,21,0)/1000 -> -0.573 | L94: =(G94-$G$14)*1000 -> -196 | M94: =(I94-$I$14)*1000 -> -291 | N94: =(K94-$K$14)*1000 -> -183
A95: ='BC.114+840'!B94 -> 45351 | B95: 81 | C95: ='BC.114+840'!M94/1000 -> 0.809 | D95: ='BC.114+840'!AA94 -> 1.449 | E95: ='BC.114+840'!AB94 -> 0.418 | F95: =VLOOKUP($A95,'BC.114+840'!$B$13:$X$470,8,0)/1000 -> 1.724 | G95: =VLOOKUP($A95,'BC.114+840'!$B$13:$X$470,9,0)/1000 -> -0.276 | H95: =VLOOKUP($A95,'BC.114+840'!$B$13:$X$470,14,0)/1000 -> 1.809 | I95: =VLOOKUP($A95,'BC.114+840'!$B$13:$X$470,15,0)/1000 -> -0.191 | J95: =VLOOKUP($A95,'BC.114+840'!$B$13:$X$470,20,0)/1000 -> 1.427 | K95: =VLOOKUP($A95,'BC.114+840'!$B$13:$X$470,21,0)/1000 -> -0.573 | L95: =(G95-$G$14)*1000 -> -196 | M95: =(I95-$I$14)*1000 -> -291 | N95: =(K95-$K$14)*1000 -> -183
A96: ='BC.114+840'!B95 -> 45352 | B96: 82 | C96: ='BC.114+840'!M95/1000 -> 0.809 | D96: ='BC.114+840'!AA95 -> 1.449 | E96: ='BC.114+840'!AB95 -> 0.418 | F96: =VLOOKUP($A96,'BC.114+840'!$B$13:$X$470,8,0)/1000 -> 1.724 | G96: =VLOOKUP($A96,'BC.114+840'!$B$13:$X$470,9,0)/1000 -> -0.276 | H96: =VLOOKUP($A96,'BC.114+840'!$B$13:$X$470,14,0)/1000 -> 1.809 | I96: =VLOOKUP($A96,'BC.114+840'!$B$13:$X$470,15,0)/1000 -> -0.191 | J96: =VLOOKUP($A96,'BC.114+840'!$B$13:$X$470,20,0)/1000 -> 1.427 | K96: =VLOOKUP($A96,'BC.114+840'!$B$13:$X$470,21,0)/1000 -> -0.573 | L96: =(G96-$G$14)*1000 -> -196 | M96: =(I96-$I$14)*1000 -> -291 | N96: =(K96-$K$14)*1000 -> -183
A97: ='BC.114+840'!B96 -> 45353 | B97: 83 | C97: ='BC.114+840'!M96/1000 -> 0.809 | D97: ='BC.114+840'!AA96 -> 1.449 | E97: ='BC.114+840'!AB96 -> 0.418 | F97: =VLOOKUP($A97,'BC.114+840'!$B$13:$X$470,8,0)/1000 -> 1.724 | G97: =VLOOKUP($A97,'BC.114+840'!$B$13:$X$470,9,0)/1000 -> -0.276 | H97: =VLOOKUP($A97,'BC.114+840'!$B$13:$X$470,14,0)/1000 -> 1.809 | I97: =VLOOKUP($A97,'BC.114+840'!$B$13:$X$470,15,0)/1000 -> -0.191 | J97: =VLOOKUP($A97,'BC.114+840'!$B$13:$X$470,20,0)/1000 -> 1.427 | K97: =VLOOKUP($A97,'BC.114+840'!$B$13:$X$470,21,0)/1000 -> -0.573 | L97: =(G97-$G$14)*1000 -> -196 | M97: =(I97-$I$14)*1000 -> -291 | N97: =(K97-$K$14)*1000 -> -183
A98: ='BC.114+840'!B97 -> 45354 | B98: 84 | C98: ='BC.114+840'!M97/1000 -> 0.809 | D98: ='BC.114+840'!AA97 -> 1.449 | E98: ='BC.114+840'!AB97 -> 0.418 | F98: =VLOOKUP($A98,'BC.114+840'!$B$13:$X$470,8,0)/1000 -> 1.724 | G98: =VLOOKUP($A98,'BC.114+840'!$B$13:$X$470,9,0)/1000 -> -0.276 | H98: =VLOOKUP($A98,'BC.114+840'!$B$13:$X$470,14,0)/1000 -> 1.809 | I98: =VLOOKUP($A98,'BC.114+840'!$B$13:$X$470,15,0)/1000 -> -0.191 | J98: =VLOOKUP($A98,'BC.114+840'!$B$13:$X$470,20,0)/1000 -> 1.427 | K98: =VLOOKUP($A98,'BC.114+840'!$B$13:$X$470,21,0)/1000 -> -0.573 | L98: =(G98-$G$14)*1000 -> -196 | M98: =(I98-$I$14)*1000 -> -291 | N98: =(K98-$K$14)*1000 -> -183
A99: ='BC.114+840'!B98 -> 45355 | B99: 85 | C99: ='BC.114+840'!M98/1000 -> 0.809 | D99: ='BC.114+840'!AA98 -> 1.449 | E99: ='BC.114+840'!AB98 -> 0.418 | F99: =VLOOKUP($A99,'BC.114+840'!$B$13:$X$470,8,0)/1000 -> 1.724 | G99: =VLOOKUP($A99,'BC.114+840'!$B$13:$X$470,9,0)/1000 -> -0.276 | H99: =VLOOKUP($A99,'BC.114+840'!$B$13:$X$470,14,0)/1000 -> 1.809 | I99: =VLOOKUP($A99,'BC.114+840'!$B$13:$X$470,15,0)/1000 -> -0.191 | J99: =VLOOKUP($A99,'BC.114+840'!$B$13:$X$470,20,0)/1000 -> 1.427 | K99: =VLOOKUP($A99,'BC.114+840'!$B$13:$X$470,21,0)/1000 -> -0.573 | L99: =(G99-$G$14)*1000 -> -196 | M99: =(I99-$I$14)*1000 -> -291 | N99: =(K99-$K$14)*1000 -> -183
A100: ='BC.114+840'!B99 -> 45356 | B100: 86 | C100: ='BC.114+840'!M99/1000 -> 0.809 | D100: ='BC.114+840'!AA99 -> 1.449 | E100: ='BC.114+840'!AB99 -> 0.418 | F100: =VLOOKUP($A100,'BC.114+840'!$B$13:$X$470,8,0)/1000 -> 1.724 | G100: =VLOOKUP($A100,'BC.114+840'!$B$13:$X$470,9,0)/1000 -> -0.276 | H100: =VLOOKUP($A100,'BC.114+840'!$B$13:$X$470,14,0)/1000 -> 1.809 | I100: =VLOOKUP($A100,'BC.114+840'!$B$13:$X$470,15,0)/1000 -> -0.191 | J100: =VLOOKUP($A100,'BC.114+840'!$B$13:$X$470,20,0)/1000 -> 1.427 | K100: =VLOOKUP($A100,'BC.114+840'!$B$13:$X$470,21,0)/1000 -> -0.573 | L100: =(G100-$G$14)*1000 -> -196 | M100: =(I100-$I$14)*1000 -> -291 | N100: =(K100-$K$14)*1000 -> -183
A101: ='BC.114+840'!B100 -> 45357 | B101: 87 | C101: ='BC.114+840'!M100/1000 -> 0.809 | D101: ='BC.114+840'!AA100 -> 1.449 | E101: ='BC.114+840'!AB100 -> 0.418 | F101: =VLOOKUP($A101,'BC.114+840'!$B$13:$X$470,8,0)/1000 -> 1.724 | G101: =VLOOKUP($A101,'BC.114+840'!$B$13:$X$470,9,0)/1000 -> -0.276 | H101: =VLOOKUP($A101,'BC.114+840'!$B$13:$X$470,14,0)/1000 -> 1.809 | I101: =VLOOKUP($A101,'BC.114+840'!$B$13:$X$470,15,0)/1000 -> -0.191 | J101: =VLOOKUP($A101,'BC.114+840'!$B$13:$X$470,20,0)/1000 -> 1.427 | K101: =VLOOKUP($A101,'BC.114+840'!$B$13:$X$470,21,0)/1000 -> -0.573 | L101: =(G101-$G$14)*1000 -> -196 | M101: =(I101-$I$14)*1000 -> -291 | N101: =(K101-$K$14)*1000 -> -183
A102: ='BC.114+840'!B101 -> 45358 | B102: 88 | C102: ='BC.114+840'!M101/1000 -> 0.809 | D102: ='BC.114+840'!AA101 -> 1.449 | E102: ='BC.114+840'!AB101 -> 0.418 | F102: =VLOOKUP($A102,'BC.114+840'!$B$13:$X$470,8,0)/1000 -> 1.724 | G102: =VLOOKUP($A102,'BC.114+840'!$B$13:$X$470,9,0)/1000 -> -0.276 | H102: =VLOOKUP($A102,'BC.114+840'!$B$13:$X$470,14,0)/1000 -> 1.809 | I102: =VLOOKUP($A102,'BC.114+840'!$B$13:$X$470,15,0)/1000 -> -0.191 | J102: =VLOOKUP($A102,'BC.114+840'!$B$13:$X$470,20,0)/1000 -> 1.427 | K102: =VLOOKUP($A102,'BC.114+840'!$B$13:$X$470,21,0)/1000 -> -0.573 | L102: =(G102-$G$14)*1000 -> -196 | M102: =(I102-$I$14)*1000 -> -291 | N102: =(K102-$K$14)*1000 -> -183
A103: ='BC.114+840'!B102 -> 45359 | B103: 89 | C103: ='BC.114+840'!M102/1000 -> 0.809 | D103: ='BC.114+840'!AA102 -> 1.449 | E103: ='BC.114+840'!AB102 -> 0.418 | F103: =VLOOKUP($A103,'BC.114+840'!$B$13:$X$470,8,0)/1000 -> 1.724 | G103: =VLOOKUP($A103,'BC.114+840'!$B$13:$X$470,9,0)/1000 -> -0.276 | H103: =VLOOKUP($A103,'BC.114+840'!$B$13:$X$470,14,0)/1000 -> 1.809 | I103: =VLOOKUP($A103,'BC.114+840'!$B$13:$X$470,15,0)/1000 -> -0.191 | J103: =VLOOKUP($A103,'BC.114+840'!$B$13:$X$470,20,0)/1000 -> 1.427 | K103: =VLOOKUP($A103,'BC.114+840'!$B$13:$X$470,21,0)/1000 -> -0.573 | L103: =(G103-$G$14)*1000 -> -196 | M103: =(I103-$I$14)*1000 -> -291 | N103: =(K103-$K$14)*1000 -> -183
A104: ='BC.114+840'!B103 -> 45360 | B104: 90 | C104: ='BC.114+840'!M103/1000 -> 0.809 | D104: ='BC.114+840'!AA103 -> 1.449 | E104: ='BC.114+840'!AB103 -> 0.418 | F104: =VLOOKUP($A104,'BC.114+840'!$B$13:$X$470,8,0)/1000 -> 1.724 | G104: =VLOOKUP($A104,'BC.114+840'!$B$13:$X$470,9,0)/1000 -> -0.276 | H104: =VLOOKUP($A104,'BC.114+840'!$B$13:$X$470,14,0)/1000 -> 1.809 | I104: =VLOOKUP($A104,'BC.114+840'!$B$13:$X$470,15,0)/1000 -> -0.191 | J104: =VLOOKUP($A104,'BC.114+840'!$B$13:$X$470,20,0)/1000 -> 1.427 | K104: =VLOOKUP($A104,'BC.114+840'!$B$13:$X$470,21,0)/1000 -> -0.573 | L104: =(G104-$G$14)*1000 -> -196 | M104: =(I104-$I$14)*1000 -> -291 | N104: =(K104-$K$14)*1000 -> -183
... A254: ='BC.114+840'!B253 -> 45510 | B254: 240 | C254: ='BC.114+840'!M253/1000 -> 1.527 | D254: ='BC.114+840'!AA253 -> 2.324 | E254: ='BC.114+840'!AB253 -> 0.954 | F254: =VLOOKUP($A254,'BC.114+840'!$B$13:$X$470,8,0)/1000 -> 2.639 | G254: =VLOOKUP($A254,'BC.114+840'!$B$13:$X$470,9,0)/1000 -> -0.361 | H254: =VLOOKUP($A254,'BC.114+840'!$B$13:$X$470,14,0)/1000 -> 2.627 | I254: =VLOOKUP($A254,'BC.114+840'!$B$13:$X$470,15,0)/1000 -> -0.373 | J254: =VLOOKUP($A254,'BC.114+840'!$B$13:$X$470,20,0)/1000 -> 2.352 | K254: =VLOOKUP($A254,'BC.114+840'!$B$13:$X$470,21,0)/1000 -> -0.648 | L254: =(G254-$G$14)*1000 -> -281 | M254: =(I254-$I$14)*1000 -> -473 | N254: =(K254-$K$14)*1000 -> -258
A255: ='BC.114+840'!B254 -> 45511 | B255: =+B254+1 -> 241 | C255: ='BC.114+840'!M254/1000 -> 1.527 | D255: ='BC.114+840'!AA254 -> 2.324 | E255: ='BC.114+840'!AB254 -> 0.954 | F255: =VLOOKUP($A255,'BC.114+840'!$B$13:$X$470,8,0)/1000 -> 2.639 | G255: =VLOOKUP($A255,'BC.114+840'!$B$13:$X$470,9,0)/1000 -> -0.361 | H255: =VLOOKUP($A255,'BC.114+840'!$B$13:$X$470,14,0)/1000 -> 2.627 | I255: =VLOOKUP($A255,'BC.114+840'!$B$13:$X$470,15,0)/1000 -> -0.373 | J255: =VLOOKUP($A255,'BC.114+840'!$B$13:$X$470,20,0)/1000 -> 2.352 | K255: =VLOOKUP($A255,'BC.114+840'!$B$13:$X$470,21,0)/1000 -> -0.648 | L255: =(G255-$G$14)*1000 -> -281 | M255: =(I255-$I$14)*1000 -> -473 | N255: =(K255-$K$14)*1000 -> -258
A256: ='BC.114+840'!B255 -> 45512 | B256: =+B255+1 -> 242 | C256: ='BC.114+840'!M255/1000 -> 1.527 | D256: ='BC.114+840'!AA255 -> 2.324 | E256: ='BC.114+840'!AB255 -> 0.954 | F256: =VLOOKUP($A256,'BC.114+840'!$B$13:$X$470,8,0)/1000 -> 2.639 | G256: =VLOOKUP($A256,'BC.114+840'!$B$13:$X$470,9,0)/1000 -> -0.361 | H256: =VLOOKUP($A256,'BC.114+840'!$B$13:$X$470,14,0)/1000 -> 2.627 | I256: =VLOOKUP($A256,'BC.114+840'!$B$13:$X$470,15,0)/1000 -> -0.373 | J256: =VLOOKUP($A256,'BC.114+840'!$B$13:$X$470,20,0)/1000 -> 2.352 | K256: =VLOOKUP($A256,'BC.114+840'!$B$13:$X$470,21,0)/1000 -> -0.648 | L256: =(G256-$G$14)*1000 -> -281 | M256: =(I256-$I$14)*1000 -> -473 | N256: =(K256-$K$14)*1000 -> -258
A257: ='BC.114+840'!B256 -> 45513 | B257: =+B256+1 -> 243 | C257: ='BC.114+840'!M256/1000 -> 1.527 | D257: ='BC.114+840'!AA256 -> 2.324 | E257: ='BC.114+840'!AB256 -> 0.954 | F257: =VLOOKUP($A257,'BC.114+840'!$B$13:$X$470,8,0)/1000 -> 2.639 | G257: =VLOOKUP($A257,'BC.114+840'!$B$13:$X$470,9,0)/1000 -> -0.361 | H257: =VLOOKUP($A257,'BC.114+840'!$B$13:$X$470,14,0)/1000 -> 2.627 | I257: =VLOOKUP($A257,'BC.114+840'!$B$13:$X$470,15,0)/1000 -> -0.373 | J257: =VLOOKUP($A257,'BC.114+840'!$B$13:$X$470,20,0)/1000 -> 2.352 | K257: =VLOOKUP($A257,'BC.114+840'!$B$13:$X$470,21,0)/1000 -> -0.648 | L257: =(G257-$G$14)*1000 -> -281 | M257: =(I257-$I$14)*1000 -> -473 | N257: =(K257-$K$14)*1000 -> -258
A258: ='BC.114+840'!B257 -> 45514 | B258: =+B257+1 -> 244 | C258: ='BC.114+840'!M257/1000 -> 1.527 | D258: ='BC.114+840'!AA257 -> 2.324 | E258: ='BC.114+840'!AB257 -> 0.954 | F258: =VLOOKUP($A258,'BC.114+840'!$B$13:$X$470,8,0)/1000 -> 2.639 | G258: =VLOOKUP($A258,'BC.114+840'!$B$13:$X$470,9,0)/1000 -> -0.361 | H258: =VLOOKUP($A258,'BC.114+840'!$B$13:$X$470,14,0)/1000 -> 2.627 | I258: =VLOOKUP($A258,'BC.114+840'!$B$13:$X$470,15,0)/1000 -> -0.373 | J258: =VLOOKUP($A258,'BC.114+840'!$B$13:$X$470,20,0)/1000 -> 2.352 | K258: =VLOOKUP($A258,'BC.114+840'!$B$13:$X$470,21,0)/1000 -> -0.648 | L258: =(G258-$G$14)*1000 -> -281 | M258: =(I258-$I$14)*1000 -> -473 | N258: =(K258-$K$14)*1000 -> -258
A259: ='BC.114+840'!B258 -> 45515 | B259: =+B258+1 -> 245 | C259: ='BC.114+840'!M258/1000 -> 1.527 | D259: ='BC.114+840'!AA258 -> 2.324 | E259: ='BC.114+840'!AB258 -> 0.954 | F259: =VLOOKUP($A259,'BC.114+840'!$B$13:$X$470,8,0)/1000 -> 2.639 | G259: =VLOOKUP($A259,'BC.114+840'!$B$13:$X$470,9,0)/1000 -> -0.361 | H259: =VLOOKUP($A259,'BC.114+840'!$B$13:$X$470,14,0)/1000 -> 2.627 | I259: =VLOOKUP($A259,'BC.114+840'!$B$13:$X$470,15,0)/1000 -> -0.373 | J259: =VLOOKUP($A259,'BC.114+840'!$B$13:$X$470,20,0)/1000 -> 2.352 | K259: =VLOOKUP($A259,'BC.114+840'!$B$13:$X$470,21,0)/1000 -> -0.648 | L259: =(G259-$G$14)*1000 -> -281 | M259: =(I259-$I$14)*1000 -> -473 | N259: =(K259-$K$14)*1000 -> -258
A260: ='BC.114+840'!B259 -> 45516 | B260: =+B259+1 -> 246 | C260: ='BC.114+840'!M259/1000 -> 1.527 | D260: ='BC.114+840'!AA259 -> 2.324 | E260: ='BC.114+840'!AB259 -> 0.954 | F260: =VLOOKUP($A260,'BC.114+840'!$B$13:$X$470,8,0)/1000 -> 2.639 | G260: =VLOOKUP($A260,'BC.114+840'!$B$13:$X$470,9,0)/1000 -> -0.361 | H260: =VLOOKUP($A260,'BC.114+840'!$B$13:$X$470,14,0)/1000 -> 2.627 | I260: =VLOOKUP($A260,'BC.114+840'!$B$13:$X$470,15,0)/1000 -> -0.373 | J260: =VLOOKUP($A260,'BC.114+840'!$B$13:$X$470,20,0)/1000 -> 2.352 | K260: =VLOOKUP($A260,'BC.114+840'!$B$13:$X$470,21,0)/1000 -> -0.648 | L260: =(G260-$G$14)*1000 -> -281 | M260: =(I260-$I$14)*1000 -> -473 | N260: =(K260-$K$14)*1000 -> -258
A261: ='BC.114+840'!B260 -> 45517 | B261: =+B260+1 -> 247 | C261: ='BC.114+840'!M260/1000 -> 1.527 | D261: ='BC.114+840'!AA260 -> 2.324 | E261: ='BC.114+840'!AB260 -> 0.954 | F261: =VLOOKUP($A261,'BC.114+840'!$B$13:$X$470,8,0)/1000 -> 2.639 | G261: =VLOOKUP($A261,'BC.114+840'!$B$13:$X$470,9,0)/1000 -> -0.361 | H261: =VLOOKUP($A261,'BC.114+840'!$B$13:$X$470,14,0)/1000 -> 2.627 | I261: =VLOOKUP($A261,'BC.114+840'!$B$13:$X$470,15,0)/1000 -> -0.373 | J261: =VLOOKUP($A261,'BC.114+840'!$B$13:$X$470,20,0)/1000 -> 2.352 | K261: =VLOOKUP($A261,'BC.114+840'!$B$13:$X$470,21,0)/1000 -> -0.648 | L261: =(G261-$G$14)*1000 -> -281 | M261: =(I261-$I$14)*1000 -> -473 | N261: =(K261-$K$14)*1000 -> -258
A262: ='BC.114+840'!B261 -> 45518 | B262: =+B261+1 -> 248 | C262: ='BC.114+840'!M261/1000 -> 1.527 | D262: ='BC.114+840'!AA261 -> 2.324 | E262: ='BC.114+840'!AB261 -> 0.954 | F262: =VLOOKUP($A262,'BC.114+840'!$B$13:$X$470,8,0)/1000 -> 2.639 | G262: =VLOOKUP($A262,'BC.114+840'!$B$13:$X$470,9,0)/1000 -> -0.361 | H262: =VLOOKUP($A262,'BC.114+840'!$B$13:$X$470,14,0)/1000 -> 2.627 | I262: =VLOOKUP($A262,'BC.114+840'!$B$13:$X$470,15,0)/1000 -> -0.373 | J262: =VLOOKUP($A262,'BC.114+840'!$B$13:$X$470,20,0)/1000 -> 2.352 | K262: =VLOOKUP($A262,'BC.114+840'!$B$13:$X$470,21,0)/1000 -> -0.648 | L262: =(G262-$G$14)*1000 -> -281 | M262: =(I262-$I$14)*1000 -> -473 | N262: =(K262-$K$14)*1000 -> -258
A263: ='BC.114+840'!B262 -> 45519 | B263: =+B262+1 -> 249 | C263: ='BC.114+840'!M262/1000 -> 1.527 | D263: ='BC.114+840'!AA262 -> 2.324 | E263: ='BC.114+840'!AB262 -> 0.954 | F263: =VLOOKUP($A263,'BC.114+840'!$B$13:$X$470,8,0)/1000 -> 2.639 | G263: =VLOOKUP($A263,'BC.114+840'!$B$13:$X$470,9,0)/1000 -> -0.361 | H263: =VLOOKUP($A263,'BC.114+840'!$B$13:$X$470,14,0)/1000 -> 2.627 | I263: =VLOOKUP($A263,'BC.114+840'!$B$13:$X$470,15,0)/1000 -> -0.373 | J263: =VLOOKUP($A263,'BC.114+840'!$B$13:$X$470,20,0)/1000 -> 2.352 | K263: =VLOOKUP($A263,'BC.114+840'!$B$13:$X$470,21,0)/1000 -> -0.648 | L263: =(G263-$G$14)*1000 -> -281 | M263: =(I263-$I$14)*1000 -> -473 | N263: =(K263-$K$14)*1000 -> -258
A264: ='BC.114+840'!B263 -> 45520 | B264: =+B263+1 -> 250 | C264: ='BC.114+840'!M263/1000 -> 1.527 | D264: ='BC.114+840'!AA263 -> 2.324 | E264: ='BC.114+840'!AB263 -> 0.954 | F264: =VLOOKUP($A264,'BC.114+840'!$B$13:$X$470,8,0)/1000 -> 2.639 | G264: =VLOOKUP($A264,'BC.114+840'!$B$13:$X$470,9,0)/1000 -> -0.361 | H264: =VLOOKUP($A264,'BC.114+840'!$B$13:$X$470,14,0)/1000 -> 2.627 | I264: =VLOOKUP($A264,'BC.114+840'!$B$13:$X$470,15,0)/1000 -> -0.373 | J264: =VLOOKUP($A264,'BC.114+840'!$B$13:$X$470,20,0)/1000 -> 2.352 | K264: =VLOOKUP($A264,'BC.114+840'!$B$13:$X$470,21,0)/1000 -> -0.648 | L264: =(G264-$G$14)*1000 -> -281 | M264: =(I264-$I$14)*1000 -> -473 | N264: =(K264-$K$14)*1000 -> -258
A265: ='BC.114+840'!B264 -> 45521 | B265: =+B264+1 -> 251 | C265: ='BC.114+840'!M264/1000 -> 1.527 | D265: ='BC.114+840'!AA264 -> 2.324 | E265: ='BC.114+840'!AB264 -> 0.954 | F265: =VLOOKUP($A265,'BC.114+840'!$B$13:$X$470,8,0)/1000 -> 2.639 | G265: =VLOOKUP($A265,'BC.114+840'!$B$13:$X$470,9,0)/1000 -> -0.361 | H265: =VLOOKUP($A265,'BC.114+840'!$B$13:$X$470,14,0)/1000 -> 2.627 | I265: =VLOOKUP($A265,'BC.114+840'!$B$13:$X$470,15,0)/1000 -> -0.373 | J265: =VLOOKUP($A265,'BC.114+840'!$B$13:$X$470,20,0)/1000 -> 2.352 | K265: =VLOOKUP($A265,'BC.114+840'!$B$13:$X$470,21,0)/1000 -> -0.648 | L265: =(G265-$G$14)*1000 -> -281 | M265: =(I265-$I$14)*1000 -> -473 | N265: =(K265-$K$14)*1000 -> -258
A266: ='BC.114+840'!B265 -> 45522 | B266: =+B265+1 -> 252 | C266: ='BC.114+840'!M265/1000 -> 1.527 | D266: ='BC.114+840'!AA265 -> 2.324 | E266: ='BC.114+840'!AB265 -> 0.954 | F266: =VLOOKUP($A266,'BC.114+840'!$B$13:$X$470,8,0)/1000 -> 2.639 | G266: =VLOOKUP($A266,'BC.114+840'!$B$13:$X$470,9,0)/1000 -> -0.361 | H266: =VLOOKUP($A266,'BC.114+840'!$B$13:$X$470,14,0)/1000 -> 2.627 | I266: =VLOOKUP($A266,'BC.114+840'!$B$13:$X$470,15,0)/1000 -> -0.373 | J266: =VLOOKUP($A266,'BC.114+840'!$B$13:$X$470,20,0)/1000 -> 2.352 | K266: =VLOOKUP($A266,'BC.114+840'!$B$13:$X$470,21,0)/1000 -> -0.648 | L266: =(G266-$G$14)*1000 -> -281 | M266: =(I266-$I$14)*1000 -> -473 | N266: =(K266-$K$14)*1000 -> -258
... A470: ='BC.114+840'!B469 -> 45726 | B470: =+B469+1 -> 456 | C470: ='BC.114+840'!M469/1000 -> 1.894 | D470: ='BC.114+840'!AA469 -> 3.388 | E470: ='BC.114+840'!AB469 -> 0.588 | F470: =VLOOKUP($A470,'BC.114+840'!$B$13:$X$470,8,0)/1000 -> 2.101 | G470: =VLOOKUP($A470,'BC.114+840'!$B$13:$X$470,9,0)/1000 -> -0.899 | H470: =VLOOKUP($A470,'BC.114+840'!$B$13:$X$470,14,0)/1000 -> 1.894 | I470: =VLOOKUP($A470,'BC.114+840'!$B$13:$X$470,15,0)/1000 -> -1.106 | J470: =VLOOKUP($A470,'BC.114+840'!$B$13:$X$470,20,0)/1000 -> 2.104 | K470: =VLOOKUP($A470,'BC.114+840'!$B$13:$X$470,21,0)/1000 -> -0.896 | L470: =(G470-$G$14)*1000 -> -819 | M470: =(I470-$I$14)*1000 -> -1206 | N470: =(K470-$K$14)*1000 -> -506
A471: ='BC.114+840'!B470 -> 45727 | B471: =+B470+1 -> 457 | C471: ='BC.114+840'!M470/1000 -> 1.887 | D471: ='BC.114+840'!AA470 -> 3.388 | E471: ='BC.114+840'!AB470 -> 0.574 | F471: =VLOOKUP($A471,'BC.114+840'!$B$13:$X$4070,8,0)/1000 -> 2.097 | G471: =VLOOKUP($A471,'BC.114+840'!$B$13:$X$4070,9,0)/1000 -> -0.903 | H471: =VLOOKUP($A471,'BC.114+840'!$B$13:$X$4070,14,0)/1000 -> 1.887 | I471: =VLOOKUP($A471,'BC.114+840'!$B$13:$X$4700,15,0)/1000 -> -1.113 | J471: =VLOOKUP($A471,'BC.114+840'!$B$13:$X$4070,20,0)/1000 -> 2.102 | K471: =VLOOKUP($A471,'BC.114+840'!$B$13:$X$4070,21,0)/1000 -> -0.898 | L471: =(G471-$G$14)*1000 -> -823 | M471: =(I471-$I$14)*1000 -> -1213 | N471: =(K471-$K$14)*1000 -> -508
A472: ='BC.114+840'!B471 -> 45728 | B472: =+B471+1 -> 458 | C472: ='BC.114+840'!M471/1000 -> 1.881 | D472: ='BC.114+840'!AA471 -> 3.388 | E472: ='BC.114+840'!AB471 -> 0.562 | F472: =VLOOKUP($A472,'BC.114+840'!$B$13:$X$4070,8,0)/1000 -> 2.094 | G472: =VLOOKUP($A472,'BC.114+840'!$B$13:$X$4070,9,0)/1000 -> -0.906 | H472: =VLOOKUP($A472,'BC.114+840'!$B$13:$X$4070,14,0)/1000 -> 1.881 | I472: =VLOOKUP($A472,'BC.114+840'!$B$13:$X$4700,15,0)/1000 -> -1.119 | J472: =VLOOKUP($A472,'BC.114+840'!$B$13:$X$4070,20,0)/1000 -> 2.101 | K472: =VLOOKUP($A472,'BC.114+840'!$B$13:$X$4070,21,0)/1000 -> -0.899 | L472: =(G472-$G$14)*1000 -> -826 | M472: =(I472-$I$14)*1000 -> -1219 | N472: =(K472-$K$14)*1000 -> -509
A473: ='BC.114+840'!B472 -> 45729 | B473: =+B472+1 -> 459 | C473: ='BC.114+840'!M472/1000 -> 1.873 | D473: ='BC.114+840'!AA472 -> 3.388 | E473: ='BC.114+840'!AB472 -> 0.546 | F473: =VLOOKUP($A473,'BC.114+840'!$B$13:$X$4070,8,0)/1000 -> 2.092 | G473: =VLOOKUP($A473,'BC.114+840'!$B$13:$X$4070,9,0)/1000 -> -0.908 | H473: =VLOOKUP($A473,'BC.114+840'!$B$13:$X$4070,14,0)/1000 -> 1.873 | I473: =VLOOKUP($A473,'BC.114+840'!$B$13:$X$4700,15,0)/1000 -> -1.127 | J473: =VLOOKUP($A473,'BC.114+840'!$B$13:$X$4070,20,0)/1000 -> 2.099 | K473: =VLOOKUP($A473,'BC.114+840'!$B$13:$X$4070,21,0)/1000 -> -0.901 | L473: =(G473-$G$14)*1000 -> -828 | M473: =(I473-$I$14)*1000 -> -1227 | N473: =(K473-$K$14)*1000 -> -511
A474: ='BC.114+840'!B473 -> 45730 | B474: =+B473+1 -> 460 | C474: ='BC.114+840'!M473/1000 -> 1.866 | D474: ='BC.114+840'!AA473 -> 3.388 | E474: ='BC.114+840'!AB473 -> 0.532 | F474: =VLOOKUP($A474,'BC.114+840'!$B$13:$X$4070,8,0)/1000 -> 2.088 | G474: =VLOOKUP($A474,'BC.114+840'!$B$13:$X$4070,9,0)/1000 -> -0.912 | H474: =VLOOKUP($A474,'BC.114+840'!$B$13:$X$4070,14,0)/1000 -> 1.866 | I474: =VLOOKUP($A474,'BC.114+840'!$B$13:$X$4700,15,0)/1000 -> -1.134 | J474: =VLOOKUP($A474,'BC.114+840'!$B$13:$X$4070,20,0)/1000 -> 2.098 | K474: =VLOOKUP($A474,'BC.114+840'!$B$13:$X$4070,21,0)/1000 -> -0.902 | L474: =(G474-$G$14)*1000 -> -832 | M474: =(I474-$I$14)*1000 -> -1234 | N474: =(K474-$K$14)*1000 -> -512
A475: ='BC.114+840'!B474 -> 45731 | B475: =+B474+1 -> 461 | C475: ='BC.114+840'!M474/1000 -> 1.857 | D475: ='BC.114+840'!AA474 -> 3.388 | E475: ='BC.114+840'!AB474 -> 0.514 | F475: =VLOOKUP($A475,'BC.114+840'!$B$13:$X$4070,8,0)/1000 -> 2.085 | G475: =VLOOKUP($A475,'BC.114+840'!$B$13:$X$4070,9,0)/1000 -> -0.915 | H475: =VLOOKUP($A475,'BC.114+840'!$B$13:$X$4070,14,0)/1000 -> 1.857 | I475: =VLOOKUP($A475,'BC.114+840'!$B$13:$X$4700,15,0)/1000 -> -1.143 | J475: =VLOOKUP($A475,'BC.114+840'!$B$13:$X$4070,20,0)/1000 -> 2.097 | K475: =VLOOKUP($A475,'BC.114+840'!$B$13:$X$4070,21,0)/1000 -> -0.903 | L475: =(G475-$G$14)*1000 -> -835 | M475: =(I475-$I$14)*1000 -> -1243 | N475: =(K475-$K$14)*1000 -> -513
A476: ='BC.114+840'!B475 -> 45732 | B476: =+B475+1 -> 462 | C476: ='BC.114+840'!M475/1000 -> 1.849 | D476: ='BC.114+840'!AA475 -> 3.388 | E476: ='BC.114+840'!AB475 -> 0.498 | F476: =VLOOKUP($A476,'BC.114+840'!$B$13:$X$4070,8,0)/1000 -> 2.083 | G476: =VLOOKUP($A476,'BC.114+840'!$B$13:$X$4070,9,0)/1000 -> -0.917 | H476: =VLOOKUP($A476,'BC.114+840'!$B$13:$X$4070,14,0)/1000 -> 1.849 | I476: =VLOOKUP($A476,'BC.114+840'!$B$13:$X$4700,15,0)/1000 -> -1.151 | J476: =VLOOKUP($A476,'BC.114+840'!$B$13:$X$4070,20,0)/1000 -> 2.094 | K476: =VLOOKUP($A476,'BC.114+840'!$B$13:$X$4070,21,0)/1000 -> -0.906 | L476: =(G476-$G$14)*1000 -> -837 | M476: =(I476-$I$14)*1000 -> -1251 | N476: =(K476-$K$14)*1000 -> -516
A477: ='BC.114+840'!B476 -> 45733 | B477: =+B476+1 -> 463 | C477: ='BC.114+840'!M476/1000 -> 1.842 | D477: ='BC.114+840'!AA476 -> 3.388 | E477: ='BC.114+840'!AB476 -> 0.484 | F477: =VLOOKUP($A477,'BC.114+840'!$B$13:$X$4070,8,0)/1000 -> 2.079 | G477: =VLOOKUP($A477,'BC.114+840'!$B$13:$X$4070,9,0)/1000 -> -0.921 | H477: =VLOOKUP($A477,'BC.114+840'!$B$13:$X$4070,14,0)/1000 -> 1.842 | I477: =VLOOKUP($A477,'BC.114+840'!$B$13:$X$4700,15,0)/1000 -> -1.158 | J477: =VLOOKUP($A477,'BC.114+840'!$B$13:$X$4070,20,0)/1000 -> 2.093 | K477: =VLOOKUP($A477,'BC.114+840'!$B$13:$X$4070,21,0)/1000 -> -0.907 | L477: =(G477-$G$14)*1000 -> -841 | M477: =(I477-$I$14)*1000 -> -1258 | N477: =(K477-$K$14)*1000 -> -517
A478: ='BC.114+840'!B477 -> 45734 | B478: =+B477+1 -> 464 | C478: ='BC.114+840'!M477/1000 -> 1.835 | D478: ='BC.114+840'!AA477 -> 3.388 | E478: ='BC.114+840'!AB477 -> 0.47 | F478: =VLOOKUP($A478,'BC.114+840'!$B$13:$X$4070,8,0)/1000 -> 2.077 | G478: =VLOOKUP($A478,'BC.114+840'!$B$13:$X$4070,9,0)/1000 -> -0.923 | H478: =VLOOKUP($A478,'BC.114+840'!$B$13:$X$4070,14,0)/1000 -> 1.835 | I478: =VLOOKUP($A478,'BC.114+840'!$B$13:$X$4700,15,0)/1000 -> -1.165 | J478: =VLOOKUP($A478,'BC.114+840'!$B$13:$X$4070,20,0)/1000 -> 2.091 | K478: =VLOOKUP($A478,'BC.114+840'!$B$13:$X$4070,21,0)/1000 -> -0.909 | L478: =(G478-$G$14)*1000 -> -843 | M478: =(I478-$I$14)*1000 -> -1265 | N478: =(K478-$K$14)*1000 -> -519
A479: ='BC.114+840'!B478 -> 45735 | B479: =+B478+1 -> 465 | C479: ='BC.114+840'!M478/1000 -> 1.828 | D479: ='BC.114+840'!AA478 -> 3.388 | E479: ='BC.114+840'!AB478 -> 0.456 | F479: =VLOOKUP($A479,'BC.114+840'!$B$13:$X$4070,8,0)/1000 -> 2.072 | G479: =VLOOKUP($A479,'BC.114+840'!$B$13:$X$4070,9,0)/1000 -> -0.928 | H479: =VLOOKUP($A479,'BC.114+840'!$B$13:$X$4070,14,0)/1000 -> 1.828 | I479: =VLOOKUP($A479,'BC.114+840'!$B$13:$X$4700,15,0)/1000 -> -1.172 | J479: =VLOOKUP($A479,'BC.114+840'!$B$13:$X$4070,20,0)/1000 -> 2.09 | K479: =VLOOKUP($A479,'BC.114+840'!$B$13:$X$4070,21,0)/1000 -> -0.91 | L479: =(G479-$G$14)*1000 -> -848 | M479: =(I479-$I$14)*1000 -> -1272 | N479: =(K479-$K$14)*1000 -> -520
A480: ='BC.114+840'!B479 -> 45736 | B480: =+B479+1 -> 466 | C480: ='BC.114+840'!M479/1000 -> 1.823 | D480: ='BC.114+840'!AA479 -> 3.388 | E480: ='BC.114+840'!AB479 -> 0.446 | F480: =VLOOKUP($A480,'BC.114+840'!$B$13:$X$4070,8,0)/1000 -> 2.067 | G480: =VLOOKUP($A480,'BC.114+840'!$B$13:$X$4070,9,0)/1000 -> -0.933 | H480: =VLOOKUP($A480,'BC.114+840'!$B$13:$X$4070,14,0)/1000 -> 1.823 | I480: =VLOOKUP($A480,'BC.114+840'!$B$13:$X$4700,15,0)/1000 -> -1.177 | J480: =VLOOKUP($A480,'BC.114+840'!$B$13:$X$4070,20,0)/1000 -> 2.088 | K480: =VLOOKUP($A480,'BC.114+840'!$B$13:$X$4070,21,0)/1000 -> -0.912 | L480: =(G480-$G$14)*1000 -> -853 | M480: =(I480-$I$14)*1000 -> -1277 | N480: =(K480-$K$14)*1000 -> -522
A481: ='BC.114+840'!B480 -> 45737 | B481: =+B480+1 -> 467 | C481: ='BC.114+840'!M480/1000 -> 1.818 | D481: ='BC.114+840'!AA480 -> 3.388 | E481: ='BC.114+840'!AB480 -> 0.436 | F481: =VLOOKUP($A481,'BC.114+840'!$B$13:$X$4070,8,0)/1000 -> 2.063 | G481: =VLOOKUP($A481,'BC.114+840'!$B$13:$X$4070,9,0)/1000 -> -0.937 | H481: =VLOOKUP($A481,'BC.114+840'!$B$13:$X$4070,14,0)/1000 -> 1.818 | I481: =VLOOKUP($A481,'BC.114+840'!$B$13:$X$4700,15,0)/1000 -> -1.182 | J481: =VLOOKUP($A481,'BC.114+840'!$B$13:$X$4070,20,0)/1000 -> 2.086 | K481: =VLOOKUP($A481,'BC.114+840'!$B$13:$X$4070,21,0)/1000 -> -0.914 | L481: =(G481-$G$14)*1000 -> -857 | M481: =(I481-$I$14)*1000 -> -1282 | N481: =(K481-$K$14)*1000 -> -524
A482: ='BC.114+840'!B481 -> 45738 | B482: =+B481+1 -> 468 | C482: ='BC.114+840'!M481/1000 -> 1.811 | D482: ='BC.114+840'!AA481 -> 3.388 | E482: ='BC.114+840'!AB481 -> 0.422 | F482: =VLOOKUP($A482,'BC.114+840'!$B$13:$X$4070,8,0)/1000 -> 2.06 | G482: =VLOOKUP($A482,'BC.114+840'!$B$13:$X$4070,9,0)/1000 -> -0.94 | H482: =VLOOKUP($A482,'BC.114+840'!$B$13:$X$4070,14,0)/1000 -> 1.811 | I482: =VLOOKUP($A482,'BC.114+840'!$B$13:$X$4700,15,0)/1000 -> -1.189 | J482: =VLOOKUP($A482,'BC.114+840'!$B$13:$X$4070,20,0)/1000 -> 2.083 | K482: =VLOOKUP($A482,'BC.114+840'!$B$13:$X$4070,21,0)/1000 -> -0.917 | L482: =(G482-$G$14)*1000 -> -860 | M482: =(I482-$I$14)*1000 -> -1289 | N482: =(K482-$K$14)*1000 -> -527
... A511: ='BC.114+840'!B510 -> 45767 | B511: =+B510+1 -> 497 | C511: ='BC.114+840'!M510/1000 -> 2.448 | D511: ='BC.114+840'!AA510 -> 4.208 | E511: ='BC.114+840'!AB510 -> 0.876 | F511: =VLOOKUP($A511,'BC.114+840'!$B$13:$X$4070,8,0)/1000 -> 2.03 | G511: =VLOOKUP($A511,'BC.114+840'!$B$13:$X$4070,9,0)/1000 -> -0.97 | H511: =VLOOKUP($A511,'BC.114+840'!$B$13:$X$4070,14,0)/1000 -> 1.628 | I511: =VLOOKUP($A511,'BC.114+840'!$B$13:$X$4700,15,0)/1000 -> -1.372 | J511: =VLOOKUP($A511,'BC.114+840'!$B$13:$X$4070,20,0)/1000 -> 2.065 | K511: =VLOOKUP($A511,'BC.114+840'!$B$13:$X$4070,21,0)/1000 -> -0.935 | L511: =(G511-$G$14)*1000 -> -890 | M511: =(I511-$I$14)*1000 -> -1472 | N511: =(K511-$K$14)*1000 -> -545
A512: ='BC.114+840'!B511 -> 45768 | B512: =+B511+1 -> 498 | C512: ='BC.114+840'!M511/1000 -> 2.743 | D512: ='BC.114+840'!AA511 -> 4.508 | E512: ='BC.114+840'!AB511 -> 1.166 | F512: =VLOOKUP($A512,'BC.114+840'!$B$13:$X$4070,8,0)/1000 -> 2.03 | G512: =VLOOKUP($A512,'BC.114+840'!$B$13:$X$4070,9,0)/1000 -> -0.97 | H512: =VLOOKUP($A512,'BC.114+840'!$B$13:$X$4070,14,0)/1000 -> 1.623 | I512: =VLOOKUP($A512,'BC.114+840'!$B$13:$X$4700,15,0)/1000 -> -1.377 | J512: =VLOOKUP($A512,'BC.114+840'!$B$13:$X$4070,20,0)/1000 -> 2.065 | K512: =VLOOKUP($A512,'BC.114+840'!$B$13:$X$4070,21,0)/1000 -> -0.935 | L512: =(G512-$G$14)*1000 -> -890 | M512: =(I512-$I$14)*1000 -> -1477 | N512: =(K512-$K$14)*1000 -> -545 | O512: K.Thúc GT | P512: =C512-M512/1000 -> 4.22
A513: ='BC.114+840'!B512 -> 45771 | B513: =+B512+1 -> 499 | C513: ='BC.114+840'!M512/1000 -> 2.723 | D513: ='BC.114+840'!AA512 -> 4.508 | E513: ='BC.114+840'!AB512 -> 1.126 | F513: =VLOOKUP($A513,'BC.114+840'!$B$13:$X$4070,8,0)/1000 -> 2.008 | G513: =VLOOKUP($A513,'BC.114+840'!$B$13:$X$4070,9,0)/1000 -> -0.992 | H513: =VLOOKUP($A513,'BC.114+840'!$B$13:$X$4070,14,0)/1000 -> 1.603 | I513: =VLOOKUP($A513,'BC.114+840'!$B$13:$X$4700,15,0)/1000 -> -1.397 | J513: =VLOOKUP($A513,'BC.114+840'!$B$13:$X$4070,20,0)/1000 -> 2.048 | K513: =VLOOKUP($A513,'BC.114+840'!$B$13:$X$4070,21,0)/1000 -> -0.952 | L513: =(G513-$G$14)*1000 -> -912 | M513: =(I513-$I$14)*1000 -> -1497 | N513: =(K513-$K$14)*1000 -> -562
A514: ='BC.114+840'!B513 -> 45775 | B514: =+B513+1 -> 500 | C514: ='BC.114+840'!M513/1000 -> 2.698 | D514: ='BC.114+840'!AA513 -> 4.508 | E514: ='BC.114+840'!AB513 -> 1.076 | F514: =VLOOKUP($A514,'BC.114+840'!$B$13:$X$4070,8,0)/1000 -> 1.983 | G514: =VLOOKUP($A514,'BC.114+840'!$B$13:$X$4070,9,0)/1000 -> -1.017 | H514: =VLOOKUP($A514,'BC.114+840'!$B$13:$X$4070,14,0)/1000 -> 1.578 | I514: =VLOOKUP($A514,'BC.114+840'!$B$13:$X$4700,15,0)/1000 -> -1.422 | J514: =VLOOKUP($A514,'BC.114+840'!$B$13:$X$4070,20,0)/1000 -> 2.022 | K514: =VLOOKUP($A514,'BC.114+840'!$B$13:$X$4070,21,0)/1000 -> -0.978 | L514: =(G514-$G$14)*1000 -> -937 | M514: =(I514-$I$14)*1000 -> -1522 | N514: =(K514-$K$14)*1000 -> -588
A515: ='BC.114+840'!B514 -> 45778 | B515: =+B514+1 -> 501 | C515: ='BC.114+840'!M514/1000 -> 2.683 | D515: ='BC.114+840'!AA514 -> 4.508 | E515: ='BC.114+840'!AB514 -> 1.046 | F515: =VLOOKUP($A515,'BC.114+840'!$B$13:$X$4070,8,0)/1000 -> 1.961 | G515: =VLOOKUP($A515,'BC.114+840'!$B$13:$X$4070,9,0)/1000 -> -1.039 | H515: =VLOOKUP($A515,'BC.114+840'!$B$13:$X$4070,14,0)/1000 -> 1.563 | I515: =VLOOKUP($A515,'BC.114+840'!$B$13:$X$4700,15,0)/1000 -> -1.437 | J515: =VLOOKUP($A515,'BC.114+840'!$B$13:$X$4070,20,0)/1000 -> 2.004 | K515: =VLOOKUP($A515,'BC.114+840'!$B$13:$X$4070,21,0)/1000 -> -0.996 | L515: =(G515-$G$14)*1000 -> -959 | M515: =(I515-$I$14)*1000 -> -1537 | N515: =(K515-$K$14)*1000 -> -606
A516: ='BC.114+840'!B515 -> 45782 | B516: =+B515+1 -> 502 | C516: ='BC.114+840'!M515/1000 -> 2.659 | D516: ='BC.114+840'!AA515 -> 4.508 | E516: ='BC.114+840'!AB515 -> 0.998 | F516: =VLOOKUP($A516,'BC.114+840'!$B$13:$X$4070,8,0)/1000 -> 1.931 | G516: =VLOOKUP($A516,'BC.114+840'!$B$13:$X$4070,9,0)/1000 -> -1.069 | H516: =VLOOKUP($A516,'BC.114+840'!$B$13:$X$4070,14,0)/1000 -> 1.539 | I516: =VLOOKUP($A516,'BC.114+840'!$B$13:$X$4700,15,0)/1000 -> -1.461 | J516: =VLOOKUP($A516,'BC.114+840'!$B$13:$X$4070,20,0)/1000 -> 1.982 | K516: =VLOOKUP($A516,'BC.114+840'!$B$13:$X$4070,21,0)/1000 -> -1.018 | L516: =(G516-$G$14)*1000 -> -989 | M516: =(I516-$I$14)*1000 -> -1561 | N516: =(K516-$K$14)*1000 -> -628
A517: ='BC.114+840'!B516 -> 45785 | B517: =+B516+1 -> 503 | C517: ='BC.114+840'!M516/1000 -> 2.647 | D517: ='BC.114+840'!AA516 -> 4.508 | E517: ='BC.114+840'!AB516 -> 0.974 | F517: =VLOOKUP($A517,'BC.114+840'!$B$13:$X$4070,8,0)/1000 -> 1.915 | G517: =VLOOKUP($A517,'BC.114+840'!$B$13:$X$4070,9,0)/1000 -> -1.085 | H517: =VLOOKUP($A517,'BC.114+840'!$B$13:$X$4070,14,0)/1000 -> 1.527 | I517: =VLOOKUP($A517,'BC.114+840'!$B$13:$X$4700,15,0)/1000 -> -1.473 | J517: =VLOOKUP($A517,'BC.114+840'!$B$13:$X$4070,20,0)/1000 -> 1.967 | K517: =VLOOKUP($A517,'BC.114+840'!$B$13:$X$4070,21,0)/1000 -> -1.033 | L517: =(G517-$G$14)*1000 -> -1005 | M517: =(I517-$I$14)*1000 -> -1573 | N517: =(K517-$K$14)*1000 -> -643
A518: ='BC.114+840'!B517 -> 45789 | B518: =+B517+1 -> 504 | C518: ='BC.114+840'!M517/1000 -> 2.622 | D518: ='BC.114+840'!AA517 -> 4.508 | E518: ='BC.114+840'!AB517 -> 0.924 | F518: =VLOOKUP($A518,'BC.114+840'!$B$13:$X$4070,8,0)/1000 -> 1.889 | G518: =VLOOKUP($A518,'BC.114+840'!$B$13:$X$4070,9,0)/1000 -> -1.111 | H518: =VLOOKUP($A518,'BC.114+840'!$B$13:$X$4070,14,0)/1000 -> 1.502 | I518: =VLOOKUP($A518,'BC.114+840'!$B$13:$X$4700,15,0)/1000 -> -1.498 | J518: =VLOOKUP($A518,'BC.114+840'!$B$13:$X$4070,20,0)/1000 -> 1.947 | K518: =VLOOKUP($A518,'BC.114+840'!$B$13:$X$4070,21,0)/1000 -> -1.053 | L518: =(G518-$G$14)*1000 -> -1031 | M518: =(I518-$I$14)*1000 -> -1598 | N518: =(K518-$K$14)*1000 -> -663
A519: ='BC.114+840'!B518 -> 45792 | B519: =+B518+1 -> 505 | C519: ='BC.114+840'!M518/1000 -> 2.612 | D519: ='BC.114+840'!AA518 -> 4.508 | E519: ='BC.114+840'!AB518 -> 0.904 | F519: =VLOOKUP($A519,'BC.114+840'!$B$13:$X$4070,8,0)/1000 -> 1.877 | G519: =VLOOKUP($A519,'BC.114+840'!$B$13:$X$4070,9,0)/1000 -> -1.123 | H519: =VLOOKUP($A519,'BC.114+840'!$B$13:$X$4070,14,0)/1000 -> 1.492 | I519: =VLOOKUP($A519,'BC.114+840'!$B$13:$X$4700,15,0)/1000 -> -1.508 | J519: =VLOOKUP($A519,'BC.114+840'!$B$13:$X$4070,20,0)/1000 -> 1.937 | K519: =VLOOKUP($A519,'BC.114+840'!$B$13:$X$4070,21,0)/1000 -> -1.063 | L519: =(G519-$G$14)*1000 -> -1043 | M519: =(I519-$I$14)*1000 -> -1608 | N519: =(K519-$K$14)*1000 -> -673
A520: ='BC.114+840'!B519 -> 45796 | B520: =+B519+1 -> 506 | C520: ='BC.114+840'!M519/1000 -> 2.59 | D520: ='BC.114+840'!AA519 -> 4.508 | E520: ='BC.114+840'!AB519 -> 0.86 | F520: =VLOOKUP($A520,'BC.114+840'!$B$13:$X$4070,8,0)/1000 -> 1.855 | G520: =VLOOKUP($A520,'BC.114+840'!$B$13:$X$4070,9,0)/1000 -> -1.145 | H520: =VLOOKUP($A520,'BC.114+840'!$B$13:$X$4070,14,0)/1000 -> 1.47 | I520: =VLOOKUP($A520,'BC.114+840'!$B$13:$X$4700,15,0)/1000 -> -1.53 | J520: =VLOOKUP($A520,'BC.114+840'!$B$13:$X$4070,20,0)/1000 -> 1.918 | K520: =VLOOKUP($A520,'BC.114+840'!$B$13:$X$4070,21,0)/1000 -> -1.082 | L520: =(G520-$G$14)*1000 -> -1065 | M520: =(I520-$I$14)*1000 -> -1630 | N520: =(K520-$K$14)*1000 -> -692
A521: ='BC.114+840'!B520 -> 45803 | B521: =+B520+1 -> 507 | C521: ='BC.114+840'!M520/1000 -> 2.57 | D521: ='BC.114+840'!AA520 -> 4.508 | E521: ='BC.114+840'!AB520 -> 0.82 | F521: =VLOOKUP($A521,'BC.114+840'!$B$13:$X$4070,8,0)/1000 -> 1.83 | G521: =VLOOKUP($A521,'BC.114+840'!$B$13:$X$4070,9,0)/1000 -> -1.17 | H521: =VLOOKUP($A521,'BC.114+840'!$B$13:$X$4070,14,0)/1000 -> 1.45 | I521: =VLOOKUP($A521,'BC.114+840'!$B$13:$X$4700,15,0)/1000 -> -1.55 | J521: =VLOOKUP($A521,'BC.114+840'!$B$13:$X$4070,20,0)/1000 -> 1.894 | K521: =VLOOKUP($A521,'BC.114+840'!$B$13:$X$4070,21,0)/1000 -> -1.106 | L521: =(G521-$G$14)*1000 -> -1090 | M521: =(I521-$I$14)*1000 -> -1650 | N521: =(K521-$K$14)*1000 -> -716
A522: ='BC.114+840'!B521 -> 45810 | B522: =+B521+1 -> 508 | C522: ='BC.114+840'!M521/1000 -> 2.552 | D522: ='BC.114+840'!AA521 -> 4.508 | E522: ='BC.114+840'!AB521 -> 0.784 | F522: =VLOOKUP($A522,'BC.114+840'!$B$13:$X$4070,8,0)/1000 -> 1.81 | G522: =VLOOKUP($A522,'BC.114+840'!$B$13:$X$4070,9,0)/1000 -> -1.19 | H522: =VLOOKUP($A522,'BC.114+840'!$B$13:$X$4070,14,0)/1000 -> 1.432 | I522: =VLOOKUP($A522,'BC.114+840'!$B$13:$X$4700,15,0)/1000 -> -1.568 | J522: =VLOOKUP($A522,'BC.114+840'!$B$13:$X$4070,20,0)/1000 -> 1.874 | K522: =VLOOKUP($A522,'BC.114+840'!$B$13:$X$4070,21,0)/1000 -> -1.126 | L522: =(G522-$G$14)*1000 -> -1110 | M522: =(I522-$I$14)*1000 -> -1668 | N522: =(K522-$K$14)*1000 -> -736
A523: ='BC.114+840'!B522 -> 45817 | B523: =+B522+1 -> 509 | C523: ='BC.114+840'!M522/1000 -> 2.536 | D523: ='BC.114+840'!AA522 -> 4.508 | E523: ='BC.114+840'!AB522 -> 0.752 | F523: =VLOOKUP($A523,'BC.114+840'!$B$13:$X$4070,8,0)/1000 -> 1.795 | G523: =VLOOKUP($A523,'BC.114+840'!$B$13:$X$4070,9,0)/1000 -> -1.205 | H523: =VLOOKUP($A523,'BC.114+840'!$B$13:$X$4070,14,0)/1000 -> 1.416 | I523: =VLOOKUP($A523,'BC.114+840'!$B$13:$X$4700,15,0)/1000 -> -1.584 | J523: =VLOOKUP($A523,'BC.114+840'!$B$13:$X$4070,20,0)/1000 -> 1.854 | K523: =VLOOKUP($A523,'BC.114+840'!$B$13:$X$4070,21,0)/1000 -> -1.146 | L523: =(G523-$G$14)*1000 -> -1125 | M523: =(I523-$I$14)*1000 -> -1684 | N523: =(K523-$K$14)*1000 -> -756
A524: ='BC.114+840'!B523 -> 45824 | B524: =+B523+1 -> 510 | C524: ='BC.114+840'!M523/1000 -> 2.52 | D524: ='BC.114+840'!AA523 -> 4.508 | E524: ='BC.114+840'!AB523 -> 0.72 | F524: =VLOOKUP($A524,'BC.114+840'!$B$13:$X$4070,8,0)/1000 -> 1.782 | G524: =VLOOKUP($A524,'BC.114+840'!$B$13:$X$4070,9,0)/1000 -> -1.218 | H524: =VLOOKUP($A524,'BC.114+840'!$B$13:$X$4070,14,0)/1000 -> 1.4 | I524: =VLOOKUP($A524,'BC.114+840'!$B$13:$X$4700,15,0)/1000 -> -1.6 | J524: =VLOOKUP($A524,'BC.114+840'!$B$13:$X$4070,20,0)/1000 -> 1.838 | K524: =VLOOKUP($A524,'BC.114+840'!$B$13:$X$4070,21,0)/1000 -> -1.162 | L524: =(G524-$G$14)*1000 -> -1138 | M524: =(I524-$I$14)*1000 -> -1700 | N524: =(K524-$K$14)*1000 -> -772
... A530: ='BC.114+840'!B529 -> 45866 | B530: =+B529+1 -> 516 | C530: ='BC.114+840'!M529/1000 -> 2.445 | D530: ='BC.114+840'!AA529 -> 4.508 | E530: ='BC.114+840'!AB529 -> 0.57 | F530: =VLOOKUP($A530,'BC.114+840'!$B$13:$X$4070,8,0)/1000 -> 1.722 | G530: =VLOOKUP($A530,'BC.114+840'!$B$13:$X$4070,9,0)/1000 -> -1.278 | H530: =VLOOKUP($A530,'BC.114+840'!$B$13:$X$4070,14,0)/1000 -> 1.325 | I530: =VLOOKUP($A530,'BC.114+840'!$B$13:$X$4700,15,0)/1000 -> -1.675 | J530: =VLOOKUP($A530,'BC.114+840'!$B$13:$X$4070,20,0)/1000 -> 1.767 | K530: =VLOOKUP($A530,'BC.114+840'!$B$13:$X$4070,21,0)/1000 -> -1.233 | L530: =(G530-$G$14)*1000 -> -1198 | M530: =(I530-$I$14)*1000 -> -1775 | N530: =(K530-$K$14)*1000 -> -843

Sheet Sheet1
