Workbook

Sheet 115+260
B1: 1 | C1: =+B1+1 -> 2 | D1: =+C1+1 -> 3 | E1: =+D1+1 -> 4 | F1: =+E1+1 -> 5 | G1: =+F1+1 -> 6 | H1: =+G1+1 -> 7 | I1: =+H1+1 -> 8 | J1: =+I1+1 -> 9 | ... W1: =+V1+1 -> 22 | Y1: =+W1+1 -> 23 | Z1: =+Y1+1 -> 24 | AA1: =+Z1+1 -> 25 | AB1: =+AA1+1 -> 26
A2: DỰ ÁN THÀNH PHẦN ĐOẠN HẬU GIANG - CÀ MAU
A3: THUỘC DỰ ÁN XÂY DỰNG CÔNG TRÌNH ĐƯỜNG BỘ CAO TỐC BẮC - NAM PHÍA ĐÔNG GIAI ĐOẠN 2021 - 2025
A4: =UPPER("GÓI THẦU XL03 :Thi Công Xây Dựng Đoạn Tuyến Km114+200 - Km126+223 Bao Gồm Tuyến Nối Nút Giao IC12 Với QL1 (bao gồm khảo sát, thiết kế BVTC)") -> GÓI THẦU XL03 :THI CÔNG XÂY DỰNG ĐOẠN TUYẾN KM114+200 - KM126+223 BAO GỒM TUYẾN NỐI NÚT GIAO IC12 VỚI QL1 (BAO GỒM KHẢO SÁT, THIẾT KẾ BVTC)
A5: CHỦ ĐẦU TƯ | I5: TƯ VẤN GIÁM SÁT | S5: NHÀ THẦU
A6: BAN QUẢN LÝ DỰ ÁN MỸ THUẬN | I6: =UPPER("Liên danh Phân viện KHCN GTVT phía Nam - Công ty Cổ phần Tư vấn kỹ thuật và xây dựng Hồng Hà") -> LIÊN DANH PHÂN VIỆN KHCN GTVT PHÍA NAM - CÔNG TY CỔ PHẦN TƯ VẤN KỸ THUẬT VÀ XÂY DỰNG HỒNG HÀ | S6: LIÊN DANH CC1 - HẢI ĐĂNG - VẠN CƯỜNG - 492 - BẮC TRUNG NAM
A7: BIỂU GHI ĐO QUAN TRẮC LÚN
A8: Người lập: | K8: Tên mốc:
A9: Thời tiết: | C9: Nắng | K9: Cao độ mốc: | M9: =C14 -> 1069
A10: Lý trình: | C10: Km115+260 | K10: Ngày đặt bàn: | M10: =B14 -> 45251
A12: Stt | B12: Ngày quan trắc | C12: Cao độ mốc (mm) | D12: Số đọc tại mốc (mm) | E12: Số đọc mia (mm) | H12: Cao độ quan trắc (mm) | K12: Chiều dài cần nối (mm) | N12: Cao độ bàn đo lún (mm) | Q12: Tốc độ lún (mm) | T12: Số đọc mia tại nền đắp tại tâm (mm) | U12: Cao độ nền đắp (mm) | X12: Chiều dày lớp đắp (m) | Y12: Đội quan trắc | Z12: Nhà thầu | AA12: Tư Vấn Giám Sát | AB12: Ghi chú
E13: Trái | F13: Giữa | G13: Phải | H13: Trái | I13: Giữa | J13: Phải | K13: Trái | L13: Giữa | M13: Phải | N13: Trái | O13: Giữa | P13: Phải | Q13: Trái | R13: Giữa | S13: Phải | U13: Trái | V13: Giữa | W13: Phải
A14: 0 | B14: 45251 | C14: 1069 | D14: 1725 | E14: =C14+D14-H14 -> 994 | F14: =C14+D14-I14 -> 1014 | G14: =D14+C14-J14 -> 1044 | H14: =K14+N14 -> 1800 | I14: =L14+O14 -> 1780 | J14: =M14+P14 -> 1750 | K14: 2000 | L14: 2000 | M14: 2000 | N14: -200 | O14: -220 | P14: -250 | Q14: 0 | R14: 0 | S14: 0 | T14: =D14+C14-V14 -> 3014 | U14: =N14 -> -200 | V14: =O14 -> -220 | W14: =P14 -> -250 | AB14: Lắp đặt ban đầu
A15: 1 | B15: =B14+1 -> 45252 | C15: =C14 -> 1069 | D15: =D14-2 -> 1723 | E15: =C15+D15-H15 -> 992 | F15: =C15+D15-I15 -> 1012 | G15: =D15+C15-J15 -> 1042 | H15: =K15+N15 -> 1800 | I15: =L15+O15 -> 1780 | J15: =M15+P15 -> 1750 | K15: =K14 -> 2000 | L15: =L14 -> 2000 | M15: =M14 -> 2000 | N15: =N14-Q15 -> -200 | O15: =O14-R15 -> -220 | P15: =P14-S15 -> -250 | Q15: 0 | R15: 0 | S15: 0 | T15: =D15+C15-V15 -> 3012 | U15: =U14+$X15*1000-Q15 -> -200 | V15: =V14+$X15*1000-R15 -> -220 | W15: =W14+$X15*1000-S15 -> -250
A16: 2 | B16: =B15+1 -> 45253 | C16: =C15 -> 1069 | D16: =D15-2 -> 1721 | E16: =C16+D16-H16 -> 990 | F16: =C16+D16-I16 -> 1010 | G16: =D16+C16-J16 -> 1040 | H16: =K16+N16 -> 1800 | I16: =L16+O16 -> 1780 | J16: =M16+P16 -> 1750 | K16: =K15 -> 2000 | L16: =L15 -> 2000 | M16: =M15 -> 2000 | N16: =N15-Q16 -> -200 | O16: =O15-R16 -> -220 | P16: =P15-S16 -> -250 | Q16: 0 | R16: 0 | S16: 0 | T16: =D16+C16-V16 -> 3010 | U16: =U15+$X16*1000-Q16 -> -200 | V16: =V15+$X16*1000-R16 -> -220 | W16: =W15+$X16*1000-S16 -> -250
A17: 3 | B17: =B16+1 -> 45254 | C17: =C16 -> 1069 | D17: =D16-2 -> 1719 | E17: =C17+D17-H17 -> 988 | F17: =C17+D17-I17 -> 1008 | G17: =D17+C17-J17 -> 1038 | H17: =K17+N17 -> 1800 | I17: =L17+O17 -> 1780 | J17: =M17+P17 -> 1750 | K17: =K16 -> 2000 | L17: =L16 -> 2000 | M17: =M16 -> 2000 | N17: =N16-Q17 -> -200 | O17: =O16-R17 -> -220 | P17: =P16-S17 -> -250 | Q17: 0 | R17: 0 | S17: 0 | T17: =D17+C17-V17 -> 3008 | U17: =U16+$X17*1000-Q17 -> -200 | V17: =V16+$X17*1000-R17 -> -220 | W17: =W16+$X17*1000-S17 -> -250 | AE17: 45256
A18: 4 | B18: =B17+1 -> 45255 | C18: =C17 -> 1069 | D18: =D17-2 -> 1717 | E18: =C18+D18-H18 -> 986 | F18: =C18+D18-I18 -> 1006 | G18: =D18+C18-J18 -> 1036 | H18: =K18+N18 -> 1800 | I18: =L18+O18 -> 1780 | J18: =M18+P18 -> 1750 | K18: =K17 -> 2000 | L18: =L17 -> 2000 | M18: =M17 -> 2000 | N18: =N17-Q18 -> -200 | O18: =O17-R18 -> -220 | P18: =P17-S18 -> -250 | Q18: 0 | R18: 0 | S18: 0 | T18: =D18+C18-V18 -> 3006 | U18: =U17+$X18*1000-Q18 -> -200 | V18: =V17+$X18*1000-R18 -> -220 | W18: =W17+$X18*1000-S18 -> -250 | AE18: 45260
A19: 5 | B19: =B18+1 -> 45256 | C19: =C18 -> 1069 | D19: =D18-2 -> 1715 | E19: =C19+D19-H19 -> 984 | F19: =C19+D19-I19 -> 1004 | G19: =D19+C19-J19 -> 1034 | H19: =K19+N19 -> 1800 | I19: =L19+O19 -> 1780 | J19: =M19+P19 -> 1750 | K19: =K18 -> 2000 | L19: =L18 -> 2000 | M19: =M18 -> 2000 | N19: =N18-Q19 -> -200 | O19: =O18-R19 -> -220 | P19: =P18-S19 -> -250 | Q19: 0 | R19: 0 | S19: 0 | T19: =D19+C19-V19 -> 3004 | U19: =U18+$X19*1000-Q19 -> -200 | V19: =V18+$X19*1000-R19 -> -220 | W19: =W18+$X19*1000-S19 -> -250 | AE19: 45264
A20: 6 | B20: =B19+1 -> 45257 | C20: =C19 -> 1069 | D20: =D19-2 -> 1713 | E20: =C20+D20-H20 -> 982 | F20: =C20+D20-I20 -> 1002 | G20: =D20+C20-J20 -> 1032 | H20: =K20+N20 -> 1800 | I20: =L20+O20 -> 1780 | J20: =M20+P20 -> 1750 | K20: =K19 -> 2000 | L20: =L19 -> 2000 | M20: =M19 -> 2000 | N20: =N19-Q20 -> -200 | O20: =O19-R20 -> -220 | P20: =P19-S20 -> -250 | Q20: 0 | R20: 0 | S20: 0 | T20: =D20+C20-V20 -> 3002 | U20: =U19+$X20*1000-Q20 -> -200 | V20: =V19+$X20*1000-R20 -> -220 | W20: =W19+$X20*1000-S20 -> -250 | AE20: 45268
A21: 7 | B21: =B20+1 -> 45258 | C21: =C20 -> 1069 | D21: =D20-2 -> 1711 | E21: =C21+D21-H21 -> 980 | F21: =C21+D21-I21 -> 1000 | G21: =D21+C21-J21 -> 1030 | H21: =K21+N21 -> 1800 | I21: =L21+O21 -> 1780 | J21: =M21+P21 -> 1750 | K21: =K20 -> 2000 | L21: =L20 -> 2000 | M21: =M20 -> 2000 | N21: =N20-Q21 -> -200 | O21: =O20-R21 -> -220 | P21: =P20-S21 -> -250 | Q21: 0 | R21: 0 | S21: 0 | T21: =D21+C21-V21 -> 3000 | U21: =U20+$X21*1000-Q21 -> -200 | V21: =V20+$X21*1000-R21 -> -220 | W21: =W20+$X21*1000-S21 -> -250 | AE21: 45272
A22: 8 | B22: =B21+1 -> 45259 | C22: =C21 -> 1069 | D22: =D21-2 -> 1709 | E22: =C22+D22-H22 -> 978 | F22: =C22+D22-I22 -> 998 | G22: =D22+C22-J22 -> 1028 | H22: =K22+N22 -> 1800 | I22: =L22+O22 -> 1780 | J22: =M22+P22 -> 1750 | K22: =K21 -> 2000 | L22: =L21 -> 2000 | M22: =M21 -> 2000 | N22: =N21-Q22 -> -200 | O22: =O21-R22 -> -220 | P22: =P21-S22 -> -250 | Q22: 0 | R22: 0 | S22: 0 | T22: =D22+C22-V22 -> 2998 | U22: =U21+$X22*1000-Q22 -> -200 | V22: =V21+$X22*1000-R22 -> -220 | W22: =W21+$X22*1000-S22 -> -250 | AE22: 45276
A23: 9 | B23: =B22+1 -> 45260 | C23: =C22 -> 1069 | D23: =D22-2 -> 1707 | E23: =C23+D23-H23 -> 976 | F23: =C23+D23-I23 -> 996 | G23: =D23+C23-J23 -> 1026 | H23: =K23+N23 -> 1800 | I23: =L23+O23 -> 1780 | J23: =M23+P23 -> 1750 | K23: =K22 -> 2000 | L23: =L22 -> 2000 | M23: =M22 -> 2000 | N23: =N22-Q23 -> -200 | O23: =O22-R23 -> -220 | P23: =P22-S23 -> -250 | Q23: 0 | R23: 0 | S23: 0 | T23: =D23+C23-V23 -> 2996 | U23: =U22+$X23*1000-Q23 -> -200 | V23: =V22+$X23*1000-R23 -> -220 | W23: =W22+$X23*1000-S23 -> -250 | AE23: 45280
A24: 10 | B24: =B23+1 -> 45261 | C24: =C23 -> 1069 | D24: =D23-2 -> 1705 | E24: =C24+D24-H24 -> 974 | F24: =C24+D24-I24 -> 994 | G24: =D24+C24-J24 -> 1024 | H24: =K24+N24 -> 1800 | I24: =L24+O24 -> 1780 | J24: =M24+P24 -> 1750 | K24: =K23 -> 2000 | L24: =L23 -> 2000 | M24: =M23 -> 2000 | N24: =N23-Q24 -> -200 | O24: =O23-R24 -> -220 | P24: =P23-S24 -> -250 | Q24: 0 | R24: 0 | S24: 0 | T24: =D24+C24-V24 -> 2994 | U24: =U23+$X24*1000-Q24 -> -200 | V24: =V23+$X24*1000-R24 -> -220 | W24: =W23+$X24*1000-S24 -> -250 | AE24: 45284
A25: 11 | B25: =B24+1 -> 45262 | C25: =C24 -> 1069 | D25: =D24-2 -> 1703 | E25: =C25+D25-H25 -> 972 | F25: =C25+D25-I25 -> 992 | G25: =D25+C25-J25 -> 1022 | H25: =K25+N25 -> 1800 | I25: =L25+O25 -> 1780 | J25: =M25+P25 -> 1750 | K25: =K24 -> 2000 | L25: =L24 -> 2000 | M25: =M24 -> 2000 | N25: =N24-Q25 -> -200 | O25: =O24-R25 -> -220 | P25: =P24-S25 -> -250 | Q25: 0 | R25: 0 | S25: 0 | T25: =D25+C25-V25 -> 2992 | U25: =U24+$X25*1000-Q25 -> -200 | V25: =V24+$X25*1000-R25 -> -220 | W25: =W24+$X25*1000-S25 -> -250 | AE25: 45402
A26: 12 | B26: =B25+1 -> 45263 | C26: =C25 -> 1069 | D26: =D25-2 -> 1701 | E26: =C26+D26-H26 -> 970 | F26: =C26+D26-I26 -> 990 | G26: =D26+C26-J26 -> 1020 | H26: =K26+N26 -> 1800 | I26: =L26+O26 -> 1780 | J26: =M26+P26 -> 1750 | K26: =K25 -> 2000 | L26: =L25 -> 2000 | M26: =M25 -> 2000 | N26: =N25-Q26 -> -200 | O26: =O25-R26 -> -220 | P26: =P25-S26 -> -250 | Q26: 0 | R26: 0 | S26: 0 | T26: =D26+C26-V26 -> 2990 | U26: =U25+$X26*1000-Q26 -> -200 | V26: =V25+$X26*1000-R26 -> -220 | W26: =W25+$X26*1000-S26 -> -250 | AE26: 45406
A27: 13 | B27: =B26+1 -> 45264 | C27: =C26 -> 1069 | D27: =D26-2 -> 1699 | E27: =C27+D27-H27 -> 968 | F27: =C27+D27-I27 -> 988 | G27: =D27+C27-J27 -> 1018 | H27: =K27+N27 -> 1800 | I27: =L27+O27 -> 1780 | J27: =M27+P27 -> 1750 | K27: =K26 -> 2000 | L27: =L26 -> 2000 | M27: =M26 -> 2000 | N27: =N26-Q27 -> -200 | O27: =O26-R27 -> -220 | P27: =P26-S27 -> -250 | Q27: 0 | R27: 0 | S27: 0 | T27: =D27+C27-V27 -> 2988 | U27: =U26+$X27*1000-Q27 -> -200 | V27: =V26+$X27*1000-R27 -> -220 | W27: =W26+$X27*1000-S27 -> -250 | AE27: 45411
A28: 14 | B28: =B27+1 -> 45265 | C28: =C27 -> 1069 | D28: =D27-2 -> 1697 | E28: =C28+D28-H28 -> 966 | F28: =C28+D28-I28 -> 986 | G28: =D28+C28-J28 -> 1016 | H28: =K28+N28 -> 1800 | I28: =L28+O28 -> 1780 | J28: =M28+P28 -> 1750 | K28: =K27 -> 2000 | L28: =L27 -> 2000 | M28: =M27 -> 2000 | N28: =N27-Q28 -> -200 | O28: =O27-R28 -> -220 | P28: =P27-S28 -> -250 | Q28: 0 | R28: 0 | S28: 0 | T28: =D28+C28-V28 -> 2986 | U28: =U27+$X28*1000-Q28 -> -200 | V28: =V27+$X28*1000-R28 -> -220 | W28: =W27+$X28*1000-S28 -> -250 | AE28: 45415
A29: 15 | B29: =B28+1 -> 45266 | C29: =C28 -> 1069 | D29: =D28-2 -> 1695 | E29: =C29+D29-H29 -> 964 | F29: =C29+D29-I29 -> 984 | G29: =D29+C29-J29 -> 1014 | H29: =K29+N29 -> 1800 | I29: =L29+O29 -> 1780 | J29: =M29+P29 -> 1750 | K29: =K28 -> 2000 | L29: =L28 -> 2000 | M29: =M28 -> 2000 | N29: =N28-Q29 -> -200 | O29: =O28-R29 -> -220 | P29: =P28-S29 -> -250 | Q29: 0 | R29: 0 | S29: 0 | T29: =D29+C29-V29 -> 2984 | U29: =U28+$X29*1000-Q29 -> -200 | V29: =V28+$X29*1000-R29 -> -220 | W29: =W28+$X29*1000-S29 -> -250
A30: 16 | B30: =B29+1 -> 45267 | C30: =C29 -> 1069 | D30: =D29-2 -> 1693 | E30: =C30+D30-H30 -> 962 | F30: =C30+D30-I30 -> 982 | G30: =D30+C30-J30 -> 1012 | H30: =K30+N30 -> 1800 | I30: =L30+O30 -> 1780 | J30: =M30+P30 -> 1750 | K30: =K29 -> 2000 | L30: =L29 -> 2000 | M30: =M29 -> 2000 | N30: =N29-Q30 -> -200 | O30: =O29-R30 -> -220 | P30: =P29-S30 -> -250 | Q30: 0 | R30: 0 | S30: 0 | T30: =D30+C30-V30 -> 2982 | U30: =U29+$X30*1000-Q30 -> -200 | V30: =V29+$X30*1000-R30 -> -220 | W30: =W29+$X30*1000-S30 -> -250
A31: 17 | B31: =B30+1 -> 45268 | C31: =C30 -> 1069 | D31: =D30-2 -> 1691 | E31: =C31+D31-H31 -> 969 | F31: =C31+D31-I31 -> 988 | G31: =D31+C31-J31 -> 1019 | H31: =K31+N31 -> 1791 | I31: =L31+O31 -> 1772 | J31: =M31+P31 -> 1741 | K31: =K30 -> 2000 | L31: =L30 -> 2000 | M31: =M30 -> 2000 | N31: =N30-Q31 -> -209 | O31: =O30-R31 -> -228 | P31: =P30-S31 -> -259 | Q31: 9 | R31: 8 | S31: 9 | T31: =D31+C31-V31 -> 2688 | U31: =U30+$X31*1000-Q31 -> 91 | V31: =V30+$X31*1000-R31 -> 72 | W31: =W30+$X31*1000-S31 -> 41 | X31: 0.3 | AB31: 9
A32: 18 | B32: =B31+1 -> 45269 | C32: =C31 -> 1069 | D32: =D31-2 -> 1689 | E32: =C32+D32-H32 -> 970 | F32: =C32+D32-I32 -> 989 | G32: =D32+C32-J32 -> 1020 | H32: =K32+N32 -> 1788 | I32: =L32+O32 -> 1769 | J32: =M32+P32 -> 1738 | K32: =K31 -> 2000 | L32: =L31 -> 2000 | M32: =M31 -> 2000 | N32: =N31-Q32 -> -212 | O32: =O31-R32 -> -231 | P32: =P31-S32 -> -262 | Q32: 3 | R32: 3 | S32: 3 | T32: =D32+C32-V32 -> 2689 | U32: =U31+$X32*1000-Q32 -> 88 | V32: =V31+$X32*1000-R32 -> 69 | W32: =W31+$X32*1000-S32 -> 38
A33: 19 | B33: =B32+1 -> 45270 | C33: =C32 -> 1069 | D33: =D32-2 -> 1687 | E33: =C33+D33-H33 -> 972 | F33: =C33+D33-I33 -> 992 | G33: =D33+C33-J33 -> 1022 | H33: =K33+N33 -> 1784 | I33: =L33+O33 -> 1764 | J33: =M33+P33 -> 1734 | K33: =K32 -> 2000 | L33: =L32 -> 2000 | M33: =M32 -> 2000 | N33: =N32-Q33 -> -216 | O33: =O32-R33 -> -236 | P33: =P32-S33 -> -266 | Q33: 4 | R33: 5 | S33: 4 | T33: =D33+C33-V33 -> 2692 | U33: =U32+$X33*1000-Q33 -> 84 | V33: =V32+$X33*1000-R33 -> 64 | W33: =W32+$X33*1000-S33 -> 34
A34: 20 | B34: =B33+1 -> 45271 | C34: =C33 -> 1069 | D34: =D33-2 -> 1685 | E34: =C34+D34-H34 -> 976 | F34: =C34+D34-I34 -> 993 | G34: =D34+C34-J34 -> 1023 | H34: =K34+N34 -> 1778 | I34: =L34+O34 -> 1761 | J34: =M34+P34 -> 1731 | K34: =K33 -> 2000 | L34: =L33 -> 2000 | M34: =M33 -> 2000 | N34: =N33-Q34 -> -222 | O34: =O33-R34 -> -239 | P34: =P33-S34 -> -269 | Q34: 6 | R34: 3 | S34: 3 | T34: =D34+C34-V34 -> 2693 | U34: =U33+$X34*1000-Q34 -> 78 | V34: =V33+$X34*1000-R34 -> 61 | W34: =W33+$X34*1000-S34 -> 31
A35: 21 | B35: =B34+1 -> 45272 | C35: =C34 -> 1069 | D35: =D34-2 -> 1683 | E35: =C35+D35-H35 -> 983 | F35: =C35+D35-I35 -> 999 | G35: =D35+C35-J35 -> 1030 | H35: =K35+N35 -> 1769 | I35: =L35+O35 -> 1753 | J35: =M35+P35 -> 1722 | K35: =K34 -> 2000 | L35: =L34 -> 2000 | M35: =M34 -> 2000 | N35: =N34-Q35 -> -231 | O35: =O34-R35 -> -247 | P35: =P34-S35 -> -278 | Q35: 9 | R35: 8 | S35: 9 | T35: =D35+C35-V35 -> 2379 | U35: =U34+$X35*1000-Q35 -> 369 | V35: =V34+0.32*1000-R35 -> 373 | W35: =W34+0.35*1000-S35 -> 372 | X35: 0.3 | AB35: 8
A36: 22 | B36: =B35+1 -> 45273 | C36: =C35 -> 1069 | D36: =D35-2 -> 1681 | E36: =C36+D36-H36 -> 989 | F36: =C36+D36-I36 -> 999 | G36: =D36+C36-J36 -> 1030 | H36: =K36+N36 -> 1761 | I36: =L36+O36 -> 1751 | J36: =M36+P36 -> 1720 | K36: =K35 -> 2000 | L36: =L35 -> 2000 | M36: =M35 -> 2000 | N36: =N35-Q36 -> -239 | O36: =O35-R36 -> -249 | P36: =P35-S36 -> -280 | Q36: 8 | R36: 2 | S36: 2 | T36: =D36+C36-V36 -> 2379 | U36: =U35+$X36*1000-Q36 -> 361 | V36: =V35+$X36*1000-R36 -> 371 | W36: =W35+$X36*1000-S36 -> 370
A37: 23 | B37: =B36+1 -> 45274 | C37: =C36 -> 1069 | D37: =D36-2 -> 1679 | E37: =C37+D37-H37 -> 992 | F37: =C37+D37-I37 -> 999 | G37: =D37+C37-J37 -> 1032 | H37: =K37+N37 -> 1756 | I37: =L37+O37 -> 1749 | J37: =M37+P37 -> 1716 | K37: =K36 -> 2000 | L37: =L36 -> 2000 | M37: =M36 -> 2000 | N37: =N36-Q37 -> -244 | O37: =O36-R37 -> -251 | P37: =P36-S37 -> -284 | Q37: 5 | R37: 2 | S37: 4 | T37: =D37+C37-V37 -> 2379 | U37: =U36+$X37*1000-Q37 -> 356 | V37: =V36+$X37*1000-R37 -> 369 | W37: =W36+$X37*1000-S37 -> 366
A38: 24 | B38: =B37+1 -> 45275 | C38: =C37 -> 1069 | D38: =D37-2 -> 1677 | E38: =C38+D38-H38 -> 994 | F38: =C38+D38-I38 -> 1000 | G38: =D38+C38-J38 -> 1033 | H38: =K38+N38 -> 1752 | I38: =L38+O38 -> 1746 | J38: =M38+P38 -> 1713 | K38: =K37 -> 2000 | L38: =L37 -> 2000 | M38: =M37 -> 2000 | N38: =N37-Q38 -> -248 | O38: =O37-R38 -> -254 | P38: =P37-S38 -> -287 | Q38: 4 | R38: 3 | S38: 3 | T38: =D38+C38-V38 -> 2380 | U38: =U37+$X38*1000-Q38 -> 352 | V38: =V37+$X38*1000-R38 -> 366 | W38: =W37+$X38*1000-S38 -> 363
A39: 25 | B39: =B38+1 -> 45276 | C39: =C38 -> 1069 | D39: =D38-2 -> 1675 | E39: =C39+D39-H39 -> 1001 | F39: =C39+D39-I39 -> 1006 | G39: =D39+C39-J39 -> 1040 | H39: =K39+N39 -> 1743 | I39: =L39+O39 -> 1738 | J39: =M39+P39 -> 1704 | K39: =K38 -> 2000 | L39: =L38 -> 2000 | M39: =M38 -> 2000 | N39: =N38-Q39 -> -257 | O39: =O38-R39 -> -262 | P39: =P38-S39 -> -296 | Q39: 9 | R39: 8 | S39: 9 | T39: =D39+C39-V39 -> 2186 | U39: =U38+$X39*1000-Q39 -> 543 | V39: =V38+$X39*1000-R39 -> 558 | W39: =W38+$X39*1000-S39 -> 554 | X39: 0.2 | AB39: 7
A40: 26 | B40: =B39+1 -> 45277 | C40: =C39 -> 1069 | D40: =D39-2 -> 1673 | E40: =C40+D40-H40 -> 1001 | F40: =C40+D40-I40 -> 1009 | G40: =D40+C40-J40 -> 1040 | H40: =K40+N40 -> 1741 | I40: =L40+O40 -> 1733 | J40: =M40+P40 -> 1702 | K40: =K39 -> 2000 | L40: =L39 -> 2000 | M40: =M39 -> 2000 | N40: =N39-Q40 -> -259 | O40: =O39-R40 -> -267 | P40: =P39-S40 -> -298 | Q40: 2 | R40: 5 | S40: 2 | T40: =D40+C40-V40 -> 2189 | U40: =U39+$X40*1000-Q40 -> 541 | V40: =V39+$X40*1000-R40 -> 553 | W40: =W39+$X40*1000-S40 -> 552
A41: 27 | B41: =B40+1 -> 45278 | C41: =C40 -> 1069 | D41: =D40-2 -> 1671 | E41: =C41+D41-H41 -> 1003 | F41: =C41+D41-I41 -> 1012 | G41: =D41+C41-J41 -> 1040 | H41: =K41+N41 -> 1737 | I41: =L41+O41 -> 1728 | J41: =M41+P41 -> 1700 | K41: =K40 -> 2000 | L41: =L40 -> 2000 | M41: =M40 -> 2000 | N41: =N40-Q41 -> -263 | O41: =O40-R41 -> -272 | P41: =P40-S41 -> -300 | Q41: 4 | R41: 5 | S41: 2 | T41: =D41+C41-V41 -> 2192 | U41: =U40+$X41*1000-Q41 -> 537 | V41: =V40+$X41*1000-R41 -> 548 | W41: =W40+$X41*1000-S41 -> 550
A42: 28 | B42: =B41+1 -> 45279 | C42: =C41 -> 1069 | D42: =D41-2 -> 1669 | E42: =C42+D42-H42 -> 1005 | F42: =C42+D42-I42 -> 1015 | G42: =D42+C42-J42 -> 1043 | H42: =K42+N42 -> 1733 | I42: =L42+O42 -> 1723 | J42: =M42+P42 -> 1695 | K42: =K41 -> 2000 | L42: =L41 -> 2000 | M42: =M41 -> 2000 | N42: =N41-Q42 -> -267 | O42: =O41-R42 -> -277 | P42: =P41-S42 -> -305 | Q42: 4 | R42: 5 | S42: 5 | T42: =D42+C42-V42 -> 2195 | U42: =U41+$X42*1000-Q42 -> 533 | V42: =V41+$X42*1000-R42 -> 543 | W42: =W41+$X42*1000-S42 -> 545
A43: 29 | B43: =B42+1 -> 45280 | C43: =C42 -> 1069 | D43: =D42-2 -> 1667 | E43: =C43+D43-H43 -> 1011 | F43: =C43+D43-I43 -> 1021 | G43: =D43+C43-J43 -> 1049 | H43: =K43+N43 -> 1725 | I43: =L43+O43 -> 1715 | J43: =M43+P43 -> 1687 | K43: =K42 -> 2000 | L43: =L42 -> 2000 | M43: =M42 -> 2000 | N43: =N42-Q43 -> -275 | O43: =O42-R43 -> -285 | P43: =P42-S43 -> -313 | Q43: 8 | R43: 8 | S43: 8 | T43: =D43+C43-V43 -> 2001 | U43: =U42+$X43*1000-Q43 -> 725 | V43: =V42+$X43*1000-R43 -> 735 | W43: =W42+$X43*1000-S43 -> 737 | X43: 0.2 | AB43: 6
A44: 30 | B44: =B43+1 -> 45281 | C44: =C43 -> 1069 | D44: =D43-2 -> 1665 | E44: =C44+D44-H44 -> 1014 | F44: =C44+D44-I44 -> 1021 | G44: =D44+C44-J44 -> 1049 | H44: =K44+N44 -> 1720 | I44: =L44+O44 -> 1713 | J44: =M44+P44 -> 1685 | K44: =K43 -> 2000 | L44: =L43 -> 2000 | M44: =M43 -> 2000 | N44: =N43-Q44 -> -280 | O44: =O43-R44 -> -287 | P44: =P43-S44 -> -315 | Q44: 5 | R44: 2 | S44: 2 | T44: =D44+C44-V44 -> 2001 | U44: =U43+$X44*1000-Q44 -> 720 | V44: =V43+$X44*1000-R44 -> 733 | W44: =W43+$X44*1000-S44 -> 735
A45: 31 | B45: =B44+1 -> 45282 | C45: =C44 -> 1069 | D45: =D44-2 -> 1663 | E45: =C45+D45-H45 -> 1016 | F45: =C45+D45-I45 -> 1023 | G45: =D45+C45-J45 -> 1049 | H45: =K45+N45 -> 1716 | I45: =L45+O45 -> 1709 | J45: =M45+P45 -> 1683 | K45: =K44 -> 2000 | L45: =L44 -> 2000 | M45: =M44 -> 2000 | N45: =N44-Q45 -> -284 | O45: =O44-R45 -> -291 | P45: =P44-S45 -> -317 | Q45: 4 | R45: 4 | S45: 2 | T45: =D45+C45-V45 -> 2003 | U45: =U44+$X45*1000-Q45 -> 716 | V45: =V44+$X45*1000-R45 -> 729 | W45: =W44+$X45*1000-S45 -> 733
A46: 32 | B46: =B45+1 -> 45283 | C46: =C45 -> 1069 | D46: =D45-2 -> 1661 | E46: =C46+D46-H46 -> 1017 | F46: =C46+D46-I46 -> 1028 | G46: =D46+C46-J46 -> 1049 | H46: =K46+N46 -> 1713 | I46: =L46+O46 -> 1702 | J46: =M46+P46 -> 1681 | K46: =K45 -> 2000 | L46: =L45 -> 2000 | M46: =M45 -> 2000 | N46: =N45-Q46 -> -287 | O46: =O45-R46 -> -298 | P46: =P45-S46 -> -319 | Q46: 3 | R46: 7 | S46: 2 | T46: =D46+C46-V46 -> 2008 | U46: =U45+$X46*1000-Q46 -> 713 | V46: =V45+$X46*1000-R46 -> 722 | W46: =W45+$X46*1000-S46 -> 731
A47: 33 | B47: =B46+1 -> 45284 | C47: =C46 -> 1069 | D47: =D46-2 -> 1659 | E47: =C47+D47-H47 -> 1024 | F47: =C47+D47-I47 -> 1034 | G47: =D47+C47-J47 -> 1056 | H47: =K47+N47 -> 1704 | I47: =L47+O47 -> 1694 | J47: =M47+P47 -> 1672 | K47: =K46 -> 2000 | L47: =L46 -> 2000 | M47: =M46 -> 2000 | N47: =N46-Q47 -> -296 | O47: =O46-R47 -> -306 | P47: =P46-S47 -> -328 | Q47: 9 | R47: 8 | S47: 9 | T47: =D47+C47-V47 -> 1714 | U47: =U46+$X47*1000-Q47 -> 1004 | V47: =V46+$X47*1000-R47 -> 1014 | W47: =W46+$X47*1000-S47 -> 1022 | X47: 0.3 | AB47: 5
A48: 34 | B48: =B47+1 -> 45285 | C48: =C47 -> 1069 | D48: =D47-2 -> 1657 | E48: =C48+D48-H48 -> 1025 | F48: =C48+D48-I48 -> 1036 | G48: =D48+C48-J48 -> 1057 | H48: =K48+N48 -> 1701 | I48: =L48+O48 -> 1690 | J48: =M48+P48 -> 1669 | K48: =K47 -> 2000 | L48: =L47 -> 2000 | M48: =M47 -> 2000 | N48: =N47-Q48 -> -299 | O48: =O47-R48 -> -310 | P48: =P47-S48 -> -331 | Q48: 3 | R48: 4 | S48: 3 | T48: =D48+C48-V48 -> 1716 | U48: =U47+$X48*1000-Q48 -> 1001 | V48: =V47+$X48*1000-R48 -> 1010 | W48: =W47+$X48*1000-S48 -> 1019
A49: 35 | B49: =B48+1 -> 45286 | C49: =C48 -> 1069 | D49: =D48-2 -> 1655 | E49: =C49+D49-H49 -> 1028 | F49: =C49+D49-I49 -> 1036 | G49: =D49+C49-J49 -> 1059 | H49: =K49+N49 -> 1696 | I49: =L49+O49 -> 1688 | J49: =M49+P49 -> 1665 | K49: =K48 -> 2000 | L49: =L48 -> 2000 | M49: =M48 -> 2000 | N49: =N48-Q49 -> -304 | O49: =O48-R49 -> -312 | P49: =P48-S49 -> -335 | Q49: 5 | R49: 2 | S49: 4 | T49: =D49+C49-V49 -> 1716 | U49: =U48+$X49*1000-Q49 -> 996 | V49: =V48+$X49*1000-R49 -> 1008 | W49: =W48+$X49*1000-S49 -> 1015
A50: 36 | B50: =B49+1 -> 45287 | C50: =C49 -> 1069 | D50: =D49-2 -> 1653 | E50: =C50+D50-H50 -> 1031 | F50: =C50+D50-I50 -> 1036 | G50: =D50+C50-J50 -> 1061 | H50: =K50+N50 -> 1691 | I50: =L50+O50 -> 1686 | J50: =M50+P50 -> 1661 | K50: =K49 -> 2000 | L50: =L49 -> 2000 | M50: =M49 -> 2000 | N50: =N49-Q50 -> -309 | O50: =O49-R50 -> -314 | P50: =P49-S50 -> -339 | Q50: 5 | R50: 2 | S50: 4 | T50: =D50+C50-V50 -> 1716 | U50: =U49+$X50*1000-Q50 -> 991 | V50: =V49+$X50*1000-R50 -> 1006 | W50: =W49+$X50*1000-S50 -> 1011
A51: 37 | B51: =B50+1 -> 45288 | C51: =C50 -> 1069 | D51: =D50-2 -> 1651 | E51: =C51+D51-H51 -> 1033 | F51: =C51+D51-I51 -> 1038 | G51: =D51+C51-J51 -> 1062 | H51: =K51+N51 -> 1687 | I51: =L51+O51 -> 1682 | J51: =M51+P51 -> 1658 | K51: =K50 -> 2000 | L51: =L50 -> 2000 | M51: =M50 -> 2000 | N51: =N50-Q51 -> -313 | O51: =O50-R51 -> -318 | P51: =P50-S51 -> -342 | Q51: 4 | R51: 4 | S51: 3 | T51: =D51+C51-V51 -> 1718 | U51: =U50+$X51*1000-Q51 -> 987 | V51: =V50+$X51*1000-R51 -> 1002 | W51: =W50+$X51*1000-S51 -> 1008
A52: 38 | B52: =B51+1 -> 45289 | C52: =C51 -> 1069 | D52: =D51-2 -> 1649 | E52: =C52+D52-H52 -> 1034 | F52: =C52+D52-I52 -> 1043 | G52: =D52+C52-J52 -> 1063 | H52: =K52+N52 -> 1684 | I52: =L52+O52 -> 1675 | J52: =M52+P52 -> 1655 | K52: =K51 -> 2000 | L52: =L51 -> 2000 | M52: =M51 -> 2000 | N52: =N51-Q52 -> -316 | O52: =O51-R52 -> -325 | P52: =P51-S52 -> -345 | Q52: 3 | R52: 7 | S52: 3 | T52: =D52+C52-V52 -> 1723 | U52: =U51+$X52*1000-Q52 -> 984 | V52: =V51+$X52*1000-R52 -> 995 | W52: =W51+$X52*1000-S52 -> 1005
A53: 39 | B53: =B52+1 -> 45290 | C53: =C52 -> 1069 | D53: =D52-2 -> 1647 | E53: =C53+D53-H53 -> 1037 | F53: =C53+D53-I53 -> 1046 | G53: =D53+C53-J53 -> 1063 | H53: =K53+N53 -> 1679 | I53: =L53+O53 -> 1670 | J53: =M53+P53 -> 1653 | K53: =K52 -> 2000 | L53: =L52 -> 2000 | M53: =M52 -> 2000 | N53: =N52-Q53 -> -321 | O53: =O52-R53 -> -330 | P53: =P52-S53 -> -347 | Q53: 5 | R53: 5 | S53: 2 | T53: =D53+C53-V53 -> 1726 | U53: =U52+$X53*1000-Q53 -> 979 | V53: =V52+$X53*1000-R53 -> 990 | W53: =W52+$X53*1000-S53 -> 1003
A54: 40 | B54: =B53+1 -> 45291 | C54: =C53 -> 1069 | D54: =D53-2 -> 1645 | E54: =C54+D54-H54 -> 1037 | F54: =C54+D54-I54 -> 1046 | G54: =D54+C54-J54 -> 1065 | H54: =K54+N54 -> 1677 | I54: =L54+O54 -> 1668 | J54: =M54+P54 -> 1649 | K54: =K53 -> 2000 | L54: =L53 -> 2000 | M54: =M53 -> 2000 | N54: =N53-Q54 -> -323 | O54: =O53-R54 -> -332 | P54: =P53-S54 -> -351 | Q54: 2 | R54: 2 | S54: 4 | T54: =D54+C54-V54 -> 1726 | U54: =U53+$X54*1000-Q54 -> 977 | V54: =V53+$X54*1000-R54 -> 988 | W54: =W53+$X54*1000-S54 -> 999
A55: 41 | B55: =B54+1 -> 45292 | C55: =C54 -> 1069 | D55: =D54-2 -> 1643 | E55: =C55+D55-H55 -> 1043 | F55: =C55+D55-I55 -> 1052 | G55: =D55+C55-J55 -> 1071 | H55: =K55+N55 -> 1669 | I55: =L55+O55 -> 1660 | J55: =M55+P55 -> 1641 | K55: =K54 -> 2000 | L55: =L54 -> 2000 | M55: =M54 -> 2000 | N55: =N54-Q55 -> -331 | O55: =O54-R55 -> -340 | P55: =P54-S55 -> -359 | Q55: 8 | R55: 8 | S55: 8 | T55: =D55+C55-V55 -> 1732 | U55: =U54+$X55*1000-Q55 -> 969 | V55: =V54+$X55*1000-R55 -> 980 | W55: =W54+$X55*1000-S55 -> 991
A56: 42 | B56: =B55+1 -> 45293 | C56: =C55 -> 1069 | D56: =D55-2 -> 1641 | E56: =C56+D56-H56 -> 1043 | F56: =C56+D56-I56 -> 1052 | G56: =D56+C56-J56 -> 1071 | H56: =K56+N56 -> 1667 | I56: =L56+O56 -> 1658 | J56: =M56+P56 -> 1639 | K56: =K55 -> 2000 | L56: =L55 -> 2000 | M56: =M55 -> 2000 | N56: =N55-Q56 -> -333 | O56: =O55-R56 -> -342 | P56: =P55-S56 -> -361 | Q56: 2 | R56: 2 | S56: 2 | T56: =D56+C56-V56 -> 1732 | U56: =U55+$X56*1000-Q56 -> 967 | V56: =V55+$X56*1000-R56 -> 978 | W56: =W55+$X56*1000-S56 -> 989
A57: 43 | B57: =B56+1 -> 45294 | C57: =C56 -> 1069 | D57: =D56-2 -> 1639 | E57: =C57+D57-H57 -> 1042 | F57: =C57+D57-I57 -> 1054 | G57: =D57+C57-J57 -> 1073 | H57: =K57+N57 -> 1666 | I57: =L57+O57 -> 1654 | J57: =M57+P57 -> 1635 | K57: =K56 -> 2000 | L57: =L56 -> 2000 | M57: =M56 -> 2000 | N57: =N56-Q57 -> -334 | O57: =O56-R57 -> -346 | P57: =P56-S57 -> -365 | Q57: 1 | R57: 4 | S57: 4 | T57: =D57+C57-V57 -> 1734 | U57: =U56+$X57*1000-Q57 -> 966 | V57: =V56+$X57*1000-R57 -> 974 | W57: =W56+$X57*1000-S57 -> 985
A58: 44 | B58: =B57+1 -> 45295 | C58: =C57 -> 1069 | D58: =D57-2 -> 1637 | E58: =C58+D58-H58 -> 1042 | F58: =C58+D58-I58 -> 1054 | G58: =D58+C58-J58 -> 1073 | H58: =K58+N58 -> 1664 | I58: =L58+O58 -> 1652 | J58: =M58+P58 -> 1633 | K58: =K57 -> 2000 | L58: =L57 -> 2000 | M58: =M57 -> 2000 | N58: =N57-Q58 -> -336 | O58: =O57-R58 -> -348 | P58: =P57-S58 -> -367 | Q58: 2 | R58: 2 | S58: 2 | T58: =D58+C58-V58 -> 1734 | U58: =U57+$X58*1000-Q58 -> 964 | V58: =V57+$X58*1000-R58 -> 972 | W58: =W57+$X58*1000-S58 -> 983
A59: 45 | B59: =B58+1 -> 45296 | C59: =C58 -> 1069 | D59: =D58-2 -> 1635 | E59: =C59+D59-H59 -> 1042 | F59: =C59+D59-I59 -> 1053 | G59: =D59+C59-J59 -> 1075 | H59: =K59+N59 -> 1662 | I59: =L59+O59 -> 1651 | J59: =M59+P59 -> 1629 | K59: =K58 -> 2000 | L59: =L58 -> 2000 | M59: =M58 -> 2000 | N59: =N58-Q59 -> -338 | O59: =O58-R59 -> -349 | P59: =P58-S59 -> -371 | Q59: 2 | R59: 1 | S59: 4 | T59: =D59+C59-V59 -> 1733 | U59: =U58+$X59*1000-Q59 -> 962 | V59: =V58+$X59*1000-R59 -> 971 | W59: =W58+$X59*1000-S59 -> 979
... A126: 112 | B126: =B125+1 -> 45363 | C126: =C125 -> 1069 | D126: =D125-2 -> 1501 | E126: =C126+D126-H126 -> 911 | F126: =C126+D126-I126 -> 921 | G126: =D126+C126-J126 -> 945 | H126: =K126+N126 -> 1659 | I126: =L126+O126 -> 1649 | J126: =M126+P126 -> 1625 | K126: =K125 -> 2000 | L126: =L125 -> 2000 | M126: =M125 -> 2000 | N126: =N125-Q126 -> -341 | O126: =O125-R126 -> -351 | P126: =P125-S126 -> -375 | Q126: 0 | R126: 0 | S126: 0 | T126: =D126+C126-V126 -> 1601 | U126: =U125+$X126*1000-Q126 -> 959 | V126: =V125+$X126*1000-R126 -> 969 | W126: =W125+$X126*1000-S126 -> 975
A127: 113 | B127: =B126+1 -> 45364 | C127: =C126 -> 1069 | D127: =D126+2 -> 1503 | E127: =C127+D127-H127 -> 913 | F127: =C127+D127-I127 -> 923 | G127: =D127+C127-J127 -> 947 | H127: =K127+N127 -> 1659 | I127: =L127+O127 -> 1649 | J127: =M127+P127 -> 1625 | K127: =K126 -> 2000 | L127: =L126 -> 2000 | M127: =M126 -> 2000 | N127: =N126-Q127 -> -341 | O127: =O126-R127 -> -351 | P127: =P126-S127 -> -375 | Q127: 0 | R127: 0 | S127: 0 | T127: =D127+C127-V127 -> 1603 | U127: =U126+$X127*1000-Q127 -> 959 | V127: =V126+$X127*1000-R127 -> 969 | W127: =W126+$X127*1000-S127 -> 975
A128: 114 | B128: =B127+1 -> 45365 | C128: =C127 -> 1069 | D128: =D127+2 -> 1505 | E128: =C128+D128-H128 -> 915 | F128: =C128+D128-I128 -> 925 | G128: =D128+C128-J128 -> 949 | H128: =K128+N128 -> 1659 | I128: =L128+O128 -> 1649 | J128: =M128+P128 -> 1625 | K128: =K127 -> 2000 | L128: =L127 -> 2000 | M128: =M127 -> 2000 | N128: =N127-Q128 -> -341 | O128: =O127-R128 -> -351 | P128: =P127-S128 -> -375 | Q128: 0 | R128: 0 | S128: 0 | T128: =D128+C128-V128 -> 1605 | U128: =U127+$X128*1000-Q128 -> 959 | V128: =V127+$X128*1000-R128 -> 969 | W128: =W127+$X128*1000-S128 -> 975
A129: 115 | B129: =B128+1 -> 45366 | C129: =C128 -> 1069 | D129: =D128+2 -> 1507 | E129: =C129+D129-H129 -> 917 | F129: =C129+D129-I129 -> 927 | G129: =D129+C129-J129 -> 951 | H129: =K129+N129 -> 1659 | I129: =L129+O129 -> 1649 | J129: =M129+P129 -> 1625 | K129: =K128 -> 2000 | L129: =L128 -> 2000 | M129: =M128 -> 2000 | N129: =N128-Q129 -> -341 | O129: =O128-R129 -> -351 | P129: =P128-S129 -> -375 | Q129: 0 | R129: 0 | S129: 0 | T129: =D129+C129-V129 -> 1607 | U129: =U128+$X129*1000-Q129 -> 959 | V129: =V128+$X129*1000-R129 -> 969 | W129: =W128+$X129*1000-S129 -> 975
A130: 116 | B130: =B129+1 -> 45367 | C130: =C129 -> 1069 | D130: =D129+2 -> 1509 | E130: =C130+D130-H130 -> 919 | F130: =C130+D130-I130 -> 929 | G130: =D130+C130-J130 -> 953 | H130: =K130+N130 -> 1659 | I130: =L130+O130 -> 1649 | J130: =M130+P130 -> 1625 | K130: =K129 -> 2000 | L130: =L129 -> 2000 | M130: =M129 -> 2000 | N130: =N129-Q130 -> -341 | O130: =O129-R130 -> -351 | P130: =P129-S130 -> -375 | Q130: 0 | R130: 0 | S130: 0 | T130: =D130+C130-V130 -> 1609 | U130: =U129+$X130*1000-Q130 -> 959 | V130: =V129+$X130*1000-R130 -> 969 | W130: =W129+$X130*1000-S130 -> 975
A131: 117 | B131: =B130+1 -> 45368 | C131: =C130 -> 1069 | D131: =D130+2 -> 1511 | E131: =C131+D131-H131 -> 921 | F131: =C131+D131-I131 -> 931 | G131: =D131+C131-J131 -> 955 | H131: =K131+N131 -> 1659 | I131: =L131+O131 -> 1649 | J131: =M131+P131 -> 1625 | K131: =K130 -> 2000 | L131: =L130 -> 2000 | M131: =M130 -> 2000 | N131: =N130-Q131 -> -341 | O131: =O130-R131 -> -351 | P131: =P130-S131 -> -375 | Q131: 0 | R131: 0 | S131: 0 | T131: =D131+C131-V131 -> 1611 | U131: =U130+$X131*1000-Q131 -> 959 | V131: =V130+$X131*1000-R131 -> 969 | W131: =W130+$X131*1000-S131 -> 975
A132: 118 | B132: =B131+1 -> 45369 | C132: =C131 -> 1069 | D132: =D131+2 -> 1513 | E132: =C132+D132-H132 -> 923 | F132: =C132+D132-I132 -> 933 | G132: =D132+C132-J132 -> 957 | H132: =K132+N132 -> 1659 | I132: =L132+O132 -> 1649 | J132: =M132+P132 -> 1625 | K132: =K131 -> 2000 | L132: =L131 -> 2000 | M132: =M131 -> 2000 | N132: =N131-Q132 -> -341 | O132: =O131-R132 -> -351 | P132: =P131-S132 -> -375 | Q132: 0 | R132: 0 | S132: 0 | T132: =D132+C132-V132 -> 1613 | U132: =U131+$X132*1000-Q132 -> 959 | V132: =V131+$X132*1000-R132 -> 969 | W132: =W131+$X132*1000-S132 -> 975
A133: 119 | B133: =B132+1 -> 45370 | C133: =C132 -> 1069 | D133: =D132+2 -> 1515 | E133: =C133+D133-H133 -> 925 | F133: =C133+D133-I133 -> 935 | G133: =D133+C133-J133 -> 959 | H133: =K133+N133 -> 1659 | I133: =L133+O133 -> 1649 | J133: =M133+P133 -> 1625 | K133: =K132 -> 2000 | L133: =L132 -> 2000 | M133: =M132 -> 2000 | N133: =N132-Q133 -> -341 | O133: =O132-R133 -> -351 | P133: =P132-S133 -> -375 | Q133: 0 | R133: 0 | S133: 0 | T133: =D133+C133-V133 -> 1615 | U133: =U132+$X133*1000-Q133 -> 959 | V133: =V132+$X133*1000-R133 -> 969 | W133: =W132+$X133*1000-S133 -> 975
A134: 120 | B134: =B133+1 -> 45371 | C134: =C133 -> 1069 | D134: =D133+2 -> 1517 | E134: =C134+D134-H134 -> 927 | F134: =C134+D134-I134 -> 937 | G134: =D134+C134-J134 -> 961 | H134: =K134+N134 -> 1659 | I134: =L134+O134 -> 1649 | J134: =M134+P134 -> 1625 | K134: =K133 -> 2000 | L134: =L133 -> 2000 | M134: =M133 -> 2000 | N134: =N133-Q134 -> -341 | O134: =O133-R134 -> -351 | P134: =P133-S134 -> -375 | Q134: 0 | R134: 0 | S134: 0 | T134: =D134+C134-V134 -> 1617 | U134: =U133+$X134*1000-Q134 -> 959 | V134: =V133+$X134*1000-R134 -> 969 | W134: =W133+$X134*1000-S134 -> 975
A135: 121 | B135: =B134+1 -> 45372 | C135: =C134 -> 1069 | D135: =D134+2 -> 1519 | E135: =C135+D135-H135 -> 929 | F135: =C135+D135-I135 -> 939 | G135: =D135+C135-J135 -> 963 | H135: =K135+N135 -> 1659 | I135: =L135+O135 -> 1649 | J135: =M135+P135 -> 1625 | K135: =K134 -> 2000 | L135: =L134 -> 2000 | M135: =M134 -> 2000 | N135: =N134-Q135 -> -341 | O135: =O134-R135 -> -351 | P135: =P134-S135 -> -375 | Q135: 0 | R135: 0 | S135: 0 | T135: =D135+C135-V135 -> 1619 | U135: =U134+$X135*1000-Q135 -> 959 | V135: =V134+$X135*1000-R135 -> 969 | W135: =W134+$X135*1000-S135 -> 975
A136: 122 | B136: =B135+1 -> 45373 | C136: =C135 -> 1069 | D136: =D135+2 -> 1521 | E136: =C136+D136-H136 -> 931 | F136: =C136+D136-I136 -> 941 | G136: =D136+C136-J136 -> 965 | H136: =K136+N136 -> 1659 | I136: =L136+O136 -> 1649 | J136: =M136+P136 -> 1625 | K136: =K135 -> 2000 | L136: =L135 -> 2000 | M136: =M135 -> 2000 | N136: =N135-Q136 -> -341 | O136: =O135-R136 -> -351 | P136: =P135-S136 -> -375 | Q136: 0 | R136: 0 | S136: 0 | T136: =D136+C136-V136 -> 1621 | U136: =U135+$X136*1000-Q136 -> 959 | V136: =V135+$X136*1000-R136 -> 969 | W136: =W135+$X136*1000-S136 -> 975
A137: 123 | B137: =B136+1 -> 45374 | C137: =C136 -> 1069 | D137: =D136+2 -> 1523 | E137: =C137+D137-H137 -> 933 | F137: =C137+D137-I137 -> 943 | G137: =D137+C137-J137 -> 967 | H137: =K137+N137 -> 1659 | I137: =L137+O137 -> 1649 | J137: =M137+P137 -> 1625 | K137: =K136 -> 2000 | L137: =L136 -> 2000 | M137: =M136 -> 2000 | N137: =N136-Q137 -> -341 | O137: =O136-R137 -> -351 | P137: =P136-S137 -> -375 | Q137: 0 | R137: 0 | S137: 0 | T137: =D137+C137-V137 -> 1623 | U137: =U136+$X137*1000-Q137 -> 959 | V137: =V136+$X137*1000-R137 -> 969 | W137: =W136+$X137*1000-S137 -> 975
A138: 124 | B138: =B137+1 -> 45375 | C138: =C137 -> 1069 | D138: =D137+2 -> 1525 | E138: =C138+D138-H138 -> 935 | F138: =C138+D138-I138 -> 945 | G138: =D138+C138-J138 -> 969 | H138: =K138+N138 -> 1659 | I138: =L138+O138 -> 1649 | J138: =M138+P138 -> 1625 | K138: =K137 -> 2000 | L138: =L137 -> 2000 | M138: =M137 -> 2000 | N138: =N137-Q138 -> -341 | O138: =O137-R138 -> -351 | P138: =P137-S138 -> -375 | Q138: 0 | R138: 0 | S138: 0 | T138: =D138+C138-V138 -> 1625 | U138: =U137+$X138*1000-Q138 -> 959 | V138: =V137+$X138*1000-R138 -> 969 | W138: =W137+$X138*1000-S138 -> 975
... A164: 150 | B164: =B163+1 -> 45401 | C164: =C163 -> 1069 | D164: =D163+2 -> 1577 | E164: =C164+D164-H164 -> 987 | F164: =C164+D164-I164 -> 997 | G164: =D164+C164-J164 -> 1021 | H164: =K164+N164 -> 1659 | I164: =L164+O164 -> 1649 | J164: =M164+P164 -> 1625 | K164: =K163 -> 2000 | L164: =L163 -> 2000 | M164: =M163 -> 2000 | N164: =N163-Q164 -> -341 | O164: =O163-R164 -> -351 | P164: =P163-S164 -> -375 | Q164: 0 | R164: 0 | S164: 0 | T164: =D164+C164-V164 -> 1677 | U164: =U163+$X164*1000-Q164 -> 959 | V164: =V163+$X164*1000-R164 -> 969 | W164: =W163+$X164*1000-S164 -> 975
A165: 151 | B165: =B164+1 -> 45402 | C165: =C164 -> 1069 | D165: =D164+2 -> 1579 | E165: =C165+D165-H165 -> 998 | F165: =C165+D165-I165 -> 1008 | G165: =D165+C165-J165 -> 1031 | H165: =K165+N165 -> 1650 | I165: =L165+O165 -> 1640 | J165: =M165+P165 -> 1617 | K165: =K164 -> 2000 | L165: =L164 -> 2000 | M165: =M164 -> 2000 | N165: =N164-Q165 -> -350 | O165: =O164-R165 -> -360 | P165: =P164-S165 -> -383 | Q165: 9 | R165: 9 | S165: 8 | T165: =D165+C165-V165 -> 1388 | U165: =U164+$X165*1000-Q165 -> 1250 | V165: =V164+$X165*1000-R165 -> 1260 | W165: =W164+$X165*1000-S165 -> 1267 | X165: 0.3 | AB165: 4
A166: 152 | B166: =B165+1 -> 45403 | C166: =C165 -> 1069 | D166: =D165+2 -> 1581 | E166: =C166+D166-H166 -> 1006 | F166: =C166+D166-I166 -> 1016 | G166: =D166+C166-J166 -> 1036 | H166: =K166+N166 -> 1644 | I166: =L166+O166 -> 1634 | J166: =M166+P166 -> 1614 | K166: =K165 -> 2000 | L166: =L165 -> 2000 | M166: =M165 -> 2000 | N166: =N165-Q166 -> -356 | O166: =O165-R166 -> -366 | P166: =P165-S166 -> -386 | Q166: 6 | R166: 6 | S166: 3 | T166: =D166+C166-V166 -> 1396 | U166: =U165+$X166*1000-Q166 -> 1244 | V166: =V165+$X166*1000-R166 -> 1254 | W166: =W165+$X166*1000-S166 -> 1264
A167: 153 | B167: =B166+1 -> 45404 | C167: =C166 -> 1069 | D167: =D166+2 -> 1583 | E167: =C167+D167-H167 -> 1013 | F167: =C167+D167-I167 -> 1023 | G167: =D167+C167-J167 -> 1042 | H167: =K167+N167 -> 1639 | I167: =L167+O167 -> 1629 | J167: =M167+P167 -> 1610 | K167: =K166 -> 2000 | L167: =L166 -> 2000 | M167: =M166 -> 2000 | N167: =N166-Q167 -> -361 | O167: =O166-R167 -> -371 | P167: =P166-S167 -> -390 | Q167: 5 | R167: 5 | S167: 4 | T167: =D167+C167-V167 -> 1403 | U167: =U166+$X167*1000-Q167 -> 1239 | V167: =V166+$X167*1000-R167 -> 1249 | W167: =W166+$X167*1000-S167 -> 1260
A168: 154 | B168: =B167+1 -> 45405 | C168: =C167 -> 1069 | D168: =D167+2 -> 1585 | E168: =C168+D168-H168 -> 1020 | F168: =C168+D168-I168 -> 1031 | G168: =D168+C168-J168 -> 1048 | H168: =K168+N168 -> 1634 | I168: =L168+O168 -> 1623 | J168: =M168+P168 -> 1606 | K168: =K167 -> 2000 | L168: =L167 -> 2000 | M168: =M167 -> 2000 | N168: =N167-Q168 -> -366 | O168: =O167-R168 -> -377 | P168: =P167-S168 -> -394 | Q168: 5 | R168: 6 | S168: 4 | T168: =D168+C168-V168 -> 1411 | U168: =U167+$X168*1000-Q168 -> 1234 | V168: =V167+$X168*1000-R168 -> 1243 | W168: =W167+$X168*1000-S168 -> 1256
A169: 155 | B169: =B168+1 -> 45406 | C169: =C168 -> 1069 | D169: =D168+2 -> 1587 | E169: =C169+D169-H169 -> 1031 | F169: =C169+D169-I169 -> 1042 | G169: =D169+C169-J169 -> 1058 | H169: =K169+N169 -> 1625 | I169: =L169+O169 -> 1614 | J169: =M169+P169 -> 1598 | K169: =K168 -> 2000 | L169: =L168 -> 2000 | M169: =M168 -> 2000 | N169: =N168-Q169 -> -375 | O169: =O168-R169 -> -386 | P169: =P168-S169 -> -402 | Q169: 9 | R169: 9 | S169: 8 | T169: =D169+C169-V169 -> 1122 | U169: =U168+$X169*1000-Q169 -> 1525 | V169: =V168+$X169*1000-R169 -> 1534 | W169: =W168+$X169*1000-S169 -> 1548 | X169: 0.3 | AB169: 3
A170: 156 | B170: =B169+1 -> 45407 | C170: =C169 -> 1069 | D170: =D169+2 -> 1589 | E170: =C170+D170-H170 -> 1039 | F170: =C170+D170-I170 -> 1050 | G170: =D170+C170-J170 -> 1063 | H170: =K170+N170 -> 1619 | I170: =L170+O170 -> 1608 | J170: =M170+P170 -> 1595 | K170: =K169 -> 2000 | L170: =L169 -> 2000 | M170: =M169 -> 2000 | N170: =N169-Q170 -> -381 | O170: =O169-R170 -> -392 | P170: =P169-S170 -> -405 | Q170: 6 | R170: 6 | S170: 3 | T170: =D170+C170-V170 -> 1130 | U170: =U169+$X170*1000-Q170 -> 1519 | V170: =V169+$X170*1000-R170 -> 1528 | W170: =W169+$X170*1000-S170 -> 1545
A171: 157 | B171: =B170+1 -> 45408 | C171: =C170 -> 1069 | D171: =D170+2 -> 1591 | E171: =C171+D171-H171 -> 1046 | F171: =C171+D171-I171 -> 1057 | G171: =D171+C171-J171 -> 1069 | H171: =K171+N171 -> 1614 | I171: =L171+O171 -> 1603 | J171: =M171+P171 -> 1591 | K171: =K170 -> 2000 | L171: =L170 -> 2000 | M171: =M170 -> 2000 | N171: =N170-Q171 -> -386 | O171: =O170-R171 -> -397 | P171: =P170-S171 -> -409 | Q171: 5 | R171: 5 | S171: 4 | T171: =D171+C171-V171 -> 1137 | U171: =U170+$X171*1000-Q171 -> 1514 | V171: =V170+$X171*1000-R171 -> 1523 | W171: =W170+$X171*1000-S171 -> 1541
A172: 158 | B172: =B171+1 -> 45409 | C172: =C171 -> 1069 | D172: =D171+2 -> 1593 | E172: =C172+D172-H172 -> 1053 | F172: =C172+D172-I172 -> 1065 | G172: =D172+C172-J172 -> 1075 | H172: =K172+N172 -> 1609 | I172: =L172+O172 -> 1597 | J172: =M172+P172 -> 1587 | K172: =K171 -> 2000 | L172: =L171 -> 2000 | M172: =M171 -> 2000 | N172: =N171-Q172 -> -391 | O172: =O171-R172 -> -403 | P172: =P171-S172 -> -413 | Q172: 5 | R172: 6 | S172: 4 | T172: =D172+C172-V172 -> 1145 | U172: =U171+$X172*1000-Q172 -> 1509 | V172: =V171+$X172*1000-R172 -> 1517 | W172: =W171+$X172*1000-S172 -> 1537 | AB172: Trước nối cần
A173: 159 | B173: =B172+1 -> 45410 | C173: =C172 -> 1069 | D173: =D172+2 -> 1595 | E173: =C173+D173-H173 -> 60 | F173: =C173+D173-I173 -> 73 | G173: =D173+C173-J173 -> 81 | H173: =K173+N173 -> 2604 | I173: =L173+O173 -> 2591 | J173: =M173+P173 -> 2583 | K173: =K172+1000 -> 3000 | L173: =L172+1000 -> 3000 | M173: =M172+1000 -> 3000 | N173: =N172-Q173 -> -396 | O173: =O172-R173 -> -409 | P173: =P172-S173 -> -417 | Q173: 5 | R173: 6 | S173: 4 | T173: =D173+C173-V173 -> 1153 | U173: =U172+$X173*1000-Q173 -> 1504 | V173: =V172+$X173*1000-R173 -> 1511 | W173: =W172+$X173*1000-S173 -> 1533 | AB173: Sau nối cần
A174: 160 | B174: =B173+1 -> 45411 | C174: =C173 -> 1069 | D174: =D173+2 -> 1597 | E174: =C174+D174-H174 -> 71 | F174: =C174+D174-I174 -> 84 | G174: =D174+C174-J174 -> 92 | H174: =K174+N174 -> 2595 | I174: =L174+O174 -> 2582 | J174: =M174+P174 -> 2574 | K174: =K173 -> 3000 | L174: =L173 -> 3000 | M174: =M173 -> 3000 | N174: =N173-Q174 -> -405 | O174: =O173-R174 -> -418 | P174: =P173-S174 -> -426 | Q174: 9 | R174: 9 | S174: 9 | T174: =D174+C174-V174 -> 864 | U174: =U173+$X174*1000-Q174 -> 1795 | V174: =V173+$X174*1000-R174 -> 1802 | W174: =W173+$X174*1000-S174 -> 1824 | X174: 0.3 | AB174: 2
A175: 161 | B175: =B174+1 -> 45412 | C175: =C174 -> 1069 | D175: =D174+2 -> 1599 | E175: =C175+D175-H175 -> 76 | F175: =C175+D175-I175 -> 90 | G175: =D175+C175-J175 -> 98 | H175: =K175+N175 -> 2592 | I175: =L175+O175 -> 2578 | J175: =M175+P175 -> 2570 | K175: =K174 -> 3000 | L175: =L174 -> 3000 | M175: =M174 -> 3000 | N175: =N174-Q175 -> -408 | O175: =O174-R175 -> -422 | P175: =P174-S175 -> -430 | Q175: 3 | R175: 4 | S175: 4 | T175: =D175+C175-V175 -> 870 | U175: =U174+$X175*1000-Q175 -> 1792 | V175: =V174+$X175*1000-R175 -> 1798 | W175: =W174+$X175*1000-S175 -> 1820
A176: 162 | B176: =B175+1 -> 45413 | C176: =C175 -> 1069 | D176: =D175+2 -> 1601 | E176: =C176+D176-H176 -> 80 | F176: =C176+D176-I176 -> 97 | G176: =D176+C176-J176 -> 102 | H176: =K176+N176 -> 2590 | I176: =L176+O176 -> 2573 | J176: =M176+P176 -> 2568 | K176: =K175 -> 3000 | L176: =L175 -> 3000 | M176: =M175 -> 3000 | N176: =N175-Q176 -> -410 | O176: =O175-R176 -> -427 | P176: =P175-S176 -> -432 | Q176: 2 | R176: 5 | S176: 2 | T176: =D176+C176-V176 -> 877 | U176: =U175+$X176*1000-Q176 -> 1790 | V176: =V175+$X176*1000-R176 -> 1793 | W176: =W175+$X176*1000-S176 -> 1818
A177: 163 | B177: =B176+1 -> 45414 | C177: =C176 -> 1069 | D177: =D176+2 -> 1603 | E177: =C177+D177-H177 -> 86 | F177: =C177+D177-I177 -> 104 | G177: =D177+C177-J177 -> 109 | H177: =K177+N177 -> 2586 | I177: =L177+O177 -> 2568 | J177: =M177+P177 -> 2563 | K177: =K176 -> 3000 | L177: =L176 -> 3000 | M177: =M176 -> 3000 | N177: =N176-Q177 -> -414 | O177: =O176-R177 -> -432 | P177: =P176-S177 -> -437 | Q177: 4 | R177: 5 | S177: 5 | T177: =D177+C177-V177 -> 884 | U177: =U176+$X177*1000-Q177 -> 1786 | V177: =V176+$X177*1000-R177 -> 1788 | W177: =W176+$X177*1000-S177 -> 1813
A178: 164 | B178: =B177+1 -> 45415 | C178: =C177 -> 1069 | D178: =D177+2 -> 1605 | E178: =C178+D178-H178 -> 96 | F178: =C178+D178-I178 -> 115 | G178: =D178+C178-J178 -> 119 | H178: =K178+N178 -> 2578 | I178: =L178+O178 -> 2559 | J178: =M178+P178 -> 2555 | K178: =K177 -> 3000 | L178: =L177 -> 3000 | M178: =M177 -> 3000 | N178: =N177-Q178 -> -422 | O178: =O177-R178 -> -441 | P178: =P177-S178 -> -445 | Q178: 8 | R178: 9 | S178: 8 | T178: =D178+C178-V178 -> 595 | U178: =U177+$X178*1000-Q178 -> 2078 | V178: =V177+$X178*1000-R178 -> 2079 | W178: =W177+$X178*1000-S178 -> 2105 | X178: 0.3 | AB178: 1
A179: 165 | B179: =B178+1 -> 45416 | C179: =C178 -> 1069 | D179: =D178+2 -> 1607 | E179: =C179+D179-H179 -> 103 | F179: =C179+D179-I179 -> 122 | G179: =D179+C179-J179 -> 125 | H179: =K179+N179 -> 2573 | I179: =L179+O179 -> 2554 | J179: =M179+P179 -> 2551 | K179: =K178 -> 3000 | L179: =L178 -> 3000 | M179: =M178 -> 3000 | N179: =N178-Q179 -> -427 | O179: =O178-R179 -> -446 | P179: =P178-S179 -> -449 | Q179: 5 | R179: 5 | S179: 4 | T179: =D179+C179-V179 -> 602 | U179: =U178+$X179*1000-Q179 -> 2073 | V179: =V178+$X179*1000-R179 -> 2074 | W179: =W178+$X179*1000-S179 -> 2101
A180: 166 | B180: =B179+1 -> 45417 | C180: =C179 -> 1069 | D180: =D179+2 -> 1609 | E180: =C180+D180-H180 -> 110 | F180: =C180+D180-I180 -> 128 | G180: =D180+C180-J180 -> 130 | H180: =K180+N180 -> 2568 | I180: =L180+O180 -> 2550 | J180: =M180+P180 -> 2548 | K180: =K179 -> 3000 | L180: =L179 -> 3000 | M180: =M179 -> 3000 | N180: =N179-Q180 -> -432 | O180: =O179-R180 -> -450 | P180: =P179-S180 -> -452 | Q180: 5 | R180: 4 | S180: 3 | T180: =D180+C180-V180 -> 608 | U180: =U179+$X180*1000-Q180 -> 2068 | V180: =V179+$X180*1000-R180 -> 2070 | W180: =W179+$X180*1000-S180 -> 2098
A181: 167 | B181: =B180+1 -> 45418 | C181: =C180 -> 1069 | D181: =D180+2 -> 1611 | E181: =C181+D181-H181 -> 116 | F181: =C181+D181-I181 -> 134 | G181: =D181+C181-J181 -> 133 | H181: =K181+N181 -> 2564 | I181: =L181+O181 -> 2546 | J181: =M181+P181 -> 2547 | K181: =K180 -> 3000 | L181: =L180 -> 3000 | M181: =M180 -> 3000 | N181: =N180-Q181 -> -436 | O181: =O180-R181 -> -454 | P181: =P180-S181 -> -453 | Q181: 4 | R181: 4 | S181: 1 | T181: =D181+C181-V181 -> 614 | U181: =U180+$X181*1000-Q181 -> 2064 | V181: =V180+$X181*1000-R181 -> 2066 | W181: =W180+$X181*1000-S181 -> 2097
A182: 168 | B182: =B181+1 -> 45419 | C182: =C181 -> 1069 | D182: =D181+2 -> 1613 | E182: =C182+D182-H182 -> 121 | F182: =C182+D182-I182 -> 139 | G182: =D182+C182-J182 -> 136 | H182: =K182+N182 -> 2561 | I182: =L182+O182 -> 2543 | J182: =M182+P182 -> 2546 | K182: =K181 -> 3000 | L182: =L181 -> 3000 | M182: =M181 -> 3000 | N182: =N181-Q182 -> -439 | O182: =O181-R182 -> -457 | P182: =P181-S182 -> -454 | Q182: 3 | R182: 3 | S182: 1 | T182: =D182+C182-V182 -> 619 | U182: =U181+$X182*1000-Q182 -> 2061 | V182: =V181+$X182*1000-R182 -> 2063 | W182: =W181+$X182*1000-S182 -> 2096
A183: 169 | B183: =B182+1 -> 45420 | C183: =C182 -> 1069 | D183: =D182+2 -> 1615 | E183: =C183+D183-H183 -> 125 | F183: =C183+D183-I183 -> 146 | G183: =D183+C183-J183 -> 139 | H183: =K183+N183 -> 2559 | I183: =L183+O183 -> 2538 | J183: =M183+P183 -> 2545 | K183: =K182 -> 3000 | L183: =L182 -> 3000 | M183: =M182 -> 3000 | N183: =N182-Q183 -> -441 | O183: =O182-R183 -> -462 | P183: =P182-S183 -> -455 | Q183: 2 | R183: 5 | S183: 1 | T183: =D183+C183-V183 -> 626 | U183: =U182+$X183*1000-Q183 -> 2059 | V183: =V182+$X183*1000-R183 -> 2058 | W183: =W182+$X183*1000-S183 -> 2095
A184: 170 | B184: =B183+1 -> 45421 | C184: =C183 -> 1069 | D184: =D183+2 -> 1617 | E184: =C184+D184-H184 -> 131 | F184: =C184+D184-I184 -> 153 | G184: =D184+C184-J184 -> 144 | H184: =K184+N184 -> 2555 | I184: =L184+O184 -> 2533 | J184: =M184+P184 -> 2542 | K184: =K183 -> 3000 | L184: =L183 -> 3000 | M184: =M183 -> 3000 | N184: =N183-Q184 -> -445 | O184: =O183-R184 -> -467 | P184: =P183-S184 -> -458 | Q184: 4 | R184: 5 | S184: 3 | T184: =D184+C184-V184 -> 633 | U184: =U183+$X184*1000-Q184 -> 2055 | V184: =V183+$X184*1000-R184 -> 2053 | W184: =W183+$X184*1000-S184 -> 2092
A185: 171 | B185: =B184+1 -> 45422 | C185: =C184 -> 1069 | D185: =D184+2 -> 1619 | E185: =C185+D185-H185 -> 135 | F185: =C185+D185-I185 -> 159 | G185: =D185+C185-J185 -> 147 | H185: =K185+N185 -> 2553 | I185: =L185+O185 -> 2529 | J185: =M185+P185 -> 2541 | K185: =K184 -> 3000 | L185: =L184 -> 3000 | M185: =M184 -> 3000 | N185: =N184-Q185 -> -447 | O185: =O184-R185 -> -471 | P185: =P184-S185 -> -459 | Q185: 2 | R185: 4 | S185: 1 | T185: =D185+C185-V185 -> 639 | U185: =U184+$X185*1000-Q185 -> 2053 | V185: =V184+$X185*1000-R185 -> 2049 | W185: =W184+$X185*1000-S185 -> 2091
A186: 172 | B186: =B185+1 -> 45423 | C186: =C185 -> 1069 | D186: =D185+2 -> 1621 | E186: =C186+D186-H186 -> 137 | F186: =C186+D186-I186 -> 161 | G186: =D186+C186-J186 -> 149 | H186: =K186+N186 -> 2553 | I186: =L186+O186 -> 2529 | J186: =M186+P186 -> 2541 | K186: =K185 -> 3000 | L186: =L185 -> 3000 | M186: =M185 -> 3000 | N186: =N185-Q186 -> -447 | O186: =O185-R186 -> -471 | P186: =P185-S186 -> -459 | Q186: 0 | R186: 0 | S186: 0 | T186: =D186+C186-V186 -> 641 | U186: =U185+$X186*1000-Q186 -> 2053 | V186: =V185+$X186*1000-R186 -> 2049 | W186: =W185+$X186*1000-S186 -> 2091
A187: 173 | B187: =B186+1 -> 45424 | C187: =C186 -> 1069 | D187: =D186+2 -> 1623 | E187: =C187+D187-H187 -> 139 | F187: =C187+D187-I187 -> 163 | G187: =D187+C187-J187 -> 151 | H187: =K187+N187 -> 2553 | I187: =L187+O187 -> 2529 | J187: =M187+P187 -> 2541 | K187: =K186 -> 3000 | L187: =L186 -> 3000 | M187: =M186 -> 3000 | N187: =N186-Q187 -> -447 | O187: =O186-R187 -> -471 | P187: =P186-S187 -> -459 | Q187: 0 | R187: 0 | S187: 0 | T187: =D187+C187-V187 -> 643 | U187: =U186+$X187*1000-Q187 -> 2053 | V187: =V186+$X187*1000-R187 -> 2049 | W187: =W186+$X187*1000-S187 -> 2091
A188: 174 | B188: =B187+1 -> 45425 | C188: =C187 -> 1069 | D188: =D187+2 -> 1625 | E188: =C188+D188-H188 -> 141 | F188: =C188+D188-I188 -> 165 | G188: =D188+C188-J188 -> 153 | H188: =K188+N188 -> 2553 | I188: =L188+O188 -> 2529 | J188: =M188+P188 -> 2541 | K188: =K187 -> 3000 | L188: =L187 -> 3000 | M188: =M187 -> 3000 | N188: =N187-Q188 -> -447 | O188: =O187-R188 -> -471 | P188: =P187-S188 -> -459 | Q188: 0 | R188: 0 | S188: 0 | T188: =D188+C188-V188 -> 645 | U188: =U187+$X188*1000-Q188 -> 2053 | V188: =V187+$X188*1000-R188 -> 2049 | W188: =W187+$X188*1000-S188 -> 2091
A189: 175 | B189: =B188+1 -> 45426 | C189: =C188 -> 1069 | D189: =D188+2 -> 1627 | E189: =C189+D189-H189 -> 143 | F189: =C189+D189-I189 -> 167 | G189: =D189+C189-J189 -> 155 | H189: =K189+N189 -> 2553 | I189: =L189+O189 -> 2529 | J189: =M189+P189 -> 2541 | K189: =K188 -> 3000 | L189: =L188 -> 3000 | M189: =M188 -> 3000 | N189: =N188-Q189 -> -447 | O189: =O188-R189 -> -471 | P189: =P188-S189 -> -459 | Q189: 0 | R189: 0 | S189: 0 | T189: =D189+C189-V189 -> 647 | U189: =U188+$X189*1000-Q189 -> 2053 | V189: =V188+$X189*1000-R189 -> 2049 | W189: =W188+$X189*1000-S189 -> 2091
A190: 176 | B190: =B189+1 -> 45427 | C190: =C189 -> 1069 | D190: =D189+2 -> 1629 | E190: =C190+D190-H190 -> 145 | F190: =C190+D190-I190 -> 169 | G190: =D190+C190-J190 -> 157 | H190: =K190+N190 -> 2553 | I190: =L190+O190 -> 2529 | J190: =M190+P190 -> 2541 | K190: =K189 -> 3000 | L190: =L189 -> 3000 | M190: =M189 -> 3000 | N190: =N189-Q190 -> -447 | O190: =O189-R190 -> -471 | P190: =P189-S190 -> -459 | Q190: 0 | R190: 0 | S190: 0 | T190: =D190+C190-V190 -> 649 | U190: =U189+$X190*1000-Q190 -> 2053 | V190: =V189+$X190*1000-R190 -> 2049 | W190: =W189+$X190*1000-S190 -> 2091
... A297: 283 | B297: =B296+1 -> 45534 | C297: =C296 -> 1069 | D297: =D296+2 -> 1843 | E297: =C297+D297-H297 -> 359 | F297: =C297+D297-I297 -> 383 | G297: =D297+C297-J297 -> 371 | H297: =K297+N297 -> 2553 | I297: =L297+O297 -> 2529 | J297: =M297+P297 -> 2541 | K297: =K296 -> 3000 | L297: =L296 -> 3000 | M297: =M296 -> 3000 | N297: =N296-Q297 -> -447 | O297: =O296-R297 -> -471 | P297: =P296-S297 -> -459 | Q297: 0 | R297: 0 | S297: 0 | T297: =D297+C297-V297 -> 863 | U297: =U296+$X297*1000-Q297 -> 2053 | V297: =V296+$X297*1000-R297 -> 2049 | W297: =W296+$X297*1000-S297 -> 2091
A298: =+A297+1 -> 284 | B298: =B297+1 -> 45535 | C298: =C297 -> 1069 | D298: =D297+2 -> 1845 | E298: =C298+D298-H298 -> 361 | F298: =C298+D298-I298 -> 385 | G298: =D298+C298-J298 -> 373 | H298: =K298+N298 -> 2553 | I298: =L298+O298 -> 2529 | J298: =M298+P298 -> 2541 | K298: =K297 -> 3000 | L298: =L297 -> 3000 | M298: =M297 -> 3000 | N298: =N297-Q298 -> -447 | O298: =O297-R298 -> -471 | P298: =P297-S298 -> -459 | Q298: 0 | R298: 0 | S298: 0 | T298: =D298+C298-V298 -> 865 | U298: =U297+$X298*1000-Q298 -> 2053 | V298: =V297+$X298*1000-R298 -> 2049 | W298: =W297+$X298*1000-S298 -> 2091
...

Sheet BC.115+260
A1: 13 | B1: DỰ ÁN THÀNH PHẦN ĐOẠN HẬU GIANG - CÀ MAU
B2: THUỘC DỰ ÁN XÂY DỰNG CÔNG TRÌNH ĐƯỜNG BỘ CAO TỐC BẮC - NAM PHÍA ĐÔNG GIAI ĐOẠN 2021 - 2025
B3: =UPPER("GÓI THẦU XL03 :Thi Công Xây Dựng Đoạn Tuyến Km114+200 - Km126+223 Bao Gồm Tuyến Nối Nút Giao IC12 Với QL1 (bao gồm khảo sát, thiết kế BVTC)") -> GÓI THẦU XL03 :THI CÔNG XÂY DỰNG ĐOẠN TUYẾN KM114+200 - KM126+223 BAO GỒM TUYẾN NỐI NÚT GIAO IC12 VỚI QL1 (BAO GỒM KHẢO SÁT, THIẾT KẾ BVTC)
B4: CHỦ ĐẦU TƯ | J4: TƯ VẤN GIÁM SÁT | T4: NHÀ THẦU
B5: BAN QUẢN LÝ DỰ ÁN MỸ THUẬN | J5: =UPPER("Liên danh Phân viện KHCN GTVT phía Nam - Công ty Cổ phần Tư vấn kỹ thuật và xây dựng Hồng Hà") -> LIÊN DANH PHÂN VIỆN KHCN GTVT PHÍA NAM - CÔNG TY CỔ PHẦN TƯ VẤN KỸ THUẬT VÀ XÂY DỰNG HỒNG HÀ | T5: LIÊN DANH CC1 - HẢI ĐĂNG - VẠN CƯỜNG - 492 - BẮC TRUNG NAM
B6: BIỂU GHI ĐO QUAN TRẮC LÚN
B7: Người lập: | C7: ='115+260'!C8 -> 0 | L7: Tên mốc: | N7: ='115+260'!M8 -> 0
B8: Thời tiết: | C8: ='115+260'!C9 -> Nắng | L8: Cao độ mốc: | N8: ='115+260'!M9 -> 1069
B9: Lý trình: | C9: ='115+260'!C10 -> Km115+260 | L9: Ngày đặt bàn: | N9: ='115+260'!M10 -> 45251
B11: Ngày | C11: Ngày cộng dồn | D11: Cao độ mốc | E11: Số đọc mia của mốc | F11: Cao độ đường ngắm | G11: Trái | M11: Tim | S11: Phải | Z11: Chiều dày lớp đắp (m) | AA11: Chiều cao nền đắp (m) | AB11: Chiều dày nền đắp (m)
G12: Cao độ đắp (mm) | H12: Số đọc mia | I12: Cao độ quan trắc (mm) | J12: Cao độ bàn đo lún (mm) | K12: Độ lún (mm) | L12: Độ lún tích lũy (mm) | M12: Cao độ đắp (mm) | N12: Số đọc mia | O12: Cao độ quan trắc (mm) | P12: Cao độ bàn đo lún (mm) | Q12: Độ lún (mm) | R12: Độ lún tích lũy (mm) | S12: Cao độ đắp (mm) | T12: Số đọc mia | U12: Cao độ quan trắc (mm) | V12: Cao độ bàn đo lún (mm) | W12: Độ lún (mm) | X12: Độ lún tích lũy (mm)
B13: ='115+260'!B14 -> 45251 | C13: 0 | D13: =VLOOKUP(B13,'115+260'!B14:AB115,2,FALSE) -> 1069 | E13: =VLOOKUP(B13,'115+260'!B14:AB115,3,FALSE) -> 1725 | F13: =D13+E13 -> 2794 | G13: =VLOOKUP(B13,'115+260'!$B$14:$AB$115,20,FALSE) -> -200 | H13: =VLOOKUP(B13,'115+260'!$B$14:$AB$115,4,FALSE) -> 994 | I13: =F13-H13 -> 1800 | J13: =VLOOKUP(B13,'115+260'!$B$14:$AB$115,13,FALSE) -> -200 | K13: ='115+260'!Q14 -> 0 | L13: 0 | M13: =VLOOKUP(B13,'115+260'!$B$14:$AB$115,21,FALSE) -> -220 | N13: =VLOOKUP(B13,'115+260'!$B$14:$AB$115,5,FALSE) -> 1014 | O13: =F13-N13 -> 1780 | P13: =VLOOKUP(B13,'115+260'!$B$14:$AB$115,14,FALSE) -> -220 | Q13: ='115+260'!R14 -> 0 | R13: 0 | S13: =VLOOKUP(B13,'115+260'!$B$14:$AB$115,22,FALSE) -> -250 | T13: =VLOOKUP(B13,'115+260'!$B$13:$AB$115,6,FALSE) -> 1044 | U13: =F13-T13 -> 1750 | V13: =VLOOKUP(B13,'115+260'!$B$14:$AB$115,15,FALSE) -> -250 | W13: ='115+260'!S14 -> 0 | X13: 0 | Y13: 0 | Z13: =IF(Y13>0,Y13,0) -> 0 | AA13: =Z13 -> 0 | AB13: 0
B14: ='115+260'!B15 -> 45252 | C14: =B14-B13 -> 1 | D14: =D13 -> 1069 | E14: =VLOOKUP(B14,'115+260'!B15:AB116,3,FALSE) -> 1723 | F14: =D14+E14 -> 2792 | G14: =VLOOKUP(B14,'115+260'!$B$15:$AB$115,20,FALSE) -> -200 | H14: =VLOOKUP(B14,'115+260'!$B$15:$AB$115,4,FALSE) -> 992 | I14: =F14-H14 -> 1800 | J14: =VLOOKUP(B14,'115+260'!$B$15:$AB$115,13,FALSE) -> -200 | K14: ='115+260'!Q15 -> 0 | L14: =+K14+L13 -> 0 | M14: =VLOOKUP(B14,'115+260'!$B$14:$AB$115,21,FALSE) -> -220 | N14: =VLOOKUP(B14,'115+260'!$B$15:$AB$115,5,FALSE) -> 1012 | O14: =F14-N14 -> 1780 | P14: =VLOOKUP(B14,'115+260'!$B$15:$AB$115,14,FALSE) -> -220 | Q14: ='115+260'!R15 -> 0 | R14: =+Q14+R13 -> 0 | S14: =VLOOKUP(B14,'115+260'!$B$14:$AB$115,22,FALSE) -> -250 | T14: =VLOOKUP(B14,'115+260'!$B$15:$AB$115,6,FALSE) -> 1042 | U14: =F14-T14 -> 1750 | V14: =VLOOKUP(B14,'115+260'!$B$15:$AB$115,15,FALSE) -> -250 | W14: ='115+260'!S15 -> 0 | X14: =+W14+X13 -> 0 | Y14: =S14-S13 -> 0 | Z14: =IF(Y14>0,Y14,0)/1000 -> 0 | AA14: =AA13+Z14 -> 0 | AB14: =(M14-$M$13-R14)/1000 -> 0
A15: 1 | B15: ='115+260'!B16 -> 45253 | C15: =B15-B14 -> 1 | D15: =D14 -> 1069 | E15: =VLOOKUP(B15,'115+260'!B16:AB117,3,FALSE) -> 1721 | F15: =D15+E15 -> 2790 | G15: =VLOOKUP(B15,'115+260'!$B$15:$AB$115,20,FALSE) -> -200 | H15: =VLOOKUP(B15,'115+260'!$B$15:$AB$115,4,FALSE) -> 990 | I15: =F15-H15 -> 1800 | J15: =VLOOKUP(B15,'115+260'!$B$15:$AB$115,13,FALSE) -> -200 | K15: ='115+260'!Q16 -> 0 | L15: =+K15+L14 -> 0 | M15: =VLOOKUP(B15,'115+260'!$B$14:$AB$115,21,FALSE) -> -220 | N15: =VLOOKUP(B15,'115+260'!$B$15:$AB$115,5,FALSE) -> 1010 | O15: =F15-N15 -> 1780 | P15: =VLOOKUP(B15,'115+260'!$B$15:$AB$115,14,FALSE) -> -220 | Q15: ='115+260'!R16 -> 0 | R15: =+Q15+R14 -> 0 | S15: =VLOOKUP(B15,'115+260'!$B$14:$AB$115,22,FALSE) -> -250 | T15: =VLOOKUP(B15,'115+260'!$B$15:$AB$115,6,FALSE) -> 1040 | U15: =F15-T15 -> 1750 | V15: =VLOOKUP(B15,'115+260'!$B$15:$AB$115,15,FALSE) -> -250 | W15: ='115+260'!S16 -> 0 | X15: =+W15+X14 -> 0 | Y15: =S15-S14 -> 0 | Z15: =IF(Y15>0,Y15,0)/1000 -> 0 | AA15: =AA14+Z15 -> 0 | AB15: =(M15-$M$13-R15)/1000 -> 0
A16: =A15+1 -> 2 | B16: ='115+260'!B17 -> 45254 | C16: =B16-B15 -> 1 | D16: =D15 -> 1069 | E16: =VLOOKUP(B16,'115+260'!B17:AB118,3,FALSE) -> 1719 | F16: =D16+E16 -> 2788 | G16: =VLOOKUP(B16,'115+260'!$B$15:$AB$115,20,FALSE) -> -200 | H16: =VLOOKUP(B16,'115+260'!$B$15:$AB$115,4,FALSE) -> 988 | I16: =F16-H16 -> 1800 | J16: =VLOOKUP(B16,'115+260'!$B$15:$AB$115,13,FALSE) -> -200 | K16: ='115+260'!Q17 -> 0 | L16: =+K16+L15 -> 0 | M16: =VLOOKUP(B16,'115+260'!$B$14:$AB$115,21,FALSE) -> -220 | N16: =VLOOKUP(B16,'115+260'!$B$15:$AB$115,5,FALSE) -> 1008 | O16: =F16-N16 -> 1780 | P16: =VLOOKUP(B16,'115+260'!$B$15:$AB$115,14,FALSE) -> -220 | Q16: ='115+260'!R17 -> 0 | R16: =+Q16+R15 -> 0 | S16: =VLOOKUP(B16,'115+260'!$B$14:$AB$115,22,FALSE) -> -250 | T16: =VLOOKUP(B16,'115+260'!$B$15:$AB$115,6,FALSE) -> 1038 | U16: =F16-T16 -> 1750 | V16: =VLOOKUP(B16,'115+260'!$B$15:$AB$115,15,FALSE) -> -250 | W16: ='115+260'!S17 -> 0 | X16: =+W16+X15 -> 0 | Y16: =S16-S15 -> 0 | Z16: =IF(Y16>0,Y16,0)/1000 -> 0 | AA16: =AA15+Z16 -> 0 | AB16: =(M16-$M$13-R16)/1000 -> 0
A17: =A16+1 -> 3 | B17: ='115+260'!B18 -> 45255 | C17: =B17-B16 -> 1 | D17: =D16 -> 1069 | E17: =VLOOKUP(B17,'115+260'!B18:AB119,3,FALSE) -> 1717 | F17: =D17+E17 -> 2786 | G17: =VLOOKUP(B17,'115+260'!$B$15:$AB$115,20,FALSE) -> -200 | H17: =VLOOKUP(B17,'115+260'!$B$15:$AB$115,4,FALSE) -> 986 | I17: =F17-H17 -> 1800 | J17: =VLOOKUP(B17,'115+260'!$B$15:$AB$115,13,FALSE) -> -200 | K17: ='115+260'!Q18 -> 0 | L17: =+K17+L16 -> 0 | M17: =VLOOKUP(B17,'115+260'!$B$14:$AB$115,21,FALSE) -> -220 | N17: =VLOOKUP(B17,'115+260'!$B$15:$AB$115,5,FALSE) -> 1006 | O17: =F17-N17 -> 1780 | P17: =VLOOKUP(B17,'115+260'!$B$15:$AB$115,14,FALSE) -> -220 | Q17: ='115+260'!R18 -> 0 | R17: =+Q17+R16 -> 0 | S17: =VLOOKUP(B17,'115+260'!$B$14:$AB$115,22,FALSE) -> -250 | T17: =VLOOKUP(B17,'115+260'!$B$15:$AB$115,6,FALSE) -> 1036 | U17: =F17-T17 -> 1750 | V17: =VLOOKUP(B17,'115+260'!$B$15:$AB$115,15,FALSE) -> -250 | W17: ='115+260'!S18 -> 0 | X17: =+W17+X16 -> 0 | Y17: =S17-S16 -> 0 | Z17: =IF(Y17>0,Y17,0)/1000 -> 0 | AA17: =AA16+Z17 -> 0 | AB17: =(M17-$M$13-R17)/1000 -> 0
A18: =A17+1 -> 4 | B18: ='115+260'!B19 -> 45256 | C18: =B18-B17 -> 1 | D18: =D17 -> 1069 | E18: =VLOOKUP(B18,'115+260'!B19:AB120,3,FALSE) -> 1715 | F18: =D18+E18 -> 2784 | G18: =VLOOKUP(B18,'115+260'!$B$15:$AB$115,20,FALSE) -> -200 | H18: =VLOOKUP(B18,'115+260'!$B$15:$AB$115,4,FALSE) -> 984 | I18: =F18-H18 -> 1800 | J18: =VLOOKUP(B18,'115+260'!$B$15:$AB$115,13,FALSE) -> -200 | K18: ='115+260'!Q19 -> 0 | L18: =+K18+L17 -> 0 | M18: =VLOOKUP(B18,'115+260'!$B$14:$AB$115,21,FALSE) -> -220 | N18: =VLOOKUP(B18,'115+260'!$B$15:$AB$115,5,FALSE) -> 1004 | O18: =F18-N18 -> 1780 | P18: =VLOOKUP(B18,'115+260'!$B$15:$AB$115,14,FALSE) -> -220 | Q18: ='115+260'!R19 -> 0 | R18: =+Q18+R17 -> 0 | S18: =VLOOKUP(B18,'115+260'!$B$14:$AB$115,22,FALSE) -> -250 | T18: =VLOOKUP(B18,'115+260'!$B$15:$AB$115,6,FALSE) -> 1034 | U18: =F18-T18 -> 1750 | V18: =VLOOKUP(B18,'115+260'!$B$15:$AB$115,15,FALSE) -> -250 | W18: ='115+260'!S19 -> 0 | X18: =+W18+X17 -> 0 | Y18: =S18-S17 -> 0 | Z18: =IF(Y18>0,Y18,0)/1000 -> 0 | AA18: =AA17+Z18 -> 0 | AB18: =(M18-$M$13-R18)/1000 -> 0
A19: =A18+1 -> 5 | B19: ='115+260'!B20 -> 45257 | C19: =B19-B18 -> 1 | D19: =D18 -> 1069 | E19: =VLOOKUP(B19,'115+260'!B20:AB121,3,FALSE) -> 1713 | F19: =D19+E19 -> 2782 | G19: =VLOOKUP(B19,'115+260'!$B$15:$AB$115,20,FALSE) -> -200 | H19: =VLOOKUP(B19,'115+260'!$B$15:$AB$115,4,FALSE) -> 982 | I19: =F19-H19 -> 1800 | J19: =VLOOKUP(B19,'115+260'!$B$15:$AB$115,13,FALSE) -> -200 | K19: ='115+260'!Q20 -> 0 | L19: =+K19+L18 -> 0 | M19: =VLOOKUP(B19,'115+260'!$B$14:$AB$115,21,FALSE) -> -220 | N19: =VLOOKUP(B19,'115+260'!$B$15:$AB$115,5,FALSE) -> 1002 | O19: =F19-N19 -> 1780 | P19: =VLOOKUP(B19,'115+260'!$B$15:$AB$115,14,FALSE) -> -220 | Q19: ='115+260'!R20 -> 0 | R19: =+Q19+R18 -> 0 | S19: =VLOOKUP(B19,'115+260'!$B$14:$AB$115,22,FALSE) -> -250 | T19: =VLOOKUP(B19,'115+260'!$B$15:$AB$115,6,FALSE) -> 1032 | U19: =F19-T19 -> 1750 | V19: =VLOOKUP(B19,'115+260'!$B$15:$AB$115,15,FALSE) -> -250 | W19: ='115+260'!S20 -> 0 | X19: =+W19+X18 -> 0 | Y19: =S19-S18 -> 0 | Z19: =IF(Y19>0,Y19,0)/1000 -> 0 | AA19: =AA18+Z19 -> 0 | AB19: =(M19-$M$13-R19)/1000 -> 0
A20: =A19+1 -> 6 | B20: ='115+260'!B21 -> 45258 | C20: =B20-B19 -> 1 | D20: =D19 -> 1069 | E20: =VLOOKUP(B20,'115+260'!B21:AB122,3,FALSE) -> 1711 | F20: =D20+E20 -> 2780 | G20: =VLOOKUP(B20,'115+260'!$B$15:$AB$115,20,FALSE) -> -200 | H20: =VLOOKUP(B20,'115+260'!$B$15:$AB$115,4,FALSE) -> 980 | I20: =F20-H20 -> 1800 | J20: =VLOOKUP(B20,'115+260'!$B$15:$AB$115,13,FALSE) -> -200 | K20: ='115+260'!Q21 -> 0 | L20: =+K20+L19 -> 0 | M20: =VLOOKUP(B20,'115+260'!$B$14:$AB$115,21,FALSE) -> -220 | N20: =VLOOKUP(B20,'115+260'!$B$15:$AB$115,5,FALSE) -> 1000 | O20: =F20-N20 -> 1780 | P20: =VLOOKUP(B20,'115+260'!$B$15:$AB$115,14,FALSE) -> -220 | Q20: ='115+260'!R21 -> 0 | R20: =+Q20+R19 -> 0 | S20: =VLOOKUP(B20,'115+260'!$B$14:$AB$115,22,FALSE) -> -250 | T20: =VLOOKUP(B20,'115+260'!$B$15:$AB$115,6,FALSE) -> 1030 | U20: =F20-T20 -> 1750 | V20: =VLOOKUP(B20,'115+260'!$B$15:$AB$115,15,FALSE) -> -250 | W20: ='115+260'!S21 -> 0 | X20: =+W20+X19 -> 0 | Y20: =S20-S19 -> 0 | Z20: =IF(Y20>0,Y20,0)/1000 -> 0 | AA20: =AA19+Z20 -> 0 | AB20: =(M20-$M$13-R20)/1000 -> 0
A21: =A20+1 -> 7 | B21: ='115+260'!B22 -> 45259 | C21: =B21-B20 -> 1 | D21: =D20 -> 1069 | E21: =VLOOKUP(B21,'115+260'!B22:AB123,3,FALSE) -> 1709 | F21: =D21+E21 -> 2778 | G21: =VLOOKUP(B21,'115+260'!$B$15:$AB$115,20,FALSE) -> -200 | H21: =VLOOKUP(B21,'115+260'!$B$15:$AB$115,4,FALSE) -> 978 | I21: =F21-H21 -> 1800 | J21: =VLOOKUP(B21,'115+260'!$B$15:$AB$115,13,FALSE) -> -200 | K21: ='115+260'!Q22 -> 0 | L21: =+K21+L20 -> 0 | M21: =VLOOKUP(B21,'115+260'!$B$14:$AB$115,21,FALSE) -> -220 | N21: =VLOOKUP(B21,'115+260'!$B$15:$AB$115,5,FALSE) -> 998 | O21: =F21-N21 -> 1780 | P21: =VLOOKUP(B21,'115+260'!$B$15:$AB$115,14,FALSE) -> -220 | Q21: ='115+260'!R22 -> 0 | R21: =+Q21+R20 -> 0 | S21: =VLOOKUP(B21,'115+260'!$B$14:$AB$115,22,FALSE) -> -250 | T21: =VLOOKUP(B21,'115+260'!$B$15:$AB$115,6,FALSE) -> 1028 | U21: =F21-T21 -> 1750 | V21: =VLOOKUP(B21,'115+260'!$B$15:$AB$115,15,FALSE) -> -250 | W21: ='115+260'!S22 -> 0 | X21: =+W21+X20 -> 0 | Y21: =S21-S20 -> 0 | Z21: =IF(Y21>0,Y21,0)/1000 -> 0 | AA21: =AA20+Z21 -> 0 | AB21: =(M21-$M$13-R21)/1000 -> 0
B22: ='115+260'!B23 -> 45260 | C22: =B22-B21 -> 1 | D22: =D21 -> 1069 | E22: =VLOOKUP(B22,'115+260'!B23:AB124,3,FALSE) -> 1707 | F22: =D22+E22 -> 2776 | G22: =VLOOKUP(B22,'115+260'!$B$15:$AB$115,20,FALSE) -> -200 | H22: =VLOOKUP(B22,'115+260'!$B$15:$AB$115,4,FALSE) -> 976 | I22: =F22-H22 -> 1800 | J22: =VLOOKUP(B22,'115+260'!$B$15:$AB$115,13,FALSE) -> -200 | K22: ='115+260'!Q23 -> 0 | L22: =+K22+L21 -> 0 | M22: =VLOOKUP(B22,'115+260'!$B$14:$AB$115,21,FALSE) -> -220 | N22: =VLOOKUP(B22,'115+260'!$B$15:$AB$115,5,FALSE) -> 996 | O22: =F22-N22 -> 1780 | P22: =VLOOKUP(B22,'115+260'!$B$15:$AB$115,14,FALSE) -> -220 | Q22: ='115+260'!R23 -> 0 | R22: =+Q22+R21 -> 0 | S22: =VLOOKUP(B22,'115+260'!$B$14:$AB$115,22,FALSE) -> -250 | T22: =VLOOKUP(B22,'115+260'!$B$15:$AB$115,6,FALSE) -> 1026 | U22: =F22-T22 -> 1750 | V22: =VLOOKUP(B22,'115+260'!$B$15:$AB$115,15,FALSE) -> -250 | W22: ='115+260'!S23 -> 0 | X22: =+W22+X21 -> 0 | Y22: =S22-S21 -> 0 | Z22: =IF(Y22>0,Y22,0)/1000 -> 0 | AA22: =AA21+Z22 -> 0 | AB22: =(M22-$M$13-R22)/1000 -> 0
B23: ='115+260'!B24 -> 45261 | C23: =B23-B22 -> 1 | D23: =D22 -> 1069 | E23: =VLOOKUP(B23,'115+260'!B24:AB125,3,FALSE) -> 1705 | F23: =D23+E23 -> 2774 | G23: =VLOOKUP(B23,'115+260'!$B$15:$AB$115,20,FALSE) -> -200 | H23: =VLOOKUP(B23,'115+260'!$B$15:$AB$115,4,FALSE) -> 974 | I23: =F23-H23 -> 1800 | J23: =VLOOKUP(B23,'115+260'!$B$15:$AB$115,13,FALSE) -> -200 | K23: ='115+260'!Q24 -> 0 | L23: =+K23+L22 -> 0 | M23: =VLOOKUP(B23,'115+260'!$B$14:$AB$115,21,FALSE) -> -220 | N23: =VLOOKUP(B23,'115+260'!$B$15:$AB$115,5,FALSE) -> 994 | O23: =F23-N23 -> 1780 | P23: =VLOOKUP(B23,'115+260'!$B$15:$AB$115,14,FALSE) -> -220 | Q23: ='115+260'!R24 -> 0 | R23: =+Q23+R22 -> 0 | S23: =VLOOKUP(B23,'115+260'!$B$14:$AB$115,22,FALSE) -> -250 | T23: =VLOOKUP(B23,'115+260'!$B$15:$AB$115,6,FALSE) -> 1024 | U23: =F23-T23 -> 1750 | V23: =VLOOKUP(B23,'115+260'!$B$15:$AB$115,15,FALSE) -> -250 | W23: ='115+260'!S24 -> 0 | X23: =+W23+X22 -> 0 | Y23: =S23-S22 -> 0 | Z23: =IF(Y23>0,Y23,0)/1000 -> 0 | AA23: =AA22+Z23 -> 0 | AB23: =(M23-$M$13-R23)/1000 -> 0
B24: ='115+260'!B25 -> 45262 | C24: =B24-B23 -> 1 | D24: =D23 -> 1069 | E24: =VLOOKUP(B24,'115+260'!B25:AB126,3,FALSE) -> 1703 | F24: =D24+E24 -> 2772 | G24: =VLOOKUP(B24,'115+260'!$B$15:$AB$115,20,FALSE) -> -200 | H24: =VLOOKUP(B24,'115+260'!$B$15:$AB$115,4,FALSE) -> 972 | I24: =F24-H24 -> 1800 | J24: =VLOOKUP(B24,'115+260'!$B$15:$AB$115,13,FALSE) -> -200 | K24: ='115+260'!Q25 -> 0 | L24: =+K24+L23 -> 0 | M24: =VLOOKUP(B24,'115+260'!$B$14:$AB$115,21,FALSE) -> -220 | N24: =VLOOKUP(B24,'115+260'!$B$15:$AB$115,5,FALSE) -> 992 | O24: =F24-N24 -> 1780 | P24: =VLOOKUP(B24,'115+260'!$B$15:$AB$115,14,FALSE) -> -220 | Q24: ='115+260'!R25 -> 0 | R24: =+Q24+R23 -> 0 | S24: =VLOOKUP(B24,'115+260'!$B$14:$AB$115,22,FALSE) -> -250 | T24: =VLOOKUP(B24,'115+260'!$B$15:$AB$115,6,FALSE) -> 1022 | U24: =F24-T24 -> 1750 | V24: =VLOOKUP(B24,'115+260'!$B$15:$AB$115,15,FALSE) -> -250 | W24: ='115+260'!S25 -> 0 | X24: =+W24+X23 -> 0 | Y24: =S24-S23 -> 0 | Z24: =IF(Y24>0,Y24,0)/1000 -> 0 | AA24: =AA23+Z24 -> 0 | AB24: =(M24-$M$13-R24)/1000 -> 0
B25: ='115+260'!B26 -> 45263 | C25: =B25-B24 -> 1 | D25: =D24 -> 1069 | E25: =VLOOKUP(B25,'115+260'!B26:AB127,3,FALSE) -> 1701 | F25: =D25+E25 -> 2770 | G25: =VLOOKUP(B25,'115+260'!$B$15:$AB$115,20,FALSE) -> -200 | H25: =VLOOKUP(B25,'115+260'!$B$15:$AB$115,4,FALSE) -> 970 | I25: =F25-H25 -> 1800 | J25: =VLOOKUP(B25,'115+260'!$B$15:$AB$115,13,FALSE) -> -200 | K25: ='115+260'!Q26 -> 0 | L25: =+K25+L24 -> 0 | M25: =VLOOKUP(B25,'115+260'!$B$14:$AB$115,21,FALSE) -> -220 | N25: =VLOOKUP(B25,'115+260'!$B$15:$AB$115,5,FALSE) -> 990 | O25: =F25-N25 -> 1780 | P25: =VLOOKUP(B25,'115+260'!$B$15:$AB$115,14,FALSE) -> -220 | Q25: ='115+260'!R26 -> 0 | R25: =+Q25+R24 -> 0 | S25: =VLOOKUP(B25,'115+260'!$B$14:$AB$115,22,FALSE) -> -250 | T25: =VLOOKUP(B25,'115+260'!$B$15:$AB$115,6,FALSE) -> 1020 | U25: =F25-T25 -> 1750 | V25: =VLOOKUP(B25,'115+260'!$B$15:$AB$115,15,FALSE) -> -250 | W25: ='115+260'!S26 -> 0 | X25: =+W25+X24 -> 0 | Y25: =S25-S24 -> 0 | Z25: =IF(Y25>0,Y25,0)/1000 -> 0 | AA25: =AA24+Z25 -> 0 | AB25: =(M25-$M$13-R25)/1000 -> 0
B26: ='115+260'!B27 -> 45264 | C26: =B26-B25 -> 1 | D26: =D25 -> 1069 | E26: =VLOOKUP(B26,'115+260'!B27:AB128,3,FALSE) -> 1699 | F26: =D26+E26 -> 2768 | G26: =VLOOKUP(B26,'115+260'!$B$15:$AB$115,20,FALSE) -> -200 | H26: =VLOOKUP(B26,'115+260'!$B$15:$AB$115,4,FALSE) -> 968 | I26: =F26-H26 -> 1800 | J26: =VLOOKUP(B26,'115+260'!$B$15:$AB$115,13,FALSE) -> -200 | K26: ='115+260'!Q27 -> 0 | L26: =+K26+L25 -> 0 | M26: =VLOOKUP(B26,'115+260'!$B$14:$AB$115,21,FALSE) -> -220 | N26: =VLOOKUP(B26,'115+260'!$B$15:$AB$115,5,FALSE) -> 988 | O26: =F26-N26 -> 1780 | P26: =VLOOKUP(B26,'115+260'!$B$15:$AB$115,14,FALSE) -> -220 | Q26: ='115+260'!R27 -> 0 | R26: =+Q26+R25 -> 0 | S26: =VLOOKUP(B26,'115+260'!$B$14:$AB$115,22,FALSE) -> -250 | T26: =VLOOKUP(B26,'115+260'!$B$15:$AB$115,6,FALSE) -> 1018 | U26: =F26-T26 -> 1750 | V26: =VLOOKUP(B26,'115+260'!$B$15:$AB$115,15,FALSE) -> -250 | W26: ='115+260'!S27 -> 0 | X26: =+W26+X25 -> 0 | Y26: =S26-S25 -> 0 | Z26: =IF(Y26>0,Y26,0)/1000 -> 0 | AA26: =AA25+Z26 -> 0 | AB26: =(M26-$M$13-R26)/1000 -> 0
B27: ='115+260'!B28 -> 45265 | C27: =B27-B26 -> 1 | D27: =D26 -> 1069 | E27: =VLOOKUP(B27,'115+260'!B28:AB129,3,FALSE) -> 1697 | F27: =D27+E27 -> 2766 | G27: =VLOOKUP(B27,'115+260'!$B$15:$AB$115,20,FALSE) -> -200 | H27: =VLOOKUP(B27,'115+260'!$B$15:$AB$115,4,FALSE) -> 966 | I27: =F27-H27 -> 1800 | J27: =VLOOKUP(B27,'115+260'!$B$15:$AB$115,13,FALSE) -> -200 | K27: ='115+260'!Q28 -> 0 | L27: =+K27+L26 -> 0 | M27: =VLOOKUP(B27,'115+260'!$B$14:$AB$115,21,FALSE) -> -220 | N27: =VLOOKUP(B27,'115+260'!$B$15:$AB$115,5,FALSE) -> 986 | O27: =F27-N27 -> 1780 | P27: =VLOOKUP(B27,'115+260'!$B$15:$AB$115,14,FALSE) -> -220 | Q27: ='115+260'!R28 -> 0 | R27: =+Q27+R26 -> 0 | S27: =VLOOKUP(B27,'115+260'!$B$14:$AB$115,22,FALSE) -> -250 | T27: =VLOOKUP(B27,'115+260'!$B$15:$AB$115,6,FALSE) -> 1016 | U27: =F27-T27 -> 1750 | V27: =VLOOKUP(B27,'115+260'!$B$15:$AB$115,15,FALSE) -> -250 | W27: ='115+260'!S28 -> 0 | X27: =+W27+X26 -> 0 | Y27: =S27-S26 -> 0 | Z27: =IF(Y27>0,Y27,0)/1000 -> 0 | AA27: =AA26+Z27 -> 0 | AB27: =(M27-$M$13-R27)/1000 -> 0
B28: ='115+260'!B29 -> 45266 | C28: =B28-B27 -> 1 | D28: =D27 -> 1069 | E28: =VLOOKUP(B28,'115+260'!B29:AB130,3,FALSE) -> 1695 | F28: =D28+E28 -> 2764 | G28: =VLOOKUP(B28,'115+260'!$B$15:$AB$115,20,FALSE) -> -200 | H28: =VLOOKUP(B28,'115+260'!$B$15:$AB$115,4,FALSE) -> 964 | I28: =F28-H28 -> 1800 | J28: =VLOOKUP(B28,'115+260'!$B$15:$AB$115,13,FALSE) -> -200 | K28: ='115+260'!Q29 -> 0 | L28: =+K28+L27 -> 0 | M28: =VLOOKUP(B28,'115+260'!$B$14:$AB$115,21,FALSE) -> -220 | N28: =VLOOKUP(B28,'115+260'!$B$15:$AB$115,5,FALSE) -> 984 | O28: =F28-N28 -> 1780 | P28: =VLOOKUP(B28,'115+260'!$B$15:$AB$115,14,FALSE) -> -220 | Q28: ='115+260'!R29 -> 0 | R28: =+Q28+R27 -> 0 | S28: =VLOOKUP(B28,'115+260'!$B$14:$AB$115,22,FALSE) -> -250 | T28: =VLOOKUP(B28,'115+260'!$B$15:$AB$115,6,FALSE) -> 1014 | U28: =F28-T28 -> 1750 | V28: =VLOOKUP(B28,'115+260'!$B$15:$AB$115,15,FALSE) -> -250 | W28: ='115+260'!S29 -> 0 | X28: =+W28+X27 -> 0 | Y28: =S28-S27 -> 0 | Z28: =IF(Y28>0,Y28,0)/1000 -> 0 | AA28: =AA27+Z28 -> 0 | AB28: =(M28-$M$13-R28)/1000 -> 0
B29: ='115+260'!B30 -> 45267 | C29: =B29-B28 -> 1 | D29: =D28 -> 1069 | E29: =VLOOKUP(B29,'115+260'!B30:AB131,3,FALSE) -> 1693 | F29: =D29+E29 -> 2762 | G29: =VLOOKUP(B29,'115+260'!$B$15:$AB$115,20,FALSE) -> -200 | H29: =VLOOKUP(B29,'115+260'!$B$15:$AB$115,4,FALSE) -> 962 | I29: =F29-H29 -> 1800 | J29: =VLOOKUP(B29,'115+260'!$B$15:$AB$115,13,FALSE) -> -200 | K29: ='115+260'!Q30 -> 0 | L29: =+K29+L28 -> 0 | M29: =VLOOKUP(B29,'115+260'!$B$14:$AB$115,21,FALSE) -> -220 | N29: =VLOOKUP(B29,'115+260'!$B$15:$AB$115,5,FALSE) -> 982 | O29: =F29-N29 -> 1780 | P29: =VLOOKUP(B29,'115+260'!$B$15:$AB$115,14,FALSE) -> -220 | Q29: ='115+260'!R30 -> 0 | R29: =+Q29+R28 -> 0 | S29: =VLOOKUP(B29,'115+260'!$B$14:$AB$115,22,FALSE) -> -250 | T29: =VLOOKUP(B29,'115+260'!$B$15:$AB$115,6,FALSE) -> 1012 | U29: =F29-T29 -> 1750 | V29: =VLOOKUP(B29,'115+260'!$B$15:$AB$115,15,FALSE) -> -250 | W29: ='115+260'!S30 -> 0 | X29: =+W29+X28 -> 0 | Y29: =S29-S28 -> 0 | Z29: =IF(Y29>0,Y29,0)/1000 -> 0 | AA29: =AA28+Z29 -> 0 | AB29: =(M29-$M$13-R29)/1000 -> 0
B30: ='115+260'!B31 -> 45268 | C30: =B30-B29 -> 1 | D30: =D29 -> 1069 | E30: =VLOOKUP(B30,'115+260'!B31:AB132,3,FALSE) -> 1691 | F30: =D30+E30 -> 2760 | G30: =VLOOKUP(B30,'115+260'!$B$15:$AB$115,20,FALSE) -> 91 | H30: =VLOOKUP(B30,'115+260'!$B$15:$AB$115,4,FALSE) -> 969 | I30: =F30-H30 -> 1791 | J30: =VLOOKUP(B30,'115+260'!$B$15:$AB$115,13,FALSE) -> -209 | K30: ='115+260'!Q31 -> 9 | L30: =+K30+L29 -> 9 | M30: =VLOOKUP(B30,'115+260'!$B$14:$AB$115,21,FALSE) -> 72 | N30: =VLOOKUP(B30,'115+260'!$B$15:$AB$115,5,FALSE) -> 988 | O30: =F30-N30 -> 1772 | P30: =VLOOKUP(B30,'115+260'!$B$15:$AB$115,14,FALSE) -> -228 | Q30: ='115+260'!R31 -> 8 | R30: =+Q30+R29 -> 8 | S30: =VLOOKUP(B30,'115+260'!$B$14:$AB$115,22,FALSE) -> 41 | T30: =VLOOKUP(B30,'115+260'!$B$15:$AB$115,6,FALSE) -> 1019 | U30: =F30-T30 -> 1741 | V30: =VLOOKUP(B30,'115+260'!$B$15:$AB$115,15,FALSE) -> -259 | W30: ='115+260'!S31 -> 9 | X30: =+W30+X29 -> 9 | Y30: =S30-S29 -> 291 | Z30: =IF(Y30>0,Y30,0)/1000 -> 0.291 | AA30: =AA29+Z30 -> 0.291 | AB30: =(M30-$M$13-R30)/1000 -> 0.284
B31: ='115+260'!B32 -> 45269 | C31: =B31-B30 -> 1 | D31: =D30 -> 1069 | E31: =VLOOKUP(B31,'115+260'!B32:AB133,3,FALSE) -> 1689 | F31: =D31+E31 -> 2758 | G31: =VLOOKUP(B31,'115+260'!$B$15:$AB$115,20,FALSE) -> 88 | H31: =VLOOKUP(B31,'115+260'!$B$15:$AB$115,4,FALSE) -> 970 | I31: =F31-H31 -> 1788 | J31: =VLOOKUP(B31,'115+260'!$B$15:$AB$115,13,FALSE) -> -212 | K31: ='115+260'!Q32 -> 3 | L31: =+K31+L30 -> 12 | M31: =VLOOKUP(B31,'115+260'!$B$14:$AB$115,21,FALSE) -> 69 | N31: =VLOOKUP(B31,'115+260'!$B$15:$AB$115,5,FALSE) -> 989 | O31: =F31-N31 -> 1769 | P31: =VLOOKUP(B31,'115+260'!$B$15:$AB$115,14,FALSE) -> -231 | Q31: ='115+260'!R32 -> 3 | R31: =+Q31+R30 -> 11 | S31: =VLOOKUP(B31,'115+260'!$B$14:$AB$115,22,FALSE) -> 38 | T31: =VLOOKUP(B31,'115+260'!$B$15:$AB$115,6,FALSE) -> 1020 | U31: =F31-T31 -> 1738 | V31: =VLOOKUP(B31,'115+260'!$B$15:$AB$115,15,FALSE) -> -262 | W31: ='115+260'!S32 -> 3 | X31: =+W31+X30 -> 12 | Y31: =S31-S30 -> -3 | Z31: =IF(Y31>0,Y31,0)/1000 -> 0 | AA31: =AA30+Z31 -> 0.291 | AB31: =(M31-$M$13-R31)/1000 -> 0.278
B32: ='115+260'!B33 -> 45270 | C32: =B32-B31 -> 1 | D32: =D31 -> 1069 | E32: =VLOOKUP(B32,'115+260'!B33:AB134,3,FALSE) -> 1687 | F32: =D32+E32 -> 2756 | G32: =VLOOKUP(B32,'115+260'!$B$15:$AB$115,20,FALSE) -> 84 | H32: =VLOOKUP(B32,'115+260'!$B$15:$AB$115,4,FALSE) -> 972 | I32: =F32-H32 -> 1784 | J32: =VLOOKUP(B32,'115+260'!$B$15:$AB$115,13,FALSE) -> -216 | K32: ='115+260'!Q33 -> 4 | L32: =+K32+L31 -> 16 | M32: =VLOOKUP(B32,'115+260'!$B$14:$AB$115,21,FALSE) -> 64 | N32: =VLOOKUP(B32,'115+260'!$B$15:$AB$115,5,FALSE) -> 992 | O32: =F32-N32 -> 1764 | P32: =VLOOKUP(B32,'115+260'!$B$15:$AB$115,14,FALSE) -> -236 | Q32: ='115+260'!R33 -> 5 | R32: =+Q32+R31 -> 16 | S32: =VLOOKUP(B32,'115+260'!$B$14:$AB$115,22,FALSE) -> 34 | T32: =VLOOKUP(B32,'115+260'!$B$15:$AB$115,6,FALSE) -> 1022 | U32: =F32-T32 -> 1734 | V32: =VLOOKUP(B32,'115+260'!$B$15:$AB$115,15,FALSE) -> -266 | W32: ='115+260'!S33 -> 4 | X32: =+W32+X31 -> 16 | Y32: =S32-S31 -> -4 | Z32: =IF(Y32>0,Y32,0)/1000 -> 0 | AA32: =AA31+Z32 -> 0.291 | AB32: =(M32-$M$13-R32)/1000 -> 0.268
B33: ='115+260'!B34 -> 45271 | C33: =B33-B32 -> 1 | D33: =D32 -> 1069 | E33: =VLOOKUP(B33,'115+260'!B34:AB135,3,FALSE) -> 1685 | F33: =D33+E33 -> 2754 | G33: =VLOOKUP(B33,'115+260'!$B$15:$AB$115,20,FALSE) -> 78 | H33: =VLOOKUP(B33,'115+260'!$B$15:$AB$115,4,FALSE) -> 976 | I33: =F33-H33 -> 1778 | J33: =VLOOKUP(B33,'115+260'!$B$15:$AB$115,13,FALSE) -> -222 | K33: ='115+260'!Q34 -> 6 | L33: =+K33+L32 -> 22 | M33: =VLOOKUP(B33,'115+260'!$B$14:$AB$115,21,FALSE) -> 61 | N33: =VLOOKUP(B33,'115+260'!$B$15:$AB$115,5,FALSE) -> 993 | O33: =F33-N33 -> 1761 | P33: =VLOOKUP(B33,'115+260'!$B$15:$AB$115,14,FALSE) -> -239 | Q33: ='115+260'!R34 -> 3 | R33: =+Q33+R32 -> 19 | S33: =VLOOKUP(B33,'115+260'!$B$14:$AB$115,22,FALSE) -> 31 | T33: =VLOOKUP(B33,'115+260'!$B$15:$AB$115,6,FALSE) -> 1023 | U33: =F33-T33 -> 1731 | V33: =VLOOKUP(B33,'115+260'!$B$15:$AB$115,15,FALSE) -> -269 | W33: ='115+260'!S34 -> 3 | X33: =+W33+X32 -> 19 | Y33: =S33-S32 -> -3 | Z33: =IF(Y33>0,Y33,0)/1000 -> 0 | AA33: =AA32+Z33 -> 0.291 | AB33: =(M33-$M$13-R33)/1000 -> 0.262
... B76: ='115+260'!B77 -> 45314 | C76: =B76-B75 -> 1 | D76: =D75 -> 1069 | E76: =VLOOKUP(B76,'115+260'!B77:AB178,3,FALSE) -> 1599 | F76: =D76+E76 -> 2668 | G76: =VLOOKUP(B76,'115+260'!$B$15:$AB$115,20,FALSE) -> 959 | H76: =VLOOKUP(B76,'115+260'!$B$15:$AB$115,4,FALSE) -> 1009 | I76: =F76-H76 -> 1659 | J76: =VLOOKUP(B76,'115+260'!$B$15:$AB$115,13,FALSE) -> -341 | K76: ='115+260'!Q77 -> 0 | L76: =+K76+L75 -> 141 | M76: =VLOOKUP(B76,'115+260'!$B$14:$AB$115,21,FALSE) -> 969 | N76: =VLOOKUP(B76,'115+260'!$B$15:$AB$115,5,FALSE) -> 1019 | O76: =F76-N76 -> 1649 | P76: =VLOOKUP(B76,'115+260'!$B$15:$AB$115,14,FALSE) -> -351 | Q76: ='115+260'!R77 -> 0 | R76: =+Q76+R75 -> 131 | S76: =VLOOKUP(B76,'115+260'!$B$14:$AB$115,22,FALSE) -> 975 | T76: =VLOOKUP(B76,'115+260'!$B$15:$AB$115,6,FALSE) -> 1043 | U76: =F76-T76 -> 1625 | V76: =VLOOKUP(B76,'115+260'!$B$15:$AB$115,15,FALSE) -> -375 | W76: ='115+260'!S77 -> 0 | X76: =+W76+X75 -> 125 | Y76: =S76-S75 -> 0 | Z76: =IF(Y76>0,Y76,0)/1000 -> 0 | AA76: =AA75+Z76 -> 1.306 | AB76: =(M76-$M$13-R76)/1000 -> 1.058
A77: 42307 | B77: ='115+260'!B78 -> 45315 | C77: =B77-B76 -> 1 | D77: =D76 -> 1069 | E77: =VLOOKUP(B77,'115+260'!B78:AB179,3,FALSE) -> 1597 | F77: =D77+E77 -> 2666 | G77: =VLOOKUP(B77,'115+260'!$B$15:$AB$115,20,FALSE) -> 959 | H77: =VLOOKUP(B77,'115+260'!$B$15:$AB$115,4,FALSE) -> 1007 | I77: =F77-H77 -> 1659 | J77: =VLOOKUP(B77,'115+260'!$B$15:$AB$115,13,FALSE) -> -341 | K77: ='115+260'!Q78 -> 0 | L77: =+K77+L76 -> 141 | M77: =VLOOKUP(B77,'115+260'!$B$14:$AB$115,21,FALSE) -> 969 | N77: =VLOOKUP(B77,'115+260'!$B$15:$AB$115,5,FALSE) -> 1017 | O77: =F77-N77 -> 1649 | P77: =VLOOKUP(B77,'115+260'!$B$15:$AB$115,14,FALSE) -> -351 | Q77: ='115+260'!R78 -> 0 | R77: =+Q77+R76 -> 131 | S77: =VLOOKUP(B77,'115+260'!$B$14:$AB$115,22,FALSE) -> 975 | T77: =VLOOKUP(B77,'115+260'!$B$15:$AB$115,6,FALSE) -> 1041 | U77: =F77-T77 -> 1625 | V77: =VLOOKUP(B77,'115+260'!$B$15:$AB$115,15,FALSE) -> -375 | W77: ='115+260'!S78 -> 0 | X77: =+W77+X76 -> 125 | Y77: =S77-S76 -> 0 | Z77: =IF(Y77>0,Y77,0)/1000 -> 0 | AA77: =AA76+Z77 -> 1.306 | AB77: =(M77-$M$13-R77)/1000 -> 1.058
A78: 02/11/015 | B78: ='115+260'!B79 -> 45316 | C78: =B78-B77 -> 1 | D78: =D77 -> 1069 | E78: =VLOOKUP(B78,'115+260'!B79:AB180,3,FALSE) -> 1595 | F78: =D78+E78 -> 2664 | G78: =VLOOKUP(B78,'115+260'!$B$15:$AB$115,20,FALSE) -> 959 | H78: =VLOOKUP(B78,'115+260'!$B$15:$AB$115,4,FALSE) -> 1005 | I78: =F78-H78 -> 1659 | J78: =VLOOKUP(B78,'115+260'!$B$15:$AB$115,13,FALSE) -> -341 | K78: ='115+260'!Q79 -> 0 | L78: =+K78+L77 -> 141 | M78: =VLOOKUP(B78,'115+260'!$B$14:$AB$115,21,FALSE) -> 969 | N78: =VLOOKUP(B78,'115+260'!$B$15:$AB$115,5,FALSE) -> 1015 | O78: =F78-N78 -> 1649 | P78: =VLOOKUP(B78,'115+260'!$B$15:$AB$115,14,FALSE) -> -351 | Q78: ='115+260'!R79 -> 0 | R78: =+Q78+R77 -> 131 | S78: =VLOOKUP(B78,'115+260'!$B$14:$AB$115,22,FALSE) -> 975 | T78: =VLOOKUP(B78,'115+260'!$B$15:$AB$115,6,FALSE) -> 1039 | U78: =F78-T78 -> 1625 | V78: =VLOOKUP(B78,'115+260'!$B$15:$AB$115,15,FALSE) -> -375 | W78: ='115+260'!S79 -> 0 | X78: =+W78+X77 -> 125 | Y78: =S78-S77 -> 0 | Z78: =IF(Y78>0,Y78,0)/1000 -> 0 | AA78: =AA77+Z78 -> 1.306 | AB78: =(M78-$M$13-R78)/1000 -> 1.058
A79: 42313 | B79: ='115+260'!B80 -> 45317 | C79: =B79-B78 -> 1 | D79: =D78 -> 1069 | E79: =VLOOKUP(B79,'115+260'!B80:AB181,3,FALSE) -> 1593 | F79: =D79+E79 -> 2662 | G79: =VLOOKUP(B79,'115+260'!$B$15:$AB$115,20,FALSE) -> 959 | H79: =VLOOKUP(B79,'115+260'!$B$15:$AB$115,4,FALSE) -> 1003 | I79: =F79-H79 -> 1659 | J79: =VLOOKUP(B79,'115+260'!$B$15:$AB$115,13,FALSE) -> -341 | K79: ='115+260'!Q80 -> 0 | L79: =+K79+L78 -> 141 | M79: =VLOOKUP(B79,'115+260'!$B$14:$AB$115,21,FALSE) -> 969 | N79: =VLOOKUP(B79,'115+260'!$B$15:$AB$115,5,FALSE) -> 1013 | O79: =F79-N79 -> 1649 | P79: =VLOOKUP(B79,'115+260'!$B$15:$AB$115,14,FALSE) -> -351 | Q79: ='115+260'!R80 -> 0 | R79: =+Q79+R78 -> 131 | S79: =VLOOKUP(B79,'115+260'!$B$14:$AB$115,22,FALSE) -> 975 | T79: =VLOOKUP(B79,'115+260'!$B$15:$AB$115,6,FALSE) -> 1037 | U79: =F79-T79 -> 1625 | V79: =VLOOKUP(B79,'115+260'!$B$15:$AB$115,15,FALSE) -> -375 | W79: ='115+260'!S80 -> 0 | X79: =+W79+X78 -> 125 | Y79: =S79-S78 -> 0 | Z79: =IF(Y79>0,Y79,0)/1000 -> 0 | AA79: =AA78+Z79 -> 1.306 | AB79: =(M79-$M$13-R79)/1000 -> 1.058
A80: 42319 | B80: ='115+260'!B81 -> 45318 | C80: =B80-B79 -> 1 | D80: =D79 -> 1069 | E80: =VLOOKUP(B80,'115+260'!B81:AB182,3,FALSE) -> 1591 | F80: =D80+E80 -> 2660 | G80: =VLOOKUP(B80,'115+260'!$B$15:$AB$115,20,FALSE) -> 959 | H80: =VLOOKUP(B80,'115+260'!$B$15:$AB$115,4,FALSE) -> 1001 | I80: =F80-H80 -> 1659 | J80: =VLOOKUP(B80,'115+260'!$B$15:$AB$115,13,FALSE) -> -341 | K80: ='115+260'!Q81 -> 0 | L80: =+K80+L79 -> 141 | M80: =VLOOKUP(B80,'115+260'!$B$14:$AB$115,21,FALSE) -> 969 | N80: =VLOOKUP(B80,'115+260'!$B$15:$AB$115,5,FALSE) -> 1011 | O80: =F80-N80 -> 1649 | P80: =VLOOKUP(B80,'115+260'!$B$15:$AB$115,14,FALSE) -> -351 | Q80: ='115+260'!R81 -> 0 | R80: =+Q80+R79 -> 131 | S80: =VLOOKUP(B80,'115+260'!$B$14:$AB$115,22,FALSE) -> 975 | T80: =VLOOKUP(B80,'115+260'!$B$15:$AB$115,6,FALSE) -> 1035 | U80: =F80-T80 -> 1625 | V80: =VLOOKUP(B80,'115+260'!$B$15:$AB$115,15,FALSE) -> -375 | W80: ='115+260'!S81 -> 0 | X80: =+W80+X79 -> 125 | Y80: =S80-S79 -> 0 | Z80: =IF(Y80>0,Y80,0)/1000 -> 0 | AA80: =AA79+Z80 -> 1.306 | AB80: =(M80-$M$13-R80)/1000 -> 1.058
A81: 42322 | B81: ='115+260'!B82 -> 45319 | C81: =B81-B80 -> 1 | D81: =D80 -> 1069 | E81: =VLOOKUP(B81,'115+260'!B82:AB183,3,FALSE) -> 1589 | F81: =D81+E81 -> 2658 | G81: =VLOOKUP(B81,'115+260'!$B$15:$AB$115,20,FALSE) -> 959 | H81: =VLOOKUP(B81,'115+260'!$B$15:$AB$115,4,FALSE) -> 999 | I81: =F81-H81 -> 1659 | J81: =VLOOKUP(B81,'115+260'!$B$15:$AB$115,13,FALSE) -> -341 | K81: ='115+260'!Q82 -> 0 | L81: =+K81+L80 -> 141 | M81: =VLOOKUP(B81,'115+260'!$B$14:$AB$115,21,FALSE) -> 969 | N81: =VLOOKUP(B81,'115+260'!$B$15:$AB$115,5,FALSE) -> 1009 | O81: =F81-N81 -> 1649 | P81: =VLOOKUP(B81,'115+260'!$B$15:$AB$115,14,FALSE) -> -351 | Q81: ='115+260'!R82 -> 0 | R81: =+Q81+R80 -> 131 | S81: =VLOOKUP(B81,'115+260'!$B$14:$AB$115,22,FALSE) -> 975 | T81: =VLOOKUP(B81,'115+260'!$B$15:$AB$115,6,FALSE) -> 1033 | U81: =F81-T81 -> 1625 | V81: =VLOOKUP(B81,'115+260'!$B$15:$AB$115,15,FALSE) -> -375 | W81: ='115+260'!S82 -> 0 | X81: =+W81+X80 -> 125 | Y81: =S81-S80 -> 0 | Z81: =IF(Y81>0,Y81,0)/1000 -> 0 | AA81: =AA80+Z81 -> 1.306 | AB81: =(M81-$M$13-R81)/1000 -> 1.058
A82: 17/11/015 | B82: ='115+260'!B83 -> 45320 | C82: =B82-B81 -> 1 | D82: =D81 -> 1069 | E82: =VLOOKUP(B82,'115+260'!B83:AB184,3,FALSE) -> 1587 | F82: =D82+E82 -> 2656 | G82: =VLOOKUP(B82,'115+260'!$B$15:$AB$115,20,FALSE) -> 959 | H82: =VLOOKUP(B82,'115+260'!$B$15:$AB$115,4,FALSE) -> 997 | I82: =F82-H82 -> 1659 | J82: =VLOOKUP(B82,'115+260'!$B$15:$AB$115,13,FALSE) -> -341 | K82: ='115+260'!Q83 -> 0 | L82: =+K82+L81 -> 141 | M82: =VLOOKUP(B82,'115+260'!$B$14:$AB$115,21,FALSE) -> 969 | N82: =VLOOKUP(B82,'115+260'!$B$15:$AB$115,5,FALSE) -> 1007 | O82: =F82-N82 -> 1649 | P82: =VLOOKUP(B82,'115+260'!$B$15:$AB$115,14,FALSE) -> -351 | Q82: ='115+260'!R83 -> 0 | R82: =+Q82+R81 -> 131 | S82: =VLOOKUP(B82,'115+260'!$B$14:$AB$115,22,FALSE) -> 975 | T82: =VLOOKUP(B82,'115+260'!$B$15:$AB$115,6,FALSE) -> 1031 | U82: =F82-T82 -> 1625 | V82: =VLOOKUP(B82,'115+260'!$B$15:$AB$115,15,FALSE) -> -375 | W82: ='115+260'!S83 -> 0 | X82: =+W82+X81 -> 125 | Y82: =S82-S81 -> 0 | Z82: =IF(Y82>0,Y82,0)/1000 -> 0 | AA82: =AA81+Z82 -> 1.306 | AB82: =(M82-$M$13-R82)/1000 -> 1.058
A83: 42328 | B83: ='115+260'!B84 -> 45321 | C83: =B83-B82 -> 1 | D83: =D82 -> 1069 | E83: =VLOOKUP(B83,'115+260'!B84:AB185,3,FALSE) -> 1585 | F83: =D83+E83 -> 2654 | G83: =VLOOKUP(B83,'115+260'!$B$15:$AB$115,20,FALSE) -> 959 | H83: =VLOOKUP(B83,'115+260'!$B$15:$AB$115,4,FALSE) -> 995 | I83: =F83-H83 -> 1659 | J83: =VLOOKUP(B83,'115+260'!$B$15:$AB$115,13,FALSE) -> -341 | K83: ='115+260'!Q84 -> 0 | L83: =+K83+L82 -> 141 | M83: =VLOOKUP(B83,'115+260'!$B$14:$AB$115,21,FALSE) -> 969 | N83: =VLOOKUP(B83,'115+260'!$B$15:$AB$115,5,FALSE) -> 1005 | O83: =F83-N83 -> 1649 | P83: =VLOOKUP(B83,'115+260'!$B$15:$AB$115,14,FALSE) -> -351 | Q83: ='115+260'!R84 -> 0 | R83: =+Q83+R82 -> 131 | S83: =VLOOKUP(B83,'115+260'!$B$14:$AB$115,22,FALSE) -> 975 | T83: =VLOOKUP(B83,'115+260'!$B$15:$AB$115,6,FALSE) -> 1029 | U83: =F83-T83 -> 1625 | V83: =VLOOKUP(B83,'115+260'!$B$15:$AB$115,15,FALSE) -> -375 | W83: ='115+260'!S84 -> 0 | X83: =+W83+X82 -> 125 | Y83: =S83-S82 -> 0 | Z83: =IF(Y83>0,Y83,0)/1000 -> 0 | AA83: =AA82+Z83 -> 1.306 | AB83: =(M83-$M$13-R83)/1000 -> 1.058
A84: 42331 | B84: ='115+260'!B85 -> 45322 | C84: =B84-B83 -> 1 | D84: =D83 -> 1069 | E84: =VLOOKUP(B84,'115+260'!B85:AB186,3,FALSE) -> 1583 | F84: =D84+E84 -> 2652 | G84: =VLOOKUP(B84,'115+260'!$B$15:$AB$115,20,FALSE) -> 959 | H84: =VLOOKUP(B84,'115+260'!$B$15:$AB$115,4,FALSE) -> 993 | I84: =F84-H84 -> 1659 | J84: =VLOOKUP(B84,'115+260'!$B$15:$AB$115,13,FALSE) -> -341 | K84: ='115+260'!Q85 -> 0 | L84: =+K84+L83 -> 141 | M84: =VLOOKUP(B84,'115+260'!$B$14:$AB$115,21,FALSE) -> 969 | N84: =VLOOKUP(B84,'115+260'!$B$15:$AB$115,5,FALSE) -> 1003 | O84: =F84-N84 -> 1649 | P84: =VLOOKUP(B84,'115+260'!$B$15:$AB$115,14,FALSE) -> -351 | Q84: ='115+260'!R85 -> 0 | R84: =+Q84+R83 -> 131 | S84: =VLOOKUP(B84,'115+260'!$B$14:$AB$115,22,FALSE) -> 975 | T84: =VLOOKUP(B84,'115+260'!$B$15:$AB$115,6,FALSE) -> 1027 | U84: =F84-T84 -> 1625 | V84: =VLOOKUP(B84,'115+260'!$B$15:$AB$115,15,FALSE) -> -375 | W84: ='115+260'!S85 -> 0 | X84: =+W84+X83 -> 125 | Y84: =S84-S83 -> 0 | Z84: =IF(Y84>0,Y84,0)/1000 -> 0 | AA84: =AA83+Z84 -> 1.306 | AB84: =(M84-$M$13-R84)/1000 -> 1.058
A85: 26/11/015 | B85: ='115+260'!B86 -> 45323 | C85: =B85-B84 -> 1 | D85: =D84 -> 1069 | E85: =VLOOKUP(B85,'115+260'!B86:AB187,3,FALSE) -> 1581 | F85: =D85+E85 -> 2650 | G85: =VLOOKUP(B85,'115+260'!$B$15:$AB$115,20,FALSE) -> 959 | H85: =VLOOKUP(B85,'115+260'!$B$15:$AB$115,4,FALSE) -> 991 | I85: =F85-H85 -> 1659 | J85: =VLOOKUP(B85,'115+260'!$B$15:$AB$115,13,FALSE) -> -341 | K85: ='115+260'!Q86 -> 0 | L85: =+K85+L84 -> 141 | M85: =VLOOKUP(B85,'115+260'!$B$14:$AB$115,21,FALSE) -> 969 | N85: =VLOOKUP(B85,'115+260'!$B$15:$AB$115,5,FALSE) -> 1001 | O85: =F85-N85 -> 1649 | P85: =VLOOKUP(B85,'115+260'!$B$15:$AB$115,14,FALSE) -> -351 | Q85: ='115+260'!R86 -> 0 | R85: =+Q85+R84 -> 131 | S85: =VLOOKUP(B85,'115+260'!$B$14:$AB$115,22,FALSE) -> 975 | T85: =VLOOKUP(B85,'115+260'!$B$15:$AB$115,6,FALSE) -> 1025 | U85: =F85-T85 -> 1625 | V85: =VLOOKUP(B85,'115+260'!$B$15:$AB$115,15,FALSE) -> -375 | W85: ='115+260'!S86 -> 0 | X85: =+W85+X84 -> 125 | Y85: =S85-S84 -> 0 | Z85: =IF(Y85>0,Y85,0)/1000 -> 0 | AA85: =AA84+Z85 -> 1.306 | AB85: =(M85-$M$13-R85)/1000 -> 1.058
A86: 42337 | B86: ='115+260'!B87 -> 45324 | C86: =B86-B85 -> 1 | D86: =D85 -> 1069 | E86: =VLOOKUP(B86,'115+260'!B87:AB188,3,FALSE) -> 1579 | F86: =D86+E86 -> 2648 | G86: =VLOOKUP(B86,'115+260'!$B$15:$AB$115,20,FALSE) -> 959 | H86: =VLOOKUP(B86,'115+260'!$B$15:$AB$115,4,FALSE) -> 989 | I86: =F86-H86 -> 1659 | J86: =VLOOKUP(B86,'115+260'!$B$15:$AB$115,13,FALSE) -> -341 | K86: ='115+260'!Q87 -> 0 | L86: =+K86+L85 -> 141 | M86: =VLOOKUP(B86,'115+260'!$B$14:$AB$115,21,FALSE) -> 969 | N86: =VLOOKUP(B86,'115+260'!$B$15:$AB$115,5,FALSE) -> 999 | O86: =F86-N86 -> 1649 | P86: =VLOOKUP(B86,'115+260'!$B$15:$AB$115,14,FALSE) -> -351 | Q86: ='115+260'!R87 -> 0 | R86: =+Q86+R85 -> 131 | S86: =VLOOKUP(B86,'115+260'!$B$14:$AB$115,22,FALSE) -> 975 | T86: =VLOOKUP(B86,'115+260'!$B$15:$AB$115,6,FALSE) -> 1023 | U86: =F86-T86 -> 1625 | V86: =VLOOKUP(B86,'115+260'!$B$15:$AB$115,15,FALSE) -> -375 | W86: ='115+260'!S87 -> 0 | X86: =+W86+X85 -> 125 | Y86: =S86-S85 -> 0 | Z86: =IF(Y86>0,Y86,0)/1000 -> 0 | AA86: =AA85+Z86 -> 1.306 | AB86: =(M86-$M$13-R86)/1000 -> 1.058
A87: 42340 | B87: ='115+260'!B88 -> 45325 | C87: =B87-B86 -> 1 | D87: =D86 -> 1069 | E87: =VLOOKUP(B87,'115+260'!B88:AB189,3,FALSE) -> 1577 | F87: =D87+E87 -> 2646 | G87: =VLOOKUP(B87,'115+260'!$B$15:$AB$115,20,FALSE) -> 959 | H87: =VLOOKUP(B87,'115+260'!$B$15:$AB$115,4,FALSE) -> 987 | I87: =F87-H87 -> 1659 | J87: =VLOOKUP(B87,'115+260'!$B$15:$AB$115,13,FALSE) -> -341 | K87: ='115+260'!Q88 -> 0 | L87: =+K87+L86 -> 141 | M87: =VLOOKUP(B87,'115+260'!$B$14:$AB$115,21,FALSE) -> 969 | N87: =VLOOKUP(B87,'115+260'!$B$15:$AB$115,5,FALSE) -> 997 | O87: =F87-N87 -> 1649 | P87: =VLOOKUP(B87,'115+260'!$B$15:$AB$115,14,FALSE) -> -351 | Q87: ='115+260'!R88 -> 0 | R87: =+Q87+R86 -> 131 | S87: =VLOOKUP(B87,'115+260'!$B$14:$AB$115,22,FALSE) -> 975 | T87: =VLOOKUP(B87,'115+260'!$B$15:$AB$115,6,FALSE) -> 1021 | U87: =F87-T87 -> 1625 | V87: =VLOOKUP(B87,'115+260'!$B$15:$AB$115,15,FALSE) -> -375 | W87: ='115+260'!S88 -> 0 | X87: =+W87+X86 -> 125 | Y87: =S87-S86 -> 0 | Z87: =IF(Y87>0,Y87,0)/1000 -> 0 | AA87: =AA86+Z87 -> 1.306 | AB87: =(M87-$M$13-R87)/1000 -> 1.058
A88: 42343 | B88: ='115+260'!B89 -> 45326 | C88: =B88-B87 -> 1 | D88: =D87 -> 1069 | E88: =VLOOKUP(B88,'115+260'!B89:AB190,3,FALSE) -> 1575 | F88: =D88+E88 -> 2644 | G88: =VLOOKUP(B88,'115+260'!$B$15:$AB$115,20,FALSE) -> 959 | H88: =VLOOKUP(B88,'115+260'!$B$15:$AB$115,4,FALSE) -> 985 | I88: =F88-H88 -> 1659 | J88: =VLOOKUP(B88,'115+260'!$B$15:$AB$115,13,FALSE) -> -341 | K88: ='115+260'!Q89 -> 0 | L88: =+K88+L87 -> 141 | M88: =VLOOKUP(B88,'115+260'!$B$14:$AB$115,21,FALSE) -> 969 | N88: =VLOOKUP(B88,'115+260'!$B$15:$AB$115,5,FALSE) -> 995 | O88: =F88-N88 -> 1649 | P88: =VLOOKUP(B88,'115+260'!$B$15:$AB$115,14,FALSE) -> -351 | Q88: ='115+260'!R89 -> 0 | R88: =+Q88+R87 -> 131 | S88: =VLOOKUP(B88,'115+260'!$B$14:$AB$115,22,FALSE) -> 975 | T88: =VLOOKUP(B88,'115+260'!$B$15:$AB$115,6,FALSE) -> 1019 | U88: =F88-T88 -> 1625 | V88: =VLOOKUP(B88,'115+260'!$B$15:$AB$115,15,FALSE) -> -375 | W88: ='115+260'!S89 -> 0 | X88: =+W88+X87 -> 125 | Y88: =S88-S87 -> 0 | Z88: =IF(Y88>0,Y88,0)/1000 -> 0 | AA88: =AA87+Z88 -> 1.306 | AB88: =(M88-$M$13-R88)/1000 -> 1.058
A89: 08/12/015 | B89: ='115+260'!B90 -> 45327 | C89: =B89-B88 -> 1 | D89: =D88 -> 1069 | E89: =VLOOKUP(B89,'115+260'!B90:AB191,3,FALSE) -> 1573 | F89: =D89+E89 -> 2642 | G89: =VLOOKUP(B89,'115+260'!$B$15:$AB$115,20,FALSE) -> 959 | H89: =VLOOKUP(B89,'115+260'!$B$15:$AB$115,4,FALSE) -> 983 | I89: =F89-H89 -> 1659 | J89: =VLOOKUP(B89,'115+260'!$B$15:$AB$115,13,FALSE) -> -341 | K89: ='115+260'!Q90 -> 0 | L89: =+K89+L88 -> 141 | M89: =VLOOKUP(B89,'115+260'!$B$14:$AB$115,21,FALSE) -> 969 | N89: =VLOOKUP(B89,'115+260'!$B$15:$AB$115,5,FALSE) -> 993 | O89: =F89-N89 -> 1649 | P89: =VLOOKUP(B89,'115+260'!$B$15:$AB$115,14,FALSE) -> -351 | Q89: ='115+260'!R90 -> 0 | R89: =+Q89+R88 -> 131 | S89: =VLOOKUP(B89,'115+260'!$B$14:$AB$115,22,FALSE) -> 975 | T89: =VLOOKUP(B89,'115+260'!$B$15:$AB$115,6,FALSE) -> 1017 | U89: =F89-T89 -> 1625 | V89: =VLOOKUP(B89,'115+260'!$B$15:$AB$115,15,FALSE) -> -375 | W89: ='115+260'!S90 -> 0 | X89: =+W89+X88 -> 125 | Y89: =S89-S88 -> 0 | Z89: =IF(Y89>0,Y89,0)/1000 -> 0 | AA89: =AA88+Z89 -> 1.306 | AB89: =(M89-$M$13-R89)/1000 -> 1.058
A90: 42349 | B90: ='115+260'!B91 -> 45328 | C90: =B90-B89 -> 1 | D90: =D89 -> 1069 | E90: =VLOOKUP(B90,'115+260'!B91:AB192,3,FALSE) -> 1571 | F90: =D90+E90 -> 2640 | G90: =VLOOKUP(B90,'115+260'!$B$15:$AB$115,20,FALSE) -> 959 | H90: =VLOOKUP(B90,'115+260'!$B$15:$AB$115,4,FALSE) -> 981 | I90: =F90-H90 -> 1659 | J90: =VLOOKUP(B90,'115+260'!$B$15:$AB$115,13,FALSE) -> -341 | K90: ='115+260'!Q91 -> 0 | L90: =+K90+L89 -> 141 | M90: =VLOOKUP(B90,'115+260'!$B$14:$AB$115,21,FALSE) -> 969 | N90: =VLOOKUP(B90,'115+260'!$B$15:$AB$115,5,FALSE) -> 991 | O90: =F90-N90 -> 1649 | P90: =VLOOKUP(B90,'115+260'!$B$15:$AB$115,14,FALSE) -> -351 | Q90: ='115+260'!R91 -> 0 | R90: =+Q90+R89 -> 131 | S90: =VLOOKUP(B90,'115+260'!$B$14:$AB$115,22,FALSE) -> 975 | T90: =VLOOKUP(B90,'115+260'!$B$15:$AB$115,6,FALSE) -> 1015 | U90: =F90-T90 -> 1625 | V90: =VLOOKUP(B90,'115+260'!$B$15:$AB$115,15,FALSE) -> -375 | W90: ='115+260'!S91 -> 0 | X90: =+W90+X89 -> 125 | Y90: =S90-S89 -> 0 | Z90: =IF(Y90>0,Y90,0)/1000 -> 0 | AA90: =AA89+Z90 -> 1.306 | AB90: =(M90-$M$13-R90)/1000 -> 1.058
A91: 42352 | B91: ='115+260'!B92 -> 45329 | C91: =B91-B90 -> 1 | D91: =D90 -> 1069 | E91: =VLOOKUP(B91,'115+260'!B92:AB193,3,FALSE) -> 1569 | F91: =D91+E91 -> 2638 | G91: =VLOOKUP(B91,'115+260'!$B$15:$AB$115,20,FALSE) -> 959 | H91: =VLOOKUP(B91,'115+260'!$B$15:$AB$115,4,FALSE) -> 979 | I91: =F91-H91 -> 1659 | J91: =VLOOKUP(B91,'115+260'!$B$15:$AB$115,13,FALSE) -> -341 | K91: ='115+260'!Q92 -> 0 | L91: =+K91+L90 -> 141 | M91: =VLOOKUP(B91,'115+260'!$B$14:$AB$115,21,FALSE) -> 969 | N91: =VLOOKUP(B91,'115+260'!$B$15:$AB$115,5,FALSE) -> 989 | O91: =F91-N91 -> 1649 | P91: =VLOOKUP(B91,'115+260'!$B$15:$AB$115,14,FALSE) -> -351 | Q91: ='115+260'!R92 -> 0 | R91: =+Q91+R90 -> 131 | S91: =VLOOKUP(B91,'115+260'!$B$14:$AB$115,22,FALSE) -> 975 | T91: =VLOOKUP(B91,'115+260'!$B$15:$AB$115,6,FALSE) -> 1013 | U91: =F91-T91 -> 1625 | V91: =VLOOKUP(B91,'115+260'!$B$15:$AB$115,15,FALSE) -> -375 | W91: ='115+260'!S92 -> 0 | X91: =+W91+X90 -> 125 | Y91: =S91-S90 -> 0 | Z91: =IF(Y91>0,Y91,0)/1000 -> 0 | AA91: =AA90+Z91 -> 1.306 | AB91: =(M91-$M$13-R91)/1000 -> 1.058
A92: 42353 | B92: ='115+260'!B93 -> 45330 | C92: =B92-B91 -> 1 | D92: =D91 -> 1069 | E92: =VLOOKUP(B92,'115+260'!B93:AB194,3,FALSE) -> 1567 | F92: =D92+E92 -> 2636 | G92: =VLOOKUP(B92,'115+260'!$B$15:$AB$115,20,FALSE) -> 959 | H92: =VLOOKUP(B92,'115+260'!$B$15:$AB$115,4,FALSE) -> 977 | I92: =F92-H92 -> 1659 | J92: =VLOOKUP(B92,'115+260'!$B$15:$AB$115,13,FALSE) -> -341 | K92: ='115+260'!Q93 -> 0 | L92: =+K92+L91 -> 141 | M92: =VLOOKUP(B92,'115+260'!$B$14:$AB$115,21,FALSE) -> 969 | N92: =VLOOKUP(B92,'115+260'!$B$15:$AB$115,5,FALSE) -> 987 | O92: =F92-N92 -> 1649 | P92: =VLOOKUP(B92,'115+260'!$B$15:$AB$115,14,FALSE) -> -351 | Q92: ='115+260'!R93 -> 0 | R92: =+Q92+R91 -> 131 | S92: =VLOOKUP(B92,'115+260'!$B$14:$AB$115,22,FALSE) -> 975 | T92: =VLOOKUP(B92,'115+260'!$B$15:$AB$115,6,FALSE) -> 1011 | U92: =F92-T92 -> 1625 | V92: =VLOOKUP(B92,'115+260'!$B$15:$AB$115,15,FALSE) -> -375 | W92: ='115+260'!S93 -> 0 | X92: =+W92+X91 -> 125 | Y92: =S92-S91 -> 0 | Z92: =IF(Y92>0,Y92,0)/1000 -> 0 | AA92: =AA91+Z92 -> 1.306 | AB92: =(M92-$M$13-R92)/1000 -> 1.058
A93: 42353 | B93: ='115+260'!B94 -> 45331 | C93: =B93-B92 -> 1 | D93: =D92 -> 1069 | E93: =VLOOKUP(B93,'115+260'!B94:AB195,3,FALSE) -> 1565 | F93: =D93+E93 -> 2634 | G93: =VLOOKUP(B93,'115+260'!$B$15:$AB$115,20,FALSE) -> 959 | H93: =VLOOKUP(B93,'115+260'!$B$15:$AB$115,4,FALSE) -> 975 | I93: =F93-H93 -> 1659 | J93: =VLOOKUP(B93,'115+260'!$B$15:$AB$115,13,FALSE) -> -341 | K93: ='115+260'!Q94 -> 0 | L93: =+K93+L92 -> 141 | M93: =VLOOKUP(B93,'115+260'!$B$14:$AB$115,21,FALSE) -> 969 | N93: =VLOOKUP(B93,'115+260'!$B$15:$AB$115,5,FALSE) -> 985 | O93: =F93-N93 -> 1649 | P93: =VLOOKUP(B93,'115+260'!$B$15:$AB$115,14,FALSE) -> -351 | Q93: ='115+260'!R94 -> 0 | R93: =+Q93+R92 -> 131 | S93: =VLOOKUP(B93,'115+260'!$B$14:$AB$115,22,FALSE) -> 975 | T93: =VLOOKUP(B93,'115+260'!$B$15:$AB$115,6,FALSE) -> 1009 | U93: =F93-T93 -> 1625 | V93: =VLOOKUP(B93,'115+260'!$B$15:$AB$115,15,FALSE) -> -375 | W93: ='115+260'!S94 -> 0 | X93: =+W93+X92 -> 125 | Y93: =S93-S92 -> 0 | Z93: =IF(Y93>0,Y93,0)/1000 -> 0 | AA93: =AA92+Z93 -> 1.306 | AB93: =(M93-$M$13-R93)/1000 -> 1.058
B94: ='115+260'!B95 -> 45332 | C94: =B94-B93 -> 1 | D94: =D93 -> 1069 | E94: =VLOOKUP(B94,'115+260'!B95:AB196,3,FALSE) -> 1563 | F94: =D94+E94 -> 2632 | G94: =VLOOKUP(B94,'115+260'!$B$15:$AB$115,20,FALSE) -> 959 | H94: =VLOOKUP(B94,'115+260'!$B$15:$AB$115,4,FALSE) -> 973 | I94: =F94-H94 -> 1659 | J94: =VLOOKUP(B94,'115+260'!$B$15:$AB$115,13,FALSE) -> -341 | K94: ='115+260'!Q95 -> 0 | L94: =+K94+L93 -> 141 | M94: =VLOOKUP(B94,'115+260'!$B$14:$AB$115,21,FALSE) -> 969 | N94: =VLOOKUP(B94,'115+260'!$B$15:$AB$115,5,FALSE) -> 983 | O94: =F94-N94 -> 1649 | P94: =VLOOKUP(B94,'115+260'!$B$15:$AB$115,14,FALSE) -> -351 | Q94: ='115+260'!R95 -> 0 | R94: =+Q94+R93 -> 131 | S94: =VLOOKUP(B94,'115+260'!$B$14:$AB$115,22,FALSE) -> 975 | T94: =VLOOKUP(B94,'115+260'!$B$15:$AB$115,6,FALSE) -> 1007 | U94: =F94-T94 -> 1625 | V94: =VLOOKUP(B94,'115+260'!$B$15:$AB$115,15,FALSE) -> -375 | W94: ='115+260'!S95 -> 0 | X94: =+W94+X93 -> 125 | Y94: =S94-S93 -> 0 | Z94: =IF(Y94>0,Y94,0)/1000 -> 0 | AA94: =AA93+Z94 -> 1.306 | AB94: =(M94-$M$13-R94)/1000 -> 1.058
B95: ='115+260'!B96 -> 45333 | C95: =B95-B94 -> 1 | D95: =D94 -> 1069 | E95: =VLOOKUP(B95,'115+260'!B96:AB197,3,FALSE) -> 1561 | F95: =D95+E95 -> 2630 | G95: =VLOOKUP(B95,'115+260'!$B$15:$AB$115,20,FALSE) -> 959 | H95: =VLOOKUP(B95,'115+260'!$B$15:$AB$115,4,FALSE) -> 971 | I95: =F95-H95 -> 1659 | J95: =VLOOKUP(B95,'115+260'!$B$15:$AB$115,13,FALSE) -> -341 | K95: ='115+260'!Q96 -> 0 | L95: =+K95+L94 -> 141 | M95: =VLOOKUP(B95,'115+260'!$B$14:$AB$115,21,FALSE) -> 969 | N95: =VLOOKUP(B95,'115+260'!$B$15:$AB$115,5,FALSE) -> 981 | O95: =F95-N95 -> 1649 | P95: =VLOOKUP(B95,'115+260'!$B$15:$AB$115,14,FALSE) -> -351 | Q95: ='115+260'!R96 -> 0 | R95: =+Q95+R94 -> 131 | S95: =VLOOKUP(B95,'115+260'!$B$14:$AB$115,22,FALSE) -> 975 | T95: =VLOOKUP(B95,'115+260'!$B$15:$AB$115,6,FALSE) -> 1005 | U95: =F95-T95 -> 1625 | V95: =VLOOKUP(B95,'115+260'!$B$15:$AB$115,15,FALSE) -> -375 | W95: ='115+260'!S96 -> 0 | X95: =+W95+X94 -> 125 | Y95: =S95-S94 -> 0 | Z95: =IF(Y95>0,Y95,0)/1000 -> 0 | AA95: =AA94+Z95 -> 1.306 | AB95: =(M95-$M$13-R95)/1000 -> 1.058
B96: ='115+260'!B97 -> 45334 | C96: =B96-B95 -> 1 | D96: =D95 -> 1069 | E96: =VLOOKUP(B96,'115+260'!B97:AB198,3,FALSE) -> 1559 | F96: =D96+E96 -> 2628 | G96: =VLOOKUP(B96,'115+260'!$B$15:$AB$115,20,FALSE) -> 959 | H96: =VLOOKUP(B96,'115+260'!$B$15:$AB$115,4,FALSE) -> 969 | I96: =F96-H96 -> 1659 | J96: =VLOOKUP(B96,'115+260'!$B$15:$AB$115,13,FALSE) -> -341 | K96: ='115+260'!Q97 -> 0 | L96: =+K96+L95 -> 141 | M96: =VLOOKUP(B96,'115+260'!$B$14:$AB$115,21,FALSE) -> 969 | N96: =VLOOKUP(B96,'115+260'!$B$15:$AB$115,5,FALSE) -> 979 | O96: =F96-N96 -> 1649 | P96: =VLOOKUP(B96,'115+260'!$B$15:$AB$115,14,FALSE) -> -351 | Q96: ='115+260'!R97 -> 0 | R96: =+Q96+R95 -> 131 | S96: =VLOOKUP(B96,'115+260'!$B$14:$AB$115,22,FALSE) -> 975 | T96: =VLOOKUP(B96,'115+260'!$B$15:$AB$115,6,FALSE) -> 1003 | U96: =F96-T96 -> 1625 | V96: =VLOOKUP(B96,'115+260'!$B$15:$AB$115,15,FALSE) -> -375 | W96: ='115+260'!S97 -> 0 | X96: =+W96+X95 -> 125 | Y96: =S96-S95 -> 0 | Z96: =IF(Y96>0,Y96,0)/1000 -> 0 | AA96: =AA95+Z96 -> 1.306 | AB96: =(M96-$M$13-R96)/1000 -> 1.058
B97: ='115+260'!B98 -> 45335 | C97: =B97-B96 -> 1 | D97: =D96 -> 1069 | E97: =VLOOKUP(B97,'115+260'!B98:AB199,3,FALSE) -> 1557 | F97: =D97+E97 -> 2626 | G97: =VLOOKUP(B97,'115+260'!$B$15:$AB$115,20,FALSE) -> 959 | H97: =VLOOKUP(B97,'115+260'!$B$15:$AB$115,4,FALSE) -> 967 | I97: =F97-H97 -> 1659 | J97: =VLOOKUP(B97,'115+260'!$B$15:$AB$115,13,FALSE) -> -341 | K97: ='115+260'!Q98 -> 0 | L97: =+K97+L96 -> 141 | M97: =VLOOKUP(B97,'115+260'!$B$14:$AB$115,21,FALSE) -> 969 | N97: =VLOOKUP(B97,'115+260'!$B$15:$AB$115,5,FALSE) -> 977 | O97: =F97-N97 -> 1649 | P97: =VLOOKUP(B97,'115+260'!$B$15:$AB$115,14,FALSE) -> -351 | Q97: ='115+260'!R98 -> 0 | R97: =+Q97+R96 -> 131 | S97: =VLOOKUP(B97,'115+260'!$B$14:$AB$115,22,FALSE) -> 975 | T97: =VLOOKUP(B97,'115+260'!$B$15:$AB$115,6,FALSE) -> 1001 | U97: =F97-T97 -> 1625 | V97: =VLOOKUP(B97,'115+260'!$B$15:$AB$115,15,FALSE) -> -375 | W97: ='115+260'!S98 -> 0 | X97: =+W97+X96 -> 125 | Y97: =S97-S96 -> 0 | Z97: =IF(Y97>0,Y97,0)/1000 -> 0 | AA97: =AA96+Z97 -> 1.306 | AB97: =(M97-$M$13-R97)/1000 -> 1.058
B98: ='115+260'!B99 -> 45336 | C98: =B98-B97 -> 1 | D98: =D97 -> 1069 | E98: =VLOOKUP(B98,'115+260'!B99:AB200,3,FALSE) -> 1555 | F98: =D98+E98 -> 2624 | G98: =VLOOKUP(B98,'115+260'!$B$15:$AB$115,20,FALSE) -> 959 | H98: =VLOOKUP(B98,'115+260'!$B$15:$AB$115,4,FALSE) -> 965 | I98: =F98-H98 -> 1659 | J98: =VLOOKUP(B98,'115+260'!$B$15:$AB$115,13,FALSE) -> -341 | K98: ='115+260'!Q99 -> 0 | L98: =+K98+L97 -> 141 | M98: =VLOOKUP(B98,'115+260'!$B$14:$AB$115,21,FALSE) -> 969 | N98: =VLOOKUP(B98,'115+260'!$B$15:$AB$115,5,FALSE) -> 975 | O98: =F98-N98 -> 1649 | P98: =VLOOKUP(B98,'115+260'!$B$15:$AB$115,14,FALSE) -> -351 | Q98: ='115+260'!R99 -> 0 | R98: =+Q98+R97 -> 131 | S98: =VLOOKUP(B98,'115+260'!$B$14:$AB$115,22,FALSE) -> 975 | T98: =VLOOKUP(B98,'115+260'!$B$15:$AB$115,6,FALSE) -> 999 | U98: =F98-T98 -> 1625 | V98: =VLOOKUP(B98,'115+260'!$B$15:$AB$115,15,FALSE) -> -375 | W98: ='115+260'!S99 -> 0 | X98: =+W98+X97 -> 125 | Y98: =S98-S97 -> 0 | Z98: =IF(Y98>0,Y98,0)/1000 -> 0 | AA98: =AA97+Z98 -> 1.306 | AB98: =(M98-$M$13-R98)/1000 -> 1.058
B99: ='115+260'!B100 -> 45337 | C99: =B99-B98 -> 1 | D99: =D98 -> 1069 | E99: =VLOOKUP(B99,'115+260'!B100:AB201,3,FALSE) -> 1553 | F99: =D99+E99 -> 2622 | G99: =VLOOKUP(B99,'115+260'!$B$15:$AB$115,20,FALSE) -> 959 | H99: =VLOOKUP(B99,'115+260'!$B$15:$AB$115,4,FALSE) -> 963 | I99: =F99-H99 -> 1659 | J99: =VLOOKUP(B99,'115+260'!$B$15:$AB$115,13,FALSE) -> -341 | K99: ='115+260'!Q100 -> 0 | L99: =+K99+L98 -> 141 | M99: =VLOOKUP(B99,'115+260'!$B$14:$AB$115,21,FALSE) -> 969 | N99: =VLOOKUP(B99,'115+260'!$B$15:$AB$115,5,FALSE) -> 973 | O99: =F99-N99 -> 1649 | P99: =VLOOKUP(B99,'115+260'!$B$15:$AB$115,14,FALSE) -> -351 | Q99: ='115+260'!R100 -> 0 | R99: =+Q99+R98 -> 131 | S99: =VLOOKUP(B99,'115+260'!$B$14:$AB$115,22,FALSE) -> 975 | T99: =VLOOKUP(B99,'115+260'!$B$15:$AB$115,6,FALSE) -> 997 | U99: =F99-T99 -> 1625 | V99: =VLOOKUP(B99,'115+260'!$B$15:$AB$115,15,FALSE) -> -375 | W99: ='115+260'!S100 -> 0 | X99: =+W99+X98 -> 125 | Y99: =S99-S98 -> 0 | Z99: =IF(Y99>0,Y99,0)/1000 -> 0 | AA99: =AA98+Z99 -> 1.306 | AB99: =(M99-$M$13-R99)/1000 -> 1.058
B100: ='115+260'!B101 -> 45338 | C100: =B100-B99 -> 1 | D100: =D99 -> 1069 | E100: =VLOOKUP(B100,'115+260'!B101:AB202,3,FALSE) -> 1551 | F100: =D100+E100 -> 2620 | G100: =VLOOKUP(B100,'115+260'!$B$15:$AB$115,20,FALSE) -> 959 | H100: =VLOOKUP(B100,'115+260'!$B$15:$AB$115,4,FALSE) -> 961 | I100: =F100-H100 -> 1659 | J100: =VLOOKUP(B100,'115+260'!$B$15:$AB$115,13,FALSE) -> -341 | K100: ='115+260'!Q101 -> 0 | L100: =+K100+L99 -> 141 | M100: =VLOOKUP(B100,'115+260'!$B$14:$AB$115,21,FALSE) -> 969 | N100: =VLOOKUP(B100,'115+260'!$B$15:$AB$115,5,FALSE) -> 971 | O100: =F100-N100 -> 1649 | P100: =VLOOKUP(B100,'115+260'!$B$15:$AB$115,14,FALSE) -> -351 | Q100: ='115+260'!R101 -> 0 | R100: =+Q100+R99 -> 131 | S100: =VLOOKUP(B100,'115+260'!$B$14:$AB$115,22,FALSE) -> 975 | T100: =VLOOKUP(B100,'115+260'!$B$15:$AB$115,6,FALSE) -> 995 | U100: =F100-T100 -> 1625 | V100: =VLOOKUP(B100,'115+260'!$B$15:$AB$115,15,FALSE) -> -375 | W100: ='115+260'!S101 -> 0 | X100: =+W100+X99 -> 125 | Y100: =S100-S99 -> 0 | Z100: =IF(Y100>0,Y100,0)/1000 -> 0 | AA100: =AA99+Z100 -> 1.306 | AB100: =(M100-$M$13-R100)/1000 -> 1.058
B101: ='115+260'!B102 -> 45339 | C101: =B101-B100 -> 1 | D101: =D100 -> 1069 | E101: =VLOOKUP(B101,'115+260'!B102:AB203,3,FALSE) -> 1549 | F101: =D101+E101 -> 2618 | G101: =VLOOKUP(B101,'115+260'!$B$15:$AB$115,20,FALSE) -> 959 | H101: =VLOOKUP(B101,'115+260'!$B$15:$AB$115,4,FALSE) -> 959 | I101: =F101-H101 -> 1659 | J101: =VLOOKUP(B101,'115+260'!$B$15:$AB$115,13,FALSE) -> -341 | K101: ='115+260'!Q102 -> 0 | L101: =+K101+L100 -> 141 | M101: =VLOOKUP(B101,'115+260'!$B$14:$AB$115,21,FALSE) -> 969 | N101: =VLOOKUP(B101,'115+260'!$B$15:$AB$115,5,FALSE) -> 969 | O101: =F101-N101 -> 1649 | P101: =VLOOKUP(B101,'115+260'!$B$15:$AB$115,14,FALSE) -> -351 | Q101: ='115+260'!R102 -> 0 | R101: =+Q101+R100 -> 131 | S101: =VLOOKUP(B101,'115+260'!$B$14:$AB$115,22,FALSE) -> 975 | T101: =VLOOKUP(B101,'115+260'!$B$15:$AB$115,6,FALSE) -> 993 | U101: =F101-T101 -> 1625 | V101: =VLOOKUP(B101,'115+260'!$B$15:$AB$115,15,FALSE) -> -375 | W101: ='115+260'!S102 -> 0 | X101: =+W101+X100 -> 125 | Y101: =S101-S100 -> 0 | Z101: =IF(Y101>0,Y101,0)/1000 -> 0 | AA101: =AA100+Z101 -> 1.306 | AB101: =(M101-$M$13-R101)/1000 -> 1.058
B102: ='115+260'!B103 -> 45340 | C102: =B102-B101 -> 1 | D102: =D101 -> 1069 | E102: =VLOOKUP(B102,'115+260'!B103:AB204,3,FALSE) -> 1547 | F102: =D102+E102 -> 2616 | G102: =VLOOKUP(B102,'115+260'!$B$15:$AB$115,20,FALSE) -> 959 | H102: =VLOOKUP(B102,'115+260'!$B$15:$AB$115,4,FALSE) -> 957 | I102: =F102-H102 -> 1659 | J102: =VLOOKUP(B102,'115+260'!$B$15:$AB$115,13,FALSE) -> -341 | K102: ='115+260'!Q103 -> 0 | L102: =+K102+L101 -> 141 | M102: =VLOOKUP(B102,'115+260'!$B$14:$AB$115,21,FALSE) -> 969 | N102: =VLOOKUP(B102,'115+260'!$B$15:$AB$115,5,FALSE) -> 967 | O102: =F102-N102 -> 1649 | P102: =VLOOKUP(B102,'115+260'!$B$15:$AB$115,14,FALSE) -> -351 | Q102: ='115+260'!R103 -> 0 | R102: =+Q102+R101 -> 131 | S102: =VLOOKUP(B102,'115+260'!$B$14:$AB$115,22,FALSE) -> 975 | T102: =VLOOKUP(B102,'115+260'!$B$15:$AB$115,6,FALSE) -> 991 | U102: =F102-T102 -> 1625 | V102: =VLOOKUP(B102,'115+260'!$B$15:$AB$115,15,FALSE) -> -375 | W102: ='115+260'!S103 -> 0 | X102: =+W102+X101 -> 125 | Y102: =S102-S101 -> 0 | Z102: =IF(Y102>0,Y102,0)/1000 -> 0 | AA102: =AA101+Z102 -> 1.306 | AB102: =(M102-$M$13-R102)/1000 -> 1.058
B103: ='115+260'!B104 -> 45341 | C103: =B103-B102 -> 1 | D103: =D102 -> 1069 | E103: =VLOOKUP(B103,'115+260'!B104:AB205,3,FALSE) -> 1545 | F103: =D103+E103 -> 2614 | G103: =VLOOKUP(B103,'115+260'!$B$15:$AB$115,20,FALSE) -> 959 | H103: =VLOOKUP(B103,'115+260'!$B$15:$AB$115,4,FALSE) -> 955 | I103: =F103-H103 -> 1659 | J103: =VLOOKUP(B103,'115+260'!$B$15:$AB$115,13,FALSE) -> -341 | K103: ='115+260'!Q104 -> 0 | L103: =+K103+L102 -> 141 | M103: =VLOOKUP(B103,'115+260'!$B$14:$AB$115,21,FALSE) -> 969 | N103: =VLOOKUP(B103,'115+260'!$B$15:$AB$115,5,FALSE) -> 965 | O103: =F103-N103 -> 1649 | P103: =VLOOKUP(B103,'115+260'!$B$15:$AB$115,14,FALSE) -> -351 | Q103: ='115+260'!R104 -> 0 | R103: =+Q103+R102 -> 131 | S103: =VLOOKUP(B103,'115+260'!$B$14:$AB$115,22,FALSE) -> 975 | T103: =VLOOKUP(B103,'115+260'!$B$15:$AB$115,6,FALSE) -> 989 | U103: =F103-T103 -> 1625 | V103: =VLOOKUP(B103,'115+260'!$B$15:$AB$115,15,FALSE) -> -375 | W103: ='115+260'!S104 -> 0 | X103: =+W103+X102 -> 125 | Y103: =S103-S102 -> 0 | Z103: =IF(Y103>0,Y103,0)/1000 -> 0 | AA103: =AA102+Z103 -> 1.306 | AB103: =(M103-$M$13-R103)/1000 -> 1.058
B104: ='115+260'!B105 -> 45342 | C104: =B104-B103 -> 1 | D104: =D103 -> 1069 | E104: =VLOOKUP(B104,'115+260'!B105:AB206,3,FALSE) -> 1543 | F104: =D104+E104 -> 2612 | G104: =VLOOKUP(B104,'115+260'!$B$15:$AB$115,20,FALSE) -> 959 | H104: =VLOOKUP(B104,'115+260'!$B$15:$AB$115,4,FALSE) -> 953 | I104: =F104-H104 -> 1659 | J104: =VLOOKUP(B104,'115+260'!$B$15:$AB$115,13,FALSE) -> -341 | K104: ='115+260'!Q105 -> 0 | L104: =+K104+L103 -> 141 | M104: =VLOOKUP(B104,'115+260'!$B$14:$AB$115,21,FALSE) -> 969 | N104: =VLOOKUP(B104,'115+260'!$B$15:$AB$115,5,FALSE) -> 963 | O104: =F104-N104 -> 1649 | P104: =VLOOKUP(B104,'115+260'!$B$15:$AB$115,14,FALSE) -> -351 | Q104: ='115+260'!R105 -> 0 | R104: =+Q104+R103 -> 131 | S104: =VLOOKUP(B104,'115+260'!$B$14:$AB$115,22,FALSE) -> 975 | T104: =VLOOKUP(B104,'115+260'!$B$15:$AB$115,6,FALSE) -> 987 | U104: =F104-T104 -> 1625 | V104: =VLOOKUP(B104,'115+260'!$B$15:$AB$115,15,FALSE) -> -375 | W104: ='115+260'!S105 -> 0 | X104: =+W104+X103 -> 125 | Y104: =S104-S103 -> 0 | Z104: =IF(Y104>0,Y104,0)/1000 -> 0 | AA104: =AA103+Z104 -> 1.306 | AB104: =(M104-$M$13-R104)/1000 -> 1.058
B105: ='115+260'!B106 -> 45343 | C105: =B105-B104 -> 1 | D105: =D104 -> 1069 | E105: =VLOOKUP(B105,'115+260'!B106:AB207,3,FALSE) -> 1541 | F105: =D105+E105 -> 2610 | G105: =VLOOKUP(B105,'115+260'!$B$15:$AB$115,20,FALSE) -> 959 | H105: =VLOOKUP(B105,'115+260'!$B$15:$AB$115,4,FALSE) -> 951 | I105: =F105-H105 -> 1659 | J105: =VLOOKUP(B105,'115+260'!$B$15:$AB$115,13,FALSE) -> -341 | K105: ='115+260'!Q106 -> 0 | L105: =+K105+L104 -> 141 | M105: =VLOOKUP(B105,'115+260'!$B$14:$AB$115,21,FALSE) -> 969 | N105: =VLOOKUP(B105,'115+260'!$B$15:$AB$115,5,FALSE) -> 961 | O105: =F105-N105 -> 1649 | P105: =VLOOKUP(B105,'115+260'!$B$15:$AB$115,14,FALSE) -> -351 | Q105: ='115+260'!R106 -> 0 | R105: =+Q105+R104 -> 131 | S105: =VLOOKUP(B105,'115+260'!$B$14:$AB$115,22,FALSE) -> 975 | T105: =VLOOKUP(B105,'115+260'!$B$15:$AB$115,6,FALSE) -> 985 | U105: =F105-T105 -> 1625 | V105: =VLOOKUP(B105,'115+260'!$B$15:$AB$115,15,FALSE) -> -375 | W105: ='115+260'!S106 -> 0 | X105: =+W105+X104 -> 125 | Y105: =S105-S104 -> 0 | Z105: =IF(Y105>0,Y105,0)/1000 -> 0 | AA105: =AA104+Z105 -> 1.306 | AB105: =(M105-$M$13-R105)/1000 -> 1.058
... B114: ='115+260'!B115 -> 45352 | C114: =B114-B113 -> 1 | D114: =D113 -> 1069 | E114: =VLOOKUP(B114,'115+260'!B115:AB216,3,FALSE) -> 1523 | F114: =D114+E114 -> 2592 | G114: =VLOOKUP(B114,'115+260'!$B$15:$AB$115,20,FALSE) -> 959 | H114: =VLOOKUP(B114,'115+260'!$B$15:$AB$115,4,FALSE) -> 933 | I114: =F114-H114 -> 1659 | J114: =VLOOKUP(B114,'115+260'!$B$15:$AB$115,13,FALSE) -> -341 | K114: ='115+260'!Q115 -> 0 | L114: =+K114+L113 -> 141 | M114: =VLOOKUP(B114,'115+260'!$B$14:$AB$115,21,FALSE) -> 969 | N114: =VLOOKUP(B114,'115+260'!$B$15:$AB$115,5,FALSE) -> 943 | O114: =F114-N114 -> 1649 | P114: =VLOOKUP(B114,'115+260'!$B$15:$AB$115,14,FALSE) -> -351 | Q114: ='115+260'!R115 -> 0 | R114: =+Q114+R113 -> 131 | S114: =VLOOKUP(B114,'115+260'!$B$14:$AB$115,22,FALSE) -> 975 | T114: =VLOOKUP(B114,'115+260'!$B$15:$AB$115,6,FALSE) -> 967 | U114: =F114-T114 -> 1625 | V114: =VLOOKUP(B114,'115+260'!$B$15:$AB$115,15,FALSE) -> -375 | W114: ='115+260'!S115 -> 0 | X114: =+W114+X113 -> 125 | Y114: =S114-S113 -> 0 | Z114: =IF(Y114>0,Y114,0)/1000 -> 0 | AA114: =AA113+Z114 -> 1.306 | AB114: =(M114-$M$13-R114)/1000 -> 1.058
B115: ='115+260'!B116 -> 45353 | C115: =B115-B114 -> 1 | D115: =D114 -> 1069 | E115: =VLOOKUP(B115,'115+260'!B116:AB217,3,FALSE) -> 1521 | F115: =D115+E115 -> 2590 | G115: =VLOOKUP(B115,'115+260'!$B$15:$AB$647,20,FALSE) -> 959 | H115: =VLOOKUP(B115,'115+260'!$B$15:$AB$647,4,FALSE) -> 931 | I115: =F115-H115 -> 1659 | J115: =VLOOKUP(B115,'115+260'!$B$15:$AB$647,13,FALSE) -> -341 | K115: ='115+260'!Q116 -> 0 | L115: =+K115+L114 -> 141 | M115: =VLOOKUP(B115,'115+260'!$B$14:$AB$647,21,FALSE) -> 969 | N115: =VLOOKUP(B115,'115+260'!$B$15:$AB$647,5,FALSE) -> 941 | O115: =F115-N115 -> 1649 | P115: =VLOOKUP(B115,'115+260'!$B$15:$AB$647,14,FALSE) -> -351 | Q115: ='115+260'!R116 -> 0 | R115: =+Q115+R114 -> 131 | S115: =VLOOKUP(B115,'115+260'!$B$14:$AB$647,22,FALSE) -> 975 | T115: =VLOOKUP(B115,'115+260'!$B$15:$AB$647,6,FALSE) -> 965 | U115: =F115-T115 -> 1625 | V115: =VLOOKUP(B115,'115+260'!$B$15:$AB$647,15,FALSE) -> -375 | W115: ='115+260'!S116 -> 0 | X115: =+W115+X114 -> 125 | Y115: =S115-S114 -> 0 | Z115: =IF(Y115>0,Y115,0)/1000 -> 0 | AA115: =AA114+Z115 -> 1.306 | AB115: =(M115-$M$13-R115)/1000 -> 1.058
B116: ='115+260'!B117 -> 45354 | C116: =B116-B115 -> 1 | D116: =D115 -> 1069 | E116: =VLOOKUP(B116,'115+260'!B117:AB218,3,FALSE) -> 1519 | F116: =D116+E116 -> 2588 | G116: =VLOOKUP(B116,'115+260'!$B$15:$AB$647,20,FALSE) -> 959 | H116: =VLOOKUP(B116,'115+260'!$B$15:$AB$647,4,FALSE) -> 929 | I116: =F116-H116 -> 1659 | J116: =VLOOKUP(B116,'115+260'!$B$15:$AB$647,13,FALSE) -> -341 | K116: ='115+260'!Q117 -> 0 | L116: =+K116+L115 -> 141 | M116: =VLOOKUP(B116,'115+260'!$B$14:$AB$647,21,FALSE) -> 969 | N116: =VLOOKUP(B116,'115+260'!$B$15:$AB$647,5,FALSE) -> 939 | O116: =F116-N116 -> 1649 | P116: =VLOOKUP(B116,'115+260'!$B$15:$AB$647,14,FALSE) -> -351 | Q116: ='115+260'!R117 -> 0 | R116: =+Q116+R115 -> 131 | S116: =VLOOKUP(B116,'115+260'!$B$14:$AB$647,22,FALSE) -> 975 | T116: =VLOOKUP(B116,'115+260'!$B$15:$AB$647,6,FALSE) -> 963 | U116: =F116-T116 -> 1625 | V116: =VLOOKUP(B116,'115+260'!$B$15:$AB$647,15,FALSE) -> -375 | W116: ='115+260'!S117 -> 0 | X116: =+W116+X115 -> 125 | Y116: =S116-S115 -> 0 | Z116: =IF(Y116>0,Y116,0)/1000 -> 0 | AA116: =AA115+Z116 -> 1.306 | AB116: =(M116-$M$13-R116)/1000 -> 1.058
B117: ='115+260'!B118 -> 45355 | C117: =B117-B116 -> 1 | D117: =D116 -> 1069 | E117: =VLOOKUP(B117,'115+260'!B118:AB219,3,FALSE) -> 1517 | F117: =D117+E117 -> 2586 | G117: =VLOOKUP(B117,'115+260'!$B$15:$AB$647,20,FALSE) -> 959 | H117: =VLOOKUP(B117,'115+260'!$B$15:$AB$647,4,FALSE) -> 927 | I117: =F117-H117 -> 1659 | J117: =VLOOKUP(B117,'115+260'!$B$15:$AB$647,13,FALSE) -> -341 | K117: ='115+260'!Q118 -> 0 | L117: =+K117+L116 -> 141 | M117: =VLOOKUP(B117,'115+260'!$B$14:$AB$647,21,FALSE) -> 969 | N117: =VLOOKUP(B117,'115+260'!$B$15:$AB$647,5,FALSE) -> 937 | O117: =F117-N117 -> 1649 | P117: =VLOOKUP(B117,'115+260'!$B$15:$AB$647,14,FALSE) -> -351 | Q117: ='115+260'!R118 -> 0 | R117: =+Q117+R116 -> 131 | S117: =VLOOKUP(B117,'115+260'!$B$14:$AB$647,22,FALSE) -> 975 | T117: =VLOOKUP(B117,'115+260'!$B$15:$AB$647,6,FALSE) -> 961 | U117: =F117-T117 -> 1625 | V117: =VLOOKUP(B117,'115+260'!$B$15:$AB$647,15,FALSE) -> -375 | W117: ='115+260'!S118 -> 0 | X117: =+W117+X116 -> 125 | Y117: =S117-S116 -> 0 | Z117: =IF(Y117>0,Y117,0)/1000 -> 0 | AA117: =AA116+Z117 -> 1.306 | AB117: =(M117-$M$13-R117)/1000 -> 1.058
B118: ='115+260'!B119 -> 45356 | C118: =B118-B117 -> 1 | D118: =D117 -> 1069 | E118: =VLOOKUP(B118,'115+260'!B119:AB220,3,FALSE) -> 1515 | F118: =D118+E118 -> 2584 | G118: =VLOOKUP(B118,'115+260'!$B$15:$AB$647,20,FALSE) -> 959 | H118: =VLOOKUP(B118,'115+260'!$B$15:$AB$647,4,FALSE) -> 925 | I118: =F118-H118 -> 1659 | J118: =VLOOKUP(B118,'115+260'!$B$15:$AB$647,13,FALSE) -> -341 | K118: ='115+260'!Q119 -> 0 | L118: =+K118+L117 -> 141 | M118: =VLOOKUP(B118,'115+260'!$B$14:$AB$647,21,FALSE) -> 969 | N118: =VLOOKUP(B118,'115+260'!$B$15:$AB$647,5,FALSE) -> 935 | O118: =F118-N118 -> 1649 | P118: =VLOOKUP(B118,'115+260'!$B$15:$AB$647,14,FALSE) -> -351 | Q118: ='115+260'!R119 -> 0 | R118: =+Q118+R117 -> 131 | S118: =VLOOKUP(B118,'115+260'!$B$14:$AB$647,22,FALSE) -> 975 | T118: =VLOOKUP(B118,'115+260'!$B$15:$AB$647,6,FALSE) -> 959 | U118: =F118-T118 -> 1625 | V118: =VLOOKUP(B118,'115+260'!$B$15:$AB$647,15,FALSE) -> -375 | W118: ='115+260'!S119 -> 0 | X118: =+W118+X117 -> 125 | Y118: =S118-S117 -> 0 | Z118: =IF(Y118>0,Y118,0)/1000 -> 0 | AA118: =AA117+Z118 -> 1.306 | AB118: =(M118-$M$13-R118)/1000 -> 1.058
B119: ='115+260'!B120 -> 45357 | C119: =B119-B118 -> 1 | D119: =D118 -> 1069 | E119: =VLOOKUP(B119,'115+260'!B120:AB221,3,FALSE) -> 1513 | F119: =D119+E119 -> 2582 | G119: =VLOOKUP(B119,'115+260'!$B$15:$AB$647,20,FALSE) -> 959 | H119: =VLOOKUP(B119,'115+260'!$B$15:$AB$647,4,FALSE) -> 923 | I119: =F119-H119 -> 1659 | J119: =VLOOKUP(B119,'115+260'!$B$15:$AB$647,13,FALSE) -> -341 | K119: ='115+260'!Q120 -> 0 | L119: =+K119+L118 -> 141 | M119: =VLOOKUP(B119,'115+260'!$B$14:$AB$647,21,FALSE) -> 969 | N119: =VLOOKUP(B119,'115+260'!$B$15:$AB$647,5,FALSE) -> 933 | O119: =F119-N119 -> 1649 | P119: =VLOOKUP(B119,'115+260'!$B$15:$AB$647,14,FALSE) -> -351 | Q119: ='115+260'!R120 -> 0 | R119: =+Q119+R118 -> 131 | S119: =VLOOKUP(B119,'115+260'!$B$14:$AB$647,22,FALSE) -> 975 | T119: =VLOOKUP(B119,'115+260'!$B$15:$AB$647,6,FALSE) -> 957 | U119: =F119-T119 -> 1625 | V119: =VLOOKUP(B119,'115+260'!$B$15:$AB$647,15,FALSE) -> -375 | W119: ='115+260'!S120 -> 0 | X119: =+W119+X118 -> 125 | Y119: =S119-S118 -> 0 | Z119: =IF(Y119>0,Y119,0)/1000 -> 0 | AA119: =AA118+Z119 -> 1.306 | AB119: =(M119-$M$13-R119)/1000 -> 1.058
B120: ='115+260'!B121 -> 45358 | C120: =B120-B119 -> 1 | D120: =D119 -> 1069 | E120: =VLOOKUP(B120,'115+260'!B121:AB222,3,FALSE) -> 1511 | F120: =D120+E120 -> 2580 | G120: =VLOOKUP(B120,'115+260'!$B$15:$AB$647,20,FALSE) -> 959 | H120: =VLOOKUP(B120,'115+260'!$B$15:$AB$647,4,FALSE) -> 921 | I120: =F120-H120 -> 1659 | J120: =VLOOKUP(B120,'115+260'!$B$15:$AB$647,13,FALSE) -> -341 | K120: ='115+260'!Q121 -> 0 | L120: =+K120+L119 -> 141 | M120: =VLOOKUP(B120,'115+260'!$B$14:$AB$647,21,FALSE) -> 969 | N120: =VLOOKUP(B120,'115+260'!$B$15:$AB$647,5,FALSE) -> 931 | O120: =F120-N120 -> 1649 | P120: =VLOOKUP(B120,'115+260'!$B$15:$AB$647,14,FALSE) -> -351 | Q120: ='115+260'!R121 -> 0 | R120: =+Q120+R119 -> 131 | S120: =VLOOKUP(B120,'115+260'!$B$14:$AB$647,22,FALSE) -> 975 | T120: =VLOOKUP(B120,'115+260'!$B$15:$AB$647,6,FALSE) -> 955 | U120: =F120-T120 -> 1625 | V120: =VLOOKUP(B120,'115+260'!$B$15:$AB$647,15,FALSE) -> -375 | W120: ='115+260'!S121 -> 0 | X120: =+W120+X119 -> 125 | Y120: =S120-S119 -> 0 | Z120: =IF(Y120>0,Y120,0)/1000 -> 0 | AA120: =AA119+Z120 -> 1.306 | AB120: =(M120-$M$13-R120)/1000 -> 1.058
B121: ='115+260'!B122 -> 45359 | C121: =B121-B120 -> 1 | D121: =D120 -> 1069 | E121: =VLOOKUP(B121,'115+260'!B122:AB223,3,FALSE) -> 1509 | F121: =D121+E121 -> 2578 | G121: =VLOOKUP(B121,'115+260'!$B$15:$AB$647,20,FALSE) -> 959 | H121: =VLOOKUP(B121,'115+260'!$B$15:$AB$647,4,FALSE) -> 919 | I121: =F121-H121 -> 1659 | J121: =VLOOKUP(B121,'115+260'!$B$15:$AB$647,13,FALSE) -> -341 | K121: ='115+260'!Q122 -> 0 | L121: =+K121+L120 -> 141 | M121: =VLOOKUP(B121,'115+260'!$B$14:$AB$647,21,FALSE) -> 969 | N121: =VLOOKUP(B121,'115+260'!$B$15:$AB$647,5,FALSE) -> 929 | O121: =F121-N121 -> 1649 | P121: =VLOOKUP(B121,'115+260'!$B$15:$AB$647,14,FALSE) -> -351 | Q121: ='115+260'!R122 -> 0 | R121: =+Q121+R120 -> 131 | S121: =VLOOKUP(B121,'115+260'!$B$14:$AB$647,22,FALSE) -> 975 | T121: =VLOOKUP(B121,'115+260'!$B$15:$AB$647,6,FALSE) -> 953 | U121: =F121-T121 -> 1625 | V121: =VLOOKUP(B121,'115+260'!$B$15:$AB$647,15,FALSE) -> -375 | W121: ='115+260'!S122 -> 0 | X121: =+W121+X120 -> 125 | Y121: =S121-S120 -> 0 | Z121: =IF(Y121>0,Y121,0)/1000 -> 0 | AA121: =AA120+Z121 -> 1.306 | AB121: =(M121-$M$13-R121)/1000 -> 1.058
B122: ='115+260'!B123 -> 45360 | C122: =B122-B121 -> 1 | D122: =D121 -> 1069 | E122: =VLOOKUP(B122,'115+260'!B123:AB224,3,FALSE) -> 1507 | F122: =D122+E122 -> 2576 | G122: =VLOOKUP(B122,'115+260'!$B$15:$AB$647,20,FALSE) -> 959 | H122: =VLOOKUP(B122,'115+260'!$B$15:$AB$647,4,FALSE) -> 917 | I122: =F122-H122 -> 1659 | J122: =VLOOKUP(B122,'115+260'!$B$15:$AB$647,13,FALSE) -> -341 | K122: ='115+260'!Q123 -> 0 | L122: =+K122+L121 -> 141 | M122: =VLOOKUP(B122,'115+260'!$B$14:$AB$647,21,FALSE) -> 969 | N122: =VLOOKUP(B122,'115+260'!$B$15:$AB$647,5,FALSE) -> 927 | O122: =F122-N122 -> 1649 | P122: =VLOOKUP(B122,'115+260'!$B$15:$AB$647,14,FALSE) -> -351 | Q122: ='115+260'!R123 -> 0 | R122: =+Q122+R121 -> 131 | S122: =VLOOKUP(B122,'115+260'!$B$14:$AB$647,22,FALSE) -> 975 | T122: =VLOOKUP(B122,'115+260'!$B$15:$AB$647,6,FALSE) -> 951 | U122: =F122-T122 -> 1625 | V122: =VLOOKUP(B122,'115+260'!$B$15:$AB$647,15,FALSE) -> -375 | W122: ='115+260'!S123 -> 0 | X122: =+W122+X121 -> 125 | Y122: =S122-S121 -> 0 | Z122: =IF(Y122>0,Y122,0)/1000 -> 0 | AA122: =AA121+Z122 -> 1.306 | AB122: =(M122-$M$13-R122)/1000 -> 1.058
B123: ='115+260'!B124 -> 45361 | C123: =B123-B122 -> 1 | D123: =D122 -> 1069 | E123: =VLOOKUP(B123,'115+260'!B124:AB225,3,FALSE) -> 1505 | F123: =D123+E123 -> 2574 | G123: =VLOOKUP(B123,'115+260'!$B$15:$AB$647,20,FALSE) -> 959 | H123: =VLOOKUP(B123,'115+260'!$B$15:$AB$647,4,FALSE) -> 915 | I123: =F123-H123 -> 1659 | J123: =VLOOKUP(B123,'115+260'!$B$15:$AB$647,13,FALSE) -> -341 | K123: ='115+260'!Q124 -> 0 | L123: =+K123+L122 -> 141 | M123: =VLOOKUP(B123,'115+260'!$B$14:$AB$647,21,FALSE) -> 969 | N123: =VLOOKUP(B123,'115+260'!$B$15:$AB$647,5,FALSE) -> 925 | O123: =F123-N123 -> 1649 | P123: =VLOOKUP(B123,'115+260'!$B$15:$AB$647,14,FALSE) -> -351 | Q123: ='115+260'!R124 -> 0 | R123: =+Q123+R122 -> 131 | S123: =VLOOKUP(B123,'115+260'!$B$14:$AB$647,22,FALSE) -> 975 | T123: =VLOOKUP(B123,'115+260'!$B$15:$AB$647,6,FALSE) -> 949 | U123: =F123-T123 -> 1625 | V123: =VLOOKUP(B123,'115+260'!$B$15:$AB$647,15,FALSE) -> -375 | W123: ='115+260'!S124 -> 0 | X123: =+W123+X122 -> 125 | Y123: =S123-S122 -> 0 | Z123: =IF(Y123>0,Y123,0)/1000 -> 0 | AA123: =AA122+Z123 -> 1.306 | AB123: =(M123-$M$13-R123)/1000 -> 1.058
B124: ='115+260'!B125 -> 45362 | C124: =B124-B123 -> 1 | D124: =D123 -> 1069 | E124: =VLOOKUP(B124,'115+260'!B125:AB226,3,FALSE) -> 1503 | F124: =D124+E124 -> 2572 | G124: =VLOOKUP(B124,'115+260'!$B$15:$AB$647,20,FALSE) -> 959 | H124: =VLOOKUP(B124,'115+260'!$B$15:$AB$647,4,FALSE) -> 913 | I124: =F124-H124 -> 1659 | J124: =VLOOKUP(B124,'115+260'!$B$15:$AB$647,13,FALSE) -> -341 | K124: ='115+260'!Q125 -> 0 | L124: =+K124+L123 -> 141 | M124: =VLOOKUP(B124,'115+260'!$B$14:$AB$647,21,FALSE) -> 969 | N124: =VLOOKUP(B124,'115+260'!$B$15:$AB$647,5,FALSE) -> 923 | O124: =F124-N124 -> 1649 | P124: =VLOOKUP(B124,'115+260'!$B$15:$AB$647,14,FALSE) -> -351 | Q124: ='115+260'!R125 -> 0 | R124: =+Q124+R123 -> 131 | S124: =VLOOKUP(B124,'115+260'!$B$14:$AB$647,22,FALSE) -> 975 | T124: =VLOOKUP(B124,'115+260'!$B$15:$AB$647,6,FALSE) -> 947 | U124: =F124-T124 -> 1625 | V124: =VLOOKUP(B124,'115+260'!$B$15:$AB$647,15,FALSE) -> -375 | W124: ='115+260'!S125 -> 0 | X124: =+W124+X123 -> 125 | Y124: =S124-S123 -> 0 | Z124: =IF(Y124>0,Y124,0)/1000 -> 0 | AA124: =AA123+Z124 -> 1.306 | AB124: =(M124-$M$13-R124)/1000 -> 1.058
B125: ='115+260'!B126 -> 45363 | C125: =B125-B124 -> 1 | D125: =D124 -> 1069 | E125: =VLOOKUP(B125,'115+260'!B126:AB227,3,FALSE) -> 1501 | F125: =D125+E125 -> 2570 | G125: =VLOOKUP(B125,'115+260'!$B$15:$AB$647,20,FALSE) -> 959 | H125: =VLOOKUP(B125,'115+260'!$B$15:$AB$647,4,FALSE) -> 911 | I125: =F125-H125 -> 1659 | J125: =VLOOKUP(B125,'115+260'!$B$15:$AB$647,13,FALSE) -> -341 | K125: ='115+260'!Q126 -> 0 | L125: =+K125+L124 -> 141 | M125: =VLOOKUP(B125,'115+260'!$B$14:$AB$647,21,FALSE) -> 969 | N125: =VLOOKUP(B125,'115+260'!$B$15:$AB$647,5,FALSE) -> 921 | O125: =F125-N125 -> 1649 | P125: =VLOOKUP(B125,'115+260'!$B$15:$AB$647,14,FALSE) -> -351 | Q125: ='115+260'!R126 -> 0 | R125: =+Q125+R124 -> 131 | S125: =VLOOKUP(B125,'115+260'!$B$14:$AB$647,22,FALSE) -> 975 | T125: =VLOOKUP(B125,'115+260'!$B$15:$AB$647,6,FALSE) -> 945 | U125: =F125-T125 -> 1625 | V125: =VLOOKUP(B125,'115+260'!$B$15:$AB$647,15,FALSE) -> -375 | W125: ='115+260'!S126 -> 0 | X125: =+W125+X124 -> 125 | Y125: =S125-S124 -> 0 | Z125: =IF(Y125>0,Y125,0)/1000 -> 0 | AA125: =AA124+Z125 -> 1.306 | AB125: =(M125-$M$13-R125)/1000 -> 1.058
B126: ='115+260'!B127 -> 45364 | C126: =B126-B125 -> 1 | D126: =D125 -> 1069 | E126: =VLOOKUP(B126,'115+260'!B127:AB228,3,FALSE) -> 1503 | F126: =D126+E126 -> 2572 | G126: =VLOOKUP(B126,'115+260'!$B$15:$AB$647,20,FALSE) -> 959 | H126: =VLOOKUP(B126,'115+260'!$B$15:$AB$647,4,FALSE) -> 913 | I126: =F126-H126 -> 1659 | J126: =VLOOKUP(B126,'115+260'!$B$15:$AB$647,13,FALSE) -> -341 | K126: ='115+260'!Q127 -> 0 | L126: =+K126+L125 -> 141 | M126: =VLOOKUP(B126,'115+260'!$B$14:$AB$647,21,FALSE) -> 969 | N126: =VLOOKUP(B126,'115+260'!$B$15:$AB$647,5,FALSE) -> 923 | O126: =F126-N126 -> 1649 | P126: =VLOOKUP(B126,'115+260'!$B$15:$AB$647,14,FALSE) -> -351 | Q126: ='115+260'!R127 -> 0 | R126: =+Q126+R125 -> 131 | S126: =VLOOKUP(B126,'115+260'!$B$14:$AB$647,22,FALSE) -> 975 | T126: =VLOOKUP(B126,'115+260'!$B$15:$AB$647,6,FALSE) -> 947 | U126: =F126-T126 -> 1625 | V126: =VLOOKUP(B126,'115+260'!$B$15:$AB$647,15,FALSE) -> -375 | W126: ='115+260'!S127 -> 0 | X126: =+W126+X125 -> 125 | Y126: =S126-S125 -> 0 | Z126: =IF(Y126>0,Y126,0)/1000 -> 0 | AA126: =AA125+Z126 -> 1.306 | AB126: =(M126-$M$13-R126)/1000 -> 1.058
... B172: ='115+260'!B173 -> 45410 | C172: =B172-B171 -> 1 | D172: =D171 -> 1069 | E172: =VLOOKUP(B172,'115+260'!B173:AB274,3,FALSE) -> 1595 | F172: =D172+E172 -> 2664 | G172: =VLOOKUP(B172,'115+260'!$B$15:$AB$647,20,FALSE) -> 1504 | H172: =VLOOKUP(B172,'115+260'!$B$15:$AB$647,4,FALSE) -> 60 | I172: =F172-H172 -> 2604 | J172: =VLOOKUP(B172,'115+260'!$B$15:$AB$647,13,FALSE) -> -396 | K172: ='115+260'!Q173 -> 5 | L172: =+K172+L171 -> 196 | M172: =VLOOKUP(B172,'115+260'!$B$14:$AB$647,21,FALSE) -> 1511 | N172: =VLOOKUP(B172,'115+260'!$B$15:$AB$647,5,FALSE) -> 73 | O172: =F172-N172 -> 2591 | P172: =VLOOKUP(B172,'115+260'!$B$15:$AB$647,14,FALSE) -> -409 | Q172: ='115+260'!R173 -> 6 | R172: =+Q172+R171 -> 189 | S172: =VLOOKUP(B172,'115+260'!$B$14:$AB$647,22,FALSE) -> 1533 | T172: =VLOOKUP(B172,'115+260'!$B$15:$AB$647,6,FALSE) -> 81 | U172: =F172-T172 -> 2583 | V172: =VLOOKUP(B172,'115+260'!$B$15:$AB$647,15,FALSE) -> -417 | W172: ='115+260'!S173 -> 4 | X172: =+W172+X171 -> 167 | Y172: =S172-S171 -> -4 | Z172: =IF(Y172>0,Y172,0)/1000 -> 0 | AA172: =AA171+Z172 -> 1.89 | AB172: =(M172-$M$13-R172)/1000 -> 1.542
B173: ='115+260'!B174 -> 45411 | C173: =B173-B172 -> 1 | D173: =D172 -> 1069 | E173: =VLOOKUP(B173,'115+260'!B174:AB274,3,FALSE) -> 1597 | F173: =D173+E173 -> 2666 | G173: =VLOOKUP(B173,'115+260'!$B$15:$AB$647,20,FALSE) -> 1795 | H173: =VLOOKUP(B173,'115+260'!$B$15:$AB$647,4,FALSE) -> 71 | I173: =F173-H173 -> 2595 | J173: =VLOOKUP(B173,'115+260'!$B$15:$AB$647,13,FALSE) -> -405 | K173: ='115+260'!Q174 -> 9 | L173: =+K173+L172 -> 205 | M173: =VLOOKUP(B173,'115+260'!$B$14:$AB$647,21,FALSE) -> 1802 | N173: =VLOOKUP(B173,'115+260'!$B$15:$AB$647,5,FALSE) -> 84 | O173: =F173-N173 -> 2582 | P173: =VLOOKUP(B173,'115+260'!$B$15:$AB$647,14,FALSE) -> -418 | Q173: ='115+260'!R174 -> 9 | R173: =+Q173+R172 -> 198 | S173: =VLOOKUP(B173,'115+260'!$B$14:$AB$647,22,FALSE) -> 1824 | T173: =VLOOKUP(B173,'115+260'!$B$15:$AB$647,6,FALSE) -> 92 | U173: =F173-T173 -> 2574 | V173: =VLOOKUP(B173,'115+260'!$B$15:$AB$647,15,FALSE) -> -426 | W173: ='115+260'!S174 -> 9 | X173: =+W173+X172 -> 176 | Y173: =S173-S172 -> 291 | Z173: =IF(Y173>0,Y173,0)/1000 -> 0.291 | AA173: =AA172+Z173 -> 2.181 | AB173: =(M173-$M$13-R173)/1000 -> 1.824
B174: ='115+260'!B175 -> 45412 | C174: =B174-B173 -> 1 | D174: =D173 -> 1069 | E174: =VLOOKUP(B174,'115+260'!B175:AB274,3,FALSE) -> 1599 | F174: =D174+E174 -> 2668 | G174: =VLOOKUP(B174,'115+260'!$B$15:$AB$647,20,FALSE) -> 1792 | H174: =VLOOKUP(B174,'115+260'!$B$15:$AB$647,4,FALSE) -> 76 | I174: =F174-H174 -> 2592 | J174: =VLOOKUP(B174,'115+260'!$B$15:$AB$647,13,FALSE) -> -408 | K174: ='115+260'!Q175 -> 3 | L174: =+K174+L173 -> 208 | M174: =VLOOKUP(B174,'115+260'!$B$14:$AB$647,21,FALSE) -> 1798 | N174: =VLOOKUP(B174,'115+260'!$B$15:$AB$647,5,FALSE) -> 90 | O174: =F174-N174 -> 2578 | P174: =VLOOKUP(B174,'115+260'!$B$15:$AB$647,14,FALSE) -> -422 | Q174: ='115+260'!R175 -> 4 | R174: =+Q174+R173 -> 202 | S174: =VLOOKUP(B174,'115+260'!$B$14:$AB$647,22,FALSE) -> 1820 | T174: =VLOOKUP(B174,'115+260'!$B$15:$AB$647,6,FALSE) -> 98 | U174: =F174-T174 -> 2570 | V174: =VLOOKUP(B174,'115+260'!$B$15:$AB$647,15,FALSE) -> -430 | W174: ='115+260'!S175 -> 4 | X174: =+W174+X173 -> 180 | Y174: =S174-S173 -> -4 | Z174: =IF(Y174>0,Y174,0)/1000 -> 0 | AA174: =AA173+Z174 -> 2.181 | AB174: =(M174-$M$13-R174)/1000 -> 1.816
B175: ='115+260'!B176 -> 45413 | C175: =B175-B174 -> 1 | D175: =D174 -> 1069 | E175: =VLOOKUP(B175,'115+260'!B176:AB274,3,FALSE) -> 1601 | F175: =D175+E175 -> 2670 | G175: =VLOOKUP(B175,'115+260'!$B$15:$AB$647,20,FALSE) -> 1790 | H175: =VLOOKUP(B175,'115+260'!$B$15:$AB$647,4,FALSE) -> 80 | I175: =F175-H175 -> 2590 | J175: =VLOOKUP(B175,'115+260'!$B$15:$AB$647,13,FALSE) -> -410 | K175: ='115+260'!Q176 -> 2 | L175: =+K175+L174 -> 210 | M175: =VLOOKUP(B175,'115+260'!$B$14:$AB$647,21,FALSE) -> 1793 | N175: =VLOOKUP(B175,'115+260'!$B$15:$AB$647,5,FALSE) -> 97 | O175: =F175-N175 -> 2573 | P175: =VLOOKUP(B175,'115+260'!$B$15:$AB$647,14,FALSE) -> -427 | Q175: ='115+260'!R176 -> 5 | R175: =+Q175+R174 -> 207 | S175: =VLOOKUP(B175,'115+260'!$B$14:$AB$647,22,FALSE) -> 1818 | T175: =VLOOKUP(B175,'115+260'!$B$15:$AB$647,6,FALSE) -> 102 | U175: =F175-T175 -> 2568 | V175: =VLOOKUP(B175,'115+260'!$B$15:$AB$647,15,FALSE) -> -432 | W175: ='115+260'!S176 -> 2 | X175: =+W175+X174 -> 182 | Y175: =S175-S174 -> -2 | Z175: =IF(Y175>0,Y175,0)/1000 -> 0 | AA175: =AA174+Z175 -> 2.181 | AB175: =(M175-$M$13-R175)/1000 -> 1.806
B176: ='115+260'!B177 -> 45414 | C176: =B176-B175 -> 1 | D176: =D175 -> 1069 | E176: =VLOOKUP(B176,'115+260'!B177:AB274,3,FALSE) -> 1603 | F176: =D176+E176 -> 2672 | G176: =VLOOKUP(B176,'115+260'!$B$15:$AB$647,20,FALSE) -> 1786 | H176: =VLOOKUP(B176,'115+260'!$B$15:$AB$647,4,FALSE) -> 86 | I176: =F176-H176 -> 2586 | J176: =VLOOKUP(B176,'115+260'!$B$15:$AB$647,13,FALSE) -> -414 | K176: ='115+260'!Q177 -> 4 | L176: =+K176+L175 -> 214 | M176: =VLOOKUP(B176,'115+260'!$B$14:$AB$647,21,FALSE) -> 1788 | N176: =VLOOKUP(B176,'115+260'!$B$15:$AB$647,5,FALSE) -> 104 | O176: =F176-N176 -> 2568 | P176: =VLOOKUP(B176,'115+260'!$B$15:$AB$647,14,FALSE) -> -432 | Q176: ='115+260'!R177 -> 5 | R176: =+Q176+R175 -> 212 | S176: =VLOOKUP(B176,'115+260'!$B$14:$AB$647,22,FALSE) -> 1813 | T176: =VLOOKUP(B176,'115+260'!$B$15:$AB$647,6,FALSE) -> 109 | U176: =F176-T176 -> 2563 | V176: =VLOOKUP(B176,'115+260'!$B$15:$AB$647,15,FALSE) -> -437 | W176: ='115+260'!S177 -> 5 | X176: =+W176+X175 -> 187 | Y176: =S176-S175 -> -5 | Z176: =IF(Y176>0,Y176,0)/1000 -> 0 | AA176: =AA175+Z176 -> 2.181 | AB176: =(M176-$M$13-R176)/1000 -> 1.796
B177: ='115+260'!B178 -> 45415 | C177: =B177-B176 -> 1 | D177: =D176 -> 1069 | E177: =VLOOKUP(B177,'115+260'!B178:AB274,3,FALSE) -> 1605 | F177: =D177+E177 -> 2674 | G177: =VLOOKUP(B177,'115+260'!$B$15:$AB$647,20,FALSE) -> 2078 | H177: =VLOOKUP(B177,'115+260'!$B$15:$AB$647,4,FALSE) -> 96 | I177: =F177-H177 -> 2578 | J177: =VLOOKUP(B177,'115+260'!$B$15:$AB$647,13,FALSE) -> -422 | K177: ='115+260'!Q178 -> 8 | L177: =+K177+L176 -> 222 | M177: =VLOOKUP(B177,'115+260'!$B$14:$AB$647,21,FALSE) -> 2079 | N177: =VLOOKUP(B177,'115+260'!$B$15:$AB$647,5,FALSE) -> 115 | O177: =F177-N177 -> 2559 | P177: =VLOOKUP(B177,'115+260'!$B$15:$AB$647,14,FALSE) -> -441 | Q177: ='115+260'!R178 -> 9 | R177: =+Q177+R176 -> 221 | S177: =VLOOKUP(B177,'115+260'!$B$14:$AB$647,22,FALSE) -> 2105 | T177: =VLOOKUP(B177,'115+260'!$B$15:$AB$647,6,FALSE) -> 119 | U177: =F177-T177 -> 2555 | V177: =VLOOKUP(B177,'115+260'!$B$15:$AB$647,15,FALSE) -> -445 | W177: ='115+260'!S178 -> 8 | X177: =+W177+X176 -> 195 | Y177: =S177-S176 -> 292 | Z177: =IF(Y177>0,Y177,0)/1000 -> 0.292 | AA177: =AA176+Z177 -> 2.473 | AB177: =(M177-$M$13-R177)/1000 -> 2.078
B178: ='115+260'!B179 -> 45416 | C178: =B178-B177 -> 1 | D178: =D177 -> 1069 | E178: =VLOOKUP(B178,'115+260'!B179:AB274,3,FALSE) -> 1607 | F178: =D178+E178 -> 2676 | G178: =VLOOKUP(B178,'115+260'!$B$15:$AB$647,20,FALSE) -> 2073 | H178: =VLOOKUP(B178,'115+260'!$B$15:$AB$647,4,FALSE) -> 103 | I178: =F178-H178 -> 2573 | J178: =VLOOKUP(B178,'115+260'!$B$15:$AB$647,13,FALSE) -> -427 | K178: ='115+260'!Q179 -> 5 | L178: =+K178+L177 -> 227 | M178: =VLOOKUP(B178,'115+260'!$B$14:$AB$647,21,FALSE) -> 2074 | N178: =VLOOKUP(B178,'115+260'!$B$15:$AB$647,5,FALSE) -> 122 | O178: =F178-N178 -> 2554 | P178: =VLOOKUP(B178,'115+260'!$B$15:$AB$647,14,FALSE) -> -446 | Q178: ='115+260'!R179 -> 5 | R178: =+Q178+R177 -> 226 | S178: =VLOOKUP(B178,'115+260'!$B$14:$AB$647,22,FALSE) -> 2101 | T178: =VLOOKUP(B178,'115+260'!$B$15:$AB$647,6,FALSE) -> 125 | U178: =F178-T178 -> 2551 | V178: =VLOOKUP(B178,'115+260'!$B$15:$AB$647,15,FALSE) -> -449 | W178: ='115+260'!S179 -> 4 | X178: =+W178+X177 -> 199 | Y178: =S178-S177 -> -4 | Z178: =IF(Y178>0,Y178,0)/1000 -> 0 | AA178: =AA177+Z178 -> 2.473 | AB178: =(M178-$M$13-R178)/1000 -> 2.068
B179: ='115+260'!B180 -> 45417 | C179: =B179-B178 -> 1 | D179: =D178 -> 1069 | E179: =VLOOKUP(B179,'115+260'!B180:AB274,3,FALSE) -> 1609 | F179: =D179+E179 -> 2678 | G179: =VLOOKUP(B179,'115+260'!$B$15:$AB$647,20,FALSE) -> 2068 | H179: =VLOOKUP(B179,'115+260'!$B$15:$AB$647,4,FALSE) -> 110 | I179: =F179-H179 -> 2568 | J179: =VLOOKUP(B179,'115+260'!$B$15:$AB$647,13,FALSE) -> -432 | K179: ='115+260'!Q180 -> 5 | L179: =+K179+L178 -> 232 | M179: =VLOOKUP(B179,'115+260'!$B$14:$AB$647,21,FALSE) -> 2070 | N179: =VLOOKUP(B179,'115+260'!$B$15:$AB$647,5,FALSE) -> 128 | O179: =F179-N179 -> 2550 | P179: =VLOOKUP(B179,'115+260'!$B$15:$AB$647,14,FALSE) -> -450 | Q179: ='115+260'!R180 -> 4 | R179: =+Q179+R178 -> 230 | S179: =VLOOKUP(B179,'115+260'!$B$14:$AB$647,22,FALSE) -> 2098 | T179: =VLOOKUP(B179,'115+260'!$B$15:$AB$647,6,FALSE) -> 130 | U179: =F179-T179 -> 2548 | V179: =VLOOKUP(B179,'115+260'!$B$15:$AB$647,15,FALSE) -> -452 | W179: ='115+260'!S180 -> 3 | X179: =+W179+X178 -> 202 | Y179: =S179-S178 -> -3 | Z179: =IF(Y179>0,Y179,0)/1000 -> 0 | AA179: =AA178+Z179 -> 2.473 | AB179: =(M179-$M$13-R179)/1000 -> 2.06
B180: ='115+260'!B181 -> 45418 | C180: =B180-B179 -> 1 | D180: =D179 -> 1069 | E180: =VLOOKUP(B180,'115+260'!B181:AB274,3,FALSE) -> 1611 | F180: =D180+E180 -> 2680 | G180: =VLOOKUP(B180,'115+260'!$B$15:$AB$647,20,FALSE) -> 2064 | H180: =VLOOKUP(B180,'115+260'!$B$15:$AB$647,4,FALSE) -> 116 | I180: =F180-H180 -> 2564 | J180: =VLOOKUP(B180,'115+260'!$B$15:$AB$647,13,FALSE) -> -436 | K180: ='115+260'!Q181 -> 4 | L180: =+K180+L179 -> 236 | M180: =VLOOKUP(B180,'115+260'!$B$14:$AB$647,21,FALSE) -> 2066 | N180: =VLOOKUP(B180,'115+260'!$B$15:$AB$647,5,FALSE) -> 134 | O180: =F180-N180 -> 2546 | P180: =VLOOKUP(B180,'115+260'!$B$15:$AB$647,14,FALSE) -> -454 | Q180: ='115+260'!R181 -> 4 | R180: =+Q180+R179 -> 234 | S180: =VLOOKUP(B180,'115+260'!$B$14:$AB$647,22,FALSE) -> 2097 | T180: =VLOOKUP(B180,'115+260'!$B$15:$AB$647,6,FALSE) -> 133 | U180: =F180-T180 -> 2547 | V180: =VLOOKUP(B180,'115+260'!$B$15:$AB$647,15,FALSE) -> -453 | W180: ='115+260'!S181 -> 1 | X180: =+W180+X179 -> 203 | Y180: =S180-S179 -> -1 | Z180: =IF(Y180>0,Y180,0)/1000 -> 0 | AA180: =AA179+Z180 -> 2.473 | AB180: =(M180-$M$13-R180)/1000 -> 2.052
B181: ='115+260'!B182 -> 45419 | C181: =B181-B180 -> 1 | D181: =D180 -> 1069 | E181: =VLOOKUP(B181,'115+260'!B182:AB274,3,FALSE) -> 1613 | F181: =D181+E181 -> 2682 | G181: =VLOOKUP(B181,'115+260'!$B$15:$AB$647,20,FALSE) -> 2061 | H181: =VLOOKUP(B181,'115+260'!$B$15:$AB$647,4,FALSE) -> 121 | I181: =F181-H181 -> 2561 | J181: =VLOOKUP(B181,'115+260'!$B$15:$AB$647,13,FALSE) -> -439 | K181: ='115+260'!Q182 -> 3 | L181: =+K181+L180 -> 239 | M181: =VLOOKUP(B181,'115+260'!$B$14:$AB$647,21,FALSE) -> 2063 | N181: =VLOOKUP(B181,'115+260'!$B$15:$AB$647,5,FALSE) -> 139 | O181: =F181-N181 -> 2543 | P181: =VLOOKUP(B181,'115+260'!$B$15:$AB$647,14,FALSE) -> -457 | Q181: ='115+260'!R182 -> 3 | R181: =+Q181+R180 -> 237 | S181: =VLOOKUP(B181,'115+260'!$B$14:$AB$647,22,FALSE) -> 2096 | T181: =VLOOKUP(B181,'115+260'!$B$15:$AB$647,6,FALSE) -> 136 | U181: =F181-T181 -> 2546 | V181: =VLOOKUP(B181,'115+260'!$B$15:$AB$647,15,FALSE) -> -454 | W181: ='115+260'!S182 -> 1 | X181: =+W181+X180 -> 204 | Y181: =S181-S180 -> -1 | Z181: =IF(Y181>0,Y181,0)/1000 -> 0 | AA181: =AA180+Z181 -> 2.473 | AB181: =(M181-$M$13-R181)/1000 -> 2.046
B182: ='115+260'!B183 -> 45420 | C182: =B182-B181 -> 1 | D182: =D181 -> 1069 | E182: =VLOOKUP(B182,'115+260'!B183:AB274,3,FALSE) -> 1615 | F182: =D182+E182 -> 2684 | G182: =VLOOKUP(B182,'115+260'!$B$15:$AB$647,20,FALSE) -> 2059 | H182: =VLOOKUP(B182,'115+260'!$B$15:$AB$647,4,FALSE) -> 125 | I182: =F182-H182 -> 2559 | J182: =VLOOKUP(B182,'115+260'!$B$15:$AB$647,13,FALSE) -> -441 | K182: ='115+260'!Q183 -> 2 | L182: =+K182+L181 -> 241 | M182: =VLOOKUP(B182,'115+260'!$B$14:$AB$647,21,FALSE) -> 2058 | N182: =VLOOKUP(B182,'115+260'!$B$15:$AB$647,5,FALSE) -> 146 | O182: =F182-N182 -> 2538 | P182: =VLOOKUP(B182,'115+260'!$B$15:$AB$647,14,FALSE) -> -462 | Q182: ='115+260'!R183 -> 5 | R182: =+Q182+R181 -> 242 | S182: =VLOOKUP(B182,'115+260'!$B$14:$AB$647,22,FALSE) -> 2095 | T182: =VLOOKUP(B182,'115+260'!$B$15:$AB$647,6,FALSE) -> 139 | U182: =F182-T182 -> 2545 | V182: =VLOOKUP(B182,'115+260'!$B$15:$AB$647,15,FALSE) -> -455 | W182: ='115+260'!S183 -> 1 | X182: =+W182+X181 -> 205 | Y182: =S182-S181 -> -1 | Z182: =IF(Y182>0,Y182,0)/1000 -> 0 | AA182: =AA181+Z182 -> 2.473 | AB182: =(M182-$M$13-R182)/1000 -> 2.036
B183: ='115+260'!B184 -> 45421 | C183: =B183-B182 -> 1 | D183: =D182 -> 1069 | E183: =VLOOKUP(B183,'115+260'!B184:AB274,3,FALSE) -> 1617 | F183: =D183+E183 -> 2686 | G183: =VLOOKUP(B183,'115+260'!$B$15:$AB$647,20,FALSE) -> 2055 | H183: =VLOOKUP(B183,'115+260'!$B$15:$AB$647,4,FALSE) -> 131 | I183: =F183-H183 -> 2555 | J183: =VLOOKUP(B183,'115+260'!$B$15:$AB$647,13,FALSE) -> -445 | K183: ='115+260'!Q184 -> 4 | L183: =+K183+L182 -> 245 | M183: =VLOOKUP(B183,'115+260'!$B$14:$AB$647,21,FALSE) -> 2053 | N183: =VLOOKUP(B183,'115+260'!$B$15:$AB$647,5,FALSE) -> 153 | O183: =F183-N183 -> 2533 | P183: =VLOOKUP(B183,'115+260'!$B$15:$AB$647,14,FALSE) -> -467 | Q183: ='115+260'!R184 -> 5 | R183: =+Q183+R182 -> 247 | S183: =VLOOKUP(B183,'115+260'!$B$14:$AB$647,22,FALSE) -> 2092 | T183: =VLOOKUP(B183,'115+260'!$B$15:$AB$647,6,FALSE) -> 144 | U183: =F183-T183 -> 2542 | V183: =VLOOKUP(B183,'115+260'!$B$15:$AB$647,15,FALSE) -> -458 | W183: ='115+260'!S184 -> 3 | X183: =+W183+X182 -> 208 | Y183: =S183-S182 -> -3 | Z183: =IF(Y183>0,Y183,0)/1000 -> 0 | AA183: =AA182+Z183 -> 2.473 | AB183: =(M183-$M$13-R183)/1000 -> 2.026
B184: ='115+260'!B185 -> 45422 | C184: =B184-B183 -> 1 | D184: =D183 -> 1069 | E184: =VLOOKUP(B184,'115+260'!B185:AB274,3,FALSE) -> 1619 | F184: =D184+E184 -> 2688 | G184: =VLOOKUP(B184,'115+260'!$B$15:$AB$647,20,FALSE) -> 2053 | H184: =VLOOKUP(B184,'115+260'!$B$15:$AB$647,4,FALSE) -> 135 | I184: =F184-H184 -> 2553 | J184: =VLOOKUP(B184,'115+260'!$B$15:$AB$647,13,FALSE) -> -447 | K184: ='115+260'!Q185 -> 2 | L184: =+K184+L183 -> 247 | M184: =VLOOKUP(B184,'115+260'!$B$14:$AB$647,21,FALSE) -> 2049 | N184: =VLOOKUP(B184,'115+260'!$B$15:$AB$647,5,FALSE) -> 159 | O184: =F184-N184 -> 2529 | P184: =VLOOKUP(B184,'115+260'!$B$15:$AB$647,14,FALSE) -> -471 | Q184: ='115+260'!R185 -> 4 | R184: =+Q184+R183 -> 251 | S184: =VLOOKUP(B184,'115+260'!$B$14:$AB$647,22,FALSE) -> 2091 | T184: =VLOOKUP(B184,'115+260'!$B$15:$AB$647,6,FALSE) -> 147 | U184: =F184-T184 -> 2541 | V184: =VLOOKUP(B184,'115+260'!$B$15:$AB$647,15,FALSE) -> -459 | W184: ='115+260'!S185 -> 1 | X184: =+W184+X183 -> 209 | Y184: =S184-S183 -> -1 | Z184: =IF(Y184>0,Y184,0)/1000 -> 0 | AA184: =AA183+Z184 -> 2.473 | AB184: =(M184-$M$13-R184)/1000 -> 2.018
B185: ='115+260'!B186 -> 45423 | C185: =B185-B184 -> 1 | D185: =D184 -> 1069 | E185: =VLOOKUP(B185,'115+260'!B186:AB274,3,FALSE) -> 1621 | F185: =D185+E185 -> 2690 | G185: =VLOOKUP(B185,'115+260'!$B$15:$AB$647,20,FALSE) -> 2053 | H185: =VLOOKUP(B185,'115+260'!$B$15:$AB$647,4,FALSE) -> 137 | I185: =F185-H185 -> 2553 | J185: =VLOOKUP(B185,'115+260'!$B$15:$AB$647,13,FALSE) -> -447 | K185: ='115+260'!Q186 -> 0 | L185: =+K185+L184 -> 247 | M185: =VLOOKUP(B185,'115+260'!$B$14:$AB$647,21,FALSE) -> 2049 | N185: =VLOOKUP(B185,'115+260'!$B$15:$AB$647,5,FALSE) -> 161 | O185: =F185-N185 -> 2529 | P185: =VLOOKUP(B185,'115+260'!$B$15:$AB$647,14,FALSE) -> -471 | Q185: ='115+260'!R186 -> 0 | R185: =+Q185+R184 -> 251 | S185: =VLOOKUP(B185,'115+260'!$B$14:$AB$647,22,FALSE) -> 2091 | T185: =VLOOKUP(B185,'115+260'!$B$15:$AB$647,6,FALSE) -> 149 | U185: =F185-T185 -> 2541 | V185: =VLOOKUP(B185,'115+260'!$B$15:$AB$647,15,FALSE) -> -459 | W185: ='115+260'!S186 -> 0 | X185: =+W185+X184 -> 209 | Y185: =S185-S184 -> 0 | Z185: =IF(Y185>0,Y185,0)/1000 -> 0 | AA185: =AA184+Z185 -> 2.473 | AB185: =(M185-$M$13-R185)/1000 -> 2.018
B186: ='115+260'!B187 -> 45424 | C186: =B186-B185 -> 1 | D186: =D185 -> 1069 | E186: =VLOOKUP(B186,'115+260'!B187:AB274,3,FALSE) -> 1623 | F186: =D186+E186 -> 2692 | G186: =VLOOKUP(B186,'115+260'!$B$15:$AB$647,20,FALSE) -> 2053 | H186: =VLOOKUP(B186,'115+260'!$B$15:$AB$647,4,FALSE) -> 139 | I186: =F186-H186 -> 2553 | J186: =VLOOKUP(B186,'115+260'!$B$15:$AB$647,13,FALSE) -> -447 | K186: ='115+260'!Q187 -> 0 | L186: =+K186+L185 -> 247 | M186: =VLOOKUP(B186,'115+260'!$B$14:$AB$647,21,FALSE) -> 2049 | N186: =VLOOKUP(B186,'115+260'!$B$15:$AB$647,5,FALSE) -> 163 | O186: =F186-N186 -> 2529 | P186: =VLOOKUP(B186,'115+260'!$B$15:$AB$647,14,FALSE) -> -471 | Q186: ='115+260'!R187 -> 0 | R186: =+Q186+R185 -> 251 | S186: =VLOOKUP(B186,'115+260'!$B$14:$AB$647,22,FALSE) -> 2091 | T186: =VLOOKUP(B186,'115+260'!$B$15:$AB$647,6,FALSE) -> 151 | U186: =F186-T186 -> 2541 | V186: =VLOOKUP(B186,'115+260'!$B$15:$AB$647,15,FALSE) -> -459 | W186: ='115+260'!S187 -> 0 | X186: =+W186+X185 -> 209 | Y186: =S186-S185 -> 0 | Z186: =IF(Y186>0,Y186,0)/1000 -> 0 | AA186: =AA185+Z186 -> 2.473 | AB186: =(M186-$M$13-R186)/1000 -> 2.018
B187: ='115+260'!B188 -> 45425 | C187: =B187-B186 -> 1 | D187: =D186 -> 1069 | E187: =VLOOKUP(B187,'115+260'!B188:AB274,3,FALSE) -> 1625 | F187: =D187+E187 -> 2694 | G187: =VLOOKUP(B187,'115+260'!$B$15:$AB$647,20,FALSE) -> 2053 | H187: =VLOOKUP(B187,'115+260'!$B$15:$AB$647,4,FALSE) -> 141 | I187: =F187-H187 -> 2553 | J187: =VLOOKUP(B187,'115+260'!$B$15:$AB$647,13,FALSE) -> -447 | K187: ='115+260'!Q188 -> 0 | L187: =+K187+L186 -> 247 | M187: =VLOOKUP(B187,'115+260'!$B$14:$AB$647,21,FALSE) -> 2049 | N187: =VLOOKUP(B187,'115+260'!$B$15:$AB$647,5,FALSE) -> 165 | O187: =F187-N187 -> 2529 | P187: =VLOOKUP(B187,'115+260'!$B$15:$AB$647,14,FALSE) -> -471 | Q187: ='115+260'!R188 -> 0 | R187: =+Q187+R186 -> 251 | S187: =VLOOKUP(B187,'115+260'!$B$14:$AB$647,22,FALSE) -> 2091 | T187: =VLOOKUP(B187,'115+260'!$B$15:$AB$647,6,FALSE) -> 153 | U187: =F187-T187 -> 2541 | V187: =VLOOKUP(B187,'115+260'!$B$15:$AB$647,15,FALSE) -> -459 | W187: ='115+260'!S188 -> 0 | X187: =+W187+X186 -> 209 | Y187: =S187-S186 -> 0 | Z187: =IF(Y187>0,Y187,0)/1000 -> 0 | AA187: =AA186+Z187 -> 2.473 | AB187: =(M187-$M$13-R187)/1000 -> 2.018
B188: ='115+260'!B189 -> 45426 | C188: =B188-B187 -> 1 | D188: =D187 -> 1069 | E188: =VLOOKUP(B188,'115+260'!B189:AB274,3,FALSE) -> 1627 | F188: =D188+E188 -> 2696 | G188: =VLOOKUP(B188,'115+260'!$B$15:$AB$647,20,FALSE) -> 2053 | H188: =VLOOKUP(B188,'115+260'!$B$15:$AB$647,4,FALSE) -> 143 | I188: =F188-H188 -> 2553 | J188: =VLOOKUP(B188,'115+260'!$B$15:$AB$647,13,FALSE) -> -447 | K188: ='115+260'!Q189 -> 0 | L188: =+K188+L187 -> 247 | M188: =VLOOKUP(B188,'115+260'!$B$14:$AB$647,21,FALSE) -> 2049 | N188: =VLOOKUP(B188,'115+260'!$B$15:$AB$647,5,FALSE) -> 167 | O188: =F188-N188 -> 2529 | P188: =VLOOKUP(B188,'115+260'!$B$15:$AB$647,14,FALSE) -> -471 | Q188: ='115+260'!R189 -> 0 | R188: =+Q188+R187 -> 251 | S188: =VLOOKUP(B188,'115+260'!$B$14:$AB$647,22,FALSE) -> 2091 | T188: =VLOOKUP(B188,'115+260'!$B$15:$AB$647,6,FALSE) -> 155 | U188: =F188-T188 -> 2541 | V188: =VLOOKUP(B188,'115+260'!$B$15:$AB$647,15,FALSE) -> -459 | W188: ='115+260'!S189 -> 0 | X188: =+W188+X187 -> 209 | Y188: =S188-S187 -> 0 | Z188: =IF(Y188>0,Y188,0)/1000 -> 0 | AA188: =AA187+Z188 -> 2.473 | AB188: =(M188-$M$13-R188)/1000 -> 2.018
B189: ='115+260'!B190 -> 45427 | C189: =B189-B188 -> 1 | D189: =D188 -> 1069 | E189: =VLOOKUP(B189,'115+260'!B190:AB274,3,FALSE) -> 1629 | F189: =D189+E189 -> 2698 | G189: =VLOOKUP(B189,'115+260'!$B$15:$AB$647,20,FALSE) -> 2053 | H189: =VLOOKUP(B189,'115+260'!$B$15:$AB$647,4,FALSE) -> 145 | I189: =F189-H189 -> 2553 | J189: =VLOOKUP(B189,'115+260'!$B$15:$AB$647,13,FALSE) -> -447 | K189: ='115+260'!Q190 -> 0 | L189: =+K189+L188 -> 247 | M189: =VLOOKUP(B189,'115+260'!$B$14:$AB$647,21,FALSE) -> 2049 | N189: =VLOOKUP(B189,'115+260'!$B$15:$AB$647,5,FALSE) -> 169 | O189: =F189-N189 -> 2529 | P189: =VLOOKUP(B189,'115+260'!$B$15:$AB$647,14,FALSE) -> -471 | Q189: ='115+260'!R190 -> 0 | R189: =+Q189+R188 -> 251 | S189: =VLOOKUP(B189,'115+260'!$B$14:$AB$647,22,FALSE) -> 2091 | T189: =VLOOKUP(B189,'115+260'!$B$15:$AB$647,6,FALSE) -> 157 | U189: =F189-T189 -> 2541 | V189: =VLOOKUP(B189,'115+260'!$B$15:$AB$647,15,FALSE) -> -459 | W189: ='115+260'!S190 -> 0 | X189: =+W189+X188 -> 209 | Y189: =S189-S188 -> 0 | Z189: =IF(Y189>0,Y189,0)/1000 -> 0 | AA189: =AA188+Z189 -> 2.473 | AB189: =(M189-$M$13-R189)/1000 -> 2.018
B190: ='115+260'!B191 -> 45428 | C190: =B190-B189 -> 1 | D190: =D189 -> 1069 | E190: =VLOOKUP(B190,'115+260'!B191:AB274,3,FALSE) -> 1631 | F190: =D190+E190 -> 2700 | G190: =VLOOKUP(B190,'115+260'!$B$15:$AB$647,20,FALSE) -> 2053 | H190: =VLOOKUP(B190,'115+260'!$B$15:$AB$647,4,FALSE) -> 147 | I190: =F190-H190 -> 2553 | J190: =VLOOKUP(B190,'115+260'!$B$15:$AB$647,13,FALSE) -> -447 | K190: ='115+260'!Q191 -> 0 | L190: =+K190+L189 -> 247 | M190: =VLOOKUP(B190,'115+260'!$B$14:$AB$647,21,FALSE) -> 2049 | N190: =VLOOKUP(B190,'115+260'!$B$15:$AB$647,5,FALSE) -> 171 | O190: =F190-N190 -> 2529 | P190: =VLOOKUP(B190,'115+260'!$B$15:$AB$647,14,FALSE) -> -471 | Q190: ='115+260'!R191 -> 0 | R190: =+Q190+R189 -> 251 | S190: =VLOOKUP(B190,'115+260'!$B$14:$AB$647,22,FALSE) -> 2091 | T190: =VLOOKUP(B190,'115+260'!$B$15:$AB$647,6,FALSE) -> 159 | U190: =F190-T190 -> 2541 | V190: =VLOOKUP(B190,'115+260'!$B$15:$AB$647,15,FALSE) -> -459 | W190: ='115+260'!S191 -> 0 | X190: =+W190+X189 -> 209 | Y190: =S190-S189 -> 0 | Z190: =IF(Y190>0,Y190,0)/1000 -> 0 | AA190: =AA189+Z190 -> 2.473 | AB190: =(M190-$M$13-R190)/1000 -> 2.018
B191: ='115+260'!B192 -> 45429 | C191: =B191-B190 -> 1 | D191: =D190 -> 1069 | E191: =VLOOKUP(B191,'115+260'!B192:AB274,3,FALSE) -> 1633 | F191: =D191+E191 -> 2702 | G191: =VLOOKUP(B191,'115+260'!$B$15:$AB$647,20,FALSE) -> 2053 | H191: =VLOOKUP(B191,'115+260'!$B$15:$AB$647,4,FALSE) -> 149 | I191: =F191-H191 -> 2553 | J191: =VLOOKUP(B191,'115+260'!$B$15:$AB$647,13,FALSE) -> -447 | K191: ='115+260'!Q192 -> 0 | L191: =+K191+L190 -> 247 | M191: =VLOOKUP(B191,'115+260'!$B$14:$AB$647,21,FALSE) -> 2049 | N191: =VLOOKUP(B191,'115+260'!$B$15:$AB$647,5,FALSE) -> 173 | O191: =F191-N191 -> 2529 | P191: =VLOOKUP(B191,'115+260'!$B$15:$AB$647,14,FALSE) -> -471 | Q191: ='115+260'!R192 -> 0 | R191: =+Q191+R190 -> 251 | S191: =VLOOKUP(B191,'115+260'!$B$14:$AB$647,22,FALSE) -> 2091 | T191: =VLOOKUP(B191,'115+260'!$B$15:$AB$647,6,FALSE) -> 161 | U191: =F191-T191 -> 2541 | V191: =VLOOKUP(B191,'115+260'!$B$15:$AB$647,15,FALSE) -> -459 | W191: ='115+260'!S192 -> 0 | X191: =+W191+X190 -> 209 | Y191: =S191-S190 -> 0 | Z191: =IF(Y191>0,Y191,0)/1000 -> 0 | AA191: =AA190+Z191 -> 2.473 | AB191: =(M191-$M$13-R191)/1000 -> 2.018
B192: ='115+260'!B193 -> 45430 | C192: =B192-B191 -> 1 | D192: =D191 -> 1069 | E192: =VLOOKUP(B192,'115+260'!B193:AB274,3,FALSE) -> 1635 | F192: =D192+E192 -> 2704 | G192: =VLOOKUP(B192,'115+260'!$B$15:$AB$647,20,FALSE) -> 2053 | H192: =VLOOKUP(B192,'115+260'!$B$15:$AB$647,4,FALSE) -> 151 | I192: =F192-H192 -> 2553 | J192: =VLOOKUP(B192,'115+260'!$B$15:$AB$647,13,FALSE) -> -447 | K192: ='115+260'!Q193 -> 0 | L192: =+K192+L191 -> 247 | M192: =VLOOKUP(B192,'115+260'!$B$14:$AB$647,21,FALSE) -> 2049 | N192: =VLOOKUP(B192,'115+260'!$B$15:$AB$647,5,FALSE) -> 175 | O192: =F192-N192 -> 2529 | P192: =VLOOKUP(B192,'115+260'!$B$15:$AB$647,14,FALSE) -> -471 | Q192: ='115+260'!R193 -> 0 | R192: =+Q192+R191 -> 251 | S192: =VLOOKUP(B192,'115+260'!$B$14:$AB$647,22,FALSE) -> 2091 | T192: =VLOOKUP(B192,'115+260'!$B$15:$AB$647,6,FALSE) -> 163 | U192: =F192-T192 -> 2541 | V192: =VLOOKUP(B192,'115+260'!$B$15:$AB$647,15,FALSE) -> -459 | W192: ='115+260'!S193 -> 0 | X192: =+W192+X191 -> 209 | Y192: =S192-S191 -> 0 | Z192: =IF(Y192>0,Y192,0)/1000 -> 0 | AA192: =AA191+Z192 -> 2.473 | AB192: =(M192-$M$13-R192)/1000 -> 2.018
B193: ='115+260'!B194 -> 45431 | C193: =B193-B192 -> 1 | D193: =D192 -> 1069 | E193: =VLOOKUP(B193,'115+260'!B194:AB274,3,FALSE) -> 1637 | F193: =D193+E193 -> 2706 | G193: =VLOOKUP(B193,'115+260'!$B$15:$AB$647,20,FALSE) -> 2053 | H193: =VLOOKUP(B193,'115+260'!$B$15:$AB$647,4,FALSE) -> 153 | I193: =F193-H193 -> 2553 | J193: =VLOOKUP(B193,'115+260'!$B$15:$AB$647,13,FALSE) -> -447 | K193: ='115+260'!Q194 -> 0 | L193: =+K193+L192 -> 247 | M193: =VLOOKUP(B193,'115+260'!$B$14:$AB$647,21,FALSE) -> 2049 | N193: =VLOOKUP(B193,'115+260'!$B$15:$AB$647,5,FALSE) -> 177 | O193: =F193-N193 -> 2529 | P193: =VLOOKUP(B193,'115+260'!$B$15:$AB$647,14,FALSE) -> -471 | Q193: ='115+260'!R194 -> 0 | R193: =+Q193+R192 -> 251 | S193: =VLOOKUP(B193,'115+260'!$B$14:$AB$647,22,FALSE) -> 2091 | T193: =VLOOKUP(B193,'115+260'!$B$15:$AB$647,6,FALSE) -> 165 | U193: =F193-T193 -> 2541 | V193: =VLOOKUP(B193,'115+260'!$B$15:$AB$647,15,FALSE) -> -459 | W193: ='115+260'!S194 -> 0 | X193: =+W193+X192 -> 209 | Y193: =S193-S192 -> 0 | Z193: =IF(Y193>0,Y193,0)/1000 -> 0 | AA193: =AA192+Z193 -> 2.473 | AB193: =(M193-$M$13-R193)/1000 -> 2.018
B194: ='115+260'!B195 -> 45432 | C194: =B194-B193 -> 1 | D194: =D193 -> 1069 | E194: =VLOOKUP(B194,'115+260'!B195:AB274,3,FALSE) -> 1639 | F194: =D194+E194 -> 2708 | G194: =VLOOKUP(B194,'115+260'!$B$15:$AB$647,20,FALSE) -> 2053 | H194: =VLOOKUP(B194,'115+260'!$B$15:$AB$647,4,FALSE) -> 155 | I194: =F194-H194 -> 2553 | J194: =VLOOKUP(B194,'115+260'!$B$15:$AB$647,13,FALSE) -> -447 | K194: ='115+260'!Q195 -> 0 | L194: =+K194+L193 -> 247 | M194: =VLOOKUP(B194,'115+260'!$B$14:$AB$647,21,FALSE) -> 2049 | N194: =VLOOKUP(B194,'115+260'!$B$15:$AB$647,5,FALSE) -> 179 | O194: =F194-N194 -> 2529 | P194: =VLOOKUP(B194,'115+260'!$B$15:$AB$647,14,FALSE) -> -471 | Q194: ='115+260'!R195 -> 0 | R194: =+Q194+R193 -> 251 | S194: =VLOOKUP(B194,'115+260'!$B$14:$AB$647,22,FALSE) -> 2091 | T194: =VLOOKUP(B194,'115+260'!$B$15:$AB$647,6,FALSE) -> 167 | U194: =F194-T194 -> 2541 | V194: =VLOOKUP(B194,'115+260'!$B$15:$AB$647,15,FALSE) -> -459 | W194: ='115+260'!S195 -> 0 | X194: =+W194+X193 -> 209 | Y194: =S194-S193 -> 0 | Z194: =IF(Y194>0,Y194,0)/1000 -> 0 | AA194: =AA193+Z194 -> 2.473 | AB194: =(M194-$M$13-R194)/1000 -> 2.018
B195: ='115+260'!B196 -> 45433 | C195: =B195-B194 -> 1 | D195: =D194 -> 1069 | E195: =VLOOKUP(B195,'115+260'!B196:AB274,3,FALSE) -> 1641 | F195: =D195+E195 -> 2710 | G195: =VLOOKUP(B195,'115+260'!$B$15:$AB$647,20,FALSE) -> 2053 | H195: =VLOOKUP(B195,'115+260'!$B$15:$AB$647,4,FALSE) -> 157 | I195: =F195-H195 -> 2553 | J195: =VLOOKUP(B195,'115+260'!$B$15:$AB$647,13,FALSE) -> -447 | K195: ='115+260'!Q196 -> 0 | L195: =+K195+L194 -> 247 | M195: =VLOOKUP(B195,'115+260'!$B$14:$AB$647,21,FALSE) -> 2049 | N195: =VLOOKUP(B195,'115+260'!$B$15:$AB$647,5,FALSE) -> 181 | O195: =F195-N195 -> 2529 | P195: =VLOOKUP(B195,'115+260'!$B$15:$AB$647,14,FALSE) -> -471 | Q195: ='115+260'!R196 -> 0 | R195: =+Q195+R194 -> 251 | S195: =VLOOKUP(B195,'115+260'!$B$14:$AB$647,22,FALSE) -> 2091 | T195: =VLOOKUP(B195,'115+260'!$B$15:$AB$647,6,FALSE) -> 169 | U195: =F195-T195 -> 2541 | V195: =VLOOKUP(B195,'115+260'!$B$15:$AB$647,15,FALSE) -> -459 | W195: ='115+260'!S196 -> 0 | X195: =+W195+X194 -> 209 | Y195: =S195-S194 -> 0 | Z195: =IF(Y195>0,Y195,0)/1000 -> 0 | AA195: =AA194+Z195 -> 2.473 | AB195: =(M195-$M$13-R195)/1000 -> 2.018
B196: ='115+260'!B197 -> 45434 | C196: =B196-B195 -> 1 | D196: =D195 -> 1069 | E196: =VLOOKUP(B196,'115+260'!B197:AB274,3,FALSE) -> 1643 | F196: =D196+E196 -> 2712 | G196: =VLOOKUP(B196,'115+260'!$B$15:$AB$647,20,FALSE) -> 2053 | H196: =VLOOKUP(B196,'115+260'!$B$15:$AB$647,4,FALSE) -> 159 | I196: =F196-H196 -> 2553 | J196: =VLOOKUP(B196,'115+260'!$B$15:$AB$647,13,FALSE) -> -447 | K196: ='115+260'!Q197 -> 0 | L196: =+K196+L195 -> 247 | M196: =VLOOKUP(B196,'115+260'!$B$14:$AB$647,21,FALSE) -> 2049 | N196: =VLOOKUP(B196,'115+260'!$B$15:$AB$647,5,FALSE) -> 183 | O196: =F196-N196 -> 2529 | P196: =VLOOKUP(B196,'115+260'!$B$15:$AB$647,14,FALSE) -> -471 | Q196: ='115+260'!R197 -> 0 | R196: =+Q196+R195 -> 251 | S196: =VLOOKUP(B196,'115+260'!$B$14:$AB$647,22,FALSE) -> 2091 | T196: =VLOOKUP(B196,'115+260'!$B$15:$AB$647,6,FALSE) -> 171 | U196: =F196-T196 -> 2541 | V196: =VLOOKUP(B196,'115+260'!$B$15:$AB$647,15,FALSE) -> -459 | W196: ='115+260'!S197 -> 0 | X196: =+W196+X195 -> 209 | Y196: =S196-S195 -> 0 | Z196: =IF(Y196>0,Y196,0)/1000 -> 0 | AA196: =AA195+Z196 -> 2.473 | AB196: =(M196-$M$13-R196)/1000 -> 2.018
...

Sheet SL.115+260
A1: DỰ ÁN THÀNH PHẦN ĐOẠN HẬU GIANG - CÀ MAU
A2: THUỘC DỰ ÁN XÂY DỰNG CÔNG TRÌNH ĐƯỜNG BỘ CAO TỐC BẮC - NAM PHÍA ĐÔNG GIAI ĐOẠN 2021 - 2025
A3: =UPPER("GÓI THẦU XL03 :Thi Công Xây Dựng Đoạn Tuyến Km114+200 - Km126+223 Bao Gồm Tuyến Nối Nút Giao IC12 Với QL1 (bao gồm khảo sát, thiết kế BVTC)") -> GÓI THẦU XL03 :THI CÔNG XÂY DỰNG ĐOẠN TUYẾN KM114+200 - KM126+223 BAO GỒM TUYẾN NỐI NÚT GIAO IC12 VỚI QL1 (BAO GỒM KHẢO SÁT, THIẾT KẾ BVTC)
A4: CHỦ ĐẦU TƯ | F4: TƯ VẤN GIÁM SÁT | K4: NHÀ THẦU
A5: BAN QUẢN LÝ DỰ ÁN MỸ THUẬN | F5: =UPPER("Liên danh Phân viện KHCN GTVT phía Nam - Công ty Cổ phần Tư vấn kỹ thuật và xây dựng Hồng Hà") -> LIÊN DANH PHÂN VIỆN KHCN GTVT PHÍA NAM - CÔNG TY CỔ PHẦN TƯ VẤN KỸ THUẬT VÀ XÂY DỰNG HỒNG HÀ | K5: LIÊN DANH CC1 - HẢI ĐĂNG - VẠN CƯỜNG - 492 - BẮC TRUNG NAM
A6: BIỂU GHI ĐO QUAN TRẮC LÚN
A7: Người lập: | B7: ='[4]BC.95+020'!C7 -> 0 | K7: Tên mốc: | M7: ='[4]BC.95+020'!N7 -> 0
A8: Thời tiết: | B8: ='[4]BC.95+020'!C8 -> năng | K8: Cao độ mốc: | M8: ='115+260'!M9 -> 1069
A9: Lý trình: | B9: ='115+260'!C10 -> Km115+260 | K9: Ngày đặt bàn: | M9: ='115+260'!M10 -> 45251
A11: ="BÀN QUAN TRẮC: "&B9 -> BÀN QUAN TRẮC: Km115+260
A12: Ngày đo | B12: Số ngày | C12: Cao độ đắp(m) | D12: Chiều cao nền đắp (m) | E12: chiều dày đắp(m) | F12: Trái | H12: Giữa | J12: Phải | L12: Độ lún (trái) (mm) | M12: Độ lún (giữa) (mm) | N12: Độ lún (phải) (mm) | O12: Ghi chú
F13: Cao độ quan trắc | G13: Cao độ bàn đo lún | H13: Cao độ quan trắc | I13: Cao độ bàn đo lún | J13: Cao độ quan trắc | K13: Cao độ bàn đo lún
A14: ='BC.115+260'!B13 -> 45251 | B14: 0 | C14: ='BC.115+260'!M13/1000 -> -0.22 | D14: ='BC.115+260'!AA13 -> 0 | E14: ='BC.115+260'!AB13 -> 0 | F14: =VLOOKUP($A14,'BC.115+260'!$B$13:$X$489,8,0)/1000 -> 1.8 | G14: =VLOOKUP($A14,'BC.115+260'!$B$13:$X$489,9,0)/1000 -> -0.2 | H14: =VLOOKUP($A14,'BC.115+260'!$B$13:$X$489,14,0)/1000 -> 1.78 | I14: =VLOOKUP($A14,'BC.115+260'!$B$13:$X$489,15,0)/1000 -> -0.22 | J14: =VLOOKUP($A14,'BC.115+260'!$B$13:$X$489,20,0)/1000 -> 1.75 | K14: =VLOOKUP($A14,'BC.115+260'!$B$13:$X$489,21,0)/1000 -> -0.25 | L14: =(G14-$G$14)*1000 -> 0 | M14: =(I14-$I$14)*1000 -> 0 | N14: 0
A15: ='BC.115+260'!B14 -> 45252 | B15: 1 | C15: ='BC.115+260'!M14/1000 -> -0.22 | D15: ='BC.115+260'!AA14 -> 0 | E15: ='BC.115+260'!AB14 -> 0 | F15: =VLOOKUP($A15,'BC.115+260'!$B$13:$X$489,8,0)/1000 -> 1.8 | G15: =VLOOKUP($A15,'BC.115+260'!$B$13:$X$489,9,0)/1000 -> -0.2 | H15: =VLOOKUP($A15,'BC.115+260'!$B$13:$X$489,14,0)/1000 -> 1.78 | I15: =VLOOKUP($A15,'BC.115+260'!$B$13:$X$489,15,0)/1000 -> -0.22 | J15: =VLOOKUP($A15,'BC.115+260'!$B$13:$X$489,20,0)/1000 -> 1.75 | K15: =VLOOKUP($A15,'BC.115+260'!$B$13:$X$489,21,0)/1000 -> -0.25 | L15: =(G15-$G$14)*1000 -> 0 | M15: =(I15-$I$14)*1000 -> 0 | N15: =(K15-$K$14)*1000 -> 0
A16: ='BC.115+260'!B15 -> 45253 | B16: 2 | C16: ='BC.115+260'!M15/1000 -> -0.22 | D16: ='BC.115+260'!AA15 -> 0 | E16: ='BC.115+260'!AB15 -> 0 | F16: =VLOOKUP($A16,'BC.115+260'!$B$13:$X$489,8,0)/1000 -> 1.8 | G16: =VLOOKUP($A16,'BC.115+260'!$B$13:$X$489,9,0)/1000 -> -0.2 | H16: =VLOOKUP($A16,'BC.115+260'!$B$13:$X$489,14,0)/1000 -> 1.78 | I16: =VLOOKUP($A16,'BC.115+260'!$B$13:$X$489,15,0)/1000 -> -0.22 | J16: =VLOOKUP($A16,'BC.115+260'!$B$13:$X$489,20,0)/1000 -> 1.75 | K16: =VLOOKUP($A16,'BC.115+260'!$B$13:$X$489,21,0)/1000 -> -0.25 | L16: =(G16-$G$14)*1000 -> 0 | M16: =(I16-$I$14)*1000 -> 0 | N16: =(K16-$K$14)*1000 -> 0
A17: ='BC.115+260'!B16 -> 45254 | B17: 3 | C17: ='BC.115+260'!M16/1000 -> -0.22 | D17: ='BC.115+260'!AA16 -> 0 | E17: ='BC.115+260'!AB16 -> 0 | F17: =VLOOKUP($A17,'BC.115+260'!$B$13:$X$489,8,0)/1000 -> 1.8 | G17: =VLOOKUP($A17,'BC.115+260'!$B$13:$X$489,9,0)/1000 -> -0.2 | H17: =VLOOKUP($A17,'BC.115+260'!$B$13:$X$489,14,0)/1000 -> 1.78 | I17: =VLOOKUP($A17,'BC.115+260'!$B$13:$X$489,15,0)/1000 -> -0.22 | J17: =VLOOKUP($A17,'BC.115+260'!$B$13:$X$489,20,0)/1000 -> 1.75 | K17: =VLOOKUP($A17,'BC.115+260'!$B$13:$X$489,21,0)/1000 -> -0.25 | L17: =(G17-$G$14)*1000 -> 0 | M17: =(I17-$I$14)*1000 -> 0 | N17: =(K17-$K$14)*1000 -> 0
A18: ='BC.115+260'!B17 -> 45255 | B18: 4 | C18: ='BC.115+260'!M17/1000 -> -0.22 | D18: ='BC.115+260'!AA17 -> 0 | E18: ='BC.115+260'!AB17 -> 0 | F18: =VLOOKUP($A18,'BC.115+260'!$B$13:$X$489,8,0)/1000 -> 1.8 | G18: =VLOOKUP($A18,'BC.115+260'!$B$13:$X$489,9,0)/1000 -> -0.2 | H18: =VLOOKUP($A18,'BC.115+260'!$B$13:$X$489,14,0)/1000 -> 1.78 | I18: =VLOOKUP($A18,'BC.115+260'!$B$13:$X$489,15,0)/1000 -> -0.22 | J18: =VLOOKUP($A18,'BC.115+260'!$B$13:$X$489,20,0)/1000 -> 1.75 | K18: =VLOOKUP($A18,'BC.115+260'!$B$13:$X$489,21,0)/1000 -> -0.25 | L18: =(G18-$G$14)*1000 -> 0 | M18: =(I18-$I$14)*1000 -> 0 | N18: =(K18-$K$14)*1000 -> 0
A19: ='BC.115+260'!B18 -> 45256 | B19: 5 | C19: ='BC.115+260'!M18/1000 -> -0.22 | D19: ='BC.115+260'!AA18 -> 0 | E19: ='BC.115+260'!AB18 -> 0 | F19: =VLOOKUP($A19,'BC.115+260'!$B$13:$X$489,8,0)/1000 -> 1.8 | G19: =VLOOKUP($A19,'BC.115+260'!$B$13:$X$489,9,0)/1000 -> -0.2 | H19: =VLOOKUP($A19,'BC.115+260'!$B$13:$X$489,14,0)/1000 -> 1.78 | I19: =VLOOKUP($A19,'BC.115+260'!$B$13:$X$489,15,0)/1000 -> -0.22 | J19: =VLOOKUP($A19,'BC.115+260'!$B$13:$X$489,20,0)/1000 -> 1.75 | K19: =VLOOKUP($A19,'BC.115+260'!$B$13:$X$489,21,0)/1000 -> -0.25 | L19: =(G19-$G$14)*1000 -> 0 | M19: =(I19-$I$14)*1000 -> 0 | N19: =(K19-$K$14)*1000 -> 0
A20: ='BC.115+260'!B19 -> 45257 | B20: 6 | C20: ='BC.115+260'!M19/1000 -> -0.22 | D20: ='BC.115+260'!AA19 -> 0 | E20: ='BC.115+260'!AB19 -> 0 | F20: =VLOOKUP($A20,'BC.115+260'!$B$13:$X$489,8,0)/1000 -> 1.8 | G20: =VLOOKUP($A20,'BC.115+260'!$B$13:$X$489,9,0)/1000 -> -0.2 | H20: =VLOOKUP($A20,'BC.115+260'!$B$13:$X$489,14,0)/1000 -> 1.78 | I20: =VLOOKUP($A20,'BC.115+260'!$B$13:$X$489,15,0)/1000 -> -0.22 | J20: =VLOOKUP($A20,'BC.115+260'!$B$13:$X$489,20,0)/1000 -> 1.75 | K20: =VLOOKUP($A20,'BC.115+260'!$B$13:$X$489,21,0)/1000 -> -0.25 | L20: =(G20-$G$14)*1000 -> 0 | M20: =(I20-$I$14)*1000 -> 0 | N20: =(K20-$K$14)*1000 -> 0
A21: ='BC.115+260'!B20 -> 45258 | B21: 7 | C21: ='BC.115+260'!M20/1000 -> -0.22 | D21: ='BC.115+260'!AA20 -> 0 | E21: ='BC.115+260'!AB20 -> 0 | F21: =VLOOKUP($A21,'BC.115+260'!$B$13:$X$489,8,0)/1000 -> 1.8 | G21: =VLOOKUP($A21,'BC.115+260'!$B$13:$X$489,9,0)/1000 -> -0.2 | H21: =VLOOKUP($A21,'BC.115+260'!$B$13:$X$489,14,0)/1000 -> 1.78 | I21: =VLOOKUP($A21,'BC.115+260'!$B$13:$X$489,15,0)/1000 -> -0.22 | J21: =VLOOKUP($A21,'BC.115+260'!$B$13:$X$489,20,0)/1000 -> 1.75 | K21: =VLOOKUP($A21,'BC.115+260'!$B$13:$X$489,21,0)/1000 -> -0.25 | L21: =(G21-$G$14)*1000 -> 0 | M21: =(I21-$I$14)*1000 -> 0 | N21: =(K21-$K$14)*1000 -> 0
A22: ='BC.115+260'!B21 -> 45259 | B22: 8 | C22: ='BC.115+260'!M21/1000 -> -0.22 | D22: ='BC.115+260'!AA21 -> 0 | E22: ='BC.115+260'!AB21 -> 0 | F22: =VLOOKUP($A22,'BC.115+260'!$B$13:$X$489,8,0)/1000 -> 1.8 | G22: =VLOOKUP($A22,'BC.115+260'!$B$13:$X$489,9,0)/1000 -> -0.2 | H22: =VLOOKUP($A22,'BC.115+260'!$B$13:$X$489,14,0)/1000 -> 1.78 | I22: =VLOOKUP($A22,'BC.115+260'!$B$13:$X$489,15,0)/1000 -> -0.22 | J22: =VLOOKUP($A22,'BC.115+260'!$B$13:$X$489,20,0)/1000 -> 1.75 | K22: =VLOOKUP($A22,'BC.115+260'!$B$13:$X$489,21,0)/1000 -> -0.25 | L22: =(G22-$G$14)*1000 -> 0 | M22: =(I22-$I$14)*1000 -> 0 | N22: =(K22-$K$14)*1000 -> 0
A23: ='BC.115+260'!B22 -> 45260 | B23: 9 | C23: ='BC.115+260'!M22/1000 -> -0.22 | D23: ='BC.115+260'!AA22 -> 0 | E23: ='BC.115+260'!AB22 -> 0 | F23: =VLOOKUP($A23,'BC.115+260'!$B$13:$X$489,8,0)/1000 -> 1.8 | G23: =VLOOKUP($A23,'BC.115+260'!$B$13:$X$489,9,0)/1000 -> -0.2 | H23: =VLOOKUP($A23,'BC.115+260'!$B$13:$X$489,14,0)/1000 -> 1.78 | I23: =VLOOKUP($A23,'BC.115+260'!$B$13:$X$489,15,0)/1000 -> -0.22 | J23: =VLOOKUP($A23,'BC.115+260'!$B$13:$X$489,20,0)/1000 -> 1.75 | K23: =VLOOKUP($A23,'BC.115+260'!$B$13:$X$489,21,0)/1000 -> -0.25 | L23: =(G23-$G$14)*1000 -> 0 | M23: =(I23-$I$14)*1000 -> 0 | N23: =(K23-$K$14)*1000 -> 0
A24: ='BC.115+260'!B23 -> 45261 | B24: 10 | C24: ='BC.115+260'!M23/1000 -> -0.22 | D24: ='BC.115+260'!AA23 -> 0 | E24: ='BC.115+260'!AB23 -> 0 | F24: =VLOOKUP($A24,'BC.115+260'!$B$13:$X$489,8,0)/1000 -> 1.8 | G24: =VLOOKUP($A24,'BC.115+260'!$B$13:$X$489,9,0)/1000 -> -0.2 | H24: =VLOOKUP($A24,'BC.115+260'!$B$13:$X$489,14,0)/1000 -> 1.78 | I24: =VLOOKUP($A24,'BC.115+260'!$B$13:$X$489,15,0)/1000 -> -0.22 | J24: =VLOOKUP($A24,'BC.115+260'!$B$13:$X$489,20,0)/1000 -> 1.75 | K24: =VLOOKUP($A24,'BC.115+260'!$B$13:$X$489,21,0)/1000 -> -0.25 | L24: =(G24-$G$14)*1000 -> 0 | M24: =(I24-$I$14)*1000 -> 0 | N24: =(K24-$K$14)*1000 -> 0
A25: ='BC.115+260'!B24 -> 45262 | B25: 11 | C25: ='BC.115+260'!M24/1000 -> -0.22 | D25: ='BC.115+260'!AA24 -> 0 | E25: ='BC.115+260'!AB24 -> 0 | F25: =VLOOKUP($A25,'BC.115+260'!$B$13:$X$489,8,0)/1000 -> 1.8 | G25: =VLOOKUP($A25,'BC.115+260'!$B$13:$X$489,9,0)/1000 -> -0.2 | H25: =VLOOKUP($A25,'BC.115+260'!$B$13:$X$489,14,0)/1000 -> 1.78 | I25: =VLOOKUP($A25,'BC.115+260'!$B$13:$X$489,15,0)/1000 -> -0.22 | J25: =VLOOKUP($A25,'BC.115+260'!$B$13:$X$489,20,0)/1000 -> 1.75 | K25: =VLOOKUP($A25,'BC.115+260'!$B$13:$X$489,21,0)/1000 -> -0.25 | L25: =(G25-$G$14)*1000 -> 0 | M25: =(I25-$I$14)*1000 -> 0 | N25: =(K25-$K$14)*1000 -> 0
A26: ='BC.115+260'!B25 -> 45263 | B26: 12 | C26: ='BC.115+260'!M25/1000 -> -0.22 | D26: ='BC.115+260'!AA25 -> 0 | E26: ='BC.115+260'!AB25 -> 0 | F26: =VLOOKUP($A26,'BC.115+260'!$B$13:$X$489,8,0)/1000 -> 1.8 | G26: =VLOOKUP($A26,'BC.115+260'!$B$13:$X$489,9,0)/1000 -> -0.2 | H26: =VLOOKUP($A26,'BC.115+260'!$B$13:$X$489,14,0)/1000 -> 1.78 | I26: =VLOOKUP($A26,'BC.115+260'!$B$13:$X$489,15,0)/1000 -> -0.22 | J26: =VLOOKUP($A26,'BC.115+260'!$B$13:$X$489,20,0)/1000 -> 1.75 | K26: =VLOOKUP($A26,'BC.115+260'!$B$13:$X$489,21,0)/1000 -> -0.25 | L26: =(G26-$G$14)*1000 -> 0 | M26: =(I26-$I$14)*1000 -> 0 | N26: =(K26-$K$14)*1000 -> 0
... A91: ='BC.115+260'!B90 -> 45328 | B91: 77 | C91: ='BC.115+260'!M90/1000 -> 0.969 | D91: ='BC.115+260'!AA90 -> 1.306 | E91: ='BC.115+260'!AB90 -> 1.058 | F91: =VLOOKUP($A91,'BC.115+260'!$B$13:$X$489,8,0)/1000 -> 1.659 | G91: =VLOOKUP($A91,'BC.115+260'!$B$13:$X$489,9,0)/1000 -> -0.341 | H91: =VLOOKUP($A91,'BC.115+260'!$B$13:$X$489,14,0)/1000 -> 1.649 | I91: =VLOOKUP($A91,'BC.115+260'!$B$13:$X$489,15,0)/1000 -> -0.351 | J91: =VLOOKUP($A91,'BC.115+260'!$B$13:$X$489,20,0)/1000 -> 1.625 | K91: =VLOOKUP($A91,'BC.115+260'!$B$13:$X$489,21,0)/1000 -> -0.375 | L91: =(G91-$G$14)*1000 -> -141 | M91: =(I91-$I$14)*1000 -> -131 | N91: =(K91-$K$14)*1000 -> -125
A92: ='BC.115+260'!B91 -> 45329 | B92: 78 | C92: ='BC.115+260'!M91/1000 -> 0.969 | D92: ='BC.115+260'!AA91 -> 1.306 | E92: ='BC.115+260'!AB91 -> 1.058 | F92: =VLOOKUP($A92,'BC.115+260'!$B$13:$X$489,8,0)/1000 -> 1.659 | G92: =VLOOKUP($A92,'BC.115+260'!$B$13:$X$489,9,0)/1000 -> -0.341 | H92: =VLOOKUP($A92,'BC.115+260'!$B$13:$X$489,14,0)/1000 -> 1.649 | I92: =VLOOKUP($A92,'BC.115+260'!$B$13:$X$489,15,0)/1000 -> -0.351 | J92: =VLOOKUP($A92,'BC.115+260'!$B$13:$X$489,20,0)/1000 -> 1.625 | K92: =VLOOKUP($A92,'BC.115+260'!$B$13:$X$489,21,0)/1000 -> -0.375 | L92: =(G92-$G$14)*1000 -> -141 | M92: =(I92-$I$14)*1000 -> -131 | N92: =(K92-$K$14)*1000 -> -125 | Y92: =A21-A14 -> 7
A93: ='BC.115+260'!B92 -> 45330 | B93: 79 | C93: ='BC.115+260'!M92/1000 -> 0.969 | D93: ='BC.115+260'!AA92 -> 1.306 | E93: ='BC.115+260'!AB92 -> 1.058 | F93: =VLOOKUP($A93,'BC.115+260'!$B$13:$X$489,8,0)/1000 -> 1.659 | G93: =VLOOKUP($A93,'BC.115+260'!$B$13:$X$489,9,0)/1000 -> -0.341 | H93: =VLOOKUP($A93,'BC.115+260'!$B$13:$X$489,14,0)/1000 -> 1.649 | I93: =VLOOKUP($A93,'BC.115+260'!$B$13:$X$489,15,0)/1000 -> -0.351 | J93: =VLOOKUP($A93,'BC.115+260'!$B$13:$X$489,20,0)/1000 -> 1.625 | K93: =VLOOKUP($A93,'BC.115+260'!$B$13:$X$489,21,0)/1000 -> -0.375 | L93: =(G93-$G$14)*1000 -> -141 | M93: =(I93-$I$14)*1000 -> -131 | N93: =(K93-$K$14)*1000 -> -125
A94: ='BC.115+260'!B93 -> 45331 | B94: 80 | C94: ='BC.115+260'!M93/1000 -> 0.969 | D94: ='BC.115+260'!AA93 -> 1.306 | E94: ='BC.115+260'!AB93 -> 1.058 | F94: =VLOOKUP($A94,'BC.115+260'!$B$13:$X$489,8,0)/1000 -> 1.659 | G94: =VLOOKUP($A94,'BC.115+260'!$B$13:$X$489,9,0)/1000 -> -0.341 | H94: =VLOOKUP($A94,'BC.115+260'!$B$13:$X$489,14,0)/1000 -> 1.649 | I94: =VLOOKUP($A94,'BC.115+260'!$B$13:$X$489,15,0)/1000 -> -0.351 | J94: =VLOOKUP($A94,'BC.115+260'!$B$13:$X$489,20,0)/1000 -> 1.625 | K94: =VLOOKUP($A94,'BC.115+260'!$B$13:$X$489,21,0)/1000 -> -0.375 | L94: =(G94-$G$14)*1000 -> -141 | M94: =(I94-$I$14)*1000 -> -131 | N94: =(K94-$K$14)*1000 -> -125
A95: ='BC.115+260'!B94 -> 45332 | B95: 81 | C95: ='BC.115+260'!M94/1000 -> 0.969 | D95: ='BC.115+260'!AA94 -> 1.306 | E95: ='BC.115+260'!AB94 -> 1.058 | F95: =VLOOKUP($A95,'BC.115+260'!$B$13:$X$489,8,0)/1000 -> 1.659 | G95: =VLOOKUP($A95,'BC.115+260'!$B$13:$X$489,9,0)/1000 -> -0.341 | H95: =VLOOKUP($A95,'BC.115+260'!$B$13:$X$489,14,0)/1000 -> 1.649 | I95: =VLOOKUP($A95,'BC.115+260'!$B$13:$X$489,15,0)/1000 -> -0.351 | J95: =VLOOKUP($A95,'BC.115+260'!$B$13:$X$489,20,0)/1000 -> 1.625 | K95: =VLOOKUP($A95,'BC.115+260'!$B$13:$X$489,21,0)/1000 -> -0.375 | L95: =(G95-$G$14)*1000 -> -141 | M95: =(I95-$I$14)*1000 -> -131 | N95: =(K95-$K$14)*1000 -> -125
A96: ='BC.115+260'!B95 -> 45333 | B96: 82 | C96: ='BC.115+260'!M95/1000 -> 0.969 | D96: ='BC.115+260'!AA95 -> 1.306 | E96: ='BC.115+260'!AB95 -> 1.058 | F96: =VLOOKUP($A96,'BC.115+260'!$B$13:$X$489,8,0)/1000 -> 1.659 | G96: =VLOOKUP($A96,'BC.115+260'!$B$13:$X$489,9,0)/1000 -> -0.341 | H96: =VLOOKUP($A96,'BC.115+260'!$B$13:$X$489,14,0)/1000 -> 1.649 | I96: =VLOOKUP($A96,'BC.115+260'!$B$13:$X$489,15,0)/1000 -> -0.351 | J96: =VLOOKUP($A96,'BC.115+260'!$B$13:$X$489,20,0)/1000 -> 1.625 | K96: =VLOOKUP($A96,'BC.115+260'!$B$13:$X$489,21,0)/1000 -> -0.375 | L96: =(G96-$G$14)*1000 -> -141 | M96: =(I96-$I$14)*1000 -> -131 | N96: =(K96-$K$14)*1000 -> -125
A97: ='BC.115+260'!B96 -> 45334 | B97: 83 | C97: ='BC.115+260'!M96/1000 -> 0.969 | D97: ='BC.115+260'!AA96 -> 1.306 | E97: ='BC.115+260'!AB96 -> 1.058 | F97: =VLOOKUP($A97,'BC.115+260'!$B$13:$X$489,8,0)/1000 -> 1.659 | G97: =VLOOKUP($A97,'BC.115+260'!$B$13:$X$489,9,0)/1000 -> -0.341 | H97: =VLOOKUP($A97,'BC.115+260'!$B$13:$X$489,14,0)/1000 -> 1.649 | I97: =VLOOKUP($A97,'BC.115+260'!$B$13:$X$489,15,0)/1000 -> -0.351 | J97: =VLOOKUP($A97,'BC.115+260'!$B$13:$X$489,20,0)/1000 -> 1.625 | K97: =VLOOKUP($A97,'BC.115+260'!$B$13:$X$489,21,0)/1000 -> -0.375 | L97: =(G97-$G$14)*1000 -> -141 | M97: =(I97-$I$14)*1000 -> -131 | N97: =(K97-$K$14)*1000 -> -125
A98: ='BC.115+260'!B97 -> 45335 | B98: 84 | C98: ='BC.115+260'!M97/1000 -> 0.969 | D98: ='BC.115+260'!AA97 -> 1.306 | E98: ='BC.115+260'!AB97 -> 1.058 | F98: =VLOOKUP($A98,'BC.115+260'!$B$13:$X$489,8,0)/1000 -> 1.659 | G98: =VLOOKUP($A98,'BC.115+260'!$B$13:$X$489,9,0)/1000 -> -0.341 | H98: =VLOOKUP($A98,'BC.115+260'!$B$13:$X$489,14,0)/1000 -> 1.649 | I98: =VLOOKUP($A98,'BC.115+260'!$B$13:$X$489,15,0)/1000 -> -0.351 | J98: =VLOOKUP($A98,'BC.115+260'!$B$13:$X$489,20,0)/1000 -> 1.625 | K98: =VLOOKUP($A98,'BC.115+260'!$B$13:$X$489,21,0)/1000 -> -0.375 | L98: =(G98-$G$14)*1000 -> -141 | M98: =(I98-$I$14)*1000 -> -131 | N98: =(K98-$K$14)*1000 -> -125
A99: ='BC.115+260'!B98 -> 45336 | B99: 85 | C99: ='BC.115+260'!M98/1000 -> 0.969 | D99: ='BC.115+260'!AA98 -> 1.306 | E99: ='BC.115+260'!AB98 -> 1.058 | F99: =VLOOKUP($A99,'BC.115+260'!$B$13:$X$489,8,0)/1000 -> 1.659 | G99: =VLOOKUP($A99,'BC.115+260'!$B$13:$X$489,9,0)/1000 -> -0.341 | H99: =VLOOKUP($A99,'BC.115+260'!$B$13:$X$489,14,0)/1000 -> 1.649 | I99: =VLOOKUP($A99,'BC.115+260'!$B$13:$X$489,15,0)/1000 -> -0.351 | J99: =VLOOKUP($A99,'BC.115+260'!$B$13:$X$489,20,0)/1000 -> 1.625 | K99: =VLOOKUP($A99,'BC.115+260'!$B$13:$X$489,21,0)/1000 -> -0.375 | L99: =(G99-$G$14)*1000 -> -141 | M99: =(I99-$I$14)*1000 -> -131 | N99: =(K99-$K$14)*1000 -> -125
A100: ='BC.115+260'!B99 -> 45337 | B100: 86 | C100: ='BC.115+260'!M99/1000 -> 0.969 | D100: ='BC.115+260'!AA99 -> 1.306 | E100: ='BC.115+260'!AB99 -> 1.058 | F100: =VLOOKUP($A100,'BC.115+260'!$B$13:$X$489,8,0)/1000 -> 1.659 | G100: =VLOOKUP($A100,'BC.115+260'!$B$13:$X$489,9,0)/1000 -> -0.341 | H100: =VLOOKUP($A100,'BC.115+260'!$B$13:$X$489,14,0)/1000 -> 1.649 | I100: =VLOOKUP($A100,'BC.115+260'!$B$13:$X$489,15,0)/1000 -> -0.351 | J100: =VLOOKUP($A100,'BC.115+260'!$B$13:$X$489,20,0)/1000 -> 1.625 | K100: =VLOOKUP($A100,'BC.115+260'!$B$13:$X$489,21,0)/1000 -> -0.375 | L100: =(G100-$G$14)*1000 -> -141 | M100: =(I100-$I$14)*1000 -> -131 | N100: =(K100-$K$14)*1000 -> -125
A101: ='BC.115+260'!B100 -> 45338 | B101: 87 | C101: ='BC.115+260'!M100/1000 -> 0.969 | D101: ='BC.115+260'!AA100 -> 1.306 | E101: ='BC.115+260'!AB100 -> 1.058 | F101: =VLOOKUP($A101,'BC.115+260'!$B$13:$X$489,8,0)/1000 -> 1.659 | G101: =VLOOKUP($A101,'BC.115+260'!$B$13:$X$489,9,0)/1000 -> -0.341 | H101: =VLOOKUP($A101,'BC.115+260'!$B$13:$X$489,14,0)/1000 -> 1.649 | I101: =VLOOKUP($A101,'BC.115+260'!$B$13:$X$489,15,0)/1000 -> -0.351 | J101: =VLOOKUP($A101,'BC.115+260'!$B$13:$X$489,20,0)/1000 -> 1.625 | K101: =VLOOKUP($A101,'BC.115+260'!$B$13:$X$489,21,0)/1000 -> -0.375 | L101: =(G101-$G$14)*1000 -> -141 | M101: =(I101-$I$14)*1000 -> -131 | N101: =(K101-$K$14)*1000 -> -125
A102: ='BC.115+260'!B101 -> 45339 | B102: 88 | C102: ='BC.115+260'!M101/1000 -> 0.969 | D102: ='BC.115+260'!AA101 -> 1.306 | E102: ='BC.115+260'!AB101 -> 1.058 | F102: =VLOOKUP($A102,'BC.115+260'!$B$13:$X$489,8,0)/1000 -> 1.659 | G102: =VLOOKUP($A102,'BC.115+260'!$B$13:$X$489,9,0)/1000 -> -0.341 | H102: =VLOOKUP($A102,'BC.115+260'!$B$13:$X$489,14,0)/1000 -> 1.649 | I102: =VLOOKUP($A102,'BC.115+260'!$B$13:$X$489,15,0)/1000 -> -0.351 | J102: =VLOOKUP($A102,'BC.115+260'!$B$13:$X$489,20,0)/1000 -> 1.625 | K102: =VLOOKUP($A102,'BC.115+260'!$B$13:$X$489,21,0)/1000 -> -0.375 | L102: =(G102-$G$14)*1000 -> -141 | M102: =(I102-$I$14)*1000 -> -131 | N102: =(K102-$K$14)*1000 -> -125
A103: ='BC.115+260'!B102 -> 45340 | B103: 89 | C103: ='BC.115+260'!M102/1000 -> 0.969 | D103: ='BC.115+260'!AA102 -> 1.306 | E103: ='BC.115+260'!AB102 -> 1.058 | F103: =VLOOKUP($A103,'BC.115+260'!$B$13:$X$489,8,0)/1000 -> 1.659 | G103: =VLOOKUP($A103,'BC.115+260'!$B$13:$X$489,9,0)/1000 -> -0.341 | H103: =VLOOKUP($A103,'BC.115+260'!$B$13:$X$489,14,0)/1000 -> 1.649 | I103: =VLOOKUP($A103,'BC.115+260'!$B$13:$X$489,15,0)/1000 -> -0.351 | J103: =VLOOKUP($A103,'BC.115+260'!$B$13:$X$489,20,0)/1000 -> 1.625 | K103: =VLOOKUP($A103,'BC.115+260'!$B$13:$X$489,21,0)/1000 -> -0.375 | L103: =(G103-$G$14)*1000 -> -141 | M103: =(I103-$I$14)*1000 -> -131 | N103: =(K103-$K$14)*1000 -> -125
A104: ='BC.115+260'!B103 -> 45341 | B104: 90 | C104: ='BC.115+260'!M103/1000 -> 0.969 | D104: ='BC.115+260'!AA103 -> 1.306 | E104: ='BC.115+260'!AB103 -> 1.058 | F104: =VLOOKUP($A104,'BC.115+260'!$B$13:$X$489,8,0)/1000 -> 1.659 | G104: =VLOOKUP($A104,'BC.115+260'!$B$13:$X$489,9,0)/1000 -> -0.341 | H104: =VLOOKUP($A104,'BC.115+260'!$B$13:$X$489,14,0)/1000 -> 1.649 | I104: =VLOOKUP($A104,'BC.115+260'!$B$13:$X$489,15,0)/1000 -> -0.351 | J104: =VLOOKUP($A104,'BC.115+260'!$B$13:$X$489,20,0)/1000 -> 1.625 | K104: =VLOOKUP($A104,'BC.115+260'!$B$13:$X$489,21,0)/1000 -> -0.375 | L104: =(G104-$G$14)*1000 -> -141 | M104: =(I104-$I$14)*1000 -> -131 | N104: =(K104-$K$14)*1000 -> -125
... A273: ='BC.115+260'!B272 -> 45510 | B273: 259 | C273: ='BC.115+260'!M272/1000 -> 2.049 | D273: ='BC.115+260'!AA272 -> 2.473 | E273: ='BC.115+260'!AB272 -> 2.018 | F273: =VLOOKUP($A273,'BC.115+260'!$B$13:$X$489,8,0)/1000 -> 2.553 | G273: =VLOOKUP($A273,'BC.115+260'!$B$13:$X$489,9,0)/1000 -> -0.447 | H273: =VLOOKUP($A273,'BC.115+260'!$B$13:$X$489,14,0)/1000 -> 2.529 | I273: =VLOOKUP($A273,'BC.115+260'!$B$13:$X$489,15,0)/1000 -> -0.471 | J273: =VLOOKUP($A273,'BC.115+260'!$B$13:$X$489,20,0)/1000 -> 2.541 | K273: =VLOOKUP($A273,'BC.115+260'!$B$13:$X$489,21,0)/1000 -> -0.459 | L273: =(G273-$G$14)*1000 -> -247 | M273: =(I273-$I$14)*1000 -> -251 | N273: =(K273-$K$14)*1000 -> -209
A274: ='BC.115+260'!B273 -> 45511 | B274: =+B273+1 -> 260 | C274: ='BC.115+260'!M273/1000 -> 2.049 | D274: ='BC.115+260'!AA273 -> 2.473 | E274: ='BC.115+260'!AB273 -> 2.018 | F274: =VLOOKUP($A274,'BC.115+260'!$B$13:$X$489,8,0)/1000 -> 2.553 | G274: =VLOOKUP($A274,'BC.115+260'!$B$13:$X$489,9,0)/1000 -> -0.447 | H274: =VLOOKUP($A274,'BC.115+260'!$B$13:$X$489,14,0)/1000 -> 2.529 | I274: =VLOOKUP($A274,'BC.115+260'!$B$13:$X$489,15,0)/1000 -> -0.471 | J274: =VLOOKUP($A274,'BC.115+260'!$B$13:$X$489,20,0)/1000 -> 2.541 | K274: =VLOOKUP($A274,'BC.115+260'!$B$13:$X$489,21,0)/1000 -> -0.459 | L274: =(G274-$G$14)*1000 -> -247 | M274: =(I274-$I$14)*1000 -> -251 | N274: =(K274-$K$14)*1000 -> -209
A275: ='BC.115+260'!B274 -> 45512 | B275: =+B274+1 -> 261 | C275: ='BC.115+260'!M274/1000 -> 2.049 | D275: ='BC.115+260'!AA274 -> 2.473 | E275: ='BC.115+260'!AB274 -> 2.018 | F275: =VLOOKUP($A275,'BC.115+260'!$B$13:$X$489,8,0)/1000 -> 2.553 | G275: =VLOOKUP($A275,'BC.115+260'!$B$13:$X$489,9,0)/1000 -> -0.447 | H275: =VLOOKUP($A275,'BC.115+260'!$B$13:$X$489,14,0)/1000 -> 2.529 | I275: =VLOOKUP($A275,'BC.115+260'!$B$13:$X$489,15,0)/1000 -> -0.471 | J275: =VLOOKUP($A275,'BC.115+260'!$B$13:$X$489,20,0)/1000 -> 2.541 | K275: =VLOOKUP($A275,'BC.115+260'!$B$13:$X$489,21,0)/1000 -> -0.459 | L275: =(G275-$G$14)*1000 -> -247 | M275: =(I275-$I$14)*1000 -> -251 | N275: =(K275-$K$14)*1000 -> -209
A276: ='BC.115+260'!B275 -> 45513 | B276: =+B275+1 -> 262 | C276: ='BC.115+260'!M275/1000 -> 2.049 | D276: ='BC.115+260'!AA275 -> 2.473 | E276: ='BC.115+260'!AB275 -> 2.018 | F276: =VLOOKUP($A276,'BC.115+260'!$B$13:$X$489,8,0)/1000 -> 2.553 | G276: =VLOOKUP($A276,'BC.115+260'!$B$13:$X$489,9,0)/1000 -> -0.447 | H276: =VLOOKUP($A276,'BC.115+260'!$B$13:$X$489,14,0)/1000 -> 2.529 | I276: =VLOOKUP($A276,'BC.115+260'!$B$13:$X$489,15,0)/1000 -> -0.471 | J276: =VLOOKUP($A276,'BC.115+260'!$B$13:$X$489,20,0)/1000 -> 2.541 | K276: =VLOOKUP($A276,'BC.115+260'!$B$13:$X$489,21,0)/1000 -> -0.459 | L276: =(G276-$G$14)*1000 -> -247 | M276: =(I276-$I$14)*1000 -> -251 | N276: =(K276-$K$14)*1000 -> -209
A277: ='BC.115+260'!B276 -> 45514 | B277: =+B276+1 -> 263 | C277: ='BC.115+260'!M276/1000 -> 2.049 | D277: ='BC.115+260'!AA276 -> 2.473 | E277: ='BC.115+260'!AB276 -> 2.018 | F277: =VLOOKUP($A277,'BC.115+260'!$B$13:$X$489,8,0)/1000 -> 2.553 | G277: =VLOOKUP($A277,'BC.115+260'!$B$13:$X$489,9,0)/1000 -> -0.447 | H277: =VLOOKUP($A277,'BC.115+260'!$B$13:$X$489,14,0)/1000 -> 2.529 | I277: =VLOOKUP($A277,'BC.115+260'!$B$13:$X$489,15,0)/1000 -> -0.471 | J277: =VLOOKUP($A277,'BC.115+260'!$B$13:$X$489,20,0)/1000 -> 2.541 | K277: =VLOOKUP($A277,'BC.115+260'!$B$13:$X$489,21,0)/1000 -> -0.459 | L277: =(G277-$G$14)*1000 -> -247 | M277: =(I277-$I$14)*1000 -> -251 | N277: =(K277-$K$14)*1000 -> -209
A278: ='BC.115+260'!B277 -> 45515 | B278: =+B277+1 -> 264 | C278: ='BC.115+260'!M277/1000 -> 2.049 | D278: ='BC.115+260'!AA277 -> 2.473 | E278: ='BC.115+260'!AB277 -> 2.018 | F278: =VLOOKUP($A278,'BC.115+260'!$B$13:$X$489,8,0)/1000 -> 2.553 | G278: =VLOOKUP($A278,'BC.115+260'!$B$13:$X$489,9,0)/1000 -> -0.447 | H278: =VLOOKUP($A278,'BC.115+260'!$B$13:$X$489,14,0)/1000 -> 2.529 | I278: =VLOOKUP($A278,'BC.115+260'!$B$13:$X$489,15,0)/1000 -> -0.471 | J278: =VLOOKUP($A278,'BC.115+260'!$B$13:$X$489,20,0)/1000 -> 2.541 | K278: =VLOOKUP($A278,'BC.115+260'!$B$13:$X$489,21,0)/1000 -> -0.459 | L278: =(G278-$G$14)*1000 -> -247 | M278: =(I278-$I$14)*1000 -> -251 | N278: =(K278-$K$14)*1000 -> -209
A279: ='BC.115+260'!B278 -> 45516 | B279: =+B278+1 -> 265 | C279: ='BC.115+260'!M278/1000 -> 2.049 | D279: ='BC.115+260'!AA278 -> 2.473 | E279: ='BC.115+260'!AB278 -> 2.018 | F279: =VLOOKUP($A279,'BC.115+260'!$B$13:$X$489,8,0)/1000 -> 2.553 | G279: =VLOOKUP($A279,'BC.115+260'!$B$13:$X$489,9,0)/1000 -> -0.447 | H279: =VLOOKUP($A279,'BC.115+260'!$B$13:$X$489,14,0)/1000 -> 2.529 | I279: =VLOOKUP($A279,'BC.115+260'!$B$13:$X$489,15,0)/1000 -> -0.471 | J279: =VLOOKUP($A279,'BC.115+260'!$B$13:$X$489,20,0)/1000 -> 2.541 | K279: =VLOOKUP($A279,'BC.115+260'!$B$13:$X$489,21,0)/1000 -> -0.459 | L279: =(G279-$G$14)*1000 -> -247 | M279: =(I279-$I$14)*1000 -> -251 | N279: =(K279-$K$14)*1000 -> -209
A280: ='BC.115+260'!B279 -> 45517 | B280: =+B279+1 -> 266 | C280: ='BC.115+260'!M279/1000 -> 2.049 | D280: ='BC.115+260'!AA279 -> 2.473 | E280: ='BC.115+260'!AB279 -> 2.018 | F280: =VLOOKUP($A280,'BC.115+260'!$B$13:$X$489,8,0)/1000 -> 2.553 | G280: =VLOOKUP($A280,'BC.115+260'!$B$13:$X$489,9,0)/1000 -> -0.447 | H280: =VLOOKUP($A280,'BC.115+260'!$B$13:$X$489,14,0)/1000 -> 2.529 | I280: =VLOOKUP($A280,'BC.115+260'!$B$13:$X$489,15,0)/1000 -> -0.471 | J280: =VLOOKUP($A280,'BC.115+260'!$B$13:$X$489,20,0)/1000 -> 2.541 | K280: =VLOOKUP($A280,'BC.115+260'!$B$13:$X$489,21,0)/1000 -> -0.459 | L280: =(G280-$G$14)*1000 -> -247 | M280: =(I280-$I$14)*1000 -> -251 | N280: =(K280-$K$14)*1000 -> -209
A281: ='BC.115+260'!B280 -> 45518 | B281: =+B280+1 -> 267 | C281: ='BC.115+260'!M280/1000 -> 2.049 | D281: ='BC.115+260'!AA280 -> 2.473 | E281: ='BC.115+260'!AB280 -> 2.018 | F281: =VLOOKUP($A281,'BC.115+260'!$B$13:$X$489,8,0)/1000 -> 2.553 | G281: =VLOOKUP($A281,'BC.115+260'!$B$13:$X$489,9,0)/1000 -> -0.447 | H281: =VLOOKUP($A281,'BC.115+260'!$B$13:$X$489,14,0)/1000 -> 2.529 | I281: =VLOOKUP($A281,'BC.115+260'!$B$13:$X$489,15,0)/1000 -> -0.471 | J281: =VLOOKUP($A281,'BC.115+260'!$B$13:$X$489,20,0)/1000 -> 2.541 | K281: =VLOOKUP($A281,'BC.115+260'!$B$13:$X$489,21,0)/1000 -> -0.459 | L281: =(G281-$G$14)*1000 -> -247 | M281: =(I281-$I$14)*1000 -> -251 | N281: =(K281-$K$14)*1000 -> -209
A282: ='BC.115+260'!B281 -> 45519 | B282: =+B281+1 -> 268 | C282: ='BC.115+260'!M281/1000 -> 2.049 | D282: ='BC.115+260'!AA281 -> 2.473 | E282: ='BC.115+260'!AB281 -> 2.018 | F282: =VLOOKUP($A282,'BC.115+260'!$B$13:$X$489,8,0)/1000 -> 2.553 | G282: =VLOOKUP($A282,'BC.115+260'!$B$13:$X$489,9,0)/1000 -> -0.447 | H282: =VLOOKUP($A282,'BC.115+260'!$B$13:$X$489,14,0)/1000 -> 2.529 | I282: =VLOOKUP($A282,'BC.115+260'!$B$13:$X$489,15,0)/1000 -> -0.471 | J282: =VLOOKUP($A282,'BC.115+260'!$B$13:$X$489,20,0)/1000 -> 2.541 | K282: =VLOOKUP($A282,'BC.115+260'!$B$13:$X$489,21,0)/1000 -> -0.459 | L282: =(G282-$G$14)*1000 -> -247 | M282: =(I282-$I$14)*1000 -> -251 | N282: =(K282-$K$14)*1000 -> -209
A283: ='BC.115+260'!B282 -> 45520 | B283: =+B282+1 -> 269 | C283: ='BC.115+260'!M282/1000 -> 2.049 | D283: ='BC.115+260'!AA282 -> 2.473 | E283: ='BC.115+260'!AB282 -> 2.018 | F283: =VLOOKUP($A283,'BC.115+260'!$B$13:$X$489,8,0)/1000 -> 2.553 | G283: =VLOOKUP($A283,'BC.115+260'!$B$13:$X$489,9,0)/1000 -> -0.447 | H283: =VLOOKUP($A283,'BC.115+260'!$B$13:$X$489,14,0)/1000 -> 2.529 | I283: =VLOOKUP($A283,'BC.115+260'!$B$13:$X$489,15,0)/1000 -> -0.471 | J283: =VLOOKUP($A283,'BC.115+260'!$B$13:$X$489,20,0)/1000 -> 2.541 | K283: =VLOOKUP($A283,'BC.115+260'!$B$13:$X$489,21,0)/1000 -> -0.459 | L283: =(G283-$G$14)*1000 -> -247 | M283: =(I283-$I$14)*1000 -> -251 | N283: =(K283-$K$14)*1000 -> -209
A284: ='BC.115+260'!B283 -> 45521 | B284: =+B283+1 -> 270 | C284: ='BC.115+260'!M283/1000 -> 2.049 | D284: ='BC.115+260'!AA283 -> 2.473 | E284: ='BC.115+260'!AB283 -> 2.018 | F284: =VLOOKUP($A284,'BC.115+260'!$B$13:$X$489,8,0)/1000 -> 2.553 | G284: =VLOOKUP($A284,'BC.115+260'!$B$13:$X$489,9,0)/1000 -> -0.447 | H284: =VLOOKUP($A284,'BC.115+260'!$B$13:$X$489,14,0)/1000 -> 2.529 | I284: =VLOOKUP($A284,'BC.115+260'!$B$13:$X$489,15,0)/1000 -> -0.471 | J284: =VLOOKUP($A284,'BC.115+260'!$B$13:$X$489,20,0)/1000 -> 2.541 | K284: =VLOOKUP($A284,'BC.115+260'!$B$13:$X$489,21,0)/1000 -> -0.459 | L284: =(G284-$G$14)*1000 -> -247 | M284: =(I284-$I$14)*1000 -> -251 | N284: =(K284-$K$14)*1000 -> -209
A285: ='BC.115+260'!B284 -> 45522 | B285: =+B284+1 -> 271 | C285: ='BC.115+260'!M284/1000 -> 2.049 | D285: ='BC.115+260'!AA284 -> 2.473 | E285: ='BC.115+260'!AB284 -> 2.018 | F285: =VLOOKUP($A285,'BC.115+260'!$B$13:$X$489,8,0)/1000 -> 2.553 | G285: =VLOOKUP($A285,'BC.115+260'!$B$13:$X$489,9,0)/1000 -> -0.447 | H285: =VLOOKUP($A285,'BC.115+260'!$B$13:$X$489,14,0)/1000 -> 2.529 | I285: =VLOOKUP($A285,'BC.115+260'!$B$13:$X$489,15,0)/1000 -> -0.471 | J285: =VLOOKUP($A285,'BC.115+260'!$B$13:$X$489,20,0)/1000 -> 2.541 | K285: =VLOOKUP($A285,'BC.115+260'!$B$13:$X$489,21,0)/1000 -> -0.459 | L285: =(G285-$G$14)*1000 -> -247 | M285: =(I285-$I$14)*1000 -> -251 | N285: =(K285-$K$14)*1000 -> -209
... A489: ='BC.115+260'!B488 -> 45726 | B489: =+B488+1 -> 475 | C489: ='BC.115+260'!M488/1000 -> 2.958 | D489: ='BC.115+260'!AA488 -> 3.913 | E489: ='BC.115+260'!AB488 -> 2.346 | F489: =VLOOKUP($A489,'BC.115+260'!$B$13:$X$489,8,0)/1000 -> 2.133 | G489: =VLOOKUP($A489,'BC.115+260'!$B$13:$X$489,9,0)/1000 -> -0.867 | H489: =VLOOKUP($A489,'BC.115+260'!$B$13:$X$489,14,0)/1000 -> 1.948 | I489: =VLOOKUP($A489,'BC.115+260'!$B$13:$X$489,15,0)/1000 -> -1.052 | J489: =VLOOKUP($A489,'BC.115+260'!$B$13:$X$489,20,0)/1000 -> 2.006 | K489: =VLOOKUP($A489,'BC.115+260'!$B$13:$X$489,21,0)/1000 -> -0.994 | L489: =(G489-$G$14)*1000 -> -667 | M489: =(I489-$I$14)*1000 -> -832 | N489: =(K489-$K$14)*1000 -> -744
A490: ='BC.115+260'!B489 -> 45727 | B490: =+B489+1 -> 476 | C490: ='BC.115+260'!M489/1000 -> 2.955 | D490: ='BC.115+260'!AA489 -> 3.913 | E490: ='BC.115+260'!AB489 -> 2.34 | F490: =VLOOKUP($A490,'BC.115+260'!$B$13:$X$4809,8,0)/1000 -> 2.13 | G490: =VLOOKUP($A490,'BC.115+260'!$B$13:$X$4809,9,0)/1000 -> -0.87 | H490: =VLOOKUP($A490,'BC.115+260'!$B$13:$X$4089,14,0)/1000 -> 1.945 | I490: =VLOOKUP($A490,'BC.115+260'!$B$13:$X$4089,15,0)/1000 -> -1.055 | J490: =VLOOKUP($A490,'BC.115+260'!$B$13:$X$4089,20,0)/1000 -> 1.999 | K490: =VLOOKUP($A490,'BC.115+260'!$B$13:$X$4089,21,0)/1000 -> -1.001 | L490: =(G490-$G$14)*1000 -> -670 | M490: =(I490-$I$14)*1000 -> -835 | N490: =(K490-$K$14)*1000 -> -751
A491: ='BC.115+260'!B490 -> 45728 | B491: =+B490+1 -> 477 | C491: ='BC.115+260'!M490/1000 -> 2.948 | D491: ='BC.115+260'!AA490 -> 3.913 | E491: ='BC.115+260'!AB490 -> 2.326 | F491: =VLOOKUP($A491,'BC.115+260'!$B$13:$X$4809,8,0)/1000 -> 2.128 | G491: =VLOOKUP($A491,'BC.115+260'!$B$13:$X$4809,9,0)/1000 -> -0.872 | H491: =VLOOKUP($A491,'BC.115+260'!$B$13:$X$4089,14,0)/1000 -> 1.938 | I491: =VLOOKUP($A491,'BC.115+260'!$B$13:$X$4089,15,0)/1000 -> -1.062 | J491: =VLOOKUP($A491,'BC.115+260'!$B$13:$X$4089,20,0)/1000 -> 1.994 | K491: =VLOOKUP($A491,'BC.115+260'!$B$13:$X$4089,21,0)/1000 -> -1.006 | L491: =(G491-$G$14)*1000 -> -672 | M491: =(I491-$I$14)*1000 -> -842 | N491: =(K491-$K$14)*1000 -> -756
A492: ='BC.115+260'!B491 -> 45729 | B492: =+B491+1 -> 478 | C492: ='BC.115+260'!M491/1000 -> 2.943 | D492: ='BC.115+260'!AA491 -> 3.913 | E492: ='BC.115+260'!AB491 -> 2.316 | F492: =VLOOKUP($A492,'BC.115+260'!$B$13:$X$4809,8,0)/1000 -> 2.126 | G492: =VLOOKUP($A492,'BC.115+260'!$B$13:$X$4809,9,0)/1000 -> -0.874 | H492: =VLOOKUP($A492,'BC.115+260'!$B$13:$X$4089,14,0)/1000 -> 1.933 | I492: =VLOOKUP($A492,'BC.115+260'!$B$13:$X$4089,15,0)/1000 -> -1.067 | J492: =VLOOKUP($A492,'BC.115+260'!$B$13:$X$4089,20,0)/1000 -> 1.989 | K492: =VLOOKUP($A492,'BC.115+260'!$B$13:$X$4089,21,0)/1000 -> -1.011 | L492: =(G492-$G$14)*1000 -> -674 | M492: =(I492-$I$14)*1000 -> -847 | N492: =(K492-$K$14)*1000 -> -761
A493: ='BC.115+260'!B492 -> 45730 | B493: =+B492+1 -> 479 | C493: ='BC.115+260'!M492/1000 -> 2.935 | D493: ='BC.115+260'!AA492 -> 3.913 | E493: ='BC.115+260'!AB492 -> 2.3 | F493: =VLOOKUP($A493,'BC.115+260'!$B$13:$X$4809,8,0)/1000 -> 2.124 | G493: =VLOOKUP($A493,'BC.115+260'!$B$13:$X$4809,9,0)/1000 -> -0.876 | H493: =VLOOKUP($A493,'BC.115+260'!$B$13:$X$4089,14,0)/1000 -> 1.925 | I493: =VLOOKUP($A493,'BC.115+260'!$B$13:$X$4089,15,0)/1000 -> -1.075 | J493: =VLOOKUP($A493,'BC.115+260'!$B$13:$X$4089,20,0)/1000 -> 1.986 | K493: =VLOOKUP($A493,'BC.115+260'!$B$13:$X$4089,21,0)/1000 -> -1.014 | L493: =(G493-$G$14)*1000 -> -676 | M493: =(I493-$I$14)*1000 -> -855 | N493: =(K493-$K$14)*1000 -> -764
A494: ='BC.115+260'!B493 -> 45731 | B494: =+B493+1 -> 480 | C494: ='BC.115+260'!M493/1000 -> 2.926 | D494: ='BC.115+260'!AA493 -> 3.913 | E494: ='BC.115+260'!AB493 -> 2.282 | F494: =VLOOKUP($A494,'BC.115+260'!$B$13:$X$4809,8,0)/1000 -> 2.122 | G494: =VLOOKUP($A494,'BC.115+260'!$B$13:$X$4809,9,0)/1000 -> -0.878 | H494: =VLOOKUP($A494,'BC.115+260'!$B$13:$X$4089,14,0)/1000 -> 1.916 | I494: =VLOOKUP($A494,'BC.115+260'!$B$13:$X$4089,15,0)/1000 -> -1.084 | J494: =VLOOKUP($A494,'BC.115+260'!$B$13:$X$4089,20,0)/1000 -> 1.984 | K494: =VLOOKUP($A494,'BC.115+260'!$B$13:$X$4089,21,0)/1000 -> -1.016 | L494: =(G494-$G$14)*1000 -> -678 | M494: =(I494-$I$14)*1000 -> -864 | N494: =(K494-$K$14)*1000 -> -766
A495: ='BC.115+260'!B494 -> 45732 | B495: =+B494+1 -> 481 | C495: ='BC.115+260'!M494/1000 -> 2.92 | D495: ='BC.115+260'!AA494 -> 3.913 | E495: ='BC.115+260'!AB494 -> 2.27 | F495: =VLOOKUP($A495,'BC.115+260'!$B$13:$X$4809,8,0)/1000 -> 2.119 | G495: =VLOOKUP($A495,'BC.115+260'!$B$13:$X$4809,9,0)/1000 -> -0.881 | H495: =VLOOKUP($A495,'BC.115+260'!$B$13:$X$4089,14,0)/1000 -> 1.91 | I495: =VLOOKUP($A495,'BC.115+260'!$B$13:$X$4089,15,0)/1000 -> -1.09 | J495: =VLOOKUP($A495,'BC.115+260'!$B$13:$X$4089,20,0)/1000 -> 1.98 | K495: =VLOOKUP($A495,'BC.115+260'!$B$13:$X$4089,21,0)/1000 -> -1.02 | L495: =(G495-$G$14)*1000 -> -681 | M495: =(I495-$I$14)*1000 -> -870 | N495: =(K495-$K$14)*1000 -> -770
A496: ='BC.115+260'!B495 -> 45733 | B496: =+B495+1 -> 482 | C496: ='BC.115+260'!M495/1000 -> 2.916 | D496: ='BC.115+260'!AA495 -> 3.913 | E496: ='BC.115+260'!AB495 -> 2.262 | F496: =VLOOKUP($A496,'BC.115+260'!$B$13:$X$4809,8,0)/1000 -> 2.117 | G496: =VLOOKUP($A496,'BC.115+260'!$B$13:$X$4809,9,0)/1000 -> -0.883 | H496: =VLOOKUP($A496,'BC.115+260'!$B$13:$X$4089,14,0)/1000 -> 1.906 | I496: =VLOOKUP($A496,'BC.115+260'!$B$13:$X$4089,15,0)/1000 -> -1.094 | J496: =VLOOKUP($A496,'BC.115+260'!$B$13:$X$4089,20,0)/1000 -> 1.975 | K496: =VLOOKUP($A496,'BC.115+260'!$B$13:$X$4089,21,0)/1000 -> -1.025 | L496: =(G496-$G$14)*1000 -> -683 | M496: =(I496-$I$14)*1000 -> -874 | N496: =(K496-$K$14)*1000 -> -775
A497: ='BC.115+260'!B496 -> 45734 | B497: =+B496+1 -> 483 | C497: ='BC.115+260'!M496/1000 -> 2.913 | D497: ='BC.115+260'!AA496 -> 3.913 | E497: ='BC.115+260'!AB496 -> 2.256 | F497: =VLOOKUP($A497,'BC.115+260'!$B$13:$X$4809,8,0)/1000 -> 2.114 | G497: =VLOOKUP($A497,'BC.115+260'!$B$13:$X$4809,9,0)/1000 -> -0.886 | H497: =VLOOKUP($A497,'BC.115+260'!$B$13:$X$4089,14,0)/1000 -> 1.903 | I497: =VLOOKUP($A497,'BC.115+260'!$B$13:$X$4089,15,0)/1000 -> -1.097 | J497: =VLOOKUP($A497,'BC.115+260'!$B$13:$X$4089,20,0)/1000 -> 1.969 | K497: =VLOOKUP($A497,'BC.115+260'!$B$13:$X$4089,21,0)/1000 -> -1.031 | L497: =(G497-$G$14)*1000 -> -686 | M497: =(I497-$I$14)*1000 -> -877 | N497: =(K497-$K$14)*1000 -> -781
A498: ='BC.115+260'!B497 -> 45735 | B498: =+B497+1 -> 484 | C498: ='BC.115+260'!M497/1000 -> 2.908 | D498: ='BC.115+260'!AA497 -> 3.913 | E498: ='BC.115+260'!AB497 -> 2.246 | F498: =VLOOKUP($A498,'BC.115+260'!$B$13:$X$4809,8,0)/1000 -> 2.112 | G498: =VLOOKUP($A498,'BC.115+260'!$B$13:$X$4809,9,0)/1000 -> -0.888 | H498: =VLOOKUP($A498,'BC.115+260'!$B$13:$X$4089,14,0)/1000 -> 1.898 | I498: =VLOOKUP($A498,'BC.115+260'!$B$13:$X$4089,15,0)/1000 -> -1.102 | J498: =VLOOKUP($A498,'BC.115+260'!$B$13:$X$4089,20,0)/1000 -> 1.964 | K498: =VLOOKUP($A498,'BC.115+260'!$B$13:$X$4089,21,0)/1000 -> -1.036 | L498: =(G498-$G$14)*1000 -> -688 | M498: =(I498-$I$14)*1000 -> -882 | N498: =(K498-$K$14)*1000 -> -786
A499: ='BC.115+260'!B498 -> 45736 | B499: =+B498+1 -> 485 | C499: ='BC.115+260'!M498/1000 -> 2.903 | D499: ='BC.115+260'!AA498 -> 3.913 | E499: ='BC.115+260'!AB498 -> 2.236 | F499: =VLOOKUP($A499,'BC.115+260'!$B$13:$X$4809,8,0)/1000 -> 2.111 | G499: =VLOOKUP($A499,'BC.115+260'!$B$13:$X$4809,9,0)/1000 -> -0.889 | H499: =VLOOKUP($A499,'BC.115+260'!$B$13:$X$4089,14,0)/1000 -> 1.893 | I499: =VLOOKUP($A499,'BC.115+260'!$B$13:$X$4089,15,0)/1000 -> -1.107 | J499: =VLOOKUP($A499,'BC.115+260'!$B$13:$X$4089,20,0)/1000 -> 1.96 | K499: =VLOOKUP($A499,'BC.115+260'!$B$13:$X$4089,21,0)/1000 -> -1.04 | L499: =(G499-$G$14)*1000 -> -689 | M499: =(I499-$I$14)*1000 -> -887 | N499: =(K499-$K$14)*1000 -> -790
A500: ='BC.115+260'!B499 -> 45737 | B500: =+B499+1 -> 486 | C500: ='BC.115+260'!M499/1000 -> 2.893 | D500: ='BC.115+260'!AA499 -> 3.913 | E500: ='BC.115+260'!AB499 -> 2.216 | F500: =VLOOKUP($A500,'BC.115+260'!$B$13:$X$4809,8,0)/1000 -> 2.111 | G500: =VLOOKUP($A500,'BC.115+260'!$B$13:$X$4809,9,0)/1000 -> -0.889 | H500: =VLOOKUP($A500,'BC.115+260'!$B$13:$X$4089,14,0)/1000 -> 1.883 | I500: =VLOOKUP($A500,'BC.115+260'!$B$13:$X$4089,15,0)/1000 -> -1.117 | J500: =VLOOKUP($A500,'BC.115+260'!$B$13:$X$4089,20,0)/1000 -> 1.957 | K500: =VLOOKUP($A500,'BC.115+260'!$B$13:$X$4089,21,0)/1000 -> -1.043 | L500: =(G500-$G$14)*1000 -> -689 | M500: =(I500-$I$14)*1000 -> -897 | N500: =(K500-$K$14)*1000 -> -793
A501: ='BC.115+260'!B500 -> 45738 | B501: =+B500+1 -> 487 | C501: ='BC.115+260'!M500/1000 -> 3.186 | D501: ='BC.115+260'!AA500 -> 4.209 | E501: ='BC.115+260'!AB500 -> 2.502 | F501: =VLOOKUP($A501,'BC.115+260'!$B$13:$X$4809,8,0)/1000 -> 2.111 | G501: =VLOOKUP($A501,'BC.115+260'!$B$13:$X$4809,9,0)/1000 -> -0.889 | H501: =VLOOKUP($A501,'BC.115+260'!$B$13:$X$4089,14,0)/1000 -> 1.876 | I501: =VLOOKUP($A501,'BC.115+260'!$B$13:$X$4089,15,0)/1000 -> -1.124 | J501: =VLOOKUP($A501,'BC.115+260'!$B$13:$X$4089,20,0)/1000 -> 1.953 | K501: =VLOOKUP($A501,'BC.115+260'!$B$13:$X$4089,21,0)/1000 -> -1.047 | L501: =(G501-$G$14)*1000 -> -689 | M501: =(I501-$I$14)*1000 -> -904 | N501: =(K501-$K$14)*1000 -> -797
... A519: ='BC.115+260'!B518 -> 45756 | B519: =+B518+1 -> 505 | C519: ='BC.115+260'!M518/1000 -> 4.522 | D519: ='BC.115+260'!AA518 -> 5.688 | E519: ='BC.115+260'!AB518 -> 3.674 | F519: =VLOOKUP($A519,'BC.115+260'!$B$13:$X$4809,8,0)/1000 -> 1.992 | G519: =VLOOKUP($A519,'BC.115+260'!$B$13:$X$4809,9,0)/1000 -> -1.008 | H519: =VLOOKUP($A519,'BC.115+260'!$B$13:$X$4089,14,0)/1000 -> 1.712 | I519: =VLOOKUP($A519,'BC.115+260'!$B$13:$X$4089,15,0)/1000 -> -1.288 | J519: =VLOOKUP($A519,'BC.115+260'!$B$13:$X$4089,20,0)/1000 -> 1.87 | K519: =VLOOKUP($A519,'BC.115+260'!$B$13:$X$4089,21,0)/1000 -> -1.13 | L519: =(G519-$G$14)*1000 -> -808 | M519: =(I519-$I$14)*1000 -> -1068 | N519: =(K519-$K$14)*1000 -> -880
A520: ='BC.115+260'!B519 -> 45757 | B520: =+B519+1 -> 506 | C520: ='BC.115+260'!M519/1000 -> 4.812 | D520: ='BC.115+260'!AA519 -> 5.98 | E520: ='BC.115+260'!AB519 -> 3.954 | F520: =VLOOKUP($A520,'BC.115+260'!$B$13:$X$4809,8,0)/1000 -> 1.982 | G520: =VLOOKUP($A520,'BC.115+260'!$B$13:$X$4809,9,0)/1000 -> -1.018 | H520: =VLOOKUP($A520,'BC.115+260'!$B$13:$X$4089,14,0)/1000 -> 1.702 | I520: =VLOOKUP($A520,'BC.115+260'!$B$13:$X$4089,15,0)/1000 -> -1.298 | J520: =VLOOKUP($A520,'BC.115+260'!$B$13:$X$4089,20,0)/1000 -> 1.862 | K520: =VLOOKUP($A520,'BC.115+260'!$B$13:$X$4089,21,0)/1000 -> -1.138 | L520: =(G520-$G$14)*1000 -> -818 | M520: =(I520-$I$14)*1000 -> -1078 | N520: =(K520-$K$14)*1000 -> -888 | O520: K.Thúc GT | P520: =C520-M520/1000 -> 5.89
A521: ='BC.115+260'!B520 -> 45760 | B521: =+B520+1 -> 507 | C521: ='BC.115+260'!M520/1000 -> 4.782 | D521: ='BC.115+260'!AA520 -> 5.98 | E521: ='BC.115+260'!AB520 -> 3.894 | F521: =VLOOKUP($A521,'BC.115+260'!$B$13:$X$4809,8,0)/1000 -> 1.955 | G521: =VLOOKUP($A521,'BC.115+260'!$B$13:$X$4809,9,0)/1000 -> -1.045 | H521: =VLOOKUP($A521,'BC.115+260'!$B$13:$X$4089,14,0)/1000 -> 1.672 | I521: =VLOOKUP($A521,'BC.115+260'!$B$13:$X$4089,15,0)/1000 -> -1.328 | J521: =VLOOKUP($A521,'BC.115+260'!$B$13:$X$4089,20,0)/1000 -> 1.838 | K521: =VLOOKUP($A521,'BC.115+260'!$B$13:$X$4089,21,0)/1000 -> -1.162 | L521: =(G521-$G$14)*1000 -> -845 | M521: =(I521-$I$14)*1000 -> -1108 | N521: =(K521-$K$14)*1000 -> -912
A522: ='BC.115+260'!B521 -> 45764 | B522: =+B521+1 -> 508 | C522: ='BC.115+260'!M521/1000 -> 4.746 | D522: ='BC.115+260'!AA521 -> 5.98 | E522: ='BC.115+260'!AB521 -> 3.822 | F522: =VLOOKUP($A522,'BC.115+260'!$B$13:$X$4809,8,0)/1000 -> 1.925 | G522: =VLOOKUP($A522,'BC.115+260'!$B$13:$X$4809,9,0)/1000 -> -1.075 | H522: =VLOOKUP($A522,'BC.115+260'!$B$13:$X$4089,14,0)/1000 -> 1.636 | I522: =VLOOKUP($A522,'BC.115+260'!$B$13:$X$4089,15,0)/1000 -> -1.364 | J522: =VLOOKUP($A522,'BC.115+260'!$B$13:$X$4089,20,0)/1000 -> 1.805 | K522: =VLOOKUP($A522,'BC.115+260'!$B$13:$X$4089,21,0)/1000 -> -1.195 | L522: =(G522-$G$14)*1000 -> -875 | M522: =(I522-$I$14)*1000 -> -1144 | N522: =(K522-$K$14)*1000 -> -945
A523: ='BC.115+260'!B522 -> 45767 | B523: =+B522+1 -> 509 | C523: ='BC.115+260'!M522/1000 -> 4.72 | D523: ='BC.115+260'!AA522 -> 5.98 | E523: ='BC.115+260'!AB522 -> 3.77 | F523: =VLOOKUP($A523,'BC.115+260'!$B$13:$X$4809,8,0)/1000 -> 1.901 | G523: =VLOOKUP($A523,'BC.115+260'!$B$13:$X$4809,9,0)/1000 -> -1.099 | H523: =VLOOKUP($A523,'BC.115+260'!$B$13:$X$4089,14,0)/1000 -> 1.61 | I523: =VLOOKUP($A523,'BC.115+260'!$B$13:$X$4089,15,0)/1000 -> -1.39 | J523: =VLOOKUP($A523,'BC.115+260'!$B$13:$X$4089,20,0)/1000 -> 1.785 | K523: =VLOOKUP($A523,'BC.115+260'!$B$13:$X$4089,21,0)/1000 -> -1.215 | L523: =(G523-$G$14)*1000 -> -899 | M523: =(I523-$I$14)*1000 -> -1170 | N523: =(K523-$K$14)*1000 -> -965
A524: ='BC.115+260'!B523 -> 45771 | B524: =+B523+1 -> 510 | C524: ='BC.115+260'!M523/1000 -> 4.69 | D524: ='BC.115+260'!AA523 -> 5.98 | E524: ='BC.115+260'!AB523 -> 3.71 | F524: =VLOOKUP($A524,'BC.115+260'!$B$13:$X$4809,8,0)/1000 -> 1.875 | G524: =VLOOKUP($A524,'BC.115+260'!$B$13:$X$4809,9,0)/1000 -> -1.125 | H524: =VLOOKUP($A524,'BC.115+260'!$B$13:$X$4089,14,0)/1000 -> 1.58 | I524: =VLOOKUP($A524,'BC.115+260'!$B$13:$X$4089,15,0)/1000 -> -1.42 | J524: =VLOOKUP($A524,'BC.115+260'!$B$13:$X$4089,20,0)/1000 -> 1.755 | K524: =VLOOKUP($A524,'BC.115+260'!$B$13:$X$4089,21,0)/1000 -> -1.245 | L524: =(G524-$G$14)*1000 -> -925 | M524: =(I524-$I$14)*1000 -> -1200 | N524: =(K524-$K$14)*1000 -> -995
A525: ='BC.115+260'!B524 -> 45774 | B525: =+B524+1 -> 511 | C525: ='BC.115+260'!M524/1000 -> 4.67 | D525: ='BC.115+260'!AA524 -> 5.98 | E525: ='BC.115+260'!AB524 -> 3.67 | F525: =VLOOKUP($A525,'BC.115+260'!$B$13:$X$4809,8,0)/1000 -> 1.853 | G525: =VLOOKUP($A525,'BC.115+260'!$B$13:$X$4809,9,0)/1000 -> -1.147 | H525: =VLOOKUP($A525,'BC.115+260'!$B$13:$X$4089,14,0)/1000 -> 1.56 | I525: =VLOOKUP($A525,'BC.115+260'!$B$13:$X$4089,15,0)/1000 -> -1.44 | J525: =VLOOKUP($A525,'BC.115+260'!$B$13:$X$4089,20,0)/1000 -> 1.737 | K525: =VLOOKUP($A525,'BC.115+260'!$B$13:$X$4089,21,0)/1000 -> -1.263 | L525: =(G525-$G$14)*1000 -> -947 | M525: =(I525-$I$14)*1000 -> -1220 | N525: =(K525-$K$14)*1000 -> -1013
A526: ='BC.115+260'!B525 -> 45778 | B526: =+B525+1 -> 512 | C526: ='BC.115+260'!M525/1000 -> 4.642 | D526: ='BC.115+260'!AA525 -> 5.98 | E526: ='BC.115+260'!AB525 -> 3.614 | F526: =VLOOKUP($A526,'BC.115+260'!$B$13:$X$4809,8,0)/1000 -> 1.827 | G526: =VLOOKUP($A526,'BC.115+260'!$B$13:$X$4809,9,0)/1000 -> -1.173 | H526: =VLOOKUP($A526,'BC.115+260'!$B$13:$X$4089,14,0)/1000 -> 1.532 | I526: =VLOOKUP($A526,'BC.115+260'!$B$13:$X$4089,15,0)/1000 -> -1.468 | J526: =VLOOKUP($A526,'BC.115+260'!$B$13:$X$4089,20,0)/1000 -> 1.711 | K526: =VLOOKUP($A526,'BC.115+260'!$B$13:$X$4089,21,0)/1000 -> -1.289 | L526: =(G526-$G$14)*1000 -> -973 | M526: =(I526-$I$14)*1000 -> -1248 | N526: =(K526-$K$14)*1000 -> -1039
A527: ='BC.115+260'!B526 -> 45781 | B527: =+B526+1 -> 513 | C527: ='BC.115+260'!M526/1000 -> 4.626 | D527: ='BC.115+260'!AA526 -> 5.98 | E527: ='BC.115+260'!AB526 -> 3.582 | F527: =VLOOKUP($A527,'BC.115+260'!$B$13:$X$4809,8,0)/1000 -> 1.809 | G527: =VLOOKUP($A527,'BC.115+260'!$B$13:$X$4809,9,0)/1000 -> -1.191 | H527: =VLOOKUP($A527,'BC.115+260'!$B$13:$X$4089,14,0)/1000 -> 1.516 | I527: =VLOOKUP($A527,'BC.115+260'!$B$13:$X$4089,15,0)/1000 -> -1.484 | J527: =VLOOKUP($A527,'BC.115+260'!$B$13:$X$4089,20,0)/1000 -> 1.692 | K527: =VLOOKUP($A527,'BC.115+260'!$B$13:$X$4089,21,0)/1000 -> -1.308 | L527: =(G527-$G$14)*1000 -> -991 | M527: =(I527-$I$14)*1000 -> -1264 | N527: =(K527-$K$14)*1000 -> -1058
A528: ='BC.115+260'!B527 -> 45785 | B528: =+B527+1 -> 514 | C528: ='BC.115+260'!M527/1000 -> 4.601 | D528: ='BC.115+260'!AA527 -> 5.98 | E528: ='BC.115+260'!AB527 -> 3.532 | F528: =VLOOKUP($A528,'BC.115+260'!$B$13:$X$4809,8,0)/1000 -> 1.789 | G528: =VLOOKUP($A528,'BC.115+260'!$B$13:$X$4809,9,0)/1000 -> -1.211 | H528: =VLOOKUP($A528,'BC.115+260'!$B$13:$X$4089,14,0)/1000 -> 1.491 | I528: =VLOOKUP($A528,'BC.115+260'!$B$13:$X$4089,15,0)/1000 -> -1.509 | J528: =VLOOKUP($A528,'BC.115+260'!$B$13:$X$4089,20,0)/1000 -> 1.667 | K528: =VLOOKUP($A528,'BC.115+260'!$B$13:$X$4089,21,0)/1000 -> -1.333 | L528: =(G528-$G$14)*1000 -> -1011 | M528: =(I528-$I$14)*1000 -> -1289 | N528: =(K528-$K$14)*1000 -> -1083
A529: ='BC.115+260'!B528 -> 45792 | B529: =+B528+1 -> 515 | C529: ='BC.115+260'!M528/1000 -> 4.566 | D529: ='BC.115+260'!AA528 -> 5.98 | E529: ='BC.115+260'!AB528 -> 3.462 | F529: =VLOOKUP($A529,'BC.115+260'!$B$13:$X$4809,8,0)/1000 -> 1.764 | G529: =VLOOKUP($A529,'BC.115+260'!$B$13:$X$4809,9,0)/1000 -> -1.236 | H529: =VLOOKUP($A529,'BC.115+260'!$B$13:$X$4089,14,0)/1000 -> 1.456 | I529: =VLOOKUP($A529,'BC.115+260'!$B$13:$X$4089,15,0)/1000 -> -1.544 | J529: =VLOOKUP($A529,'BC.115+260'!$B$13:$X$4089,20,0)/1000 -> 1.643 | K529: =VLOOKUP($A529,'BC.115+260'!$B$13:$X$4089,21,0)/1000 -> -1.357 | L529: =(G529-$G$14)*1000 -> -1036 | M529: =(I529-$I$14)*1000 -> -1324 | N529: =(K529-$K$14)*1000 -> -1107
A530: ='BC.115+260'!B529 -> 45799 | B530: =+B529+1 -> 516 | C530: ='BC.115+260'!M529/1000 -> 4.538 | D530: ='BC.115+260'!AA529 -> 5.98 | E530: ='BC.115+260'!AB529 -> 3.406 | F530: =VLOOKUP($A530,'BC.115+260'!$B$13:$X$4809,8,0)/1000 -> 1.742 | G530: =VLOOKUP($A530,'BC.115+260'!$B$13:$X$4809,9,0)/1000 -> -1.258 | H530: =VLOOKUP($A530,'BC.115+260'!$B$13:$X$4089,14,0)/1000 -> 1.428 | I530: =VLOOKUP($A530,'BC.115+260'!$B$13:$X$4089,15,0)/1000 -> -1.572 | J530: =VLOOKUP($A530,'BC.115+260'!$B$13:$X$4089,20,0)/1000 -> 1.623 | K530: =VLOOKUP($A530,'BC.115+260'!$B$13:$X$4089,21,0)/1000 -> -1.377 | L530: =(G530-$G$14)*1000 -> -1058 | M530: =(I530-$I$14)*1000 -> -1352 | N530: =(K530-$K$14)*1000 -> -1127
A531: ='BC.115+260'!B530 -> 45806 | B531: =+B530+1 -> 517 | C531: ='BC.115+260'!M530/1000 -> 4.514 | D531: ='BC.115+260'!AA530 -> 5.98 | E531: ='BC.115+260'!AB530 -> 3.358 | F531: =VLOOKUP($A531,'BC.115+260'!$B$13:$X$4809,8,0)/1000 -> 1.722 | G531: =VLOOKUP($A531,'BC.115+260'!$B$13:$X$4809,9,0)/1000 -> -1.278 | H531: =VLOOKUP($A531,'BC.115+260'!$B$13:$X$4089,14,0)/1000 -> 1.404 | I531: =VLOOKUP($A531,'BC.115+260'!$B$13:$X$4089,15,0)/1000 -> -1.596 | J531: =VLOOKUP($A531,'BC.115+260'!$B$13:$X$4089,20,0)/1000 -> 1.606 | K531: =VLOOKUP($A531,'BC.115+260'!$B$13:$X$4089,21,0)/1000 -> -1.394 | L531: =(G531-$G$14)*1000 -> -1078 | M531: =(I531-$I$14)*1000 -> -1376 | N531: =(K531-$K$14)*1000 -> -1144
A532: ='BC.115+260'!B531 -> 45813 | B532: =+B531+1 -> 518 | C532: ='BC.115+260'!M531/1000 -> 4.492 | D532: ='BC.115+260'!AA531 -> 5.98 | E532: ='BC.115+260'!AB531 -> 3.314 | F532: =VLOOKUP($A532,'BC.115+260'!$B$13:$X$4809,8,0)/1000 -> 1.704 | G532: =VLOOKUP($A532,'BC.115+260'!$B$13:$X$4809,9,0)/1000 -> -1.296 | H532: =VLOOKUP($A532,'BC.115+260'!$B$13:$X$4089,14,0)/1000 -> 1.382 | I532: =VLOOKUP($A532,'BC.115+260'!$B$13:$X$4089,15,0)/1000 -> -1.618 | J532: =VLOOKUP($A532,'BC.115+260'!$B$13:$X$4089,20,0)/1000 -> 1.589 | K532: =VLOOKUP($A532,'BC.115+260'!$B$13:$X$4089,21,0)/1000 -> -1.411 | L532: =(G532-$G$14)*1000 -> -1096 | M532: =(I532-$I$14)*1000 -> -1398 | N532: =(K532-$K$14)*1000 -> -1161
... A540: ='BC.115+260'!B539 -> 45869 | B540: =+B539+1 -> 526 | C540: ='BC.115+260'!M539/1000 -> 4.378 | D540: ='BC.115+260'!AA539 -> 5.98 | E540: ='BC.115+260'!AB539 -> 3.086 | F540: =VLOOKUP($A540,'BC.115+260'!$B$13:$X$4809,8,0)/1000 -> 1.593 | G540: =VLOOKUP($A540,'BC.115+260'!$B$13:$X$4809,9,0)/1000 -> -1.407 | H540: =VLOOKUP($A540,'BC.115+260'!$B$13:$X$4089,14,0)/1000 -> 1.268 | I540: =VLOOKUP($A540,'BC.115+260'!$B$13:$X$4089,15,0)/1000 -> -1.732 | J540: =VLOOKUP($A540,'BC.115+260'!$B$13:$X$4089,20,0)/1000 -> 1.485 | K540: =VLOOKUP($A540,'BC.115+260'!$B$13:$X$4089,21,0)/1000 -> -1.515 | L540: =(G540-$G$14)*1000 -> -1207 | M540: =(I540-$I$14)*1000 -> -1512 | N540: =(K540-$K$14)*1000 -> -1265

Sheet Sheet1
