Workbook

Sheet 114+320
B1: 1 | C1: =+B1+1 -> 2 | D1: =+C1+1 -> 3 | E1: =+D1+1 -> 4 | F1: =+E1+1 -> 5 | G1: =+F1+1 -> 6 | H1: =+G1+1 -> 7 | I1: =+H1+1 -> 8 | J1: =+I1+1 -> 9 | ... W1: =+V1+1 -> 22 | Y1: =+W1+1 -> 23 | Z1: =+Y1+1 -> 24 | AA1: =+Z1+1 -> 25 | AB1: =+AA1+1 -> 26
A2: DỰ ÁN THÀNH PHẦN ĐOẠN HẬU GIANG - CÀ MAU
A3: THUỘC DỰ ÁN XÂY DỰNG CÔNG TRÌNH ĐƯỜNG BỘ CAO TỐC BẮC - NAM PHÍA ĐÔNG GIAI ĐOẠN 2021 - 2025
A4: =UPPER("GÓI THẦU XL03 :Thi Công Xây Dựng Đoạn Tuyến Km114+200 - Km126+223 Bao Gồm Tuyến Nối Nút Giao IC12 Với QL1 (bao gồm khảo sát, thiết kế BVTC)") -> GÓI THẦU XL03 :THI CÔNG XÂY DỰNG ĐOẠN TUYẾN KM114+200 - KM126+223 BAO GỒM TUYẾN NỐI NÚT GIAO IC12 VỚI QL1 (BAO GỒM KHẢO SÁT, THIẾT KẾ BVTC)
A5: CHỦ ĐẦU TƯ | I5: TƯ VẤN GIÁM SÁT | S5: NHÀ THẦU
A6: BAN QUẢN LÝ DỰ ÁN MỸ THUẬN | I6: =UPPER("Liên danh Phân viện KHCN GTVT phía Nam - Công ty Cổ phần Tư vấn kỹ thuật và xây dựng Hồng Hà") -> LIÊN DANH PHÂN VIỆN KHCN GTVT PHÍA NAM - CÔNG TY CỔ PHẦN TƯ VẤN KỸ THUẬT VÀ XÂY DỰNG HỒNG HÀ | S6: LIÊN DANH CC1 - HẢI ĐĂNG - VẠN CƯỜNG - 492 - BẮC TRUNG NAM
A7: BIỂU GHI ĐO QUAN TRẮC LÚN
A8: Người lập: | K8: Tên mốc:
A9: Thời tiết: | C9: Nắng | K9: Cao độ mốc: | M9: =C14 -> 842
A10: Lý trình: | C10: Km114+320 | K10: Ngày đặt bàn: | M10: =B14 -> 45043
A12: Stt | B12: Ngày quan trắc | C12: Cao độ mốc (mm) | D12: Số đọc tại mốc (mm) | E12: Số đọc mia (mm) | H12: Cao độ quan trắc (mm) | K12: Chiều dài cần nối (mm) | N12: Cao độ bàn đo lún (mm) | Q12: Tốc độ lún (mm) | T12: Số đọc mia tại nền đắp tại tâm (mm) | U12: Cao độ nền đắp (mm) | X12: Chiều dày lớp đắp (m) | Y12: Đội quan trắc | Z12: Nhà thầu | AA12: Tư Vấn Giám Sát | AB12: Ghi chú
E13: Trái | F13: Giữa | G13: Phải | H13: Trái | I13: Giữa | J13: Phải | K13: Trái | L13: Giữa | M13: Phải | N13: Trái | O13: Giữa | P13: Phải | Q13: Trái | R13: Giữa | S13: Phải | U13: Trái | V13: Giữa | W13: Phải
A14: 0 | B14: 45043 | C14: 842 | D14: 1674 | E14: =C14+D14-H14 -> 696 | F14: =C14+D14-I14 -> 696 | G14: =D14+C14-J14 -> 636 | H14: =K14+N14 -> 1820 | I14: =L14+O14 -> 1820 | J14: =M14+P14 -> 1880 | K14: 2000 | L14: 2000 | M14: 2000 | N14: -180 | O14: -180 | P14: -120 | Q14: 0 | R14: 0 | S14: 0 | T14: =D14+C14-V14 -> 2696 | U14: =N14 -> -180 | V14: =O14 -> -180 | W14: =P14 -> -120 | AB14: Lắp đặt ban đầu
A15: 1 | B15: =B14+1 -> 45044 | C15: =C14 -> 842 | D15: =D14-2 -> 1672 | E15: =C15+D15-H15 -> 694 | F15: =C15+D15-I15 -> 694 | G15: =D15+C15-J15 -> 634 | H15: =K15+N15 -> 1820 | I15: =L15+O15 -> 1820 | J15: =M15+P15 -> 1880 | K15: =K14 -> 2000 | L15: =L14 -> 2000 | M15: =M14 -> 2000 | N15: =N14-Q15 -> -180 | O15: =O14-R15 -> -180 | P15: =P14-S15 -> -120 | Q15: 0 | R15: 0 | S15: 0 | T15: =D15+C15-V15 -> 2694 | U15: =N15 -> -180 | V15: =O15 -> -180 | W15: =P15 -> -120
A16: 2 | B16: =B15+1 -> 45045 | C16: =C15 -> 842 | D16: =D15-2 -> 1670 | E16: =C16+D16-H16 -> 692 | F16: =C16+D16-I16 -> 692 | G16: =D16+C16-J16 -> 632 | H16: =K16+N16 -> 1820 | I16: =L16+O16 -> 1820 | J16: =M16+P16 -> 1880 | K16: =K15 -> 2000 | L16: =L15 -> 2000 | M16: =M15 -> 2000 | N16: =N15-Q16 -> -180 | O16: =O15-R16 -> -180 | P16: =P15-S16 -> -120 | Q16: 0 | R16: 0 | S16: 0 | T16: =D16+C16-V16 -> 2692 | U16: =N16 -> -180 | V16: =O16 -> -180 | W16: =P16 -> -120
A17: 3 | B17: =B16+1 -> 45046 | C17: =C16 -> 842 | D17: =D16-2 -> 1668 | E17: =C17+D17-H17 -> 690 | F17: =C17+D17-I17 -> 690 | G17: =D17+C17-J17 -> 630 | H17: =K17+N17 -> 1820 | I17: =L17+O17 -> 1820 | J17: =M17+P17 -> 1880 | K17: =K16 -> 2000 | L17: =L16 -> 2000 | M17: =M16 -> 2000 | N17: =N16-Q17 -> -180 | O17: =O16-R17 -> -180 | P17: =P16-S17 -> -120 | Q17: 0 | R17: 0 | S17: 0 | T17: =D17+C17-V17 -> 2690 | U17: =N17 -> -180 | V17: =O17 -> -180 | W17: =P17 -> -120
A18: 4 | B18: =B17+1 -> 45047 | C18: =C17 -> 842 | D18: =D17-2 -> 1666 | E18: =C18+D18-H18 -> 688 | F18: =C18+D18-I18 -> 688 | G18: =D18+C18-J18 -> 628 | H18: =K18+N18 -> 1820 | I18: =L18+O18 -> 1820 | J18: =M18+P18 -> 1880 | K18: =K17 -> 2000 | L18: =L17 -> 2000 | M18: =M17 -> 2000 | N18: =N17-Q18 -> -180 | O18: =O17-R18 -> -180 | P18: =P17-S18 -> -120 | Q18: 0 | R18: 0 | S18: 0 | T18: =D18+C18-V18 -> 2688 | U18: =N18 -> -180 | V18: =O18 -> -180 | W18: =P18 -> -120
A19: 5 | B19: =B18+1 -> 45048 | C19: =C18 -> 842 | D19: =D18-2 -> 1664 | E19: =C19+D19-H19 -> 686 | F19: =C19+D19-I19 -> 686 | G19: =D19+C19-J19 -> 626 | H19: =K19+N19 -> 1820 | I19: =L19+O19 -> 1820 | J19: =M19+P19 -> 1880 | K19: =K18 -> 2000 | L19: =L18 -> 2000 | M19: =M18 -> 2000 | N19: =N18-Q19 -> -180 | O19: =O18-R19 -> -180 | P19: =P18-S19 -> -120 | Q19: 0 | R19: 0 | S19: 0 | T19: =D19+C19-V19 -> 2686 | U19: =N19 -> -180 | V19: =O19 -> -180 | W19: =P19 -> -120
A20: 6 | B20: =B19+1 -> 45049 | C20: =C19 -> 842 | D20: =D19-2 -> 1662 | E20: =C20+D20-H20 -> 684 | F20: =C20+D20-I20 -> 684 | G20: =D20+C20-J20 -> 624 | H20: =K20+N20 -> 1820 | I20: =L20+O20 -> 1820 | J20: =M20+P20 -> 1880 | K20: =K19 -> 2000 | L20: =L19 -> 2000 | M20: =M19 -> 2000 | N20: =N19-Q20 -> -180 | O20: =O19-R20 -> -180 | P20: =P19-S20 -> -120 | Q20: 0 | R20: 0 | S20: 0 | T20: =D20+C20-V20 -> 2684 | U20: =N20 -> -180 | V20: =O20 -> -180 | W20: =P20 -> -120
A21: 7 | B21: =B20+1 -> 45050 | C21: =C20 -> 842 | D21: =D20-2 -> 1660 | E21: =C21+D21-H21 -> 682 | F21: =C21+D21-I21 -> 682 | G21: =D21+C21-J21 -> 622 | H21: =K21+N21 -> 1820 | I21: =L21+O21 -> 1820 | J21: =M21+P21 -> 1880 | K21: =K20 -> 2000 | L21: =L20 -> 2000 | M21: =M20 -> 2000 | N21: =N20-Q21 -> -180 | O21: =O20-R21 -> -180 | P21: =P20-S21 -> -120 | Q21: 0 | R21: 0 | S21: 0 | T21: =D21+C21-V21 -> 2682 | U21: =U20+$X21*1000-Q21 -> -180 | V21: =V20+$X21*1000-R21 -> -180 | W21: =W20+$X21*1000-S21 -> -120
A22: 8 | B22: =B21+1 -> 45051 | C22: =C21 -> 842 | D22: =D21-2 -> 1658 | E22: =C22+D22-H22 -> 680 | F22: =C22+D22-I22 -> 680 | G22: =D22+C22-J22 -> 620 | H22: =K22+N22 -> 1820 | I22: =L22+O22 -> 1820 | J22: =M22+P22 -> 1880 | K22: =K21 -> 2000 | L22: =L21 -> 2000 | M22: =M21 -> 2000 | N22: =N21-Q22 -> -180 | O22: =O21-R22 -> -180 | P22: =P21-S22 -> -120 | Q22: 0 | R22: 0 | S22: 0 | T22: =D22+C22-V22 -> 2680 | U22: =U21+$X22*1000-Q22 -> -180 | V22: =V21+$X22*1000-R22 -> -180 | W22: =W21+$X22*1000-S22 -> -120
A23: 9 | B23: =B22+1 -> 45052 | C23: =C22 -> 842 | D23: =D22-2 -> 1656 | E23: =C23+D23-H23 -> 678 | F23: =C23+D23-I23 -> 678 | G23: =D23+C23-J23 -> 618 | H23: =K23+N23 -> 1820 | I23: =L23+O23 -> 1820 | J23: =M23+P23 -> 1880 | K23: =K22 -> 2000 | L23: =L22 -> 2000 | M23: =M22 -> 2000 | N23: =N22-Q23 -> -180 | O23: =O22-R23 -> -180 | P23: =P22-S23 -> -120 | Q23: 0 | R23: 0 | S23: 0 | T23: =D23+C23-V23 -> 2678 | U23: =U22+$X23*1000-Q23 -> -180 | V23: =V22+$X23*1000-R23 -> -180 | W23: =W22+$X23*1000-S23 -> -120
A24: 10 | B24: =B23+1 -> 45053 | C24: =C23 -> 842 | D24: =D23-2 -> 1654 | E24: =C24+D24-H24 -> 676 | F24: =C24+D24-I24 -> 676 | G24: =D24+C24-J24 -> 616 | H24: =K24+N24 -> 1820 | I24: =L24+O24 -> 1820 | J24: =M24+P24 -> 1880 | K24: =K23 -> 2000 | L24: =L23 -> 2000 | M24: =M23 -> 2000 | N24: =N23-Q24 -> -180 | O24: =O23-R24 -> -180 | P24: =P23-S24 -> -120 | Q24: 0 | R24: 0 | S24: 0 | T24: =D24+C24-V24 -> 2676 | U24: =U23+$X24*1000-Q24 -> -180 | V24: =V23+$X24*1000-R24 -> -180 | W24: =W23+$X24*1000-S24 -> -120
A25: 11 | B25: =B24+1 -> 45054 | C25: =C24 -> 842 | D25: =D24-2 -> 1652 | E25: =C25+D25-H25 -> 674 | F25: =C25+D25-I25 -> 674 | G25: =D25+C25-J25 -> 614 | H25: =K25+N25 -> 1820 | I25: =L25+O25 -> 1820 | J25: =M25+P25 -> 1880 | K25: =K24 -> 2000 | L25: =L24 -> 2000 | M25: =M24 -> 2000 | N25: =N24-Q25 -> -180 | O25: =O24-R25 -> -180 | P25: =P24-S25 -> -120 | Q25: 0 | R25: 0 | S25: 0 | T25: =D25+C25-V25 -> 2674 | U25: =U24+$X25*1000-Q25 -> -180 | V25: =V24+$X25*1000-R25 -> -180 | W25: =W24+$X25*1000-S25 -> -120
A26: 12 | B26: =B25+1 -> 45055 | C26: =C25 -> 842 | D26: =D25-2 -> 1650 | E26: =C26+D26-H26 -> 672 | F26: =C26+D26-I26 -> 672 | G26: =D26+C26-J26 -> 612 | H26: =K26+N26 -> 1820 | I26: =L26+O26 -> 1820 | J26: =M26+P26 -> 1880 | K26: =K25 -> 2000 | L26: =L25 -> 2000 | M26: =M25 -> 2000 | N26: =N25-Q26 -> -180 | O26: =O25-R26 -> -180 | P26: =P25-S26 -> -120 | Q26: 0 | R26: 0 | S26: 0 | T26: =D26+C26-V26 -> 2672 | U26: =U25+$X26*1000-Q26 -> -180 | V26: =V25+$X26*1000-R26 -> -180 | W26: =W25+$X26*1000-S26 -> -120
A27: 13 | B27: =B26+1 -> 45056 | C27: =C26 -> 842 | D27: =D26-2 -> 1648 | E27: =C27+D27-H27 -> 670 | F27: =C27+D27-I27 -> 670 | G27: =D27+C27-J27 -> 610 | H27: =K27+N27 -> 1820 | I27: =L27+O27 -> 1820 | J27: =M27+P27 -> 1880 | K27: =K26 -> 2000 | L27: =L26 -> 2000 | M27: =M26 -> 2000 | N27: =N26-Q27 -> -180 | O27: =O26-R27 -> -180 | P27: =P26-S27 -> -120 | Q27: 0 | R27: 0 | S27: 0 | T27: =D27+C27-V27 -> 2670 | U27: =U26+$X27*1000-Q27 -> -180 | V27: =V26+$X27*1000-R27 -> -180 | W27: =W26+$X27*1000-S27 -> -120
A28: 14 | B28: =B27+1 -> 45057 | C28: =C27 -> 842 | D28: =D27-2 -> 1646 | E28: =C28+D28-H28 -> 668 | F28: =C28+D28-I28 -> 668 | G28: =D28+C28-J28 -> 608 | H28: =K28+N28 -> 1820 | I28: =L28+O28 -> 1820 | J28: =M28+P28 -> 1880 | K28: =K27 -> 2000 | L28: =L27 -> 2000 | M28: =M27 -> 2000 | N28: =N27-Q28 -> -180 | O28: =O27-R28 -> -180 | P28: =P27-S28 -> -120 | Q28: 0 | R28: 0 | S28: 0 | T28: =D28+C28-V28 -> 2668 | U28: =U27+$X28*1000-Q28 -> -180 | V28: =V27+$X28*1000-R28 -> -180 | W28: =W27+$X28*1000-S28 -> -120
A29: 15 | B29: =B28+1 -> 45058 | C29: =C28 -> 842 | D29: =D28-2 -> 1644 | E29: =C29+D29-H29 -> 666 | F29: =C29+D29-I29 -> 666 | G29: =D29+C29-J29 -> 606 | H29: =K29+N29 -> 1820 | I29: =L29+O29 -> 1820 | J29: =M29+P29 -> 1880 | K29: =K28 -> 2000 | L29: =L28 -> 2000 | M29: =M28 -> 2000 | N29: =N28-Q29 -> -180 | O29: =O28-R29 -> -180 | P29: =P28-S29 -> -120 | Q29: 0 | R29: 0 | S29: 0 | T29: =D29+C29-V29 -> 2666 | U29: =U28+$X29*1000-Q29 -> -180 | V29: =V28+$X29*1000-R29 -> -180 | W29: =W28+$X29*1000-S29 -> -120
A30: 16 | B30: =B29+1 -> 45059 | C30: =C29 -> 842 | D30: =D29-2 -> 1642 | E30: =C30+D30-H30 -> 664 | F30: =C30+D30-I30 -> 664 | G30: =D30+C30-J30 -> 604 | H30: =K30+N30 -> 1820 | I30: =L30+O30 -> 1820 | J30: =M30+P30 -> 1880 | K30: =K29 -> 2000 | L30: =L29 -> 2000 | M30: =M29 -> 2000 | N30: =N29-Q30 -> -180 | O30: =O29-R30 -> -180 | P30: =P29-S30 -> -120 | Q30: 0 | R30: 0 | S30: 0 | T30: =D30+C30-V30 -> 2664 | U30: =U29+$X30*1000-Q30 -> -180 | V30: =V29+$X30*1000-R30 -> -180 | W30: =W29+$X30*1000-S30 -> -120
A31: 17 | B31: =B30+1 -> 45060 | C31: =C30 -> 842 | D31: =D30-2 -> 1640 | E31: =C31+D31-H31 -> 662 | F31: =C31+D31-I31 -> 662 | G31: =D31+C31-J31 -> 602 | H31: =K31+N31 -> 1820 | I31: =L31+O31 -> 1820 | J31: =M31+P31 -> 1880 | K31: =K30 -> 2000 | L31: =L30 -> 2000 | M31: =M30 -> 2000 | N31: =N30-Q31 -> -180 | O31: =O30-R31 -> -180 | P31: =P30-S31 -> -120 | Q31: 0 | R31: 0 | S31: 0 | T31: =D31+C31-V31 -> 2662 | U31: =U30+$X31*1000-Q31 -> -180 | V31: =V30+$X31*1000-R31 -> -180 | W31: =W30+$X31*1000-S31 -> -120
A32: 18 | B32: =B31+1 -> 45061 | C32: =C31 -> 842 | D32: =D31-2 -> 1638 | E32: =C32+D32-H32 -> 660 | F32: =C32+D32-I32 -> 660 | G32: =D32+C32-J32 -> 600 | H32: =K32+N32 -> 1820 | I32: =L32+O32 -> 1820 | J32: =M32+P32 -> 1880 | K32: =K31 -> 2000 | L32: =L31 -> 2000 | M32: =M31 -> 2000 | N32: =N31-Q32 -> -180 | O32: =O31-R32 -> -180 | P32: =P31-S32 -> -120 | Q32: 0 | R32: 0 | S32: 0 | T32: =D32+C32-V32 -> 2660 | U32: =U31+$X32*1000-Q32 -> -180 | V32: =V31+$X32*1000-R32 -> -180 | W32: =W31+$X32*1000-S32 -> -120
... A37: 23 | B37: =B36+1 -> 45066 | C37: =C36 -> 842 | D37: =D36-2 -> 1628 | E37: =C37+D37-H37 -> 650 | F37: =C37+D37-I37 -> 650 | G37: =D37+C37-J37 -> 590 | H37: =K37+N37 -> 1820 | I37: =L37+O37 -> 1820 | J37: =M37+P37 -> 1880 | K37: =K36 -> 2000 | L37: =L36 -> 2000 | M37: =M36 -> 2000 | N37: =N36-Q37 -> -180 | O37: =O36-R37 -> -180 | P37: =P36-S37 -> -120 | Q37: 0 | R37: 0 | S37: 0 | T37: =D37+C37-V37 -> 2650 | U37: =U36+$X37*1000-Q37 -> -180 | V37: =V36+$X37*1000-R37 -> -180 | W37: =W36+$X37*1000-S37 -> -120
A38: 24 | B38: =B37+1 -> 45067 | C38: =C37 -> 842 | D38: =D37-2 -> 1626 | E38: =C38+D38-H38 -> 648 | F38: =C38+D38-I38 -> 648 | G38: =D38+C38-J38 -> 588 | H38: =K38+N38 -> 1820 | I38: =L38+O38 -> 1820 | J38: =M38+P38 -> 1880 | K38: =K37 -> 2000 | L38: =L37 -> 2000 | M38: =M37 -> 2000 | N38: =N37-Q38 -> -180 | O38: =O37-R38 -> -180 | P38: =P37-S38 -> -120 | Q38: 0 | R38: 0 | S38: 0 | T38: =D38+C38-V38 -> 2568 | U38: =U37+0.08*1000-Q38 -> -100 | V38: =V37+0.08*1000-R38 -> -100 | W38: =W37+0.02*1000-S38 -> -100
A39: 25 | B39: =B38+1 -> 45068 | C39: =C38 -> 842 | D39: =D38-2 -> 1624 | E39: =C39+D39-H39 -> 652 | F39: =C39+D39-I39 -> 653 | G39: =D39+C39-J39 -> 593 | H39: =K39+N39 -> 1814 | I39: =L39+O39 -> 1813 | J39: =M39+P39 -> 1873 | K39: =K38 -> 2000 | L39: =L38 -> 2000 | M39: =M38 -> 2000 | N39: =N38-Q39 -> -186 | O39: =O38-R39 -> -187 | P39: =P38-S39 -> -127 | Q39: 6 | R39: 7 | S39: 7 | T39: =D39+C39-V39 -> 2273 | U39: =U38+0.3*1000-Q39 -> 194 | V39: =V38+0.3*1000-R39 -> 193 | W39: =W38+0.3*1000-S39 -> 193 | AB39: 8
A40: 26 | B40: =B39+1 -> 45069 | C40: =C39 -> 842 | D40: =D39-2 -> 1622 | E40: =C40+D40-H40 -> 654 | F40: =C40+D40-I40 -> 658 | G40: =D40+C40-J40 -> 595 | H40: =K40+N40 -> 1810 | I40: =L40+O40 -> 1806 | J40: =M40+P40 -> 1869 | K40: =K39 -> 2000 | L40: =L39 -> 2000 | M40: =M39 -> 2000 | N40: =N39-Q40 -> -190 | O40: =O39-R40 -> -194 | P40: =P39-S40 -> -131 | Q40: 4 | R40: 7 | S40: 4 | T40: =D40+C40-V40 -> 2278 | U40: =U39+$X40*1000-Q40 -> 190 | V40: =V39+$X40*1000-R40 -> 186 | W40: =W39+$X40*1000-S40 -> 189
A41: 27 | B41: =B40+1 -> 45070 | C41: =C40 -> 842 | D41: =D40-2 -> 1620 | E41: =C41+D41-H41 -> 655 | F41: =C41+D41-I41 -> 661 | G41: =D41+C41-J41 -> 596 | H41: =K41+N41 -> 1807 | I41: =L41+O41 -> 1801 | J41: =M41+P41 -> 1866 | K41: =K40 -> 2000 | L41: =L40 -> 2000 | M41: =M40 -> 2000 | N41: =N40-Q41 -> -193 | O41: =O40-R41 -> -199 | P41: =P40-S41 -> -134 | Q41: 3 | R41: 5 | S41: 3 | T41: =D41+C41-V41 -> 2281 | U41: =U40+$X41*1000-Q41 -> 187 | V41: =V40+$X41*1000-R41 -> 181 | W41: =W40+$X41*1000-S41 -> 186
A42: 28 | B42: =B41+1 -> 45071 | C42: =C41 -> 842 | D42: =D41-2 -> 1618 | E42: =C42+D42-H42 -> 655 | F42: =C42+D42-I42 -> 664 | G42: =D42+C42-J42 -> 596 | H42: =K42+N42 -> 1805 | I42: =L42+O42 -> 1796 | J42: =M42+P42 -> 1864 | K42: =K41 -> 2000 | L42: =L41 -> 2000 | M42: =M41 -> 2000 | N42: =N41-Q42 -> -195 | O42: =O41-R42 -> -204 | P42: =P41-S42 -> -136 | Q42: 2 | R42: 5 | S42: 2 | T42: =D42+C42-V42 -> 2284 | U42: =U41+$X42*1000-Q42 -> 185 | V42: =V41+$X42*1000-R42 -> 176 | W42: =W41+$X42*1000-S42 -> 184
A43: 29 | B43: =B42+1 -> 45072 | C43: =C42 -> 842 | D43: =D42-2 -> 1616 | E43: =C43+D43-H43 -> 659 | F43: =C43+D43-I43 -> 669 | G43: =D43+C43-J43 -> 601 | H43: =K43+N43 -> 1799 | I43: =L43+O43 -> 1789 | J43: =M43+P43 -> 1857 | K43: =K42 -> 2000 | L43: =L42 -> 2000 | M43: =M42 -> 2000 | N43: =N42-Q43 -> -201 | O43: =O42-R43 -> -211 | P43: =P42-S43 -> -143 | Q43: 6 | R43: 7 | S43: 7 | T43: =D43+C43-V43 -> 1989 | U43: =U42+$X43*1000-Q43 -> 479 | V43: =V42+$X43*1000-R43 -> 469 | W43: =W42+$X43*1000-S43 -> 477 | X43: 0.3 | AB43: =+AB39-1 -> 7
A44: 30 | B44: =B43+1 -> 45073 | C44: =C43 -> 842 | D44: =D43-2 -> 1614 | E44: =C44+D44-H44 -> 660 | F44: =C44+D44-I44 -> 670 | G44: =D44+C44-J44 -> 602 | H44: =K44+N44 -> 1796 | I44: =L44+O44 -> 1786 | J44: =M44+P44 -> 1854 | K44: =K43 -> 2000 | L44: =L43 -> 2000 | M44: =M43 -> 2000 | N44: =N43-Q44 -> -204 | O44: =O43-R44 -> -214 | P44: =P43-S44 -> -146 | Q44: 3 | R44: 3 | S44: 3 | T44: =D44+C44-V44 -> 1990 | U44: =U43+$X44*1000-Q44 -> 476 | V44: =V43+$X44*1000-R44 -> 466 | W44: =W43+$X44*1000-S44 -> 474
A45: 31 | B45: =B44+1 -> 45074 | C45: =C44 -> 842 | D45: =D44-2 -> 1612 | E45: =C45+D45-H45 -> 660 | F45: =C45+D45-I45 -> 670 | G45: =D45+C45-J45 -> 602 | H45: =K45+N45 -> 1794 | I45: =L45+O45 -> 1784 | J45: =M45+P45 -> 1852 | K45: =K44 -> 2000 | L45: =L44 -> 2000 | M45: =M44 -> 2000 | N45: =N44-Q45 -> -206 | O45: =O44-R45 -> -216 | P45: =P44-S45 -> -148 | Q45: 2 | R45: 2 | S45: 2 | T45: =D45+C45-V45 -> 1990 | U45: =U44+$X45*1000-Q45 -> 474 | V45: =V44+$X45*1000-R45 -> 464 | W45: =W44+$X45*1000-S45 -> 472
A46: 32 | B46: =B45+1 -> 45075 | C46: =C45 -> 842 | D46: =D45-2 -> 1610 | E46: =C46+D46-H46 -> 662 | F46: =C46+D46-I46 -> 672 | G46: =D46+C46-J46 -> 604 | H46: =K46+N46 -> 1790 | I46: =L46+O46 -> 1780 | J46: =M46+P46 -> 1848 | K46: =K45 -> 2000 | L46: =L45 -> 2000 | M46: =M45 -> 2000 | N46: =N45-Q46 -> -210 | O46: =O45-R46 -> -220 | P46: =P45-S46 -> -152 | Q46: 4 | R46: 4 | S46: 4 | T46: =D46+C46-V46 -> 1992 | U46: =U45+$X46*1000-Q46 -> 470 | V46: =V45+$X46*1000-R46 -> 460 | W46: =W45+$X46*1000-S46 -> 468
A47: 33 | B47: =B46+1 -> 45076 | C47: =C46 -> 842 | D47: =D46-2 -> 1608 | E47: =C47+D47-H47 -> 667 | F47: =C47+D47-I47 -> 677 | G47: =D47+C47-J47 -> 609 | H47: =K47+N47 -> 1783 | I47: =L47+O47 -> 1773 | J47: =M47+P47 -> 1841 | K47: =K46 -> 2000 | L47: =L46 -> 2000 | M47: =M46 -> 2000 | N47: =N46-Q47 -> -217 | O47: =O46-R47 -> -227 | P47: =P46-S47 -> -159 | Q47: 7 | R47: 7 | S47: 7 | T47: =D47+C47-V47 -> 1697 | U47: =U46+$X47*1000-Q47 -> 763 | V47: =V46+$X47*1000-R47 -> 753 | W47: =W46+$X47*1000-S47 -> 761 | X47: 0.3 | AB47: =+AB43-1 -> 6
A48: 34 | B48: =B47+1 -> 45077 | C48: =C47 -> 842 | D48: =D47-2 -> 1606 | E48: =C48+D48-H48 -> 670 | F48: =C48+D48-I48 -> 680 | G48: =D48+C48-J48 -> 612 | H48: =K48+N48 -> 1778 | I48: =L48+O48 -> 1768 | J48: =M48+P48 -> 1836 | K48: =K47 -> 2000 | L48: =L47 -> 2000 | M48: =M47 -> 2000 | N48: =N47-Q48 -> -222 | O48: =O47-R48 -> -232 | P48: =P47-S48 -> -164 | Q48: 5 | R48: 5 | S48: 5 | T48: =D48+C48-V48 -> 1700 | U48: =U47+$X48*1000-Q48 -> 758 | V48: =V47+$X48*1000-R48 -> 748 | W48: =W47+$X48*1000-S48 -> 756
A49: 35 | B49: =B48+1 -> 45078 | C49: =C48 -> 842 | D49: =D48-2 -> 1604 | E49: =C49+D49-H49 -> 673 | F49: =C49+D49-I49 -> 683 | G49: =D49+C49-J49 -> 615 | H49: =K49+N49 -> 1773 | I49: =L49+O49 -> 1763 | J49: =M49+P49 -> 1831 | K49: =K48 -> 2000 | L49: =L48 -> 2000 | M49: =M48 -> 2000 | N49: =N48-Q49 -> -227 | O49: =O48-R49 -> -237 | P49: =P48-S49 -> -169 | Q49: 5 | R49: 5 | S49: 5 | T49: =D49+C49-V49 -> 1703 | U49: =U48+$X49*1000-Q49 -> 753 | V49: =V48+$X49*1000-R49 -> 743 | W49: =W48+$X49*1000-S49 -> 751
A50: 36 | B50: =B49+1 -> 45079 | C50: =C49 -> 842 | D50: =D49-2 -> 1602 | E50: =C50+D50-H50 -> 675 | F50: =C50+D50-I50 -> 685 | G50: =D50+C50-J50 -> 617 | H50: =K50+N50 -> 1769 | I50: =L50+O50 -> 1759 | J50: =M50+P50 -> 1827 | K50: =K49 -> 2000 | L50: =L49 -> 2000 | M50: =M49 -> 2000 | N50: =N49-Q50 -> -231 | O50: =O49-R50 -> -241 | P50: =P49-S50 -> -173 | Q50: 4 | R50: 4 | S50: 4 | T50: =D50+C50-V50 -> 1705 | U50: =U49+$X50*1000-Q50 -> 749 | V50: =V49+$X50*1000-R50 -> 739 | W50: =W49+$X50*1000-S50 -> 747
A51: 37 | B51: =B50+1 -> 45080 | C51: =C50 -> 842 | D51: =D50-2 -> 1600 | E51: =C51+D51-H51 -> 676 | F51: =C51+D51-I51 -> 686 | G51: =D51+C51-J51 -> 618 | H51: =K51+N51 -> 1766 | I51: =L51+O51 -> 1756 | J51: =M51+P51 -> 1824 | K51: =K50 -> 2000 | L51: =L50 -> 2000 | M51: =M50 -> 2000 | N51: =N50-Q51 -> -234 | O51: =O50-R51 -> -244 | P51: =P50-S51 -> -176 | Q51: 3 | R51: 3 | S51: 3 | T51: =D51+C51-V51 -> 1706 | U51: =U50+$X51*1000-Q51 -> 746 | V51: =V50+$X51*1000-R51 -> 736 | W51: =W50+$X51*1000-S51 -> 744
A52: 38 | B52: =B51+1 -> 45081 | C52: =C51 -> 842 | D52: =D51-2 -> 1598 | E52: =C52+D52-H52 -> 679 | F52: =C52+D52-I52 -> 688 | G52: =D52+C52-J52 -> 621 | H52: =K52+N52 -> 1761 | I52: =L52+O52 -> 1752 | J52: =M52+P52 -> 1819 | K52: =K51 -> 2000 | L52: =L51 -> 2000 | M52: =M51 -> 2000 | N52: =N51-Q52 -> -239 | O52: =O51-R52 -> -248 | P52: =P51-S52 -> -181 | Q52: 5 | R52: 4 | S52: 5 | T52: =D52+C52-V52 -> 1708 | U52: =U51+$X52*1000-Q52 -> 741 | V52: =V51+$X52*1000-R52 -> 732 | W52: =W51+$X52*1000-S52 -> 739
A53: 39 | B53: =B52+1 -> 45082 | C53: =C52 -> 842 | D53: =D52-2 -> 1596 | E53: =C53+D53-H53 -> 681 | F53: =C53+D53-I53 -> 693 | G53: =D53+C53-J53 -> 623 | H53: =K53+N53 -> 1757 | I53: =L53+O53 -> 1745 | J53: =M53+P53 -> 1815 | K53: =K52 -> 2000 | L53: =L52 -> 2000 | M53: =M52 -> 2000 | N53: =N52-Q53 -> -243 | O53: =O52-R53 -> -255 | P53: =P52-S53 -> -185 | Q53: 4 | R53: 7 | S53: 4 | T53: =D53+C53-V53 -> 1713 | U53: =U52+$X53*1000-Q53 -> 737 | V53: =V52+$X53*1000-R53 -> 725 | W53: =W52+$X53*1000-S53 -> 735
A54: 40 | B54: =B53+1 -> 45083 | C54: =C53 -> 842 | D54: =D53-2 -> 1594 | E54: =C54+D54-H54 -> 682 | F54: =C54+D54-I54 -> 696 | G54: =D54+C54-J54 -> 624 | H54: =K54+N54 -> 1754 | I54: =L54+O54 -> 1740 | J54: =M54+P54 -> 1812 | K54: =K53 -> 2000 | L54: =L53 -> 2000 | M54: =M53 -> 2000 | N54: =N53-Q54 -> -246 | O54: =O53-R54 -> -260 | P54: =P53-S54 -> -188 | Q54: 3 | R54: 5 | S54: 3 | T54: =D54+C54-V54 -> 1716 | U54: =U53+$X54*1000-Q54 -> 734 | V54: =V53+$X54*1000-R54 -> 720 | W54: =W53+$X54*1000-S54 -> 732
A55: 41 | B55: =B54+1 -> 45084 | C55: =C54 -> 842 | D55: =D54-2 -> 1592 | E55: =C55+D55-H55 -> 682 | F55: =C55+D55-I55 -> 699 | G55: =D55+C55-J55 -> 624 | H55: =K55+N55 -> 1752 | I55: =L55+O55 -> 1735 | J55: =M55+P55 -> 1810 | K55: =K54 -> 2000 | L55: =L54 -> 2000 | M55: =M54 -> 2000 | N55: =N54-Q55 -> -248 | O55: =O54-R55 -> -265 | P55: =P54-S55 -> -190 | Q55: 2 | R55: 5 | S55: 2 | T55: =D55+C55-V55 -> 1719 | U55: =U54+$X55*1000-Q55 -> 732 | V55: =V54+$X55*1000-R55 -> 715 | W55: =W54+$X55*1000-S55 -> 730
A56: 42 | B56: =B55+1 -> 45085 | C56: =C55 -> 842 | D56: =D55-2 -> 1590 | E56: =C56+D56-H56 -> 684 | F56: =C56+D56-I56 -> 701 | G56: =D56+C56-J56 -> 626 | H56: =K56+N56 -> 1748 | I56: =L56+O56 -> 1731 | J56: =M56+P56 -> 1806 | K56: =K55 -> 2000 | L56: =L55 -> 2000 | M56: =M55 -> 2000 | N56: =N55-Q56 -> -252 | O56: =O55-R56 -> -269 | P56: =P55-S56 -> -194 | Q56: 4 | R56: 4 | S56: 4 | T56: =D56+C56-V56 -> 1721 | U56: =U55+$X56*1000-Q56 -> 728 | V56: =V55+$X56*1000-R56 -> 711 | W56: =W55+$X56*1000-S56 -> 726
A57: 43 | B57: =B56+1 -> 45086 | C57: =C56 -> 842 | D57: =D56-2 -> 1588 | E57: =C57+D57-H57 -> 685 | F57: =C57+D57-I57 -> 702 | G57: =D57+C57-J57 -> 627 | H57: =K57+N57 -> 1745 | I57: =L57+O57 -> 1728 | J57: =M57+P57 -> 1803 | K57: =K56 -> 2000 | L57: =L56 -> 2000 | M57: =M56 -> 2000 | N57: =N56-Q57 -> -255 | O57: =O56-R57 -> -272 | P57: =P56-S57 -> -197 | Q57: 3 | R57: 3 | S57: 3 | T57: =D57+C57-V57 -> 1722 | U57: =U56+$X57*1000-Q57 -> 725 | V57: =V56+$X57*1000-R57 -> 708 | W57: =W56+$X57*1000-S57 -> 723
A58: 44 | B58: =B57+1 -> 45087 | C58: =C57 -> 842 | D58: =D57-2 -> 1586 | E58: =C58+D58-H58 -> 685 | F58: =C58+D58-I58 -> 702 | G58: =D58+C58-J58 -> 627 | H58: =K58+N58 -> 1743 | I58: =L58+O58 -> 1726 | J58: =M58+P58 -> 1801 | K58: =K57 -> 2000 | L58: =L57 -> 2000 | M58: =M57 -> 2000 | N58: =N57-Q58 -> -257 | O58: =O57-R58 -> -274 | P58: =P57-S58 -> -199 | Q58: 2 | R58: 2 | S58: 2 | T58: =D58+C58-V58 -> 1722 | U58: =U57+$X58*1000-Q58 -> 723 | V58: =V57+$X58*1000-R58 -> 706 | W58: =W57+$X58*1000-S58 -> 721
A59: 45 | B59: =B58+1 -> 45088 | C59: =C58 -> 842 | D59: =D58-2 -> 1584 | E59: =C59+D59-H59 -> 687 | F59: =C59+D59-I59 -> 704 | G59: =D59+C59-J59 -> 629 | H59: =K59+N59 -> 1739 | I59: =L59+O59 -> 1722 | J59: =M59+P59 -> 1797 | K59: =K58 -> 2000 | L59: =L58 -> 2000 | M59: =M58 -> 2000 | N59: =N58-Q59 -> -261 | O59: =O58-R59 -> -278 | P59: =P58-S59 -> -203 | Q59: 4 | R59: 4 | S59: 4 | T59: =D59+C59-V59 -> 1724 | U59: =U58+$X59*1000-Q59 -> 719 | V59: =V58+$X59*1000-R59 -> 702 | W59: =W58+$X59*1000-S59 -> 717
... A126: 112 | B126: =B125+1 -> 45155 | C126: =C125 -> 842 | D126: =D125-2 -> 1450 | E126: =C126+D126-H126 -> 578 | F126: =C126+D126-I126 -> 595 | G126: =D126+C126-J126 -> 523 | H126: =K126+N126 -> 1714 | I126: =L126+O126 -> 1697 | J126: =M126+P126 -> 1769 | K126: =K125 -> 2000 | L126: =L125 -> 2000 | M126: =M125 -> 2000 | N126: =N125-Q126 -> -286 | O126: =O125-R126 -> -303 | P126: =P125-S126 -> -231 | Q126: 0 | R126: 0 | S126: 0 | T126: =D126+C126-V126 -> 1615 | U126: =U125+$X126*1000-Q126 -> 694 | V126: =V125+$X126*1000-R126 -> 677 | W126: =W125+$X126*1000-S126 -> 689
A127: 113 | B127: =B126+1 -> 45156 | C127: =C126 -> 842 | D127: =D126+2 -> 1452 | E127: =C127+D127-H127 -> 580 | F127: =C127+D127-I127 -> 597 | G127: =D127+C127-J127 -> 525 | H127: =K127+N127 -> 1714 | I127: =L127+O127 -> 1697 | J127: =M127+P127 -> 1769 | K127: =K126 -> 2000 | L127: =L126 -> 2000 | M127: =M126 -> 2000 | N127: =N126-Q127 -> -286 | O127: =O126-R127 -> -303 | P127: =P126-S127 -> -231 | Q127: 0 | R127: 0 | S127: 0 | T127: =D127+C127-V127 -> 1617 | U127: =U126+$X127*1000-Q127 -> 694 | V127: =V126+$X127*1000-R127 -> 677 | W127: =W126+$X127*1000-S127 -> 689
A128: 114 | B128: =B127+1 -> 45157 | C128: =C127 -> 842 | D128: =D127+2 -> 1454 | E128: =C128+D128-H128 -> 582 | F128: =C128+D128-I128 -> 599 | G128: =D128+C128-J128 -> 527 | H128: =K128+N128 -> 1714 | I128: =L128+O128 -> 1697 | J128: =M128+P128 -> 1769 | K128: =K127 -> 2000 | L128: =L127 -> 2000 | M128: =M127 -> 2000 | N128: =N127-Q128 -> -286 | O128: =O127-R128 -> -303 | P128: =P127-S128 -> -231 | Q128: 0 | R128: 0 | S128: 0 | T128: =D128+C128-V128 -> 1619 | U128: =U127+$X128*1000-Q128 -> 694 | V128: =V127+$X128*1000-R128 -> 677 | W128: =W127+$X128*1000-S128 -> 689
A129: 115 | B129: =B128+1 -> 45158 | C129: =C128 -> 842 | D129: =D128+2 -> 1456 | E129: =C129+D129-H129 -> 584 | F129: =C129+D129-I129 -> 601 | G129: =D129+C129-J129 -> 529 | H129: =K129+N129 -> 1714 | I129: =L129+O129 -> 1697 | J129: =M129+P129 -> 1769 | K129: =K128 -> 2000 | L129: =L128 -> 2000 | M129: =M128 -> 2000 | N129: =N128-Q129 -> -286 | O129: =O128-R129 -> -303 | P129: =P128-S129 -> -231 | Q129: 0 | R129: 0 | S129: 0 | T129: =D129+C129-V129 -> 1621 | U129: =U128+$X129*1000-Q129 -> 694 | V129: =V128+$X129*1000-R129 -> 677 | W129: =W128+$X129*1000-S129 -> 689
A130: 116 | B130: =B129+1 -> 45159 | C130: =C129 -> 842 | D130: =D129+2 -> 1458 | E130: =C130+D130-H130 -> 586 | F130: =C130+D130-I130 -> 603 | G130: =D130+C130-J130 -> 531 | H130: =K130+N130 -> 1714 | I130: =L130+O130 -> 1697 | J130: =M130+P130 -> 1769 | K130: =K129 -> 2000 | L130: =L129 -> 2000 | M130: =M129 -> 2000 | N130: =N129-Q130 -> -286 | O130: =O129-R130 -> -303 | P130: =P129-S130 -> -231 | Q130: 0 | R130: 0 | S130: 0 | T130: =D130+C130-V130 -> 1623 | U130: =U129+$X130*1000-Q130 -> 694 | V130: =V129+$X130*1000-R130 -> 677 | W130: =W129+$X130*1000-S130 -> 689
A131: 117 | B131: =B130+1 -> 45160 | C131: =C130 -> 842 | D131: =D130+2 -> 1460 | E131: =C131+D131-H131 -> 588 | F131: =C131+D131-I131 -> 605 | G131: =D131+C131-J131 -> 533 | H131: =K131+N131 -> 1714 | I131: =L131+O131 -> 1697 | J131: =M131+P131 -> 1769 | K131: =K130 -> 2000 | L131: =L130 -> 2000 | M131: =M130 -> 2000 | N131: =N130-Q131 -> -286 | O131: =O130-R131 -> -303 | P131: =P130-S131 -> -231 | Q131: 0 | R131: 0 | S131: 0 | T131: =D131+C131-V131 -> 1625 | U131: =U130+$X131*1000-Q131 -> 694 | V131: =V130+$X131*1000-R131 -> 677 | W131: =W130+$X131*1000-S131 -> 689
A132: 118 | B132: =B131+1 -> 45161 | C132: =C131 -> 842 | D132: =D131+2 -> 1462 | E132: =C132+D132-H132 -> 590 | F132: =C132+D132-I132 -> 607 | G132: =D132+C132-J132 -> 535 | H132: =K132+N132 -> 1714 | I132: =L132+O132 -> 1697 | J132: =M132+P132 -> 1769 | K132: =K131 -> 2000 | L132: =L131 -> 2000 | M132: =M131 -> 2000 | N132: =N131-Q132 -> -286 | O132: =O131-R132 -> -303 | P132: =P131-S132 -> -231 | Q132: 0 | R132: 0 | S132: 0 | T132: =D132+C132-V132 -> 1627 | U132: =U131+$X132*1000-Q132 -> 694 | V132: =V131+$X132*1000-R132 -> 677 | W132: =W131+$X132*1000-S132 -> 689
A133: 119 | B133: =B132+1 -> 45162 | C133: =C132 -> 842 | D133: =D132+2 -> 1464 | E133: =C133+D133-H133 -> 592 | F133: =C133+D133-I133 -> 609 | G133: =D133+C133-J133 -> 537 | H133: =K133+N133 -> 1714 | I133: =L133+O133 -> 1697 | J133: =M133+P133 -> 1769 | K133: =K132 -> 2000 | L133: =L132 -> 2000 | M133: =M132 -> 2000 | N133: =N132-Q133 -> -286 | O133: =O132-R133 -> -303 | P133: =P132-S133 -> -231 | Q133: 0 | R133: 0 | S133: 0 | T133: =D133+C133-V133 -> 1629 | U133: =U132+$X133*1000-Q133 -> 694 | V133: =V132+$X133*1000-R133 -> 677 | W133: =W132+$X133*1000-S133 -> 689
A134: 120 | B134: =B133+1 -> 45163 | C134: =C133 -> 842 | D134: =D133+2 -> 1466 | E134: =C134+D134-H134 -> 594 | F134: =C134+D134-I134 -> 611 | G134: =D134+C134-J134 -> 539 | H134: =K134+N134 -> 1714 | I134: =L134+O134 -> 1697 | J134: =M134+P134 -> 1769 | K134: =K133 -> 2000 | L134: =L133 -> 2000 | M134: =M133 -> 2000 | N134: =N133-Q134 -> -286 | O134: =O133-R134 -> -303 | P134: =P133-S134 -> -231 | Q134: 0 | R134: 0 | S134: 0 | T134: =D134+C134-V134 -> 1631 | U134: =U133+$X134*1000-Q134 -> 694 | V134: =V133+$X134*1000-R134 -> 677 | W134: =W133+$X134*1000-S134 -> 689
A135: 121 | B135: =B134+1 -> 45164 | C135: =C134 -> 842 | D135: =D134+2 -> 1468 | E135: =C135+D135-H135 -> 596 | F135: =C135+D135-I135 -> 613 | G135: =D135+C135-J135 -> 541 | H135: =K135+N135 -> 1714 | I135: =L135+O135 -> 1697 | J135: =M135+P135 -> 1769 | K135: =K134 -> 2000 | L135: =L134 -> 2000 | M135: =M134 -> 2000 | N135: =N134-Q135 -> -286 | O135: =O134-R135 -> -303 | P135: =P134-S135 -> -231 | Q135: 0 | R135: 0 | S135: 0 | T135: =D135+C135-V135 -> 1633 | U135: =U134+$X135*1000-Q135 -> 694 | V135: =V134+$X135*1000-R135 -> 677 | W135: =W134+$X135*1000-S135 -> 689
A136: 122 | B136: =B135+1 -> 45165 | C136: =C135 -> 842 | D136: =D135+2 -> 1470 | E136: =C136+D136-H136 -> 598 | F136: =C136+D136-I136 -> 615 | G136: =D136+C136-J136 -> 543 | H136: =K136+N136 -> 1714 | I136: =L136+O136 -> 1697 | J136: =M136+P136 -> 1769 | K136: =K135 -> 2000 | L136: =L135 -> 2000 | M136: =M135 -> 2000 | N136: =N135-Q136 -> -286 | O136: =O135-R136 -> -303 | P136: =P135-S136 -> -231 | Q136: 0 | R136: 0 | S136: 0 | T136: =D136+C136-V136 -> 1635 | U136: =U135+$X136*1000-Q136 -> 694 | V136: =V135+$X136*1000-R136 -> 677 | W136: =W135+$X136*1000-S136 -> 689
A137: 123 | B137: =B136+1 -> 45166 | C137: =C136 -> 842 | D137: =D136+2 -> 1472 | E137: =C137+D137-H137 -> 600 | F137: =C137+D137-I137 -> 617 | G137: =D137+C137-J137 -> 545 | H137: =K137+N137 -> 1714 | I137: =L137+O137 -> 1697 | J137: =M137+P137 -> 1769 | K137: =K136 -> 2000 | L137: =L136 -> 2000 | M137: =M136 -> 2000 | N137: =N136-Q137 -> -286 | O137: =O136-R137 -> -303 | P137: =P136-S137 -> -231 | Q137: 0 | R137: 0 | S137: 0 | T137: =D137+C137-V137 -> 1637 | U137: =U136+$X137*1000-Q137 -> 694 | V137: =V136+$X137*1000-R137 -> 677 | W137: =W136+$X137*1000-S137 -> 689
A138: 124 | B138: =B137+1 -> 45167 | C138: =C137 -> 842 | D138: =D137+2 -> 1474 | E138: =C138+D138-H138 -> 602 | F138: =C138+D138-I138 -> 619 | G138: =D138+C138-J138 -> 547 | H138: =K138+N138 -> 1714 | I138: =L138+O138 -> 1697 | J138: =M138+P138 -> 1769 | K138: =K137 -> 2000 | L138: =L137 -> 2000 | M138: =M137 -> 2000 | N138: =N137-Q138 -> -286 | O138: =O137-R138 -> -303 | P138: =P137-S138 -> -231 | Q138: 0 | R138: 0 | S138: 0 | T138: =D138+C138-V138 -> 1639 | U138: =U137+$X138*1000-Q138 -> 694 | V138: =V137+$X138*1000-R138 -> 677 | W138: =W137+$X138*1000-S138 -> 689
... A350: 336 | B350: =B349+1 -> 45379 | C350: =C349 -> 842 | D350: =D349+2 -> 1898 | E350: =C350+D350-H350 -> 1026 | F350: =C350+D350-I350 -> 1043 | G350: =D350+C350-J350 -> 971 | H350: =K350+N350 -> 1714 | I350: =L350+O350 -> 1697 | J350: =M350+P350 -> 1769 | K350: =K349 -> 2000 | L350: =L349 -> 2000 | M350: =M349 -> 2000 | N350: =N349-Q350 -> -286 | O350: =O349-R350 -> -303 | P350: =P349-S350 -> -231 | Q350: 0 | R350: 0 | S350: 0 | T350: =D350+C350-V350 -> 2063 | U350: =U349+$X350*1000-Q350 -> 694 | V350: =V349+$X350*1000-R350 -> 677 | W350: =W349+$X350*1000-S350 -> 689
A351: 337 | B351: =B350+1 -> 45380 | C351: =C350 -> 842 | D351: =D350+2 -> 1900 | E351: =C351+D351-H351 -> 1033 | F351: =C351+D351-I351 -> 1049 | G351: =D351+C351-J351 -> 978 | H351: =K351+N351 -> 1709 | I351: =L351+O351 -> 1693 | J351: =M351+P351 -> 1764 | K351: =K350 -> 2000 | L351: =L350 -> 2000 | M351: =M350 -> 2000 | N351: =N350-Q351 -> -291 | O351: =O350-R351 -> -307 | P351: =P350-S351 -> -236 | Q351: 5 | R351: 4 | S351: 5 | T351: =D351+C351-V351 -> 1769 | U351: =U350+$X351*1000-Q351 -> 989 | V351: =V350+$X351*1000-R351 -> 973 | W351: =W350+$X351*1000-S351 -> 984 | X351: 0.3 | AB351: 5
A352: 338 | B352: =B351+1 -> 45381 | C352: =C351 -> 842 | D352: =D351+2 -> 1902 | E352: =C352+D352-H352 -> 1039 | F352: =C352+D352-I352 -> 1058 | G352: =D352+C352-J352 -> 984 | H352: =K352+N352 -> 1705 | I352: =L352+O352 -> 1686 | J352: =M352+P352 -> 1760 | K352: =K351 -> 2000 | L352: =L351 -> 2000 | M352: =M351 -> 2000 | N352: =N351-Q352 -> -295 | O352: =O351-R352 -> -314 | P352: =P351-S352 -> -240 | Q352: 4 | R352: 7 | S352: 4 | T352: =D352+C352-V352 -> 1778 | U352: =U351+$X352*1000-Q352 -> 985 | V352: =V351+$X352*1000-R352 -> 966 | W352: =W351+$X352*1000-S352 -> 980
A353: 339 | B353: =B352+1 -> 45382 | C353: =C352 -> 842 | D353: =D352+2 -> 1904 | E353: =C353+D353-H353 -> 1044 | F353: =C353+D353-I353 -> 1065 | G353: =D353+C353-J353 -> 989 | H353: =K353+N353 -> 1702 | I353: =L353+O353 -> 1681 | J353: =M353+P353 -> 1757 | K353: =K352 -> 2000 | L353: =L352 -> 2000 | M353: =M352 -> 2000 | N353: =N352-Q353 -> -298 | O353: =O352-R353 -> -319 | P353: =P352-S353 -> -243 | Q353: 3 | R353: 5 | S353: 3 | T353: =D353+C353-V353 -> 1785 | U353: =U352+$X353*1000-Q353 -> 982 | V353: =V352+$X353*1000-R353 -> 961 | W353: =W352+$X353*1000-S353 -> 977
A354: 340 | B354: =B353+1 -> 45383 | C354: =C353 -> 842 | D354: =D353+2 -> 1906 | E354: =C354+D354-H354 -> 1048 | F354: =C354+D354-I354 -> 1072 | G354: =D354+C354-J354 -> 993 | H354: =K354+N354 -> 1700 | I354: =L354+O354 -> 1676 | J354: =M354+P354 -> 1755 | K354: =K353 -> 2000 | L354: =L353 -> 2000 | M354: =M353 -> 2000 | N354: =N353-Q354 -> -300 | O354: =O353-R354 -> -324 | P354: =P353-S354 -> -245 | Q354: 2 | R354: 5 | S354: 2 | T354: =D354+C354-V354 -> 1792 | U354: =U353+$X354*1000-Q354 -> 980 | V354: =V353+$X354*1000-R354 -> 956 | W354: =W353+$X354*1000-S354 -> 975
A355: 341 | B355: =B354+1 -> 45384 | C355: =C354 -> 842 | D355: =D354+2 -> 1908 | E355: =C355+D355-H355 -> 1054 | F355: =C355+D355-I355 -> 1078 | G355: =D355+C355-J355 -> 999 | H355: =K355+N355 -> 1696 | I355: =L355+O355 -> 1672 | J355: =M355+P355 -> 1751 | K355: =K354 -> 2000 | L355: =L354 -> 2000 | M355: =M354 -> 2000 | N355: =N354-Q355 -> -304 | O355: =O354-R355 -> -328 | P355: =P354-S355 -> -249 | Q355: 4 | R355: 4 | S355: 4 | T355: =D355+C355-V355 -> 1498 | U355: =U354+$X355*1000-Q355 -> 1276 | V355: =V354+$X355*1000-R355 -> 1252 | W355: =W354+$X355*1000-S355 -> 1271 | X355: 0.3 | AB355: =+AB351-1 -> 4
A356: 342 | B356: =B355+1 -> 45385 | C356: =C355 -> 842 | D356: =D355+2 -> 1910 | E356: =C356+D356-H356 -> 1059 | F356: =C356+D356-I356 -> 1083 | G356: =D356+C356-J356 -> 1004 | H356: =K356+N356 -> 1693 | I356: =L356+O356 -> 1669 | J356: =M356+P356 -> 1748 | K356: =K355 -> 2000 | L356: =L355 -> 2000 | M356: =M355 -> 2000 | N356: =N355-Q356 -> -307 | O356: =O355-R356 -> -331 | P356: =P355-S356 -> -252 | Q356: 3 | R356: 3 | S356: 3 | T356: =D356+C356-V356 -> 1503 | U356: =U355+$X356*1000-Q356 -> 1273 | V356: =V355+$X356*1000-R356 -> 1249 | W356: =W355+$X356*1000-S356 -> 1268
A357: 343 | B357: =B356+1 -> 45386 | C357: =C356 -> 842 | D357: =D356+2 -> 1912 | E357: =C357+D357-H357 -> 1063 | F357: =C357+D357-I357 -> 1087 | G357: =D357+C357-J357 -> 1008 | H357: =K357+N357 -> 1691 | I357: =L357+O357 -> 1667 | J357: =M357+P357 -> 1746 | K357: =K356 -> 2000 | L357: =L356 -> 2000 | M357: =M356 -> 2000 | N357: =N356-Q357 -> -309 | O357: =O356-R357 -> -333 | P357: =P356-S357 -> -254 | Q357: 2 | R357: 2 | S357: 2 | T357: =D357+C357-V357 -> 1507 | U357: =U356+$X357*1000-Q357 -> 1271 | V357: =V356+$X357*1000-R357 -> 1247 | W357: =W356+$X357*1000-S357 -> 1266
A358: 344 | B358: =B357+1 -> 45387 | C358: =C357 -> 842 | D358: =D357+2 -> 1914 | E358: =C358+D358-H358 -> 1069 | F358: =C358+D358-I358 -> 1093 | G358: =D358+C358-J358 -> 1014 | H358: =K358+N358 -> 1687 | I358: =L358+O358 -> 1663 | J358: =M358+P358 -> 1742 | K358: =K357 -> 2000 | L358: =L357 -> 2000 | M358: =M357 -> 2000 | N358: =N357-Q358 -> -313 | O358: =O357-R358 -> -337 | P358: =P357-S358 -> -258 | Q358: 4 | R358: 4 | S358: 4 | T358: =D358+C358-V358 -> 1513 | U358: =U357+$X358*1000-Q358 -> 1267 | V358: =V357+$X358*1000-R358 -> 1243 | W358: =W357+$X358*1000-S358 -> 1262
A359: 345 | B359: =B358+1 -> 45388 | C359: =C358 -> 842 | D359: =D358+2 -> 1916 | E359: =C359+D359-H359 -> 1078 | F359: =C359+D359-I359 -> 1102 | G359: =D359+C359-J359 -> 1023 | H359: =K359+N359 -> 1680 | I359: =L359+O359 -> 1656 | J359: =M359+P359 -> 1735 | K359: =K358 -> 2000 | L359: =L358 -> 2000 | M359: =M358 -> 2000 | N359: =N358-Q359 -> -320 | O359: =O358-R359 -> -344 | P359: =P358-S359 -> -265 | Q359: 7 | R359: 7 | S359: 7 | T359: =D359+C359-V359 -> 1522 | U359: =U358+$X359*1000-Q359 -> 1260 | V359: =V358+$X359*1000-R359 -> 1236 | W359: =W358+$X359*1000-S359 -> 1255
A360: 346 | B360: =B359+1 -> 45389 | C360: =C359 -> 842 | D360: =D359+2 -> 1918 | E360: =C360+D360-H360 -> 1085 | F360: =C360+D360-I360 -> 1109 | G360: =D360+C360-J360 -> 1030 | H360: =K360+N360 -> 1675 | I360: =L360+O360 -> 1651 | J360: =M360+P360 -> 1730 | K360: =K359 -> 2000 | L360: =L359 -> 2000 | M360: =M359 -> 2000 | N360: =N359-Q360 -> -325 | O360: =O359-R360 -> -349 | P360: =P359-S360 -> -270 | Q360: 5 | R360: 5 | S360: 5 | T360: =D360+C360-V360 -> 1229 | U360: =U359+$X360*1000-Q360 -> 1555 | V360: =V359+$X360*1000-R360 -> 1531 | W360: =W359+$X360*1000-S360 -> 1550 | X360: 0.3 | AB360: =+AB355-1 -> 3
A361: 347 | B361: =B360+1 -> 45390 | C361: =C360 -> 842 | D361: =D360+2 -> 1920 | E361: =C361+D361-H361 -> 1092 | F361: =C361+D361-I361 -> 1116 | G361: =D361+C361-J361 -> 1037 | H361: =K361+N361 -> 1670 | I361: =L361+O361 -> 1646 | J361: =M361+P361 -> 1725 | K361: =K360 -> 2000 | L361: =L360 -> 2000 | M361: =M360 -> 2000 | N361: =N360-Q361 -> -330 | O361: =O360-R361 -> -354 | P361: =P360-S361 -> -275 | Q361: 5 | R361: 5 | S361: 5 | T361: =D361+C361-V361 -> 1236 | U361: =U360+$X361*1000-Q361 -> 1550 | V361: =V360+$X361*1000-R361 -> 1526 | W361: =W360+$X361*1000-S361 -> 1545
A362: 348 | B362: =B361+1 -> 45391 | C362: =C361 -> 842 | D362: =D361+2 -> 1922 | E362: =C362+D362-H362 -> 1098 | F362: =C362+D362-I362 -> 1122 | G362: =D362+C362-J362 -> 1043 | H362: =K362+N362 -> 1666 | I362: =L362+O362 -> 1642 | J362: =M362+P362 -> 1721 | K362: =K361 -> 2000 | L362: =L361 -> 2000 | M362: =M361 -> 2000 | N362: =N361-Q362 -> -334 | O362: =O361-R362 -> -358 | P362: =P361-S362 -> -279 | Q362: 4 | R362: 4 | S362: 4 | T362: =D362+C362-V362 -> 1242 | U362: =U361+$X362*1000-Q362 -> 1546 | V362: =V361+$X362*1000-R362 -> 1522 | W362: =W361+$X362*1000-S362 -> 1541 | AB362: trước nối cần
A363: 349 | B363: =B362+1 -> 45392 | C363: =C362 -> 842 | D363: =D362+2 -> 1924 | E363: =C363+D363-H363 -> 103 | F363: =C363+D363-I363 -> 127 | G363: =D363+C363-J363 -> 48 | H363: =K363+N363 -> 2663 | I363: =L363+O363 -> 2639 | J363: =M363+P363 -> 2718 | K363: =K362+1000 -> 3000 | L363: =L362+1000 -> 3000 | M363: =M362+1000 -> 3000 | N363: =N362-Q363 -> -337 | O363: =O362-R363 -> -361 | P363: =P362-S363 -> -282 | Q363: 3 | R363: 3 | S363: 3 | T363: =D363+C363-V363 -> 1247 | U363: =U362+$X363*1000-Q363 -> 1543 | V363: =V362+$X363*1000-R363 -> 1519 | W363: =W362+$X363*1000-S363 -> 1538 | AB363: sau nối cần
A364: 350 | B364: =B363+1 -> 45393 | C364: =C363 -> 842 | D364: =D363+2 -> 1926 | E364: =C364+D364-H364 -> 107 | F364: =C364+D364-I364 -> 131 | G364: =D364+C364-J364 -> 58 | H364: =K364+N364 -> 2661 | I364: =L364+O364 -> 2637 | J364: =M364+P364 -> 2710 | K364: =K363 -> 3000 | L364: =L363 -> 3000 | M364: =M363 -> 3000 | N364: =N363-Q364 -> -339 | O364: =O363-R364 -> -363 | P364: =P363-S364 -> -290 | Q364: 2 | R364: 2 | S364: 8 | T364: =D364+C364-V364 -> 951 | U364: =U363+$X364*1000-Q364 -> 1841 | V364: =V363+$X364*1000-R364 -> 1817 | W364: =W363+$X364*1000-S364 -> 1830 | X364: 0.3 | AB364: =+AB360-1 -> 2
A365: 351 | B365: =B364+1 -> 45394 | C365: =C364 -> 842 | D365: =D364+2 -> 1928 | E365: =C365+D365-H365 -> 113 | F365: =C365+D365-I365 -> 137 | G365: =D365+C365-J365 -> 64 | H365: =K365+N365 -> 2657 | I365: =L365+O365 -> 2633 | J365: =M365+P365 -> 2706 | K365: =K364 -> 3000 | L365: =L364 -> 3000 | M365: =M364 -> 3000 | N365: =N364-Q365 -> -343 | O365: =O364-R365 -> -367 | P365: =P364-S365 -> -294 | Q365: 4 | R365: 4 | S365: 4 | T365: =D365+C365-V365 -> 957 | U365: =U364+$X365*1000-Q365 -> 1837 | V365: =V364+$X365*1000-R365 -> 1813 | W365: =W364+$X365*1000-S365 -> 1826
A366: 352 | B366: =B365+1 -> 45395 | C366: =C365 -> 842 | D366: =D365+2 -> 1930 | E366: =C366+D366-H366 -> 118 | F366: =C366+D366-I366 -> 142 | G366: =D366+C366-J366 -> 69 | H366: =K366+N366 -> 2654 | I366: =L366+O366 -> 2630 | J366: =M366+P366 -> 2703 | K366: =K365 -> 3000 | L366: =L365 -> 3000 | M366: =M365 -> 3000 | N366: =N365-Q366 -> -346 | O366: =O365-R366 -> -370 | P366: =P365-S366 -> -297 | Q366: 3 | R366: 3 | S366: 3 | T366: =D366+C366-V366 -> 962 | U366: =U365+$X366*1000-Q366 -> 1834 | V366: =V365+$X366*1000-R366 -> 1810 | W366: =W365+$X366*1000-S366 -> 1823
A367: 353 | B367: =B366+1 -> 45396 | C367: =C366 -> 842 | D367: =D366+2 -> 1932 | E367: =C367+D367-H367 -> 124 | F367: =C367+D367-I367 -> 148 | G367: =D367+C367-J367 -> 75 | H367: =K367+N367 -> 2650 | I367: =L367+O367 -> 2626 | J367: =M367+P367 -> 2699 | K367: =K366 -> 3000 | L367: =L366 -> 3000 | M367: =M366 -> 3000 | N367: =N366-Q367 -> -350 | O367: =O366-R367 -> -374 | P367: =P366-S367 -> -301 | Q367: 4 | R367: 4 | S367: 4 | T367: =D367+C367-V367 -> 968 | U367: =U366+$X367*1000-Q367 -> 1830 | V367: =V366+$X367*1000-R367 -> 1806 | W367: =W366+$X367*1000-S367 -> 1819
A368: 354 | B368: =B367+1 -> 45397 | C368: =C367 -> 842 | D368: =D367+2 -> 1934 | E368: =C368+D368-H368 -> 133 | F368: =C368+D368-I368 -> 153 | G368: =D368+C368-J368 -> 84 | H368: =K368+N368 -> 2643 | I368: =L368+O368 -> 2623 | J368: =M368+P368 -> 2692 | K368: =K367 -> 3000 | L368: =L367 -> 3000 | M368: =M367 -> 3000 | N368: =N367-Q368 -> -357 | O368: =O367-R368 -> -377 | P368: =P367-S368 -> -308 | Q368: 7 | R368: 3 | S368: 7 | T368: =D368+C368-V368 -> 973 | U368: =U367+$X368*1000-Q368 -> 1823 | V368: =V367+$X368*1000-R368 -> 1803 | W368: =W367+$X368*1000-S368 -> 1812
A369: 355 | B369: =B368+1 -> 45398 | C369: =C368 -> 842 | D369: =D368+2 -> 1936 | E369: =C369+D369-H369 -> 140 | F369: =C369+D369-I369 -> 157 | G369: =D369+C369-J369 -> 94 | H369: =K369+N369 -> 2638 | I369: =L369+O369 -> 2621 | J369: =M369+P369 -> 2684 | K369: =K368 -> 3000 | L369: =L368 -> 3000 | M369: =M368 -> 3000 | N369: =N368-Q369 -> -362 | O369: =O368-R369 -> -379 | P369: =P368-S369 -> -316 | Q369: 5 | R369: 2 | S369: 8 | T369: =D369+C369-V369 -> 677 | U369: =U368+$X369*1000-Q369 -> 2118 | V369: =V368+$X369*1000-R369 -> 2101 | W369: =W368+$X369*1000-S369 -> 2104 | X369: 0.3 | AB369: =+AB364-1 -> 1
A370: 356 | B370: =B369+1 -> 45399 | C370: =C369 -> 842 | D370: =D369+2 -> 1938 | E370: =C370+D370-H370 -> 147 | F370: =C370+D370-I370 -> 163 | G370: =D370+C370-J370 -> 101 | H370: =K370+N370 -> 2633 | I370: =L370+O370 -> 2617 | J370: =M370+P370 -> 2679 | K370: =K369 -> 3000 | L370: =L369 -> 3000 | M370: =M369 -> 3000 | N370: =N369-Q370 -> -367 | O370: =O369-R370 -> -383 | P370: =P369-S370 -> -321 | Q370: 5 | R370: 4 | S370: 5 | T370: =D370+C370-V370 -> 683 | U370: =U369+$X370*1000-Q370 -> 2113 | V370: =V369+$X370*1000-R370 -> 2097 | W370: =W369+$X370*1000-S370 -> 2099
A371: 357 | B371: =B370+1 -> 45400 | C371: =C370 -> 842 | D371: =D370+2 -> 1940 | E371: =C371+D371-H371 -> 153 | F371: =C371+D371-I371 -> 172 | G371: =D371+C371-J371 -> 107 | H371: =K371+N371 -> 2629 | I371: =L371+O371 -> 2610 | J371: =M371+P371 -> 2675 | K371: =K370 -> 3000 | L371: =L370 -> 3000 | M371: =M370 -> 3000 | N371: =N370-Q371 -> -371 | O371: =O370-R371 -> -390 | P371: =P370-S371 -> -325 | Q371: 4 | R371: 7 | S371: 4 | T371: =D371+C371-V371 -> 692 | U371: =U370+$X371*1000-Q371 -> 2109 | V371: =V370+$X371*1000-R371 -> 2090 | W371: =W370+$X371*1000-S371 -> 2095
A372: 358 | B372: =B371+1 -> 45401 | C372: =C371 -> 842 | D372: =D371+2 -> 1942 | E372: =C372+D372-H372 -> 158 | F372: =C372+D372-I372 -> 179 | G372: =D372+C372-J372 -> 112 | H372: =K372+N372 -> 2626 | I372: =L372+O372 -> 2605 | J372: =M372+P372 -> 2672 | K372: =K371 -> 3000 | L372: =L371 -> 3000 | M372: =M371 -> 3000 | N372: =N371-Q372 -> -374 | O372: =O371-R372 -> -395 | P372: =P371-S372 -> -328 | Q372: 3 | R372: 5 | S372: 3 | T372: =D372+C372-V372 -> 699 | U372: =U371+$X372*1000-Q372 -> 2106 | V372: =V371+$X372*1000-R372 -> 2085 | W372: =W371+$X372*1000-S372 -> 2092
A373: 359 | B373: =B372+1 -> 45402 | C373: =C372 -> 842 | D373: =D372+2 -> 1944 | E373: =C373+D373-H373 -> 162 | F373: =C373+D373-I373 -> 186 | G373: =D373+C373-J373 -> 116 | H373: =K373+N373 -> 2624 | I373: =L373+O373 -> 2600 | J373: =M373+P373 -> 2670 | K373: =K372 -> 3000 | L373: =L372 -> 3000 | M373: =M372 -> 3000 | N373: =N372-Q373 -> -376 | O373: =O372-R373 -> -400 | P373: =P372-S373 -> -330 | Q373: 2 | R373: 5 | S373: 2 | T373: =D373+C373-V373 -> 706 | U373: =U372+$X373*1000-Q373 -> 2104 | V373: =V372+$X373*1000-R373 -> 2080 | W373: =W372+$X373*1000-S373 -> 2090
A374: 360 | B374: =B373+1 -> 45403 | C374: =C373 -> 842 | D374: =D373+2 -> 1946 | E374: =C374+D374-H374 -> 168 | F374: =C374+D374-I374 -> 192 | G374: =D374+C374-J374 -> 119 | H374: =K374+N374 -> 2620 | I374: =L374+O374 -> 2596 | J374: =M374+P374 -> 2669 | K374: =K373 -> 3000 | L374: =L373 -> 3000 | M374: =M373 -> 3000 | N374: =N373-Q374 -> -380 | O374: =O373-R374 -> -404 | P374: =P373-S374 -> -331 | Q374: 4 | R374: 4 | S374: 1 | T374: =D374+C374-V374 -> 712 | U374: =U373+$X374*1000-Q374 -> 2100 | V374: =V373+$X374*1000-R374 -> 2076 | W374: =W373+$X374*1000-S374 -> 2089
A375: 361 | B375: =B374+1 -> 45404 | C375: =C374 -> 842 | D375: =D374+2 -> 1948 | E375: =C375+D375-H375 -> 173 | F375: =C375+D375-I375 -> 197 | G375: =D375+C375-J375 -> 122 | H375: =K375+N375 -> 2617 | I375: =L375+O375 -> 2593 | J375: =M375+P375 -> 2668 | K375: =K374 -> 3000 | L375: =L374 -> 3000 | M375: =M374 -> 3000 | N375: =N374-Q375 -> -383 | O375: =O374-R375 -> -407 | P375: =P374-S375 -> -332 | Q375: 3 | R375: 3 | S375: 1 | T375: =D375+C375-V375 -> 717 | U375: =U374+$X375*1000-Q375 -> 2097 | V375: =V374+$X375*1000-R375 -> 2073 | W375: =W374+$X375*1000-S375 -> 2088
A376: 362 | B376: =B375+1 -> 45405 | C376: =C375 -> 842 | D376: =D375+2 -> 1950 | E376: =C376+D376-H376 -> 177 | F376: =C376+D376-I376 -> 201 | G376: =D376+C376-J376 -> 125 | H376: =K376+N376 -> 2615 | I376: =L376+O376 -> 2591 | J376: =M376+P376 -> 2667 | K376: =K375 -> 3000 | L376: =L375 -> 3000 | M376: =M375 -> 3000 | N376: =N375-Q376 -> -385 | O376: =O375-R376 -> -409 | P376: =P375-S376 -> -333 | Q376: 2 | R376: 2 | S376: 1 | T376: =D376+C376-V376 -> 721 | U376: =U375+$X376*1000-Q376 -> 2095 | V376: =V375+$X376*1000-R376 -> 2071 | W376: =W375+$X376*1000-S376 -> 2087
A377: 363 | B377: =B376+1 -> 45406 | C377: =C376 -> 842 | D377: =D376+2 -> 1952 | E377: =C377+D377-H377 -> 182 | F377: =C377+D377-I377 -> 206 | G377: =D377+C377-J377 -> 127 | H377: =K377+N377 -> 2612 | I377: =L377+O377 -> 2588 | J377: =M377+P377 -> 2667 | K377: =K376 -> 3000 | L377: =L376 -> 3000 | M377: =M376 -> 3000 | N377: =N376-Q377 -> -388 | O377: =O376-R377 -> -412 | P377: =P376-S377 -> -333 | Q377: 3 | R377: 3 | S377: 0 | T377: =D377+C377-V377 -> 726 | U377: =U376+$X377*1000-Q377 -> 2092 | V377: =V376+$X377*1000-R377 -> 2068 | W377: =W376+$X377*1000-S377 -> 2087
A378: 364 | B378: =B377+1 -> 45407 | C378: =C377 -> 842 | D378: =D377+2 -> 1954 | E378: =C378+D378-H378 -> 186 | F378: =C378+D378-I378 -> 210 | G378: =D378+C378-J378 -> 130 | H378: =K378+N378 -> 2610 | I378: =L378+O378 -> 2586 | J378: =M378+P378 -> 2666 | K378: =K377 -> 3000 | L378: =L377 -> 3000 | M378: =M377 -> 3000 | N378: =N377-Q378 -> -390 | O378: =O377-R378 -> -414 | P378: =P377-S378 -> -334 | Q378: 2 | R378: 2 | S378: 1 | T378: =D378+C378-V378 -> 730 | U378: =U377+$X378*1000-Q378 -> 2090 | V378: =V377+$X378*1000-R378 -> 2066 | W378: =W377+$X378*1000-S378 -> 2086
A379: 365 | B379: =B378+1 -> 45408 | C379: =C378 -> 842 | D379: =D378+2 -> 1956 | E379: =C379+D379-H379 -> 192 | F379: =C379+D379-I379 -> 216 | G379: =D379+C379-J379 -> 132 | H379: =K379+N379 -> 2606 | I379: =L379+O379 -> 2582 | J379: =M379+P379 -> 2666 | K379: =K378 -> 3000 | L379: =L378 -> 3000 | M379: =M378 -> 3000 | N379: =N378-Q379 -> -394 | O379: =O378-R379 -> -418 | P379: =P378-S379 -> -334 | Q379: 4 | R379: 4 | S379: 0 | T379: =D379+C379-V379 -> 736 | U379: =U378+$X379*1000-Q379 -> 2086 | V379: =V378+$X379*1000-R379 -> 2062 | W379: =W378+$X379*1000-S379 -> 2086
A380: 366 | B380: =B379+1 -> 45409 | C380: =C379 -> 842 | D380: =D379+2 -> 1958 | E380: =C380+D380-H380 -> 197 | F380: =C380+D380-I380 -> 221 | G380: =D380+C380-J380 -> 135 | H380: =K380+N380 -> 2603 | I380: =L380+O380 -> 2579 | J380: =M380+P380 -> 2665 | K380: =K379 -> 3000 | L380: =L379 -> 3000 | M380: =M379 -> 3000 | N380: =N379-Q380 -> -397 | O380: =O379-R380 -> -421 | P380: =P379-S380 -> -335 | Q380: 3 | R380: 3 | S380: 1 | T380: =D380+C380-V380 -> 741 | U380: =U379+$X380*1000-Q380 -> 2083 | V380: =V379+$X380*1000-R380 -> 2059 | W380: =W379+$X380*1000-S380 -> 2085
A381: 367 | B381: =B380+1 -> 45410 | C381: =C380 -> 842 | D381: =D380+2 -> 1960 | E381: =C381+D381-H381 -> 203 | F381: =C381+D381-I381 -> 227 | G381: =D381+C381-J381 -> 138 | H381: =K381+N381 -> 2599 | I381: =L381+O381 -> 2575 | J381: =M381+P381 -> 2664 | K381: =K380 -> 3000 | L381: =L380 -> 3000 | M381: =M380 -> 3000 | N381: =N380-Q381 -> -401 | O381: =O380-R381 -> -425 | P381: =P380-S381 -> -336 | Q381: 4 | R381: 4 | S381: 1 | T381: =D381+C381-V381 -> 747 | U381: =U380+$X381*1000-Q381 -> 2079 | V381: =V380+$X381*1000-R381 -> 2055 | W381: =W380+$X381*1000-S381 -> 2084
... A505: 491 | B505: =B504+1 -> 45534 | C505: =C504 -> 842 | D505: =D504+2 -> 2208 | E505: =C505+D505-H505 -> 486 | F505: =C505+D505-I505 -> 510 | G505: =D505+C505-J505 -> 390 | H505: =K505+N505 -> 2564 | I505: =L505+O505 -> 2540 | J505: =M505+P505 -> 2660 | K505: =K504 -> 3000 | L505: =L504 -> 3000 | M505: =M504 -> 3000 | N505: =N504-Q505 -> -436 | O505: =O504-R505 -> -460 | P505: =P504-S505 -> -340 | Q505: 0 | R505: 0 | S505: 0 | T505: =D505+C505-V505 -> 1030 | U505: =U504+$X505*1000-Q505 -> 2044 | V505: =V504+$X505*1000-R505 -> 2020 | W505: =W504+$X505*1000-S505 -> 2080
...

Sheet BC.114+320
A1: 13 | B1: DỰ ÁN THÀNH PHẦN ĐOẠN HẬU GIANG - CÀ MAU
B2: THUỘC DỰ ÁN XÂY DỰNG CÔNG TRÌNH ĐƯỜNG BỘ CAO TỐC BẮC - NAM PHÍA ĐÔNG GIAI ĐOẠN 2021 - 2025
B3: =UPPER("GÓI THẦU XL03 :Thi Công Xây Dựng Đoạn Tuyến Km114+200 - Km126+223 Bao Gồm Tuyến Nối Nút Giao IC12 Với QL1 (bao gồm khảo sát, thiết kế BVTC)") -> GÓI THẦU XL03 :THI CÔNG XÂY DỰNG ĐOẠN TUYẾN KM114+200 - KM126+223 BAO GỒM TUYẾN NỐI NÚT GIAO IC12 VỚI QL1 (BAO GỒM KHẢO SÁT, THIẾT KẾ BVTC)
B4: CHỦ ĐẦU TƯ | J4: TƯ VẤN GIÁM SÁT | T4: NHÀ THẦU
B5: BAN QUẢN LÝ DỰ ÁN MỸ THUẬN | J5: =UPPER("Liên danh Phân viện KHCN GTVT phía Nam - Công ty Cổ phần Tư vấn kỹ thuật và xây dựng Hồng Hà") -> LIÊN DANH PHÂN VIỆN KHCN GTVT PHÍA NAM - CÔNG TY CỔ PHẦN TƯ VẤN KỸ THUẬT VÀ XÂY DỰNG HỒNG HÀ | T5: LIÊN DANH CC1 - HẢI ĐĂNG - VẠN CƯỜNG - 492 - BẮC TRUNG NAM
B6: BIỂU GHI ĐO QUAN TRẮC LÚN
B7: Người lập: | C7: ='114+320'!C8 -> 0 | L7: Tên mốc: | N7: ='114+320'!M8 -> 0
B8: Thời tiết: | C8: ='114+320'!C9 -> Nắng | L8: Cao độ mốc: | N8: ='114+320'!M9 -> 842
B9: Lý trình: | C9: ='114+320'!C10 -> Km114+320 | L9: Ngày đặt bàn: | N9: ='114+320'!M10 -> 45043
B11: Ngày | C11: Ngày cộng dồn | D11: Cao độ mốc | E11: Số đọc mia của mốc | F11: Cao độ đường ngắm | G11: Trái | M11: Tim | S11: Phải | Z11: Chiều dày lớp đắp (m) | AA11: Chiều cao nền đắp (m) | AB11: Chiều dày nền đắp (m)
G12: Cao độ đắp (mm) | H12: Số đọc mia | I12: Cao độ quan trắc (mm) | J12: Cao độ bàn đo lún (mm) | K12: Độ lún (mm) | L12: Độ lún tích lũy (mm) | M12: Cao độ đắp (mm) | N12: Số đọc mia | O12: Cao độ quan trắc (mm) | P12: Cao độ bàn đo lún (mm) | Q12: Độ lún (mm) | R12: Độ lún tích lũy (mm) | S12: Cao độ đắp (mm) | T12: Số đọc mia | U12: Cao độ quan trắc (mm) | V12: Cao độ bàn đo lún (mm) | W12: Độ lún (mm) | X12: Độ lún tích lũy (mm)
B13: ='114+320'!B14 -> 45043 | C13: 0 | D13: =VLOOKUP(B13,'114+320'!B14:AB115,2,FALSE) -> 842 | E13: =VLOOKUP(B13,'114+320'!B14:AB115,3,FALSE) -> 1674 | F13: =D13+E13 -> 2516 | G13: =VLOOKUP(B13,'114+320'!$B$14:$AB$115,20,FALSE) -> -180 | H13: =VLOOKUP(B13,'114+320'!$B$14:$AB$115,4,FALSE) -> 696 | I13: =F13-H13 -> 1820 | J13: =VLOOKUP(B13,'114+320'!$B$14:$AB$115,13,FALSE) -> -180 | K13: ='114+320'!Q14 -> 0 | L13: 0 | M13: =VLOOKUP(B13,'114+320'!$B$14:$AB$115,21,FALSE) -> -180 | N13: =VLOOKUP(B13,'114+320'!$B$14:$AB$115,5,FALSE) -> 696 | O13: =F13-N13 -> 1820 | P13: =VLOOKUP(B13,'114+320'!$B$14:$AB$115,14,FALSE) -> -180 | Q13: ='114+320'!R14 -> 0 | R13: 0 | S13: =VLOOKUP(B13,'114+320'!$B$14:$AB$115,22,FALSE) -> -120 | T13: =VLOOKUP(B13,'114+320'!$B$13:$AB$115,6,FALSE) -> 636 | U13: =F13-T13 -> 1880 | V13: =VLOOKUP(B13,'114+320'!$B$14:$AB$115,15,FALSE) -> -120 | W13: ='114+320'!S14 -> 0 | X13: 0 | Y13: 0 | Z13: =IF(Y13>0,Y13,0) -> 0 | AA13: =Z13 -> 0 | AB13: 0
B14: ='114+320'!B15 -> 45044 | C14: =B14-B13 -> 1 | D14: =D13 -> 842 | E14: =VLOOKUP(B14,'114+320'!B15:AB116,3,FALSE) -> 1672 | F14: =D14+E14 -> 2514 | G14: =VLOOKUP(B14,'114+320'!$B$15:$AB$115,20,FALSE) -> -180 | H14: =VLOOKUP(B14,'114+320'!$B$15:$AB$115,4,FALSE) -> 694 | I14: =F14-H14 -> 1820 | J14: =VLOOKUP(B14,'114+320'!$B$15:$AB$115,13,FALSE) -> -180 | K14: ='114+320'!Q15 -> 0 | L14: =+K14+L13 -> 0 | M14: =VLOOKUP(B14,'114+320'!$B$14:$AB$115,21,FALSE) -> -180 | N14: =VLOOKUP(B14,'114+320'!$B$15:$AB$115,5,FALSE) -> 694 | O14: =F14-N14 -> 1820 | P14: =VLOOKUP(B14,'114+320'!$B$15:$AB$115,14,FALSE) -> -180 | Q14: ='114+320'!R15 -> 0 | R14: =+Q14+R13 -> 0 | S14: =VLOOKUP(B14,'114+320'!$B$14:$AB$115,22,FALSE) -> -120 | T14: =VLOOKUP(B14,'114+320'!$B$15:$AB$115,6,FALSE) -> 634 | U14: =F14-T14 -> 1880 | V14: =VLOOKUP(B14,'114+320'!$B$15:$AB$115,15,FALSE) -> -120 | W14: ='114+320'!S15 -> 0 | X14: =+W14+X13 -> 0 | Y14: =S14-S13 -> 0 | Z14: =IF(Y14>0,Y14,0)/1000 -> 0 | AA14: =AA13+Z14 -> 0 | AB14: =(M14-$M$13-R14)/1000 -> 0
A15: 1 | B15: ='114+320'!B16 -> 45045 | C15: =B15-B14 -> 1 | D15: =D14 -> 842 | E15: =VLOOKUP(B15,'114+320'!B16:AB117,3,FALSE) -> 1670 | F15: =D15+E15 -> 2512 | G15: =VLOOKUP(B15,'114+320'!$B$15:$AB$115,20,FALSE) -> -180 | H15: =VLOOKUP(B15,'114+320'!$B$15:$AB$115,4,FALSE) -> 692 | I15: =F15-H15 -> 1820 | J15: =VLOOKUP(B15,'114+320'!$B$15:$AB$115,13,FALSE) -> -180 | K15: ='114+320'!Q16 -> 0 | L15: =+K15+L14 -> 0 | M15: =VLOOKUP(B15,'114+320'!$B$14:$AB$115,21,FALSE) -> -180 | N15: =VLOOKUP(B15,'114+320'!$B$15:$AB$115,5,FALSE) -> 692 | O15: =F15-N15 -> 1820 | P15: =VLOOKUP(B15,'114+320'!$B$15:$AB$115,14,FALSE) -> -180 | Q15: ='114+320'!R16 -> 0 | R15: =+Q15+R14 -> 0 | S15: =VLOOKUP(B15,'114+320'!$B$14:$AB$115,22,FALSE) -> -120 | T15: =VLOOKUP(B15,'114+320'!$B$15:$AB$115,6,FALSE) -> 632 | U15: =F15-T15 -> 1880 | V15: =VLOOKUP(B15,'114+320'!$B$15:$AB$115,15,FALSE) -> -120 | W15: ='114+320'!S16 -> 0 | X15: =+W15+X14 -> 0 | Y15: =S15-S14 -> 0 | Z15: =IF(Y15>0,Y15,0)/1000 -> 0 | AA15: =AA14+Z15 -> 0 | AB15: =(M15-$M$13-R15)/1000 -> 0
A16: =A15+1 -> 2 | B16: ='114+320'!B17 -> 45046 | C16: =B16-B15 -> 1 | D16: =D15 -> 842 | E16: =VLOOKUP(B16,'114+320'!B17:AB118,3,FALSE) -> 1668 | F16: =D16+E16 -> 2510 | G16: =VLOOKUP(B16,'114+320'!$B$15:$AB$115,20,FALSE) -> -180 | H16: =VLOOKUP(B16,'114+320'!$B$15:$AB$115,4,FALSE) -> 690 | I16: =F16-H16 -> 1820 | J16: =VLOOKUP(B16,'114+320'!$B$15:$AB$115,13,FALSE) -> -180 | K16: ='114+320'!Q17 -> 0 | L16: =+K16+L15 -> 0 | M16: =VLOOKUP(B16,'114+320'!$B$14:$AB$115,21,FALSE) -> -180 | N16: =VLOOKUP(B16,'114+320'!$B$15:$AB$115,5,FALSE) -> 690 | O16: =F16-N16 -> 1820 | P16: =VLOOKUP(B16,'114+320'!$B$15:$AB$115,14,FALSE) -> -180 | Q16: ='114+320'!R17 -> 0 | R16: =+Q16+R15 -> 0 | S16: =VLOOKUP(B16,'114+320'!$B$14:$AB$115,22,FALSE) -> -120 | T16: =VLOOKUP(B16,'114+320'!$B$15:$AB$115,6,FALSE) -> 630 | U16: =F16-T16 -> 1880 | V16: =VLOOKUP(B16,'114+320'!$B$15:$AB$115,15,FALSE) -> -120 | W16: ='114+320'!S17 -> 0 | X16: =+W16+X15 -> 0 | Y16: =S16-S15 -> 0 | Z16: =IF(Y16>0,Y16,0)/1000 -> 0 | AA16: =AA15+Z16 -> 0 | AB16: =(M16-$M$13-R16)/1000 -> 0
A17: =A16+1 -> 3 | B17: ='114+320'!B18 -> 45047 | C17: =B17-B16 -> 1 | D17: =D16 -> 842 | E17: =VLOOKUP(B17,'114+320'!B18:AB119,3,FALSE) -> 1666 | F17: =D17+E17 -> 2508 | G17: =VLOOKUP(B17,'114+320'!$B$15:$AB$115,20,FALSE) -> -180 | H17: =VLOOKUP(B17,'114+320'!$B$15:$AB$115,4,FALSE) -> 688 | I17: =F17-H17 -> 1820 | J17: =VLOOKUP(B17,'114+320'!$B$15:$AB$115,13,FALSE) -> -180 | K17: ='114+320'!Q18 -> 0 | L17: =+K17+L16 -> 0 | M17: =VLOOKUP(B17,'114+320'!$B$14:$AB$115,21,FALSE) -> -180 | N17: =VLOOKUP(B17,'114+320'!$B$15:$AB$115,5,FALSE) -> 688 | O17: =F17-N17 -> 1820 | P17: =VLOOKUP(B17,'114+320'!$B$15:$AB$115,14,FALSE) -> -180 | Q17: ='114+320'!R18 -> 0 | R17: =+Q17+R16 -> 0 | S17: =VLOOKUP(B17,'114+320'!$B$14:$AB$115,22,FALSE) -> -120 | T17: =VLOOKUP(B17,'114+320'!$B$15:$AB$115,6,FALSE) -> 628 | U17: =F17-T17 -> 1880 | V17: =VLOOKUP(B17,'114+320'!$B$15:$AB$115,15,FALSE) -> -120 | W17: ='114+320'!S18 -> 0 | X17: =+W17+X16 -> 0 | Y17: =S17-S16 -> 0 | Z17: =IF(Y17>0,Y17,0)/1000 -> 0 | AA17: =AA16+Z17 -> 0 | AB17: =(M17-$M$13-R17)/1000 -> 0
A18: =A17+1 -> 4 | B18: ='114+320'!B19 -> 45048 | C18: =B18-B17 -> 1 | D18: =D17 -> 842 | E18: =VLOOKUP(B18,'114+320'!B19:AB120,3,FALSE) -> 1664 | F18: =D18+E18 -> 2506 | G18: =VLOOKUP(B18,'114+320'!$B$15:$AB$115,20,FALSE) -> -180 | H18: =VLOOKUP(B18,'114+320'!$B$15:$AB$115,4,FALSE) -> 686 | I18: =F18-H18 -> 1820 | J18: =VLOOKUP(B18,'114+320'!$B$15:$AB$115,13,FALSE) -> -180 | K18: ='114+320'!Q19 -> 0 | L18: =+K18+L17 -> 0 | M18: =VLOOKUP(B18,'114+320'!$B$14:$AB$115,21,FALSE) -> -180 | N18: =VLOOKUP(B18,'114+320'!$B$15:$AB$115,5,FALSE) -> 686 | O18: =F18-N18 -> 1820 | P18: =VLOOKUP(B18,'114+320'!$B$15:$AB$115,14,FALSE) -> -180 | Q18: ='114+320'!R19 -> 0 | R18: =+Q18+R17 -> 0 | S18: =VLOOKUP(B18,'114+320'!$B$14:$AB$115,22,FALSE) -> -120 | T18: =VLOOKUP(B18,'114+320'!$B$15:$AB$115,6,FALSE) -> 626 | U18: =F18-T18 -> 1880 | V18: =VLOOKUP(B18,'114+320'!$B$15:$AB$115,15,FALSE) -> -120 | W18: ='114+320'!S19 -> 0 | X18: =+W18+X17 -> 0 | Y18: =S18-S17 -> 0 | Z18: =IF(Y18>0,Y18,0)/1000 -> 0 | AA18: =AA17+Z18 -> 0 | AB18: =(M18-$M$13-R18)/1000 -> 0
A19: =A18+1 -> 5 | B19: ='114+320'!B20 -> 45049 | C19: =B19-B18 -> 1 | D19: =D18 -> 842 | E19: =VLOOKUP(B19,'114+320'!B20:AB121,3,FALSE) -> 1662 | F19: =D19+E19 -> 2504 | G19: =VLOOKUP(B19,'114+320'!$B$15:$AB$115,20,FALSE) -> -180 | H19: =VLOOKUP(B19,'114+320'!$B$15:$AB$115,4,FALSE) -> 684 | I19: =F19-H19 -> 1820 | J19: =VLOOKUP(B19,'114+320'!$B$15:$AB$115,13,FALSE) -> -180 | K19: ='114+320'!Q20 -> 0 | L19: =+K19+L18 -> 0 | M19: =VLOOKUP(B19,'114+320'!$B$14:$AB$115,21,FALSE) -> -180 | N19: =VLOOKUP(B19,'114+320'!$B$15:$AB$115,5,FALSE) -> 684 | O19: =F19-N19 -> 1820 | P19: =VLOOKUP(B19,'114+320'!$B$15:$AB$115,14,FALSE) -> -180 | Q19: ='114+320'!R20 -> 0 | R19: =+Q19+R18 -> 0 | S19: =VLOOKUP(B19,'114+320'!$B$14:$AB$115,22,FALSE) -> -120 | T19: =VLOOKUP(B19,'114+320'!$B$15:$AB$115,6,FALSE) -> 624 | U19: =F19-T19 -> 1880 | V19: =VLOOKUP(B19,'114+320'!$B$15:$AB$115,15,FALSE) -> -120 | W19: ='114+320'!S20 -> 0 | X19: =+W19+X18 -> 0 | Y19: =S19-S18 -> 0 | Z19: =IF(Y19>0,Y19,0)/1000 -> 0 | AA19: =AA18+Z19 -> 0 | AB19: =(M19-$M$13-R19)/1000 -> 0
A20: =A19+1 -> 6 | B20: ='114+320'!B21 -> 45050 | C20: =B20-B19 -> 1 | D20: =D19 -> 842 | E20: =VLOOKUP(B20,'114+320'!B21:AB122,3,FALSE) -> 1660 | F20: =D20+E20 -> 2502 | G20: =VLOOKUP(B20,'114+320'!$B$15:$AB$115,20,FALSE) -> -180 | H20: =VLOOKUP(B20,'114+320'!$B$15:$AB$115,4,FALSE) -> 682 | I20: =F20-H20 -> 1820 | J20: =VLOOKUP(B20,'114+320'!$B$15:$AB$115,13,FALSE) -> -180 | K20: ='114+320'!Q21 -> 0 | L20: =+K20+L19 -> 0 | M20: =VLOOKUP(B20,'114+320'!$B$14:$AB$115,21,FALSE) -> -180 | N20: =VLOOKUP(B20,'114+320'!$B$15:$AB$115,5,FALSE) -> 682 | O20: =F20-N20 -> 1820 | P20: =VLOOKUP(B20,'114+320'!$B$15:$AB$115,14,FALSE) -> -180 | Q20: ='114+320'!R21 -> 0 | R20: =+Q20+R19 -> 0 | S20: =VLOOKUP(B20,'114+320'!$B$14:$AB$115,22,FALSE) -> -120 | T20: =VLOOKUP(B20,'114+320'!$B$15:$AB$115,6,FALSE) -> 622 | U20: =F20-T20 -> 1880 | V20: =VLOOKUP(B20,'114+320'!$B$15:$AB$115,15,FALSE) -> -120 | W20: ='114+320'!S21 -> 0 | X20: =+W20+X19 -> 0 | Y20: =S20-S19 -> 0 | Z20: =IF(Y20>0,Y20,0)/1000 -> 0 | AA20: =AA19+Z20 -> 0 | AB20: =(M20-$M$13-R20)/1000 -> 0
A21: =A20+1 -> 7 | B21: ='114+320'!B22 -> 45051 | C21: =B21-B20 -> 1 | D21: =D20 -> 842 | E21: =VLOOKUP(B21,'114+320'!B22:AB123,3,FALSE) -> 1658 | F21: =D21+E21 -> 2500 | G21: =VLOOKUP(B21,'114+320'!$B$15:$AB$115,20,FALSE) -> -180 | H21: =VLOOKUP(B21,'114+320'!$B$15:$AB$115,4,FALSE) -> 680 | I21: =F21-H21 -> 1820 | J21: =VLOOKUP(B21,'114+320'!$B$15:$AB$115,13,FALSE) -> -180 | K21: ='114+320'!Q22 -> 0 | L21: =+K21+L20 -> 0 | M21: =VLOOKUP(B21,'114+320'!$B$14:$AB$115,21,FALSE) -> -180 | N21: =VLOOKUP(B21,'114+320'!$B$15:$AB$115,5,FALSE) -> 680 | O21: =F21-N21 -> 1820 | P21: =VLOOKUP(B21,'114+320'!$B$15:$AB$115,14,FALSE) -> -180 | Q21: ='114+320'!R22 -> 0 | R21: =+Q21+R20 -> 0 | S21: =VLOOKUP(B21,'114+320'!$B$14:$AB$115,22,FALSE) -> -120 | T21: =VLOOKUP(B21,'114+320'!$B$15:$AB$115,6,FALSE) -> 620 | U21: =F21-T21 -> 1880 | V21: =VLOOKUP(B21,'114+320'!$B$15:$AB$115,15,FALSE) -> -120 | W21: ='114+320'!S22 -> 0 | X21: =+W21+X20 -> 0 | Y21: =S21-S20 -> 0 | Z21: =IF(Y21>0,Y21,0)/1000 -> 0 | AA21: =AA20+Z21 -> 0 | AB21: =(M21-$M$13-R21)/1000 -> 0
B22: ='114+320'!B23 -> 45052 | C22: =B22-B21 -> 1 | D22: =D21 -> 842 | E22: =VLOOKUP(B22,'114+320'!B23:AB124,3,FALSE) -> 1656 | F22: =D22+E22 -> 2498 | G22: =VLOOKUP(B22,'114+320'!$B$15:$AB$115,20,FALSE) -> -180 | H22: =VLOOKUP(B22,'114+320'!$B$15:$AB$115,4,FALSE) -> 678 | I22: =F22-H22 -> 1820 | J22: =VLOOKUP(B22,'114+320'!$B$15:$AB$115,13,FALSE) -> -180 | K22: ='114+320'!Q23 -> 0 | L22: =+K22+L21 -> 0 | M22: =VLOOKUP(B22,'114+320'!$B$14:$AB$115,21,FALSE) -> -180 | N22: =VLOOKUP(B22,'114+320'!$B$15:$AB$115,5,FALSE) -> 678 | O22: =F22-N22 -> 1820 | P22: =VLOOKUP(B22,'114+320'!$B$15:$AB$115,14,FALSE) -> -180 | Q22: ='114+320'!R23 -> 0 | R22: =+Q22+R21 -> 0 | S22: =VLOOKUP(B22,'114+320'!$B$14:$AB$115,22,FALSE) -> -120 | T22: =VLOOKUP(B22,'114+320'!$B$15:$AB$115,6,FALSE) -> 618 | U22: =F22-T22 -> 1880 | V22: =VLOOKUP(B22,'114+320'!$B$15:$AB$115,15,FALSE) -> -120 | W22: ='114+320'!S23 -> 0 | X22: =+W22+X21 -> 0 | Y22: =S22-S21 -> 0 | Z22: =IF(Y22>0,Y22,0)/1000 -> 0 | AA22: =AA21+Z22 -> 0 | AB22: =(M22-$M$13-R22)/1000 -> 0
B23: ='114+320'!B24 -> 45053 | C23: =B23-B22 -> 1 | D23: =D22 -> 842 | E23: =VLOOKUP(B23,'114+320'!B24:AB125,3,FALSE) -> 1654 | F23: =D23+E23 -> 2496 | G23: =VLOOKUP(B23,'114+320'!$B$15:$AB$115,20,FALSE) -> -180 | H23: =VLOOKUP(B23,'114+320'!$B$15:$AB$115,4,FALSE) -> 676 | I23: =F23-H23 -> 1820 | J23: =VLOOKUP(B23,'114+320'!$B$15:$AB$115,13,FALSE) -> -180 | K23: ='114+320'!Q24 -> 0 | L23: =+K23+L22 -> 0 | M23: =VLOOKUP(B23,'114+320'!$B$14:$AB$115,21,FALSE) -> -180 | N23: =VLOOKUP(B23,'114+320'!$B$15:$AB$115,5,FALSE) -> 676 | O23: =F23-N23 -> 1820 | P23: =VLOOKUP(B23,'114+320'!$B$15:$AB$115,14,FALSE) -> -180 | Q23: ='114+320'!R24 -> 0 | R23: =+Q23+R22 -> 0 | S23: =VLOOKUP(B23,'114+320'!$B$14:$AB$115,22,FALSE) -> -120 | T23: =VLOOKUP(B23,'114+320'!$B$15:$AB$115,6,FALSE) -> 616 | U23: =F23-T23 -> 1880 | V23: =VLOOKUP(B23,'114+320'!$B$15:$AB$115,15,FALSE) -> -120 | W23: ='114+320'!S24 -> 0 | X23: =+W23+X22 -> 0 | Y23: =S23-S22 -> 0 | Z23: =IF(Y23>0,Y23,0)/1000 -> 0 | AA23: =AA22+Z23 -> 0 | AB23: =(M23-$M$13-R23)/1000 -> 0
B24: ='114+320'!B25 -> 45054 | C24: =B24-B23 -> 1 | D24: =D23 -> 842 | E24: =VLOOKUP(B24,'114+320'!B25:AB126,3,FALSE) -> 1652 | F24: =D24+E24 -> 2494 | G24: =VLOOKUP(B24,'114+320'!$B$15:$AB$115,20,FALSE) -> -180 | H24: =VLOOKUP(B24,'114+320'!$B$15:$AB$115,4,FALSE) -> 674 | I24: =F24-H24 -> 1820 | J24: =VLOOKUP(B24,'114+320'!$B$15:$AB$115,13,FALSE) -> -180 | K24: ='114+320'!Q25 -> 0 | L24: =+K24+L23 -> 0 | M24: =VLOOKUP(B24,'114+320'!$B$14:$AB$115,21,FALSE) -> -180 | N24: =VLOOKUP(B24,'114+320'!$B$15:$AB$115,5,FALSE) -> 674 | O24: =F24-N24 -> 1820 | P24: =VLOOKUP(B24,'114+320'!$B$15:$AB$115,14,FALSE) -> -180 | Q24: ='114+320'!R25 -> 0 | R24: =+Q24+R23 -> 0 | S24: =VLOOKUP(B24,'114+320'!$B$14:$AB$115,22,FALSE) -> -120 | T24: =VLOOKUP(B24,'114+320'!$B$15:$AB$115,6,FALSE) -> 614 | U24: =F24-T24 -> 1880 | V24: =VLOOKUP(B24,'114+320'!$B$15:$AB$115,15,FALSE) -> -120 | W24: ='114+320'!S25 -> 0 | X24: =+W24+X23 -> 0 | Y24: =S24-S23 -> 0 | Z24: =IF(Y24>0,Y24,0)/1000 -> 0 | AA24: =AA23+Z24 -> 0 | AB24: =(M24-$M$13-R24)/1000 -> 0
B25: ='114+320'!B26 -> 45055 | C25: =B25-B24 -> 1 | D25: =D24 -> 842 | E25: =VLOOKUP(B25,'114+320'!B26:AB127,3,FALSE) -> 1650 | F25: =D25+E25 -> 2492 | G25: =VLOOKUP(B25,'114+320'!$B$15:$AB$115,20,FALSE) -> -180 | H25: =VLOOKUP(B25,'114+320'!$B$15:$AB$115,4,FALSE) -> 672 | I25: =F25-H25 -> 1820 | J25: =VLOOKUP(B25,'114+320'!$B$15:$AB$115,13,FALSE) -> -180 | K25: ='114+320'!Q26 -> 0 | L25: =+K25+L24 -> 0 | M25: =VLOOKUP(B25,'114+320'!$B$14:$AB$115,21,FALSE) -> -180 | N25: =VLOOKUP(B25,'114+320'!$B$15:$AB$115,5,FALSE) -> 672 | O25: =F25-N25 -> 1820 | P25: =VLOOKUP(B25,'114+320'!$B$15:$AB$115,14,FALSE) -> -180 | Q25: ='114+320'!R26 -> 0 | R25: =+Q25+R24 -> 0 | S25: =VLOOKUP(B25,'114+320'!$B$14:$AB$115,22,FALSE) -> -120 | T25: =VLOOKUP(B25,'114+320'!$B$15:$AB$115,6,FALSE) -> 612 | U25: =F25-T25 -> 1880 | V25: =VLOOKUP(B25,'114+320'!$B$15:$AB$115,15,FALSE) -> -120 | W25: ='114+320'!S26 -> 0 | X25: =+W25+X24 -> 0 | Y25: =S25-S24 -> 0 | Z25: =IF(Y25>0,Y25,0)/1000 -> 0 | AA25: =AA24+Z25 -> 0 | AB25: =(M25-$M$13-R25)/1000 -> 0
B26: ='114+320'!B27 -> 45056 | C26: =B26-B25 -> 1 | D26: =D25 -> 842 | E26: =VLOOKUP(B26,'114+320'!B27:AB128,3,FALSE) -> 1648 | F26: =D26+E26 -> 2490 | G26: =VLOOKUP(B26,'114+320'!$B$15:$AB$115,20,FALSE) -> -180 | H26: =VLOOKUP(B26,'114+320'!$B$15:$AB$115,4,FALSE) -> 670 | I26: =F26-H26 -> 1820 | J26: =VLOOKUP(B26,'114+320'!$B$15:$AB$115,13,FALSE) -> -180 | K26: ='114+320'!Q27 -> 0 | L26: =+K26+L25 -> 0 | M26: =VLOOKUP(B26,'114+320'!$B$14:$AB$115,21,FALSE) -> -180 | N26: =VLOOKUP(B26,'114+320'!$B$15:$AB$115,5,FALSE) -> 670 | O26: =F26-N26 -> 1820 | P26: =VLOOKUP(B26,'114+320'!$B$15:$AB$115,14,FALSE) -> -180 | Q26: ='114+320'!R27 -> 0 | R26: =+Q26+R25 -> 0 | S26: =VLOOKUP(B26,'114+320'!$B$14:$AB$115,22,FALSE) -> -120 | T26: =VLOOKUP(B26,'114+320'!$B$15:$AB$115,6,FALSE) -> 610 | U26: =F26-T26 -> 1880 | V26: =VLOOKUP(B26,'114+320'!$B$15:$AB$115,15,FALSE) -> -120 | W26: ='114+320'!S27 -> 0 | X26: =+W26+X25 -> 0 | Y26: =S26-S25 -> 0 | Z26: =IF(Y26>0,Y26,0)/1000 -> 0 | AA26: =AA25+Z26 -> 0 | AB26: =(M26-$M$13-R26)/1000 -> 0
B27: ='114+320'!B28 -> 45057 | C27: =B27-B26 -> 1 | D27: =D26 -> 842 | E27: =VLOOKUP(B27,'114+320'!B28:AB129,3,FALSE) -> 1646 | F27: =D27+E27 -> 2488 | G27: =VLOOKUP(B27,'114+320'!$B$15:$AB$115,20,FALSE) -> -180 | H27: =VLOOKUP(B27,'114+320'!$B$15:$AB$115,4,FALSE) -> 668 | I27: =F27-H27 -> 1820 | J27: =VLOOKUP(B27,'114+320'!$B$15:$AB$115,13,FALSE) -> -180 | K27: ='114+320'!Q28 -> 0 | L27: =+K27+L26 -> 0 | M27: =VLOOKUP(B27,'114+320'!$B$14:$AB$115,21,FALSE) -> -180 | N27: =VLOOKUP(B27,'114+320'!$B$15:$AB$115,5,FALSE) -> 668 | O27: =F27-N27 -> 1820 | P27: =VLOOKUP(B27,'114+320'!$B$15:$AB$115,14,FALSE) -> -180 | Q27: ='114+320'!R28 -> 0 | R27: =+Q27+R26 -> 0 | S27: =VLOOKUP(B27,'114+320'!$B$14:$AB$115,22,FALSE) -> -120 | T27: =VLOOKUP(B27,'114+320'!$B$15:$AB$115,6,FALSE) -> 608 | U27: =F27-T27 -> 1880 | V27: =VLOOKUP(B27,'114+320'!$B$15:$AB$115,15,FALSE) -> -120 | W27: ='114+320'!S28 -> 0 | X27: =+W27+X26 -> 0 | Y27: =S27-S26 -> 0 | Z27: =IF(Y27>0,Y27,0)/1000 -> 0 | AA27: =AA26+Z27 -> 0 | AB27: =(M27-$M$13-R27)/1000 -> 0
B28: ='114+320'!B29 -> 45058 | C28: =B28-B27 -> 1 | D28: =D27 -> 842 | E28: =VLOOKUP(B28,'114+320'!B29:AB130,3,FALSE) -> 1644 | F28: =D28+E28 -> 2486 | G28: =VLOOKUP(B28,'114+320'!$B$15:$AB$115,20,FALSE) -> -180 | H28: =VLOOKUP(B28,'114+320'!$B$15:$AB$115,4,FALSE) -> 666 | I28: =F28-H28 -> 1820 | J28: =VLOOKUP(B28,'114+320'!$B$15:$AB$115,13,FALSE) -> -180 | K28: ='114+320'!Q29 -> 0 | L28: =+K28+L27 -> 0 | M28: =VLOOKUP(B28,'114+320'!$B$14:$AB$115,21,FALSE) -> -180 | N28: =VLOOKUP(B28,'114+320'!$B$15:$AB$115,5,FALSE) -> 666 | O28: =F28-N28 -> 1820 | P28: =VLOOKUP(B28,'114+320'!$B$15:$AB$115,14,FALSE) -> -180 | Q28: ='114+320'!R29 -> 0 | R28: =+Q28+R27 -> 0 | S28: =VLOOKUP(B28,'114+320'!$B$14:$AB$115,22,FALSE) -> -120 | T28: =VLOOKUP(B28,'114+320'!$B$15:$AB$115,6,FALSE) -> 606 | U28: =F28-T28 -> 1880 | V28: =VLOOKUP(B28,'114+320'!$B$15:$AB$115,15,FALSE) -> -120 | W28: ='114+320'!S29 -> 0 | X28: =+W28+X27 -> 0 | Y28: =S28-S27 -> 0 | Z28: =IF(Y28>0,Y28,0)/1000 -> 0 | AA28: =AA27+Z28 -> 0 | AB28: =(M28-$M$13-R28)/1000 -> 0
B29: ='114+320'!B30 -> 45059 | C29: =B29-B28 -> 1 | D29: =D28 -> 842 | E29: =VLOOKUP(B29,'114+320'!B30:AB131,3,FALSE) -> 1642 | F29: =D29+E29 -> 2484 | G29: =VLOOKUP(B29,'114+320'!$B$15:$AB$115,20,FALSE) -> -180 | H29: =VLOOKUP(B29,'114+320'!$B$15:$AB$115,4,FALSE) -> 664 | I29: =F29-H29 -> 1820 | J29: =VLOOKUP(B29,'114+320'!$B$15:$AB$115,13,FALSE) -> -180 | K29: ='114+320'!Q30 -> 0 | L29: =+K29+L28 -> 0 | M29: =VLOOKUP(B29,'114+320'!$B$14:$AB$115,21,FALSE) -> -180 | N29: =VLOOKUP(B29,'114+320'!$B$15:$AB$115,5,FALSE) -> 664 | O29: =F29-N29 -> 1820 | P29: =VLOOKUP(B29,'114+320'!$B$15:$AB$115,14,FALSE) -> -180 | Q29: ='114+320'!R30 -> 0 | R29: =+Q29+R28 -> 0 | S29: =VLOOKUP(B29,'114+320'!$B$14:$AB$115,22,FALSE) -> -120 | T29: =VLOOKUP(B29,'114+320'!$B$15:$AB$115,6,FALSE) -> 604 | U29: =F29-T29 -> 1880 | V29: =VLOOKUP(B29,'114+320'!$B$15:$AB$115,15,FALSE) -> -120 | W29: ='114+320'!S30 -> 0 | X29: =+W29+X28 -> 0 | Y29: =S29-S28 -> 0 | Z29: =IF(Y29>0,Y29,0)/1000 -> 0 | AA29: =AA28+Z29 -> 0 | AB29: =(M29-$M$13-R29)/1000 -> 0
B30: ='114+320'!B31 -> 45060 | C30: =B30-B29 -> 1 | D30: =D29 -> 842 | E30: =VLOOKUP(B30,'114+320'!B31:AB132,3,FALSE) -> 1640 | F30: =D30+E30 -> 2482 | G30: =VLOOKUP(B30,'114+320'!$B$15:$AB$115,20,FALSE) -> -180 | H30: =VLOOKUP(B30,'114+320'!$B$15:$AB$115,4,FALSE) -> 662 | I30: =F30-H30 -> 1820 | J30: =VLOOKUP(B30,'114+320'!$B$15:$AB$115,13,FALSE) -> -180 | K30: ='114+320'!Q31 -> 0 | L30: =+K30+L29 -> 0 | M30: =VLOOKUP(B30,'114+320'!$B$14:$AB$115,21,FALSE) -> -180 | N30: =VLOOKUP(B30,'114+320'!$B$15:$AB$115,5,FALSE) -> 662 | O30: =F30-N30 -> 1820 | P30: =VLOOKUP(B30,'114+320'!$B$15:$AB$115,14,FALSE) -> -180 | Q30: ='114+320'!R31 -> 0 | R30: =+Q30+R29 -> 0 | S30: =VLOOKUP(B30,'114+320'!$B$14:$AB$115,22,FALSE) -> -120 | T30: =VLOOKUP(B30,'114+320'!$B$15:$AB$115,6,FALSE) -> 602 | U30: =F30-T30 -> 1880 | V30: =VLOOKUP(B30,'114+320'!$B$15:$AB$115,15,FALSE) -> -120 | W30: ='114+320'!S31 -> 0 | X30: =+W30+X29 -> 0 | Y30: =S30-S29 -> 0 | Z30: =IF(Y30>0,Y30,0)/1000 -> 0 | AA30: =AA29+Z30 -> 0 | AB30: =(M30-$M$13-R30)/1000 -> 0
B31: ='114+320'!B32 -> 45061 | C31: =B31-B30 -> 1 | D31: =D30 -> 842 | E31: =VLOOKUP(B31,'114+320'!B32:AB133,3,FALSE) -> 1638 | F31: =D31+E31 -> 2480 | G31: =VLOOKUP(B31,'114+320'!$B$15:$AB$115,20,FALSE) -> -180 | H31: =VLOOKUP(B31,'114+320'!$B$15:$AB$115,4,FALSE) -> 660 | I31: =F31-H31 -> 1820 | J31: =VLOOKUP(B31,'114+320'!$B$15:$AB$115,13,FALSE) -> -180 | K31: ='114+320'!Q32 -> 0 | L31: =+K31+L30 -> 0 | M31: =VLOOKUP(B31,'114+320'!$B$14:$AB$115,21,FALSE) -> -180 | N31: =VLOOKUP(B31,'114+320'!$B$15:$AB$115,5,FALSE) -> 660 | O31: =F31-N31 -> 1820 | P31: =VLOOKUP(B31,'114+320'!$B$15:$AB$115,14,FALSE) -> -180 | Q31: ='114+320'!R32 -> 0 | R31: =+Q31+R30 -> 0 | S31: =VLOOKUP(B31,'114+320'!$B$14:$AB$115,22,FALSE) -> -120 | T31: =VLOOKUP(B31,'114+320'!$B$15:$AB$115,6,FALSE) -> 600 | U31: =F31-T31 -> 1880 | V31: =VLOOKUP(B31,'114+320'!$B$15:$AB$115,15,FALSE) -> -120 | W31: ='114+320'!S32 -> 0 | X31: =+W31+X30 -> 0 | Y31: =S31-S30 -> 0 | Z31: =IF(Y31>0,Y31,0)/1000 -> 0 | AA31: =AA30+Z31 -> 0 | AB31: =(M31-$M$13-R31)/1000 -> 0
B32: ='114+320'!B33 -> 45062 | C32: =B32-B31 -> 1 | D32: =D31 -> 842 | E32: =VLOOKUP(B32,'114+320'!B33:AB134,3,FALSE) -> 1636 | F32: =D32+E32 -> 2478 | G32: =VLOOKUP(B32,'114+320'!$B$15:$AB$115,20,FALSE) -> -180 | H32: =VLOOKUP(B32,'114+320'!$B$15:$AB$115,4,FALSE) -> 658 | I32: =F32-H32 -> 1820 | J32: =VLOOKUP(B32,'114+320'!$B$15:$AB$115,13,FALSE) -> -180 | K32: ='114+320'!Q33 -> 0 | L32: =+K32+L31 -> 0 | M32: =VLOOKUP(B32,'114+320'!$B$14:$AB$115,21,FALSE) -> -180 | N32: =VLOOKUP(B32,'114+320'!$B$15:$AB$115,5,FALSE) -> 658 | O32: =F32-N32 -> 1820 | P32: =VLOOKUP(B32,'114+320'!$B$15:$AB$115,14,FALSE) -> -180 | Q32: ='114+320'!R33 -> 0 | R32: =+Q32+R31 -> 0 | S32: =VLOOKUP(B32,'114+320'!$B$14:$AB$115,22,FALSE) -> -120 | T32: =VLOOKUP(B32,'114+320'!$B$15:$AB$115,6,FALSE) -> 598 | U32: =F32-T32 -> 1880 | V32: =VLOOKUP(B32,'114+320'!$B$15:$AB$115,15,FALSE) -> -120 | W32: ='114+320'!S33 -> 0 | X32: =+W32+X31 -> 0 | Y32: =S32-S31 -> 0 | Z32: =IF(Y32>0,Y32,0)/1000 -> 0 | AA32: =AA31+Z32 -> 0 | AB32: =(M32-$M$13-R32)/1000 -> 0
B33: ='114+320'!B34 -> 45063 | C33: =B33-B32 -> 1 | D33: =D32 -> 842 | E33: =VLOOKUP(B33,'114+320'!B34:AB135,3,FALSE) -> 1634 | F33: =D33+E33 -> 2476 | G33: =VLOOKUP(B33,'114+320'!$B$15:$AB$115,20,FALSE) -> -180 | H33: =VLOOKUP(B33,'114+320'!$B$15:$AB$115,4,FALSE) -> 656 | I33: =F33-H33 -> 1820 | J33: =VLOOKUP(B33,'114+320'!$B$15:$AB$115,13,FALSE) -> -180 | K33: ='114+320'!Q34 -> 0 | L33: =+K33+L32 -> 0 | M33: =VLOOKUP(B33,'114+320'!$B$14:$AB$115,21,FALSE) -> -180 | N33: =VLOOKUP(B33,'114+320'!$B$15:$AB$115,5,FALSE) -> 656 | O33: =F33-N33 -> 1820 | P33: =VLOOKUP(B33,'114+320'!$B$15:$AB$115,14,FALSE) -> -180 | Q33: ='114+320'!R34 -> 0 | R33: =+Q33+R32 -> 0 | S33: =VLOOKUP(B33,'114+320'!$B$14:$AB$115,22,FALSE) -> -120 | T33: =VLOOKUP(B33,'114+320'!$B$15:$AB$115,6,FALSE) -> 596 | U33: =F33-T33 -> 1880 | V33: =VLOOKUP(B33,'114+320'!$B$15:$AB$115,15,FALSE) -> -120 | W33: ='114+320'!S34 -> 0 | X33: =+W33+X32 -> 0 | Y33: =S33-S32 -> 0 | Z33: =IF(Y33>0,Y33,0)/1000 -> 0 | AA33: =AA32+Z33 -> 0 | AB33: =(M33-$M$13-R33)/1000 -> 0
... B76: ='114+320'!B77 -> 45106 | C76: =B76-B75 -> 1 | D76: =D75 -> 842 | E76: =VLOOKUP(B76,'114+320'!B77:AB178,3,FALSE) -> 1548 | F76: =D76+E76 -> 2390 | G76: =VLOOKUP(B76,'114+320'!$B$15:$AB$115,20,FALSE) -> 694 | H76: =VLOOKUP(B76,'114+320'!$B$15:$AB$115,4,FALSE) -> 676 | I76: =F76-H76 -> 1714 | J76: =VLOOKUP(B76,'114+320'!$B$15:$AB$115,13,FALSE) -> -286 | K76: ='114+320'!Q77 -> 0 | L76: =+K76+L75 -> 106 | M76: =VLOOKUP(B76,'114+320'!$B$14:$AB$115,21,FALSE) -> 677 | N76: =VLOOKUP(B76,'114+320'!$B$15:$AB$115,5,FALSE) -> 693 | O76: =F76-N76 -> 1697 | P76: =VLOOKUP(B76,'114+320'!$B$15:$AB$115,14,FALSE) -> -303 | Q76: ='114+320'!R77 -> 0 | R76: =+Q76+R75 -> 123 | S76: =VLOOKUP(B76,'114+320'!$B$14:$AB$115,22,FALSE) -> 689 | T76: =VLOOKUP(B76,'114+320'!$B$15:$AB$115,6,FALSE) -> 621 | U76: =F76-T76 -> 1769 | V76: =VLOOKUP(B76,'114+320'!$B$15:$AB$115,15,FALSE) -> -231 | W76: ='114+320'!S77 -> 0 | X76: =+W76+X75 -> 111 | Y76: =S76-S75 -> 0 | Z76: =IF(Y76>0,Y76,0)/1000 -> 0 | AA76: =AA75+Z76 -> 0.899 | AB76: =(M76-$M$13-R76)/1000 -> 0.734
A77: 42307 | B77: ='114+320'!B78 -> 45107 | C77: =B77-B76 -> 1 | D77: =D76 -> 842 | E77: =VLOOKUP(B77,'114+320'!B78:AB179,3,FALSE) -> 1546 | F77: =D77+E77 -> 2388 | G77: =VLOOKUP(B77,'114+320'!$B$15:$AB$115,20,FALSE) -> 694 | H77: =VLOOKUP(B77,'114+320'!$B$15:$AB$115,4,FALSE) -> 674 | I77: =F77-H77 -> 1714 | J77: =VLOOKUP(B77,'114+320'!$B$15:$AB$115,13,FALSE) -> -286 | K77: ='114+320'!Q78 -> 0 | L77: =+K77+L76 -> 106 | M77: =VLOOKUP(B77,'114+320'!$B$14:$AB$115,21,FALSE) -> 677 | N77: =VLOOKUP(B77,'114+320'!$B$15:$AB$115,5,FALSE) -> 691 | O77: =F77-N77 -> 1697 | P77: =VLOOKUP(B77,'114+320'!$B$15:$AB$115,14,FALSE) -> -303 | Q77: ='114+320'!R78 -> 0 | R77: =+Q77+R76 -> 123 | S77: =VLOOKUP(B77,'114+320'!$B$14:$AB$115,22,FALSE) -> 689 | T77: =VLOOKUP(B77,'114+320'!$B$15:$AB$115,6,FALSE) -> 619 | U77: =F77-T77 -> 1769 | V77: =VLOOKUP(B77,'114+320'!$B$15:$AB$115,15,FALSE) -> -231 | W77: ='114+320'!S78 -> 0 | X77: =+W77+X76 -> 111 | Y77: =S77-S76 -> 0 | Z77: =IF(Y77>0,Y77,0)/1000 -> 0 | AA77: =AA76+Z77 -> 0.899 | AB77: =(M77-$M$13-R77)/1000 -> 0.734
A78: 02/11/015 | B78: ='114+320'!B79 -> 45108 | C78: =B78-B77 -> 1 | D78: =D77 -> 842 | E78: =VLOOKUP(B78,'114+320'!B79:AB180,3,FALSE) -> 1544 | F78: =D78+E78 -> 2386 | G78: =VLOOKUP(B78,'114+320'!$B$15:$AB$115,20,FALSE) -> 694 | H78: =VLOOKUP(B78,'114+320'!$B$15:$AB$115,4,FALSE) -> 672 | I78: =F78-H78 -> 1714 | J78: =VLOOKUP(B78,'114+320'!$B$15:$AB$115,13,FALSE) -> -286 | K78: ='114+320'!Q79 -> 0 | L78: =+K78+L77 -> 106 | M78: =VLOOKUP(B78,'114+320'!$B$14:$AB$115,21,FALSE) -> 677 | N78: =VLOOKUP(B78,'114+320'!$B$15:$AB$115,5,FALSE) -> 689 | O78: =F78-N78 -> 1697 | P78: =VLOOKUP(B78,'114+320'!$B$15:$AB$115,14,FALSE) -> -303 | Q78: ='114+320'!R79 -> 0 | R78: =+Q78+R77 -> 123 | S78: =VLOOKUP(B78,'114+320'!$B$14:$AB$115,22,FALSE) -> 689 | T78: =VLOOKUP(B78,'114+320'!$B$15:$AB$115,6,FALSE) -> 617 | U78: =F78-T78 -> 1769 | V78: =VLOOKUP(B78,'114+320'!$B$15:$AB$115,15,FALSE) -> -231 | W78: ='114+320'!S79 -> 0 | X78: =+W78+X77 -> 111 | Y78: =S78-S77 -> 0 | Z78: =IF(Y78>0,Y78,0)/1000 -> 0 | AA78: =AA77+Z78 -> 0.899 | AB78: =(M78-$M$13-R78)/1000 -> 0.734
A79: 42313 | B79: ='114+320'!B80 -> 45109 | C79: =B79-B78 -> 1 | D79: =D78 -> 842 | E79: =VLOOKUP(B79,'114+320'!B80:AB181,3,FALSE) -> 1542 | F79: =D79+E79 -> 2384 | G79: =VLOOKUP(B79,'114+320'!$B$15:$AB$115,20,FALSE) -> 694 | H79: =VLOOKUP(B79,'114+320'!$B$15:$AB$115,4,FALSE) -> 670 | I79: =F79-H79 -> 1714 | J79: =VLOOKUP(B79,'114+320'!$B$15:$AB$115,13,FALSE) -> -286 | K79: ='114+320'!Q80 -> 0 | L79: =+K79+L78 -> 106 | M79: =VLOOKUP(B79,'114+320'!$B$14:$AB$115,21,FALSE) -> 677 | N79: =VLOOKUP(B79,'114+320'!$B$15:$AB$115,5,FALSE) -> 687 | O79: =F79-N79 -> 1697 | P79: =VLOOKUP(B79,'114+320'!$B$15:$AB$115,14,FALSE) -> -303 | Q79: ='114+320'!R80 -> 0 | R79: =+Q79+R78 -> 123 | S79: =VLOOKUP(B79,'114+320'!$B$14:$AB$115,22,FALSE) -> 689 | T79: =VLOOKUP(B79,'114+320'!$B$15:$AB$115,6,FALSE) -> 615 | U79: =F79-T79 -> 1769 | V79: =VLOOKUP(B79,'114+320'!$B$15:$AB$115,15,FALSE) -> -231 | W79: ='114+320'!S80 -> 0 | X79: =+W79+X78 -> 111 | Y79: =S79-S78 -> 0 | Z79: =IF(Y79>0,Y79,0)/1000 -> 0 | AA79: =AA78+Z79 -> 0.899 | AB79: =(M79-$M$13-R79)/1000 -> 0.734
A80: 42319 | B80: ='114+320'!B81 -> 45110 | C80: =B80-B79 -> 1 | D80: =D79 -> 842 | E80: =VLOOKUP(B80,'114+320'!B81:AB182,3,FALSE) -> 1540 | F80: =D80+E80 -> 2382 | G80: =VLOOKUP(B80,'114+320'!$B$15:$AB$115,20,FALSE) -> 694 | H80: =VLOOKUP(B80,'114+320'!$B$15:$AB$115,4,FALSE) -> 668 | I80: =F80-H80 -> 1714 | J80: =VLOOKUP(B80,'114+320'!$B$15:$AB$115,13,FALSE) -> -286 | K80: ='114+320'!Q81 -> 0 | L80: =+K80+L79 -> 106 | M80: =VLOOKUP(B80,'114+320'!$B$14:$AB$115,21,FALSE) -> 677 | N80: =VLOOKUP(B80,'114+320'!$B$15:$AB$115,5,FALSE) -> 685 | O80: =F80-N80 -> 1697 | P80: =VLOOKUP(B80,'114+320'!$B$15:$AB$115,14,FALSE) -> -303 | Q80: ='114+320'!R81 -> 0 | R80: =+Q80+R79 -> 123 | S80: =VLOOKUP(B80,'114+320'!$B$14:$AB$115,22,FALSE) -> 689 | T80: =VLOOKUP(B80,'114+320'!$B$15:$AB$115,6,FALSE) -> 613 | U80: =F80-T80 -> 1769 | V80: =VLOOKUP(B80,'114+320'!$B$15:$AB$115,15,FALSE) -> -231 | W80: ='114+320'!S81 -> 0 | X80: =+W80+X79 -> 111 | Y80: =S80-S79 -> 0 | Z80: =IF(Y80>0,Y80,0)/1000 -> 0 | AA80: =AA79+Z80 -> 0.899 | AB80: =(M80-$M$13-R80)/1000 -> 0.734
A81: 42322 | B81: ='114+320'!B82 -> 45111 | C81: =B81-B80 -> 1 | D81: =D80 -> 842 | E81: =VLOOKUP(B81,'114+320'!B82:AB183,3,FALSE) -> 1538 | F81: =D81+E81 -> 2380 | G81: =VLOOKUP(B81,'114+320'!$B$15:$AB$115,20,FALSE) -> 694 | H81: =VLOOKUP(B81,'114+320'!$B$15:$AB$115,4,FALSE) -> 666 | I81: =F81-H81 -> 1714 | J81: =VLOOKUP(B81,'114+320'!$B$15:$AB$115,13,FALSE) -> -286 | K81: ='114+320'!Q82 -> 0 | L81: =+K81+L80 -> 106 | M81: =VLOOKUP(B81,'114+320'!$B$14:$AB$115,21,FALSE) -> 677 | N81: =VLOOKUP(B81,'114+320'!$B$15:$AB$115,5,FALSE) -> 683 | O81: =F81-N81 -> 1697 | P81: =VLOOKUP(B81,'114+320'!$B$15:$AB$115,14,FALSE) -> -303 | Q81: ='114+320'!R82 -> 0 | R81: =+Q81+R80 -> 123 | S81: =VLOOKUP(B81,'114+320'!$B$14:$AB$115,22,FALSE) -> 689 | T81: =VLOOKUP(B81,'114+320'!$B$15:$AB$115,6,FALSE) -> 611 | U81: =F81-T81 -> 1769 | V81: =VLOOKUP(B81,'114+320'!$B$15:$AB$115,15,FALSE) -> -231 | W81: ='114+320'!S82 -> 0 | X81: =+W81+X80 -> 111 | Y81: =S81-S80 -> 0 | Z81: =IF(Y81>0,Y81,0)/1000 -> 0 | AA81: =AA80+Z81 -> 0.899 | AB81: =(M81-$M$13-R81)/1000 -> 0.734
A82: 17/11/015 | B82: ='114+320'!B83 -> 45112 | C82: =B82-B81 -> 1 | D82: =D81 -> 842 | E82: =VLOOKUP(B82,'114+320'!B83:AB184,3,FALSE) -> 1536 | F82: =D82+E82 -> 2378 | G82: =VLOOKUP(B82,'114+320'!$B$15:$AB$115,20,FALSE) -> 694 | H82: =VLOOKUP(B82,'114+320'!$B$15:$AB$115,4,FALSE) -> 664 | I82: =F82-H82 -> 1714 | J82: =VLOOKUP(B82,'114+320'!$B$15:$AB$115,13,FALSE) -> -286 | K82: ='114+320'!Q83 -> 0 | L82: =+K82+L81 -> 106 | M82: =VLOOKUP(B82,'114+320'!$B$14:$AB$115,21,FALSE) -> 677 | N82: =VLOOKUP(B82,'114+320'!$B$15:$AB$115,5,FALSE) -> 681 | O82: =F82-N82 -> 1697 | P82: =VLOOKUP(B82,'114+320'!$B$15:$AB$115,14,FALSE) -> -303 | Q82: ='114+320'!R83 -> 0 | R82: =+Q82+R81 -> 123 | S82: =VLOOKUP(B82,'114+320'!$B$14:$AB$115,22,FALSE) -> 689 | T82: =VLOOKUP(B82,'114+320'!$B$15:$AB$115,6,FALSE) -> 609 | U82: =F82-T82 -> 1769 | V82: =VLOOKUP(B82,'114+320'!$B$15:$AB$115,15,FALSE) -> -231 | W82: ='114+320'!S83 -> 0 | X82: =+W82+X81 -> 111 | Y82: =S82-S81 -> 0 | Z82: =IF(Y82>0,Y82,0)/1000 -> 0 | AA82: =AA81+Z82 -> 0.899 | AB82: =(M82-$M$13-R82)/1000 -> 0.734
A83: 42328 | B83: ='114+320'!B84 -> 45113 | C83: =B83-B82 -> 1 | D83: =D82 -> 842 | E83: =VLOOKUP(B83,'114+320'!B84:AB185,3,FALSE) -> 1534 | F83: =D83+E83 -> 2376 | G83: =VLOOKUP(B83,'114+320'!$B$15:$AB$115,20,FALSE) -> 694 | H83: =VLOOKUP(B83,'114+320'!$B$15:$AB$115,4,FALSE) -> 662 | I83: =F83-H83 -> 1714 | J83: =VLOOKUP(B83,'114+320'!$B$15:$AB$115,13,FALSE) -> -286 | K83: ='114+320'!Q84 -> 0 | L83: =+K83+L82 -> 106 | M83: =VLOOKUP(B83,'114+320'!$B$14:$AB$115,21,FALSE) -> 677 | N83: =VLOOKUP(B83,'114+320'!$B$15:$AB$115,5,FALSE) -> 679 | O83: =F83-N83 -> 1697 | P83: =VLOOKUP(B83,'114+320'!$B$15:$AB$115,14,FALSE) -> -303 | Q83: ='114+320'!R84 -> 0 | R83: =+Q83+R82 -> 123 | S83: =VLOOKUP(B83,'114+320'!$B$14:$AB$115,22,FALSE) -> 689 | T83: =VLOOKUP(B83,'114+320'!$B$15:$AB$115,6,FALSE) -> 607 | U83: =F83-T83 -> 1769 | V83: =VLOOKUP(B83,'114+320'!$B$15:$AB$115,15,FALSE) -> -231 | W83: ='114+320'!S84 -> 0 | X83: =+W83+X82 -> 111 | Y83: =S83-S82 -> 0 | Z83: =IF(Y83>0,Y83,0)/1000 -> 0 | AA83: =AA82+Z83 -> 0.899 | AB83: =(M83-$M$13-R83)/1000 -> 0.734
A84: 42331 | B84: ='114+320'!B85 -> 45114 | C84: =B84-B83 -> 1 | D84: =D83 -> 842 | E84: =VLOOKUP(B84,'114+320'!B85:AB186,3,FALSE) -> 1532 | F84: =D84+E84 -> 2374 | G84: =VLOOKUP(B84,'114+320'!$B$15:$AB$115,20,FALSE) -> 694 | H84: =VLOOKUP(B84,'114+320'!$B$15:$AB$115,4,FALSE) -> 660 | I84: =F84-H84 -> 1714 | J84: =VLOOKUP(B84,'114+320'!$B$15:$AB$115,13,FALSE) -> -286 | K84: ='114+320'!Q85 -> 0 | L84: =+K84+L83 -> 106 | M84: =VLOOKUP(B84,'114+320'!$B$14:$AB$115,21,FALSE) -> 677 | N84: =VLOOKUP(B84,'114+320'!$B$15:$AB$115,5,FALSE) -> 677 | O84: =F84-N84 -> 1697 | P84: =VLOOKUP(B84,'114+320'!$B$15:$AB$115,14,FALSE) -> -303 | Q84: ='114+320'!R85 -> 0 | R84: =+Q84+R83 -> 123 | S84: =VLOOKUP(B84,'114+320'!$B$14:$AB$115,22,FALSE) -> 689 | T84: =VLOOKUP(B84,'114+320'!$B$15:$AB$115,6,FALSE) -> 605 | U84: =F84-T84 -> 1769 | V84: =VLOOKUP(B84,'114+320'!$B$15:$AB$115,15,FALSE) -> -231 | W84: ='114+320'!S85 -> 0 | X84: =+W84+X83 -> 111 | Y84: =S84-S83 -> 0 | Z84: =IF(Y84>0,Y84,0)/1000 -> 0 | AA84: =AA83+Z84 -> 0.899 | AB84: =(M84-$M$13-R84)/1000 -> 0.734
A85: 26/11/015 | B85: ='114+320'!B86 -> 45115 | C85: =B85-B84 -> 1 | D85: =D84 -> 842 | E85: =VLOOKUP(B85,'114+320'!B86:AB187,3,FALSE) -> 1530 | F85: =D85+E85 -> 2372 | G85: =VLOOKUP(B85,'114+320'!$B$15:$AB$115,20,FALSE) -> 694 | H85: =VLOOKUP(B85,'114+320'!$B$15:$AB$115,4,FALSE) -> 658 | I85: =F85-H85 -> 1714 | J85: =VLOOKUP(B85,'114+320'!$B$15:$AB$115,13,FALSE) -> -286 | K85: ='114+320'!Q86 -> 0 | L85: =+K85+L84 -> 106 | M85: =VLOOKUP(B85,'114+320'!$B$14:$AB$115,21,FALSE) -> 677 | N85: =VLOOKUP(B85,'114+320'!$B$15:$AB$115,5,FALSE) -> 675 | O85: =F85-N85 -> 1697 | P85: =VLOOKUP(B85,'114+320'!$B$15:$AB$115,14,FALSE) -> -303 | Q85: ='114+320'!R86 -> 0 | R85: =+Q85+R84 -> 123 | S85: =VLOOKUP(B85,'114+320'!$B$14:$AB$115,22,FALSE) -> 689 | T85: =VLOOKUP(B85,'114+320'!$B$15:$AB$115,6,FALSE) -> 603 | U85: =F85-T85 -> 1769 | V85: =VLOOKUP(B85,'114+320'!$B$15:$AB$115,15,FALSE) -> -231 | W85: ='114+320'!S86 -> 0 | X85: =+W85+X84 -> 111 | Y85: =S85-S84 -> 0 | Z85: =IF(Y85>0,Y85,0)/1000 -> 0 | AA85: =AA84+Z85 -> 0.899 | AB85: =(M85-$M$13-R85)/1000 -> 0.734
A86: 42337 | B86: ='114+320'!B87 -> 45116 | C86: =B86-B85 -> 1 | D86: =D85 -> 842 | E86: =VLOOKUP(B86,'114+320'!B87:AB188,3,FALSE) -> 1528 | F86: =D86+E86 -> 2370 | G86: =VLOOKUP(B86,'114+320'!$B$15:$AB$115,20,FALSE) -> 694 | H86: =VLOOKUP(B86,'114+320'!$B$15:$AB$115,4,FALSE) -> 656 | I86: =F86-H86 -> 1714 | J86: =VLOOKUP(B86,'114+320'!$B$15:$AB$115,13,FALSE) -> -286 | K86: ='114+320'!Q87 -> 0 | L86: =+K86+L85 -> 106 | M86: =VLOOKUP(B86,'114+320'!$B$14:$AB$115,21,FALSE) -> 677 | N86: =VLOOKUP(B86,'114+320'!$B$15:$AB$115,5,FALSE) -> 673 | O86: =F86-N86 -> 1697 | P86: =VLOOKUP(B86,'114+320'!$B$15:$AB$115,14,FALSE) -> -303 | Q86: ='114+320'!R87 -> 0 | R86: =+Q86+R85 -> 123 | S86: =VLOOKUP(B86,'114+320'!$B$14:$AB$115,22,FALSE) -> 689 | T86: =VLOOKUP(B86,'114+320'!$B$15:$AB$115,6,FALSE) -> 601 | U86: =F86-T86 -> 1769 | V86: =VLOOKUP(B86,'114+320'!$B$15:$AB$115,15,FALSE) -> -231 | W86: ='114+320'!S87 -> 0 | X86: =+W86+X85 -> 111 | Y86: =S86-S85 -> 0 | Z86: =IF(Y86>0,Y86,0)/1000 -> 0 | AA86: =AA85+Z86 -> 0.899 | AB86: =(M86-$M$13-R86)/1000 -> 0.734
A87: 42340 | B87: ='114+320'!B88 -> 45117 | C87: =B87-B86 -> 1 | D87: =D86 -> 842 | E87: =VLOOKUP(B87,'114+320'!B88:AB189,3,FALSE) -> 1526 | F87: =D87+E87 -> 2368 | G87: =VLOOKUP(B87,'114+320'!$B$15:$AB$115,20,FALSE) -> 694 | H87: =VLOOKUP(B87,'114+320'!$B$15:$AB$115,4,FALSE) -> 654 | I87: =F87-H87 -> 1714 | J87: =VLOOKUP(B87,'114+320'!$B$15:$AB$115,13,FALSE) -> -286 | K87: ='114+320'!Q88 -> 0 | L87: =+K87+L86 -> 106 | M87: =VLOOKUP(B87,'114+320'!$B$14:$AB$115,21,FALSE) -> 677 | N87: =VLOOKUP(B87,'114+320'!$B$15:$AB$115,5,FALSE) -> 671 | O87: =F87-N87 -> 1697 | P87: =VLOOKUP(B87,'114+320'!$B$15:$AB$115,14,FALSE) -> -303 | Q87: ='114+320'!R88 -> 0 | R87: =+Q87+R86 -> 123 | S87: =VLOOKUP(B87,'114+320'!$B$14:$AB$115,22,FALSE) -> 689 | T87: =VLOOKUP(B87,'114+320'!$B$15:$AB$115,6,FALSE) -> 599 | U87: =F87-T87 -> 1769 | V87: =VLOOKUP(B87,'114+320'!$B$15:$AB$115,15,FALSE) -> -231 | W87: ='114+320'!S88 -> 0 | X87: =+W87+X86 -> 111 | Y87: =S87-S86 -> 0 | Z87: =IF(Y87>0,Y87,0)/1000 -> 0 | AA87: =AA86+Z87 -> 0.899 | AB87: =(M87-$M$13-R87)/1000 -> 0.734
A88: 42343 | B88: ='114+320'!B89 -> 45118 | C88: =B88-B87 -> 1 | D88: =D87 -> 842 | E88: =VLOOKUP(B88,'114+320'!B89:AB190,3,FALSE) -> 1524 | F88: =D88+E88 -> 2366 | G88: =VLOOKUP(B88,'114+320'!$B$15:$AB$115,20,FALSE) -> 694 | H88: =VLOOKUP(B88,'114+320'!$B$15:$AB$115,4,FALSE) -> 652 | I88: =F88-H88 -> 1714 | J88: =VLOOKUP(B88,'114+320'!$B$15:$AB$115,13,FALSE) -> -286 | K88: ='114+320'!Q89 -> 0 | L88: =+K88+L87 -> 106 | M88: =VLOOKUP(B88,'114+320'!$B$14:$AB$115,21,FALSE) -> 677 | N88: =VLOOKUP(B88,'114+320'!$B$15:$AB$115,5,FALSE) -> 669 | O88: =F88-N88 -> 1697 | P88: =VLOOKUP(B88,'114+320'!$B$15:$AB$115,14,FALSE) -> -303 | Q88: ='114+320'!R89 -> 0 | R88: =+Q88+R87 -> 123 | S88: =VLOOKUP(B88,'114+320'!$B$14:$AB$115,22,FALSE) -> 689 | T88: =VLOOKUP(B88,'114+320'!$B$15:$AB$115,6,FALSE) -> 597 | U88: =F88-T88 -> 1769 | V88: =VLOOKUP(B88,'114+320'!$B$15:$AB$115,15,FALSE) -> -231 | W88: ='114+320'!S89 -> 0 | X88: =+W88+X87 -> 111 | Y88: =S88-S87 -> 0 | Z88: =IF(Y88>0,Y88,0)/1000 -> 0 | AA88: =AA87+Z88 -> 0.899 | AB88: =(M88-$M$13-R88)/1000 -> 0.734
A89: 08/12/015 | B89: ='114+320'!B90 -> 45119 | C89: =B89-B88 -> 1 | D89: =D88 -> 842 | E89: =VLOOKUP(B89,'114+320'!B90:AB191,3,FALSE) -> 1522 | F89: =D89+E89 -> 2364 | G89: =VLOOKUP(B89,'114+320'!$B$15:$AB$115,20,FALSE) -> 694 | H89: =VLOOKUP(B89,'114+320'!$B$15:$AB$115,4,FALSE) -> 650 | I89: =F89-H89 -> 1714 | J89: =VLOOKUP(B89,'114+320'!$B$15:$AB$115,13,FALSE) -> -286 | K89: ='114+320'!Q90 -> 0 | L89: =+K89+L88 -> 106 | M89: =VLOOKUP(B89,'114+320'!$B$14:$AB$115,21,FALSE) -> 677 | N89: =VLOOKUP(B89,'114+320'!$B$15:$AB$115,5,FALSE) -> 667 | O89: =F89-N89 -> 1697 | P89: =VLOOKUP(B89,'114+320'!$B$15:$AB$115,14,FALSE) -> -303 | Q89: ='114+320'!R90 -> 0 | R89: =+Q89+R88 -> 123 | S89: =VLOOKUP(B89,'114+320'!$B$14:$AB$115,22,FALSE) -> 689 | T89: =VLOOKUP(B89,'114+320'!$B$15:$AB$115,6,FALSE) -> 595 | U89: =F89-T89 -> 1769 | V89: =VLOOKUP(B89,'114+320'!$B$15:$AB$115,15,FALSE) -> -231 | W89: ='114+320'!S90 -> 0 | X89: =+W89+X88 -> 111 | Y89: =S89-S88 -> 0 | Z89: =IF(Y89>0,Y89,0)/1000 -> 0 | AA89: =AA88+Z89 -> 0.899 | AB89: =(M89-$M$13-R89)/1000 -> 0.734
A90: 42349 | B90: ='114+320'!B91 -> 45120 | C90: =B90-B89 -> 1 | D90: =D89 -> 842 | E90: =VLOOKUP(B90,'114+320'!B91:AB192,3,FALSE) -> 1520 | F90: =D90+E90 -> 2362 | G90: =VLOOKUP(B90,'114+320'!$B$15:$AB$115,20,FALSE) -> 694 | H90: =VLOOKUP(B90,'114+320'!$B$15:$AB$115,4,FALSE) -> 648 | I90: =F90-H90 -> 1714 | J90: =VLOOKUP(B90,'114+320'!$B$15:$AB$115,13,FALSE) -> -286 | K90: ='114+320'!Q91 -> 0 | L90: =+K90+L89 -> 106 | M90: =VLOOKUP(B90,'114+320'!$B$14:$AB$115,21,FALSE) -> 677 | N90: =VLOOKUP(B90,'114+320'!$B$15:$AB$115,5,FALSE) -> 665 | O90: =F90-N90 -> 1697 | P90: =VLOOKUP(B90,'114+320'!$B$15:$AB$115,14,FALSE) -> -303 | Q90: ='114+320'!R91 -> 0 | R90: =+Q90+R89 -> 123 | S90: =VLOOKUP(B90,'114+320'!$B$14:$AB$115,22,FALSE) -> 689 | T90: =VLOOKUP(B90,'114+320'!$B$15:$AB$115,6,FALSE) -> 593 | U90: =F90-T90 -> 1769 | V90: =VLOOKUP(B90,'114+320'!$B$15:$AB$115,15,FALSE) -> -231 | W90: ='114+320'!S91 -> 0 | X90: =+W90+X89 -> 111 | Y90: =S90-S89 -> 0 | Z90: =IF(Y90>0,Y90,0)/1000 -> 0 | AA90: =AA89+Z90 -> 0.899 | AB90: =(M90-$M$13-R90)/1000 -> 0.734
A91: 42352 | B91: ='114+320'!B92 -> 45121 | C91: =B91-B90 -> 1 | D91: =D90 -> 842 | E91: =VLOOKUP(B91,'114+320'!B92:AB193,3,FALSE) -> 1518 | F91: =D91+E91 -> 2360 | G91: =VLOOKUP(B91,'114+320'!$B$15:$AB$115,20,FALSE) -> 694 | H91: =VLOOKUP(B91,'114+320'!$B$15:$AB$115,4,FALSE) -> 646 | I91: =F91-H91 -> 1714 | J91: =VLOOKUP(B91,'114+320'!$B$15:$AB$115,13,FALSE) -> -286 | K91: ='114+320'!Q92 -> 0 | L91: =+K91+L90 -> 106 | M91: =VLOOKUP(B91,'114+320'!$B$14:$AB$115,21,FALSE) -> 677 | N91: =VLOOKUP(B91,'114+320'!$B$15:$AB$115,5,FALSE) -> 663 | O91: =F91-N91 -> 1697 | P91: =VLOOKUP(B91,'114+320'!$B$15:$AB$115,14,FALSE) -> -303 | Q91: ='114+320'!R92 -> 0 | R91: =+Q91+R90 -> 123 | S91: =VLOOKUP(B91,'114+320'!$B$14:$AB$115,22,FALSE) -> 689 | T91: =VLOOKUP(B91,'114+320'!$B$15:$AB$115,6,FALSE) -> 591 | U91: =F91-T91 -> 1769 | V91: =VLOOKUP(B91,'114+320'!$B$15:$AB$115,15,FALSE) -> -231 | W91: ='114+320'!S92 -> 0 | X91: =+W91+X90 -> 111 | Y91: =S91-S90 -> 0 | Z91: =IF(Y91>0,Y91,0)/1000 -> 0 | AA91: =AA90+Z91 -> 0.899 | AB91: =(M91-$M$13-R91)/1000 -> 0.734
A92: 42353 | B92: ='114+320'!B93 -> 45122 | C92: =B92-B91 -> 1 | D92: =D91 -> 842 | E92: =VLOOKUP(B92,'114+320'!B93:AB194,3,FALSE) -> 1516 | F92: =D92+E92 -> 2358 | G92: =VLOOKUP(B92,'114+320'!$B$15:$AB$115,20,FALSE) -> 694 | H92: =VLOOKUP(B92,'114+320'!$B$15:$AB$115,4,FALSE) -> 644 | I92: =F92-H92 -> 1714 | J92: =VLOOKUP(B92,'114+320'!$B$15:$AB$115,13,FALSE) -> -286 | K92: ='114+320'!Q93 -> 0 | L92: =+K92+L91 -> 106 | M92: =VLOOKUP(B92,'114+320'!$B$14:$AB$115,21,FALSE) -> 677 | N92: =VLOOKUP(B92,'114+320'!$B$15:$AB$115,5,FALSE) -> 661 | O92: =F92-N92 -> 1697 | P92: =VLOOKUP(B92,'114+320'!$B$15:$AB$115,14,FALSE) -> -303 | Q92: ='114+320'!R93 -> 0 | R92: =+Q92+R91 -> 123 | S92: =VLOOKUP(B92,'114+320'!$B$14:$AB$115,22,FALSE) -> 689 | T92: =VLOOKUP(B92,'114+320'!$B$15:$AB$115,6,FALSE) -> 589 | U92: =F92-T92 -> 1769 | V92: =VLOOKUP(B92,'114+320'!$B$15:$AB$115,15,FALSE) -> -231 | W92: ='114+320'!S93 -> 0 | X92: =+W92+X91 -> 111 | Y92: =S92-S91 -> 0 | Z92: =IF(Y92>0,Y92,0)/1000 -> 0 | AA92: =AA91+Z92 -> 0.899 | AB92: =(M92-$M$13-R92)/1000 -> 0.734
A93: 42353 | B93: ='114+320'!B94 -> 45123 | C93: =B93-B92 -> 1 | D93: =D92 -> 842 | E93: =VLOOKUP(B93,'114+320'!B94:AB195,3,FALSE) -> 1514 | F93: =D93+E93 -> 2356 | G93: =VLOOKUP(B93,'114+320'!$B$15:$AB$115,20,FALSE) -> 694 | H93: =VLOOKUP(B93,'114+320'!$B$15:$AB$115,4,FALSE) -> 642 | I93: =F93-H93 -> 1714 | J93: =VLOOKUP(B93,'114+320'!$B$15:$AB$115,13,FALSE) -> -286 | K93: ='114+320'!Q94 -> 0 | L93: =+K93+L92 -> 106 | M93: =VLOOKUP(B93,'114+320'!$B$14:$AB$115,21,FALSE) -> 677 | N93: =VLOOKUP(B93,'114+320'!$B$15:$AB$115,5,FALSE) -> 659 | O93: =F93-N93 -> 1697 | P93: =VLOOKUP(B93,'114+320'!$B$15:$AB$115,14,FALSE) -> -303 | Q93: ='114+320'!R94 -> 0 | R93: =+Q93+R92 -> 123 | S93: =VLOOKUP(B93,'114+320'!$B$14:$AB$115,22,FALSE) -> 689 | T93: =VLOOKUP(B93,'114+320'!$B$15:$AB$115,6,FALSE) -> 587 | U93: =F93-T93 -> 1769 | V93: =VLOOKUP(B93,'114+320'!$B$15:$AB$115,15,FALSE) -> -231 | W93: ='114+320'!S94 -> 0 | X93: =+W93+X92 -> 111 | Y93: =S93-S92 -> 0 | Z93: =IF(Y93>0,Y93,0)/1000 -> 0 | AA93: =AA92+Z93 -> 0.899 | AB93: =(M93-$M$13-R93)/1000 -> 0.734
B94: ='114+320'!B95 -> 45124 | C94: =B94-B93 -> 1 | D94: =D93 -> 842 | E94: =VLOOKUP(B94,'114+320'!B95:AB196,3,FALSE) -> 1512 | F94: =D94+E94 -> 2354 | G94: =VLOOKUP(B94,'114+320'!$B$15:$AB$115,20,FALSE) -> 694 | H94: =VLOOKUP(B94,'114+320'!$B$15:$AB$115,4,FALSE) -> 640 | I94: =F94-H94 -> 1714 | J94: =VLOOKUP(B94,'114+320'!$B$15:$AB$115,13,FALSE) -> -286 | K94: ='114+320'!Q95 -> 0 | L94: =+K94+L93 -> 106 | M94: =VLOOKUP(B94,'114+320'!$B$14:$AB$115,21,FALSE) -> 677 | N94: =VLOOKUP(B94,'114+320'!$B$15:$AB$115,5,FALSE) -> 657 | O94: =F94-N94 -> 1697 | P94: =VLOOKUP(B94,'114+320'!$B$15:$AB$115,14,FALSE) -> -303 | Q94: ='114+320'!R95 -> 0 | R94: =+Q94+R93 -> 123 | S94: =VLOOKUP(B94,'114+320'!$B$14:$AB$115,22,FALSE) -> 689 | T94: =VLOOKUP(B94,'114+320'!$B$15:$AB$115,6,FALSE) -> 585 | U94: =F94-T94 -> 1769 | V94: =VLOOKUP(B94,'114+320'!$B$15:$AB$115,15,FALSE) -> -231 | W94: ='114+320'!S95 -> 0 | X94: =+W94+X93 -> 111 | Y94: =S94-S93 -> 0 | Z94: =IF(Y94>0,Y94,0)/1000 -> 0 | AA94: =AA93+Z94 -> 0.899 | AB94: =(M94-$M$13-R94)/1000 -> 0.734
B95: ='114+320'!B96 -> 45125 | C95: =B95-B94 -> 1 | D95: =D94 -> 842 | E95: =VLOOKUP(B95,'114+320'!B96:AB197,3,FALSE) -> 1510 | F95: =D95+E95 -> 2352 | G95: =VLOOKUP(B95,'114+320'!$B$15:$AB$115,20,FALSE) -> 694 | H95: =VLOOKUP(B95,'114+320'!$B$15:$AB$115,4,FALSE) -> 638 | I95: =F95-H95 -> 1714 | J95: =VLOOKUP(B95,'114+320'!$B$15:$AB$115,13,FALSE) -> -286 | K95: ='114+320'!Q96 -> 0 | L95: =+K95+L94 -> 106 | M95: =VLOOKUP(B95,'114+320'!$B$14:$AB$115,21,FALSE) -> 677 | N95: =VLOOKUP(B95,'114+320'!$B$15:$AB$115,5,FALSE) -> 655 | O95: =F95-N95 -> 1697 | P95: =VLOOKUP(B95,'114+320'!$B$15:$AB$115,14,FALSE) -> -303 | Q95: ='114+320'!R96 -> 0 | R95: =+Q95+R94 -> 123 | S95: =VLOOKUP(B95,'114+320'!$B$14:$AB$115,22,FALSE) -> 689 | T95: =VLOOKUP(B95,'114+320'!$B$15:$AB$115,6,FALSE) -> 583 | U95: =F95-T95 -> 1769 | V95: =VLOOKUP(B95,'114+320'!$B$15:$AB$115,15,FALSE) -> -231 | W95: ='114+320'!S96 -> 0 | X95: =+W95+X94 -> 111 | Y95: =S95-S94 -> 0 | Z95: =IF(Y95>0,Y95,0)/1000 -> 0 | AA95: =AA94+Z95 -> 0.899 | AB95: =(M95-$M$13-R95)/1000 -> 0.734
B96: ='114+320'!B97 -> 45126 | C96: =B96-B95 -> 1 | D96: =D95 -> 842 | E96: =VLOOKUP(B96,'114+320'!B97:AB198,3,FALSE) -> 1508 | F96: =D96+E96 -> 2350 | G96: =VLOOKUP(B96,'114+320'!$B$15:$AB$115,20,FALSE) -> 694 | H96: =VLOOKUP(B96,'114+320'!$B$15:$AB$115,4,FALSE) -> 636 | I96: =F96-H96 -> 1714 | J96: =VLOOKUP(B96,'114+320'!$B$15:$AB$115,13,FALSE) -> -286 | K96: ='114+320'!Q97 -> 0 | L96: =+K96+L95 -> 106 | M96: =VLOOKUP(B96,'114+320'!$B$14:$AB$115,21,FALSE) -> 677 | N96: =VLOOKUP(B96,'114+320'!$B$15:$AB$115,5,FALSE) -> 653 | O96: =F96-N96 -> 1697 | P96: =VLOOKUP(B96,'114+320'!$B$15:$AB$115,14,FALSE) -> -303 | Q96: ='114+320'!R97 -> 0 | R96: =+Q96+R95 -> 123 | S96: =VLOOKUP(B96,'114+320'!$B$14:$AB$115,22,FALSE) -> 689 | T96: =VLOOKUP(B96,'114+320'!$B$15:$AB$115,6,FALSE) -> 581 | U96: =F96-T96 -> 1769 | V96: =VLOOKUP(B96,'114+320'!$B$15:$AB$115,15,FALSE) -> -231 | W96: ='114+320'!S97 -> 0 | X96: =+W96+X95 -> 111 | Y96: =S96-S95 -> 0 | Z96: =IF(Y96>0,Y96,0)/1000 -> 0 | AA96: =AA95+Z96 -> 0.899 | AB96: =(M96-$M$13-R96)/1000 -> 0.734
B97: ='114+320'!B98 -> 45127 | C97: =B97-B96 -> 1 | D97: =D96 -> 842 | E97: =VLOOKUP(B97,'114+320'!B98:AB199,3,FALSE) -> 1506 | F97: =D97+E97 -> 2348 | G97: =VLOOKUP(B97,'114+320'!$B$15:$AB$115,20,FALSE) -> 694 | H97: =VLOOKUP(B97,'114+320'!$B$15:$AB$115,4,FALSE) -> 634 | I97: =F97-H97 -> 1714 | J97: =VLOOKUP(B97,'114+320'!$B$15:$AB$115,13,FALSE) -> -286 | K97: ='114+320'!Q98 -> 0 | L97: =+K97+L96 -> 106 | M97: =VLOOKUP(B97,'114+320'!$B$14:$AB$115,21,FALSE) -> 677 | N97: =VLOOKUP(B97,'114+320'!$B$15:$AB$115,5,FALSE) -> 651 | O97: =F97-N97 -> 1697 | P97: =VLOOKUP(B97,'114+320'!$B$15:$AB$115,14,FALSE) -> -303 | Q97: ='114+320'!R98 -> 0 | R97: =+Q97+R96 -> 123 | S97: =VLOOKUP(B97,'114+320'!$B$14:$AB$115,22,FALSE) -> 689 | T97: =VLOOKUP(B97,'114+320'!$B$15:$AB$115,6,FALSE) -> 579 | U97: =F97-T97 -> 1769 | V97: =VLOOKUP(B97,'114+320'!$B$15:$AB$115,15,FALSE) -> -231 | W97: ='114+320'!S98 -> 0 | X97: =+W97+X96 -> 111 | Y97: =S97-S96 -> 0 | Z97: =IF(Y97>0,Y97,0)/1000 -> 0 | AA97: =AA96+Z97 -> 0.899 | AB97: =(M97-$M$13-R97)/1000 -> 0.734
B98: ='114+320'!B99 -> 45128 | C98: =B98-B97 -> 1 | D98: =D97 -> 842 | E98: =VLOOKUP(B98,'114+320'!B99:AB200,3,FALSE) -> 1504 | F98: =D98+E98 -> 2346 | G98: =VLOOKUP(B98,'114+320'!$B$15:$AB$115,20,FALSE) -> 694 | H98: =VLOOKUP(B98,'114+320'!$B$15:$AB$115,4,FALSE) -> 632 | I98: =F98-H98 -> 1714 | J98: =VLOOKUP(B98,'114+320'!$B$15:$AB$115,13,FALSE) -> -286 | K98: ='114+320'!Q99 -> 0 | L98: =+K98+L97 -> 106 | M98: =VLOOKUP(B98,'114+320'!$B$14:$AB$115,21,FALSE) -> 677 | N98: =VLOOKUP(B98,'114+320'!$B$15:$AB$115,5,FALSE) -> 649 | O98: =F98-N98 -> 1697 | P98: =VLOOKUP(B98,'114+320'!$B$15:$AB$115,14,FALSE) -> -303 | Q98: ='114+320'!R99 -> 0 | R98: =+Q98+R97 -> 123 | S98: =VLOOKUP(B98,'114+320'!$B$14:$AB$115,22,FALSE) -> 689 | T98: =VLOOKUP(B98,'114+320'!$B$15:$AB$115,6,FALSE) -> 577 | U98: =F98-T98 -> 1769 | V98: =VLOOKUP(B98,'114+320'!$B$15:$AB$115,15,FALSE) -> -231 | W98: ='114+320'!S99 -> 0 | X98: =+W98+X97 -> 111 | Y98: =S98-S97 -> 0 | Z98: =IF(Y98>0,Y98,0)/1000 -> 0 | AA98: =AA97+Z98 -> 0.899 | AB98: =(M98-$M$13-R98)/1000 -> 0.734
B99: ='114+320'!B100 -> 45129 | C99: =B99-B98 -> 1 | D99: =D98 -> 842 | E99: =VLOOKUP(B99,'114+320'!B100:AB201,3,FALSE) -> 1502 | F99: =D99+E99 -> 2344 | G99: =VLOOKUP(B99,'114+320'!$B$15:$AB$115,20,FALSE) -> 694 | H99: =VLOOKUP(B99,'114+320'!$B$15:$AB$115,4,FALSE) -> 630 | I99: =F99-H99 -> 1714 | J99: =VLOOKUP(B99,'114+320'!$B$15:$AB$115,13,FALSE) -> -286 | K99: ='114+320'!Q100 -> 0 | L99: =+K99+L98 -> 106 | M99: =VLOOKUP(B99,'114+320'!$B$14:$AB$115,21,FALSE) -> 677 | N99: =VLOOKUP(B99,'114+320'!$B$15:$AB$115,5,FALSE) -> 647 | O99: =F99-N99 -> 1697 | P99: =VLOOKUP(B99,'114+320'!$B$15:$AB$115,14,FALSE) -> -303 | Q99: ='114+320'!R100 -> 0 | R99: =+Q99+R98 -> 123 | S99: =VLOOKUP(B99,'114+320'!$B$14:$AB$115,22,FALSE) -> 689 | T99: =VLOOKUP(B99,'114+320'!$B$15:$AB$115,6,FALSE) -> 575 | U99: =F99-T99 -> 1769 | V99: =VLOOKUP(B99,'114+320'!$B$15:$AB$115,15,FALSE) -> -231 | W99: ='114+320'!S100 -> 0 | X99: =+W99+X98 -> 111 | Y99: =S99-S98 -> 0 | Z99: =IF(Y99>0,Y99,0)/1000 -> 0 | AA99: =AA98+Z99 -> 0.899 | AB99: =(M99-$M$13-R99)/1000 -> 0.734
B100: ='114+320'!B101 -> 45130 | C100: =B100-B99 -> 1 | D100: =D99 -> 842 | E100: =VLOOKUP(B100,'114+320'!B101:AB202,3,FALSE) -> 1500 | F100: =D100+E100 -> 2342 | G100: =VLOOKUP(B100,'114+320'!$B$15:$AB$115,20,FALSE) -> 694 | H100: =VLOOKUP(B100,'114+320'!$B$15:$AB$115,4,FALSE) -> 628 | I100: =F100-H100 -> 1714 | J100: =VLOOKUP(B100,'114+320'!$B$15:$AB$115,13,FALSE) -> -286 | K100: ='114+320'!Q101 -> 0 | L100: =+K100+L99 -> 106 | M100: =VLOOKUP(B100,'114+320'!$B$14:$AB$115,21,FALSE) -> 677 | N100: =VLOOKUP(B100,'114+320'!$B$15:$AB$115,5,FALSE) -> 645 | O100: =F100-N100 -> 1697 | P100: =VLOOKUP(B100,'114+320'!$B$15:$AB$115,14,FALSE) -> -303 | Q100: ='114+320'!R101 -> 0 | R100: =+Q100+R99 -> 123 | S100: =VLOOKUP(B100,'114+320'!$B$14:$AB$115,22,FALSE) -> 689 | T100: =VLOOKUP(B100,'114+320'!$B$15:$AB$115,6,FALSE) -> 573 | U100: =F100-T100 -> 1769 | V100: =VLOOKUP(B100,'114+320'!$B$15:$AB$115,15,FALSE) -> -231 | W100: ='114+320'!S101 -> 0 | X100: =+W100+X99 -> 111 | Y100: =S100-S99 -> 0 | Z100: =IF(Y100>0,Y100,0)/1000 -> 0 | AA100: =AA99+Z100 -> 0.899 | AB100: =(M100-$M$13-R100)/1000 -> 0.734
B101: ='114+320'!B102 -> 45131 | C101: =B101-B100 -> 1 | D101: =D100 -> 842 | E101: =VLOOKUP(B101,'114+320'!B102:AB203,3,FALSE) -> 1498 | F101: =D101+E101 -> 2340 | G101: =VLOOKUP(B101,'114+320'!$B$15:$AB$115,20,FALSE) -> 694 | H101: =VLOOKUP(B101,'114+320'!$B$15:$AB$115,4,FALSE) -> 626 | I101: =F101-H101 -> 1714 | J101: =VLOOKUP(B101,'114+320'!$B$15:$AB$115,13,FALSE) -> -286 | K101: ='114+320'!Q102 -> 0 | L101: =+K101+L100 -> 106 | M101: =VLOOKUP(B101,'114+320'!$B$14:$AB$115,21,FALSE) -> 677 | N101: =VLOOKUP(B101,'114+320'!$B$15:$AB$115,5,FALSE) -> 643 | O101: =F101-N101 -> 1697 | P101: =VLOOKUP(B101,'114+320'!$B$15:$AB$115,14,FALSE) -> -303 | Q101: ='114+320'!R102 -> 0 | R101: =+Q101+R100 -> 123 | S101: =VLOOKUP(B101,'114+320'!$B$14:$AB$115,22,FALSE) -> 689 | T101: =VLOOKUP(B101,'114+320'!$B$15:$AB$115,6,FALSE) -> 571 | U101: =F101-T101 -> 1769 | V101: =VLOOKUP(B101,'114+320'!$B$15:$AB$115,15,FALSE) -> -231 | W101: ='114+320'!S102 -> 0 | X101: =+W101+X100 -> 111 | Y101: =S101-S100 -> 0 | Z101: =IF(Y101>0,Y101,0)/1000 -> 0 | AA101: =AA100+Z101 -> 0.899 | AB101: =(M101-$M$13-R101)/1000 -> 0.734
B102: ='114+320'!B103 -> 45132 | C102: =B102-B101 -> 1 | D102: =D101 -> 842 | E102: =VLOOKUP(B102,'114+320'!B103:AB204,3,FALSE) -> 1496 | F102: =D102+E102 -> 2338 | G102: =VLOOKUP(B102,'114+320'!$B$15:$AB$115,20,FALSE) -> 694 | H102: =VLOOKUP(B102,'114+320'!$B$15:$AB$115,4,FALSE) -> 624 | I102: =F102-H102 -> 1714 | J102: =VLOOKUP(B102,'114+320'!$B$15:$AB$115,13,FALSE) -> -286 | K102: ='114+320'!Q103 -> 0 | L102: =+K102+L101 -> 106 | M102: =VLOOKUP(B102,'114+320'!$B$14:$AB$115,21,FALSE) -> 677 | N102: =VLOOKUP(B102,'114+320'!$B$15:$AB$115,5,FALSE) -> 641 | O102: =F102-N102 -> 1697 | P102: =VLOOKUP(B102,'114+320'!$B$15:$AB$115,14,FALSE) -> -303 | Q102: ='114+320'!R103 -> 0 | R102: =+Q102+R101 -> 123 | S102: =VLOOKUP(B102,'114+320'!$B$14:$AB$115,22,FALSE) -> 689 | T102: =VLOOKUP(B102,'114+320'!$B$15:$AB$115,6,FALSE) -> 569 | U102: =F102-T102 -> 1769 | V102: =VLOOKUP(B102,'114+320'!$B$15:$AB$115,15,FALSE) -> -231 | W102: ='114+320'!S103 -> 0 | X102: =+W102+X101 -> 111 | Y102: =S102-S101 -> 0 | Z102: =IF(Y102>0,Y102,0)/1000 -> 0 | AA102: =AA101+Z102 -> 0.899 | AB102: =(M102-$M$13-R102)/1000 -> 0.734
B103: ='114+320'!B104 -> 45133 | C103: =B103-B102 -> 1 | D103: =D102 -> 842 | E103: =VLOOKUP(B103,'114+320'!B104:AB205,3,FALSE) -> 1494 | F103: =D103+E103 -> 2336 | G103: =VLOOKUP(B103,'114+320'!$B$15:$AB$115,20,FALSE) -> 694 | H103: =VLOOKUP(B103,'114+320'!$B$15:$AB$115,4,FALSE) -> 622 | I103: =F103-H103 -> 1714 | J103: =VLOOKUP(B103,'114+320'!$B$15:$AB$115,13,FALSE) -> -286 | K103: ='114+320'!Q104 -> 0 | L103: =+K103+L102 -> 106 | M103: =VLOOKUP(B103,'114+320'!$B$14:$AB$115,21,FALSE) -> 677 | N103: =VLOOKUP(B103,'114+320'!$B$15:$AB$115,5,FALSE) -> 639 | O103: =F103-N103 -> 1697 | P103: =VLOOKUP(B103,'114+320'!$B$15:$AB$115,14,FALSE) -> -303 | Q103: ='114+320'!R104 -> 0 | R103: =+Q103+R102 -> 123 | S103: =VLOOKUP(B103,'114+320'!$B$14:$AB$115,22,FALSE) -> 689 | T103: =VLOOKUP(B103,'114+320'!$B$15:$AB$115,6,FALSE) -> 567 | U103: =F103-T103 -> 1769 | V103: =VLOOKUP(B103,'114+320'!$B$15:$AB$115,15,FALSE) -> -231 | W103: ='114+320'!S104 -> 0 | X103: =+W103+X102 -> 111 | Y103: =S103-S102 -> 0 | Z103: =IF(Y103>0,Y103,0)/1000 -> 0 | AA103: =AA102+Z103 -> 0.899 | AB103: =(M103-$M$13-R103)/1000 -> 0.734
B104: ='114+320'!B105 -> 45134 | C104: =B104-B103 -> 1 | D104: =D103 -> 842 | E104: =VLOOKUP(B104,'114+320'!B105:AB206,3,FALSE) -> 1492 | F104: =D104+E104 -> 2334 | G104: =VLOOKUP(B104,'114+320'!$B$15:$AB$115,20,FALSE) -> 694 | H104: =VLOOKUP(B104,'114+320'!$B$15:$AB$115,4,FALSE) -> 620 | I104: =F104-H104 -> 1714 | J104: =VLOOKUP(B104,'114+320'!$B$15:$AB$115,13,FALSE) -> -286 | K104: ='114+320'!Q105 -> 0 | L104: =+K104+L103 -> 106 | M104: =VLOOKUP(B104,'114+320'!$B$14:$AB$115,21,FALSE) -> 677 | N104: =VLOOKUP(B104,'114+320'!$B$15:$AB$115,5,FALSE) -> 637 | O104: =F104-N104 -> 1697 | P104: =VLOOKUP(B104,'114+320'!$B$15:$AB$115,14,FALSE) -> -303 | Q104: ='114+320'!R105 -> 0 | R104: =+Q104+R103 -> 123 | S104: =VLOOKUP(B104,'114+320'!$B$14:$AB$115,22,FALSE) -> 689 | T104: =VLOOKUP(B104,'114+320'!$B$15:$AB$115,6,FALSE) -> 565 | U104: =F104-T104 -> 1769 | V104: =VLOOKUP(B104,'114+320'!$B$15:$AB$115,15,FALSE) -> -231 | W104: ='114+320'!S105 -> 0 | X104: =+W104+X103 -> 111 | Y104: =S104-S103 -> 0 | Z104: =IF(Y104>0,Y104,0)/1000 -> 0 | AA104: =AA103+Z104 -> 0.899 | AB104: =(M104-$M$13-R104)/1000 -> 0.734
B105: ='114+320'!B106 -> 45135 | C105: =B105-B104 -> 1 | D105: =D104 -> 842 | E105: =VLOOKUP(B105,'114+320'!B106:AB207,3,FALSE) -> 1490 | F105: =D105+E105 -> 2332 | G105: =VLOOKUP(B105,'114+320'!$B$15:$AB$115,20,FALSE) -> 694 | H105: =VLOOKUP(B105,'114+320'!$B$15:$AB$115,4,FALSE) -> 618 | I105: =F105-H105 -> 1714 | J105: =VLOOKUP(B105,'114+320'!$B$15:$AB$115,13,FALSE) -> -286 | K105: ='114+320'!Q106 -> 0 | L105: =+K105+L104 -> 106 | M105: =VLOOKUP(B105,'114+320'!$B$14:$AB$115,21,FALSE) -> 677 | N105: =VLOOKUP(B105,'114+320'!$B$15:$AB$115,5,FALSE) -> 635 | O105: =F105-N105 -> 1697 | P105: =VLOOKUP(B105,'114+320'!$B$15:$AB$115,14,FALSE) -> -303 | Q105: ='114+320'!R106 -> 0 | R105: =+Q105+R104 -> 123 | S105: =VLOOKUP(B105,'114+320'!$B$14:$AB$115,22,FALSE) -> 689 | T105: =VLOOKUP(B105,'114+320'!$B$15:$AB$115,6,FALSE) -> 563 | U105: =F105-T105 -> 1769 | V105: =VLOOKUP(B105,'114+320'!$B$15:$AB$115,15,FALSE) -> -231 | W105: ='114+320'!S106 -> 0 | X105: =+W105+X104 -> 111 | Y105: =S105-S104 -> 0 | Z105: =IF(Y105>0,Y105,0)/1000 -> 0 | AA105: =AA104+Z105 -> 0.899 | AB105: =(M105-$M$13-R105)/1000 -> 0.734
... B114: ='114+320'!B115 -> 45144 | C114: =B114-B113 -> 1 | D114: =D113 -> 842 | E114: =VLOOKUP(B114,'114+320'!B115:AB216,3,FALSE) -> 1472 | F114: =D114+E114 -> 2314 | G114: =VLOOKUP(B114,'114+320'!$B$15:$AB$115,20,FALSE) -> 694 | H114: =VLOOKUP(B114,'114+320'!$B$15:$AB$115,4,FALSE) -> 600 | I114: =F114-H114 -> 1714 | J114: =VLOOKUP(B114,'114+320'!$B$15:$AB$115,13,FALSE) -> -286 | K114: ='114+320'!Q115 -> 0 | L114: =+K114+L113 -> 106 | M114: =VLOOKUP(B114,'114+320'!$B$14:$AB$115,21,FALSE) -> 677 | N114: =VLOOKUP(B114,'114+320'!$B$15:$AB$115,5,FALSE) -> 617 | O114: =F114-N114 -> 1697 | P114: =VLOOKUP(B114,'114+320'!$B$15:$AB$115,14,FALSE) -> -303 | Q114: ='114+320'!R115 -> 0 | R114: =+Q114+R113 -> 123 | S114: =VLOOKUP(B114,'114+320'!$B$14:$AB$115,22,FALSE) -> 689 | T114: =VLOOKUP(B114,'114+320'!$B$15:$AB$115,6,FALSE) -> 545 | U114: =F114-T114 -> 1769 | V114: =VLOOKUP(B114,'114+320'!$B$15:$AB$115,15,FALSE) -> -231 | W114: ='114+320'!S115 -> 0 | X114: =+W114+X113 -> 111 | Y114: =S114-S113 -> 0 | Z114: =IF(Y114>0,Y114,0)/1000 -> 0 | AA114: =AA113+Z114 -> 0.899 | AB114: =(M114-$M$13-R114)/1000 -> 0.734
B115: ='114+320'!B116 -> 45145 | C115: =B115-B114 -> 1 | D115: =D114 -> 842 | E115: =VLOOKUP(B115,'114+320'!B116:AB217,3,FALSE) -> 1470 | F115: =D115+E115 -> 2312 | G115: =VLOOKUP(B115,'114+320'!$B$15:$AB$785,20,FALSE) -> 694 | H115: =VLOOKUP(B115,'114+320'!$B$15:$AB$785,4,FALSE) -> 598 | I115: =F115-H115 -> 1714 | J115: =VLOOKUP(B115,'114+320'!$B$15:$AB$785,13,FALSE) -> -286 | K115: ='114+320'!Q116 -> 0 | L115: =+K115+L114 -> 106 | M115: =VLOOKUP(B115,'114+320'!$B$14:$AB$785,21,FALSE) -> 677 | N115: =VLOOKUP(B115,'114+320'!$B$15:$AB$785,5,FALSE) -> 615 | O115: =F115-N115 -> 1697 | P115: =VLOOKUP(B115,'114+320'!$B$15:$AB$785,14,FALSE) -> -303 | Q115: ='114+320'!R116 -> 0 | R115: =+Q115+R114 -> 123 | S115: =VLOOKUP(B115,'114+320'!$B$14:$AB$785,22,FALSE) -> 689 | T115: =VLOOKUP(B115,'114+320'!$B$15:$AB$785,6,FALSE) -> 543 | U115: =F115-T115 -> 1769 | V115: =VLOOKUP(B115,'114+320'!$B$15:$AB$785,15,FALSE) -> -231 | W115: ='114+320'!S116 -> 0 | X115: =+W115+X114 -> 111 | Y115: =S115-S114 -> 0 | Z115: =IF(Y115>0,Y115,0)/1000 -> 0 | AA115: =AA114+Z115 -> 0.899 | AB115: =(M115-$M$13-R115)/1000 -> 0.734
B116: ='114+320'!B117 -> 45146 | C116: =B116-B115 -> 1 | D116: =D115 -> 842 | E116: =VLOOKUP(B116,'114+320'!B117:AB218,3,FALSE) -> 1468 | F116: =D116+E116 -> 2310 | G116: =VLOOKUP(B116,'114+320'!$B$15:$AB$785,20,FALSE) -> 694 | H116: =VLOOKUP(B116,'114+320'!$B$15:$AB$785,4,FALSE) -> 596 | I116: =F116-H116 -> 1714 | J116: =VLOOKUP(B116,'114+320'!$B$15:$AB$785,13,FALSE) -> -286 | K116: ='114+320'!Q117 -> 0 | L116: =+K116+L115 -> 106 | M116: =VLOOKUP(B116,'114+320'!$B$14:$AB$785,21,FALSE) -> 677 | N116: =VLOOKUP(B116,'114+320'!$B$15:$AB$785,5,FALSE) -> 613 | O116: =F116-N116 -> 1697 | P116: =VLOOKUP(B116,'114+320'!$B$15:$AB$785,14,FALSE) -> -303 | Q116: ='114+320'!R117 -> 0 | R116: =+Q116+R115 -> 123 | S116: =VLOOKUP(B116,'114+320'!$B$14:$AB$785,22,FALSE) -> 689 | T116: =VLOOKUP(B116,'114+320'!$B$15:$AB$785,6,FALSE) -> 541 | U116: =F116-T116 -> 1769 | V116: =VLOOKUP(B116,'114+320'!$B$15:$AB$785,15,FALSE) -> -231 | W116: ='114+320'!S117 -> 0 | X116: =+W116+X115 -> 111 | Y116: =S116-S115 -> 0 | Z116: =IF(Y116>0,Y116,0)/1000 -> 0 | AA116: =AA115+Z116 -> 0.899 | AB116: =(M116-$M$13-R116)/1000 -> 0.734
B117: ='114+320'!B118 -> 45147 | C117: =B117-B116 -> 1 | D117: =D116 -> 842 | E117: =VLOOKUP(B117,'114+320'!B118:AB219,3,FALSE) -> 1466 | F117: =D117+E117 -> 2308 | G117: =VLOOKUP(B117,'114+320'!$B$15:$AB$785,20,FALSE) -> 694 | H117: =VLOOKUP(B117,'114+320'!$B$15:$AB$785,4,FALSE) -> 594 | I117: =F117-H117 -> 1714 | J117: =VLOOKUP(B117,'114+320'!$B$15:$AB$785,13,FALSE) -> -286 | K117: ='114+320'!Q118 -> 0 | L117: =+K117+L116 -> 106 | M117: =VLOOKUP(B117,'114+320'!$B$14:$AB$785,21,FALSE) -> 677 | N117: =VLOOKUP(B117,'114+320'!$B$15:$AB$785,5,FALSE) -> 611 | O117: =F117-N117 -> 1697 | P117: =VLOOKUP(B117,'114+320'!$B$15:$AB$785,14,FALSE) -> -303 | Q117: ='114+320'!R118 -> 0 | R117: =+Q117+R116 -> 123 | S117: =VLOOKUP(B117,'114+320'!$B$14:$AB$785,22,FALSE) -> 689 | T117: =VLOOKUP(B117,'114+320'!$B$15:$AB$785,6,FALSE) -> 539 | U117: =F117-T117 -> 1769 | V117: =VLOOKUP(B117,'114+320'!$B$15:$AB$785,15,FALSE) -> -231 | W117: ='114+320'!S118 -> 0 | X117: =+W117+X116 -> 111 | Y117: =S117-S116 -> 0 | Z117: =IF(Y117>0,Y117,0)/1000 -> 0 | AA117: =AA116+Z117 -> 0.899 | AB117: =(M117-$M$13-R117)/1000 -> 0.734
B118: ='114+320'!B119 -> 45148 | C118: =B118-B117 -> 1 | D118: =D117 -> 842 | E118: =VLOOKUP(B118,'114+320'!B119:AB220,3,FALSE) -> 1464 | F118: =D118+E118 -> 2306 | G118: =VLOOKUP(B118,'114+320'!$B$15:$AB$785,20,FALSE) -> 694 | H118: =VLOOKUP(B118,'114+320'!$B$15:$AB$785,4,FALSE) -> 592 | I118: =F118-H118 -> 1714 | J118: =VLOOKUP(B118,'114+320'!$B$15:$AB$785,13,FALSE) -> -286 | K118: ='114+320'!Q119 -> 0 | L118: =+K118+L117 -> 106 | M118: =VLOOKUP(B118,'114+320'!$B$14:$AB$785,21,FALSE) -> 677 | N118: =VLOOKUP(B118,'114+320'!$B$15:$AB$785,5,FALSE) -> 609 | O118: =F118-N118 -> 1697 | P118: =VLOOKUP(B118,'114+320'!$B$15:$AB$785,14,FALSE) -> -303 | Q118: ='114+320'!R119 -> 0 | R118: =+Q118+R117 -> 123 | S118: =VLOOKUP(B118,'114+320'!$B$14:$AB$785,22,FALSE) -> 689 | T118: =VLOOKUP(B118,'114+320'!$B$15:$AB$785,6,FALSE) -> 537 | U118: =F118-T118 -> 1769 | V118: =VLOOKUP(B118,'114+320'!$B$15:$AB$785,15,FALSE) -> -231 | W118: ='114+320'!S119 -> 0 | X118: =+W118+X117 -> 111 | Y118: =S118-S117 -> 0 | Z118: =IF(Y118>0,Y118,0)/1000 -> 0 | AA118: =AA117+Z118 -> 0.899 | AB118: =(M118-$M$13-R118)/1000 -> 0.734
B119: ='114+320'!B120 -> 45149 | C119: =B119-B118 -> 1 | D119: =D118 -> 842 | E119: =VLOOKUP(B119,'114+320'!B120:AB221,3,FALSE) -> 1462 | F119: =D119+E119 -> 2304 | G119: =VLOOKUP(B119,'114+320'!$B$15:$AB$785,20,FALSE) -> 694 | H119: =VLOOKUP(B119,'114+320'!$B$15:$AB$785,4,FALSE) -> 590 | I119: =F119-H119 -> 1714 | J119: =VLOOKUP(B119,'114+320'!$B$15:$AB$785,13,FALSE) -> -286 | K119: ='114+320'!Q120 -> 0 | L119: =+K119+L118 -> 106 | M119: =VLOOKUP(B119,'114+320'!$B$14:$AB$785,21,FALSE) -> 677 | N119: =VLOOKUP(B119,'114+320'!$B$15:$AB$785,5,FALSE) -> 607 | O119: =F119-N119 -> 1697 | P119: =VLOOKUP(B119,'114+320'!$B$15:$AB$785,14,FALSE) -> -303 | Q119: ='114+320'!R120 -> 0 | R119: =+Q119+R118 -> 123 | S119: =VLOOKUP(B119,'114+320'!$B$14:$AB$785,22,FALSE) -> 689 | T119: =VLOOKUP(B119,'114+320'!$B$15:$AB$785,6,FALSE) -> 535 | U119: =F119-T119 -> 1769 | V119: =VLOOKUP(B119,'114+320'!$B$15:$AB$785,15,FALSE) -> -231 | W119: ='114+320'!S120 -> 0 | X119: =+W119+X118 -> 111 | Y119: =S119-S118 -> 0 | Z119: =IF(Y119>0,Y119,0)/1000 -> 0 | AA119: =AA118+Z119 -> 0.899 | AB119: =(M119-$M$13-R119)/1000 -> 0.734
B120: ='114+320'!B121 -> 45150 | C120: =B120-B119 -> 1 | D120: =D119 -> 842 | E120: =VLOOKUP(B120,'114+320'!B121:AB222,3,FALSE) -> 1460 | F120: =D120+E120 -> 2302 | G120: =VLOOKUP(B120,'114+320'!$B$15:$AB$785,20,FALSE) -> 694 | H120: =VLOOKUP(B120,'114+320'!$B$15:$AB$785,4,FALSE) -> 588 | I120: =F120-H120 -> 1714 | J120: =VLOOKUP(B120,'114+320'!$B$15:$AB$785,13,FALSE) -> -286 | K120: ='114+320'!Q121 -> 0 | L120: =+K120+L119 -> 106 | M120: =VLOOKUP(B120,'114+320'!$B$14:$AB$785,21,FALSE) -> 677 | N120: =VLOOKUP(B120,'114+320'!$B$15:$AB$785,5,FALSE) -> 605 | O120: =F120-N120 -> 1697 | P120: =VLOOKUP(B120,'114+320'!$B$15:$AB$785,14,FALSE) -> -303 | Q120: ='114+320'!R121 -> 0 | R120: =+Q120+R119 -> 123 | S120: =VLOOKUP(B120,'114+320'!$B$14:$AB$785,22,FALSE) -> 689 | T120: =VLOOKUP(B120,'114+320'!$B$15:$AB$785,6,FALSE) -> 533 | U120: =F120-T120 -> 1769 | V120: =VLOOKUP(B120,'114+320'!$B$15:$AB$785,15,FALSE) -> -231 | W120: ='114+320'!S121 -> 0 | X120: =+W120+X119 -> 111 | Y120: =S120-S119 -> 0 | Z120: =IF(Y120>0,Y120,0)/1000 -> 0 | AA120: =AA119+Z120 -> 0.899 | AB120: =(M120-$M$13-R120)/1000 -> 0.734
B121: ='114+320'!B122 -> 45151 | C121: =B121-B120 -> 1 | D121: =D120 -> 842 | E121: =VLOOKUP(B121,'114+320'!B122:AB223,3,FALSE) -> 1458 | F121: =D121+E121 -> 2300 | G121: =VLOOKUP(B121,'114+320'!$B$15:$AB$785,20,FALSE) -> 694 | H121: =VLOOKUP(B121,'114+320'!$B$15:$AB$785,4,FALSE) -> 586 | I121: =F121-H121 -> 1714 | J121: =VLOOKUP(B121,'114+320'!$B$15:$AB$785,13,FALSE) -> -286 | K121: ='114+320'!Q122 -> 0 | L121: =+K121+L120 -> 106 | M121: =VLOOKUP(B121,'114+320'!$B$14:$AB$785,21,FALSE) -> 677 | N121: =VLOOKUP(B121,'114+320'!$B$15:$AB$785,5,FALSE) -> 603 | O121: =F121-N121 -> 1697 | P121: =VLOOKUP(B121,'114+320'!$B$15:$AB$785,14,FALSE) -> -303 | Q121: ='114+320'!R122 -> 0 | R121: =+Q121+R120 -> 123 | S121: =VLOOKUP(B121,'114+320'!$B$14:$AB$785,22,FALSE) -> 689 | T121: =VLOOKUP(B121,'114+320'!$B$15:$AB$785,6,FALSE) -> 531 | U121: =F121-T121 -> 1769 | V121: =VLOOKUP(B121,'114+320'!$B$15:$AB$785,15,FALSE) -> -231 | W121: ='114+320'!S122 -> 0 | X121: =+W121+X120 -> 111 | Y121: =S121-S120 -> 0 | Z121: =IF(Y121>0,Y121,0)/1000 -> 0 | AA121: =AA120+Z121 -> 0.899 | AB121: =(M121-$M$13-R121)/1000 -> 0.734
B122: ='114+320'!B123 -> 45152 | C122: =B122-B121 -> 1 | D122: =D121 -> 842 | E122: =VLOOKUP(B122,'114+320'!B123:AB224,3,FALSE) -> 1456 | F122: =D122+E122 -> 2298 | G122: =VLOOKUP(B122,'114+320'!$B$15:$AB$785,20,FALSE) -> 694 | H122: =VLOOKUP(B122,'114+320'!$B$15:$AB$785,4,FALSE) -> 584 | I122: =F122-H122 -> 1714 | J122: =VLOOKUP(B122,'114+320'!$B$15:$AB$785,13,FALSE) -> -286 | K122: ='114+320'!Q123 -> 0 | L122: =+K122+L121 -> 106 | M122: =VLOOKUP(B122,'114+320'!$B$14:$AB$785,21,FALSE) -> 677 | N122: =VLOOKUP(B122,'114+320'!$B$15:$AB$785,5,FALSE) -> 601 | O122: =F122-N122 -> 1697 | P122: =VLOOKUP(B122,'114+320'!$B$15:$AB$785,14,FALSE) -> -303 | Q122: ='114+320'!R123 -> 0 | R122: =+Q122+R121 -> 123 | S122: =VLOOKUP(B122,'114+320'!$B$14:$AB$785,22,FALSE) -> 689 | T122: =VLOOKUP(B122,'114+320'!$B$15:$AB$785,6,FALSE) -> 529 | U122: =F122-T122 -> 1769 | V122: =VLOOKUP(B122,'114+320'!$B$15:$AB$785,15,FALSE) -> -231 | W122: ='114+320'!S123 -> 0 | X122: =+W122+X121 -> 111 | Y122: =S122-S121 -> 0 | Z122: =IF(Y122>0,Y122,0)/1000 -> 0 | AA122: =AA121+Z122 -> 0.899 | AB122: =(M122-$M$13-R122)/1000 -> 0.734
B123: ='114+320'!B124 -> 45153 | C123: =B123-B122 -> 1 | D123: =D122 -> 842 | E123: =VLOOKUP(B123,'114+320'!B124:AB225,3,FALSE) -> 1454 | F123: =D123+E123 -> 2296 | G123: =VLOOKUP(B123,'114+320'!$B$15:$AB$785,20,FALSE) -> 694 | H123: =VLOOKUP(B123,'114+320'!$B$15:$AB$785,4,FALSE) -> 582 | I123: =F123-H123 -> 1714 | J123: =VLOOKUP(B123,'114+320'!$B$15:$AB$785,13,FALSE) -> -286 | K123: ='114+320'!Q124 -> 0 | L123: =+K123+L122 -> 106 | M123: =VLOOKUP(B123,'114+320'!$B$14:$AB$785,21,FALSE) -> 677 | N123: =VLOOKUP(B123,'114+320'!$B$15:$AB$785,5,FALSE) -> 599 | O123: =F123-N123 -> 1697 | P123: =VLOOKUP(B123,'114+320'!$B$15:$AB$785,14,FALSE) -> -303 | Q123: ='114+320'!R124 -> 0 | R123: =+Q123+R122 -> 123 | S123: =VLOOKUP(B123,'114+320'!$B$14:$AB$785,22,FALSE) -> 689 | T123: =VLOOKUP(B123,'114+320'!$B$15:$AB$785,6,FALSE) -> 527 | U123: =F123-T123 -> 1769 | V123: =VLOOKUP(B123,'114+320'!$B$15:$AB$785,15,FALSE) -> -231 | W123: ='114+320'!S124 -> 0 | X123: =+W123+X122 -> 111 | Y123: =S123-S122 -> 0 | Z123: =IF(Y123>0,Y123,0)/1000 -> 0 | AA123: =AA122+Z123 -> 0.899 | AB123: =(M123-$M$13-R123)/1000 -> 0.734
B124: ='114+320'!B125 -> 45154 | C124: =B124-B123 -> 1 | D124: =D123 -> 842 | E124: =VLOOKUP(B124,'114+320'!B125:AB226,3,FALSE) -> 1452 | F124: =D124+E124 -> 2294 | G124: =VLOOKUP(B124,'114+320'!$B$15:$AB$785,20,FALSE) -> 694 | H124: =VLOOKUP(B124,'114+320'!$B$15:$AB$785,4,FALSE) -> 580 | I124: =F124-H124 -> 1714 | J124: =VLOOKUP(B124,'114+320'!$B$15:$AB$785,13,FALSE) -> -286 | K124: ='114+320'!Q125 -> 0 | L124: =+K124+L123 -> 106 | M124: =VLOOKUP(B124,'114+320'!$B$14:$AB$785,21,FALSE) -> 677 | N124: =VLOOKUP(B124,'114+320'!$B$15:$AB$785,5,FALSE) -> 597 | O124: =F124-N124 -> 1697 | P124: =VLOOKUP(B124,'114+320'!$B$15:$AB$785,14,FALSE) -> -303 | Q124: ='114+320'!R125 -> 0 | R124: =+Q124+R123 -> 123 | S124: =VLOOKUP(B124,'114+320'!$B$14:$AB$785,22,FALSE) -> 689 | T124: =VLOOKUP(B124,'114+320'!$B$15:$AB$785,6,FALSE) -> 525 | U124: =F124-T124 -> 1769 | V124: =VLOOKUP(B124,'114+320'!$B$15:$AB$785,15,FALSE) -> -231 | W124: ='114+320'!S125 -> 0 | X124: =+W124+X123 -> 111 | Y124: =S124-S123 -> 0 | Z124: =IF(Y124>0,Y124,0)/1000 -> 0 | AA124: =AA123+Z124 -> 0.899 | AB124: =(M124-$M$13-R124)/1000 -> 0.734
B125: ='114+320'!B126 -> 45155 | C125: =B125-B124 -> 1 | D125: =D124 -> 842 | E125: =VLOOKUP(B125,'114+320'!B126:AB227,3,FALSE) -> 1450 | F125: =D125+E125 -> 2292 | G125: =VLOOKUP(B125,'114+320'!$B$15:$AB$785,20,FALSE) -> 694 | H125: =VLOOKUP(B125,'114+320'!$B$15:$AB$785,4,FALSE) -> 578 | I125: =F125-H125 -> 1714 | J125: =VLOOKUP(B125,'114+320'!$B$15:$AB$785,13,FALSE) -> -286 | K125: ='114+320'!Q126 -> 0 | L125: =+K125+L124 -> 106 | M125: =VLOOKUP(B125,'114+320'!$B$14:$AB$785,21,FALSE) -> 677 | N125: =VLOOKUP(B125,'114+320'!$B$15:$AB$785,5,FALSE) -> 595 | O125: =F125-N125 -> 1697 | P125: =VLOOKUP(B125,'114+320'!$B$15:$AB$785,14,FALSE) -> -303 | Q125: ='114+320'!R126 -> 0 | R125: =+Q125+R124 -> 123 | S125: =VLOOKUP(B125,'114+320'!$B$14:$AB$785,22,FALSE) -> 689 | T125: =VLOOKUP(B125,'114+320'!$B$15:$AB$785,6,FALSE) -> 523 | U125: =F125-T125 -> 1769 | V125: =VLOOKUP(B125,'114+320'!$B$15:$AB$785,15,FALSE) -> -231 | W125: ='114+320'!S126 -> 0 | X125: =+W125+X124 -> 111 | Y125: =S125-S124 -> 0 | Z125: =IF(Y125>0,Y125,0)/1000 -> 0 | AA125: =AA124+Z125 -> 0.899 | AB125: =(M125-$M$13-R125)/1000 -> 0.734
B126: ='114+320'!B127 -> 45156 | C126: =B126-B125 -> 1 | D126: =D125 -> 842 | E126: =VLOOKUP(B126,'114+320'!B127:AB228,3,FALSE) -> 1452 | F126: =D126+E126 -> 2294 | G126: =VLOOKUP(B126,'114+320'!$B$15:$AB$785,20,FALSE) -> 694 | H126: =VLOOKUP(B126,'114+320'!$B$15:$AB$785,4,FALSE) -> 580 | I126: =F126-H126 -> 1714 | J126: =VLOOKUP(B126,'114+320'!$B$15:$AB$785,13,FALSE) -> -286 | K126: ='114+320'!Q127 -> 0 | L126: =+K126+L125 -> 106 | M126: =VLOOKUP(B126,'114+320'!$B$14:$AB$785,21,FALSE) -> 677 | N126: =VLOOKUP(B126,'114+320'!$B$15:$AB$785,5,FALSE) -> 597 | O126: =F126-N126 -> 1697 | P126: =VLOOKUP(B126,'114+320'!$B$15:$AB$785,14,FALSE) -> -303 | Q126: ='114+320'!R127 -> 0 | R126: =+Q126+R125 -> 123 | S126: =VLOOKUP(B126,'114+320'!$B$14:$AB$785,22,FALSE) -> 689 | T126: =VLOOKUP(B126,'114+320'!$B$15:$AB$785,6,FALSE) -> 525 | U126: =F126-T126 -> 1769 | V126: =VLOOKUP(B126,'114+320'!$B$15:$AB$785,15,FALSE) -> -231 | W126: ='114+320'!S127 -> 0 | X126: =+W126+X125 -> 111 | Y126: =S126-S125 -> 0 | Z126: =IF(Y126>0,Y126,0)/1000 -> 0 | AA126: =AA125+Z126 -> 0.899 | AB126: =(M126-$M$13-R126)/1000 -> 0.734
... B379: ='114+320'!B380 -> 45409 | C379: =B379-B378 -> 1 | D379: =D378 -> 842 | E379: =VLOOKUP(B379,'114+320'!B380:AB481,3,FALSE) -> 1958 | F379: =D379+E379 -> 2800 | G379: =VLOOKUP(B379,'114+320'!$B$15:$AB$785,20,FALSE) -> 2083 | H379: =VLOOKUP(B379,'114+320'!$B$15:$AB$785,4,FALSE) -> 197 | I379: =F379-H379 -> 2603 | J379: =VLOOKUP(B379,'114+320'!$B$15:$AB$785,13,FALSE) -> -397 | K379: ='114+320'!Q380 -> 3 | L379: =+K379+L378 -> 217 | M379: =VLOOKUP(B379,'114+320'!$B$14:$AB$785,21,FALSE) -> 2059 | N379: =VLOOKUP(B379,'114+320'!$B$15:$AB$785,5,FALSE) -> 221 | O379: =F379-N379 -> 2579 | P379: =VLOOKUP(B379,'114+320'!$B$15:$AB$785,14,FALSE) -> -421 | Q379: ='114+320'!R380 -> 3 | R379: =+Q379+R378 -> 241 | S379: =VLOOKUP(B379,'114+320'!$B$14:$AB$785,22,FALSE) -> 2085 | T379: =VLOOKUP(B379,'114+320'!$B$15:$AB$785,6,FALSE) -> 135 | U379: =F379-T379 -> 2665 | V379: =VLOOKUP(B379,'114+320'!$B$15:$AB$785,15,FALSE) -> -335 | W379: ='114+320'!S380 -> 1 | X379: =+W379+X378 -> 215 | Y379: =S379-S378 -> -1 | Z379: =IF(Y379>0,Y379,0)/1000 -> 0 | AA379: =AA378+Z379 -> 2.369 | AB379: =(M379-$M$13-R379)/1000 -> 1.998
B380: ='114+320'!B381 -> 45410 | C380: =B380-B379 -> 1 | D380: =D379 -> 842 | E380: =VLOOKUP(B380,'114+320'!B381:AB767,3,FALSE) -> 1960 | F380: =D380+E380 -> 2802 | G380: =VLOOKUP(B380,'114+320'!$B$15:$AB$785,20,FALSE) -> 2079 | H380: =VLOOKUP(B380,'114+320'!$B$15:$AB$785,4,FALSE) -> 203 | I380: =F380-H380 -> 2599 | J380: =VLOOKUP(B380,'114+320'!$B$15:$AB$785,13,FALSE) -> -401 | K380: ='114+320'!Q381 -> 4 | L380: =+K380+L379 -> 221 | M380: =VLOOKUP(B380,'114+320'!$B$14:$AB$785,21,FALSE) -> 2055 | N380: =VLOOKUP(B380,'114+320'!$B$15:$AB$785,5,FALSE) -> 227 | O380: =F380-N380 -> 2575 | P380: =VLOOKUP(B380,'114+320'!$B$15:$AB$785,14,FALSE) -> -425 | Q380: ='114+320'!R381 -> 4 | R380: =+Q380+R379 -> 245 | S380: =VLOOKUP(B380,'114+320'!$B$14:$AB$785,22,FALSE) -> 2084 | T380: =VLOOKUP(B380,'114+320'!$B$15:$AB$785,6,FALSE) -> 138 | U380: =F380-T380 -> 2664 | V380: =VLOOKUP(B380,'114+320'!$B$15:$AB$785,15,FALSE) -> -336 | W380: ='114+320'!S381 -> 1 | X380: =+W380+X379 -> 216 | Y380: =S380-S379 -> -1 | Z380: =IF(Y380>0,Y380,0)/1000 -> 0 | AA380: =AA379+Z380 -> 2.369 | AB380: =(M380-$M$13-R380)/1000 -> 1.99
B381: ='114+320'!B382 -> 45411 | C381: =B381-B380 -> 1 | D381: =D380 -> 842 | E381: =VLOOKUP(B381,'114+320'!B382:AB768,3,FALSE) -> 1962 | F381: =D381+E381 -> 2804 | G381: =VLOOKUP(B381,'114+320'!$B$15:$AB$785,20,FALSE) -> 2072 | H381: =VLOOKUP(B381,'114+320'!$B$15:$AB$785,4,FALSE) -> 212 | I381: =F381-H381 -> 2592 | J381: =VLOOKUP(B381,'114+320'!$B$15:$AB$785,13,FALSE) -> -408 | K381: ='114+320'!Q382 -> 7 | L381: =+K381+L380 -> 228 | M381: =VLOOKUP(B381,'114+320'!$B$14:$AB$785,21,FALSE) -> 2052 | N381: =VLOOKUP(B381,'114+320'!$B$15:$AB$785,5,FALSE) -> 232 | O381: =F381-N381 -> 2572 | P381: =VLOOKUP(B381,'114+320'!$B$15:$AB$785,14,FALSE) -> -428 | Q381: ='114+320'!R382 -> 3 | R381: =+Q381+R380 -> 248 | S381: =VLOOKUP(B381,'114+320'!$B$14:$AB$785,22,FALSE) -> 2084 | T381: =VLOOKUP(B381,'114+320'!$B$15:$AB$785,6,FALSE) -> 140 | U381: =F381-T381 -> 2664 | V381: =VLOOKUP(B381,'114+320'!$B$15:$AB$785,15,FALSE) -> -336 | W381: ='114+320'!S382 -> 0 | X381: =+W381+X380 -> 216 | Y381: =S381-S380 -> 0 | Z381: =IF(Y381>0,Y381,0)/1000 -> 0 | AA381: =AA380+Z381 -> 2.369 | AB381: =(M381-$M$13-R381)/1000 -> 1.984
B382: ='114+320'!B383 -> 45412 | C382: =B382-B381 -> 1 | D382: =D381 -> 842 | E382: =VLOOKUP(B382,'114+320'!B383:AB769,3,FALSE) -> 1964 | F382: =D382+E382 -> 2806 | G382: =VLOOKUP(B382,'114+320'!$B$15:$AB$785,20,FALSE) -> 2067 | H382: =VLOOKUP(B382,'114+320'!$B$15:$AB$785,4,FALSE) -> 219 | I382: =F382-H382 -> 2587 | J382: =VLOOKUP(B382,'114+320'!$B$15:$AB$785,13,FALSE) -> -413 | K382: ='114+320'!Q383 -> 5 | L382: =+K382+L381 -> 233 | M382: =VLOOKUP(B382,'114+320'!$B$14:$AB$785,21,FALSE) -> 2050 | N382: =VLOOKUP(B382,'114+320'!$B$15:$AB$785,5,FALSE) -> 236 | O382: =F382-N382 -> 2570 | P382: =VLOOKUP(B382,'114+320'!$B$15:$AB$785,14,FALSE) -> -430 | Q382: ='114+320'!R383 -> 2 | R382: =+Q382+R381 -> 250 | S382: =VLOOKUP(B382,'114+320'!$B$14:$AB$785,22,FALSE) -> 2083 | T382: =VLOOKUP(B382,'114+320'!$B$15:$AB$785,6,FALSE) -> 143 | U382: =F382-T382 -> 2663 | V382: =VLOOKUP(B382,'114+320'!$B$15:$AB$785,15,FALSE) -> -337 | W382: ='114+320'!S383 -> 1 | X382: =+W382+X381 -> 217 | Y382: =S382-S381 -> -1 | Z382: =IF(Y382>0,Y382,0)/1000 -> 0 | AA382: =AA381+Z382 -> 2.369 | AB382: =(M382-$M$13-R382)/1000 -> 1.98
B383: ='114+320'!B384 -> 45413 | C383: =B383-B382 -> 1 | D383: =D382 -> 842 | E383: =VLOOKUP(B383,'114+320'!B384:AB770,3,FALSE) -> 1966 | F383: =D383+E383 -> 2808 | G383: =VLOOKUP(B383,'114+320'!$B$15:$AB$785,20,FALSE) -> 2062 | H383: =VLOOKUP(B383,'114+320'!$B$15:$AB$785,4,FALSE) -> 226 | I383: =F383-H383 -> 2582 | J383: =VLOOKUP(B383,'114+320'!$B$15:$AB$785,13,FALSE) -> -418 | K383: ='114+320'!Q384 -> 5 | L383: =+K383+L382 -> 238 | M383: =VLOOKUP(B383,'114+320'!$B$14:$AB$785,21,FALSE) -> 2046 | N383: =VLOOKUP(B383,'114+320'!$B$15:$AB$785,5,FALSE) -> 242 | O383: =F383-N383 -> 2566 | P383: =VLOOKUP(B383,'114+320'!$B$15:$AB$785,14,FALSE) -> -434 | Q383: ='114+320'!R384 -> 4 | R383: =+Q383+R382 -> 254 | S383: =VLOOKUP(B383,'114+320'!$B$14:$AB$785,22,FALSE) -> 2083 | T383: =VLOOKUP(B383,'114+320'!$B$15:$AB$785,6,FALSE) -> 145 | U383: =F383-T383 -> 2663 | V383: =VLOOKUP(B383,'114+320'!$B$15:$AB$785,15,FALSE) -> -337 | W383: ='114+320'!S384 -> 0 | X383: =+W383+X382 -> 217 | Y383: =S383-S382 -> 0 | Z383: =IF(Y383>0,Y383,0)/1000 -> 0 | AA383: =AA382+Z383 -> 2.369 | AB383: =(M383-$M$13-R383)/1000 -> 1.972
B384: ='114+320'!B385 -> 45414 | C384: =B384-B383 -> 1 | D384: =D383 -> 842 | E384: =VLOOKUP(B384,'114+320'!B385:AB771,3,FALSE) -> 1968 | F384: =D384+E384 -> 2810 | G384: =VLOOKUP(B384,'114+320'!$B$15:$AB$785,20,FALSE) -> 2058 | H384: =VLOOKUP(B384,'114+320'!$B$15:$AB$785,4,FALSE) -> 232 | I384: =F384-H384 -> 2578 | J384: =VLOOKUP(B384,'114+320'!$B$15:$AB$785,13,FALSE) -> -422 | K384: ='114+320'!Q385 -> 4 | L384: =+K384+L383 -> 242 | M384: =VLOOKUP(B384,'114+320'!$B$14:$AB$785,21,FALSE) -> 2039 | N384: =VLOOKUP(B384,'114+320'!$B$15:$AB$785,5,FALSE) -> 251 | O384: =F384-N384 -> 2559 | P384: =VLOOKUP(B384,'114+320'!$B$15:$AB$785,14,FALSE) -> -441 | Q384: ='114+320'!R385 -> 7 | R384: =+Q384+R383 -> 261 | S384: =VLOOKUP(B384,'114+320'!$B$14:$AB$785,22,FALSE) -> 2082 | T384: =VLOOKUP(B384,'114+320'!$B$15:$AB$785,6,FALSE) -> 148 | U384: =F384-T384 -> 2662 | V384: =VLOOKUP(B384,'114+320'!$B$15:$AB$785,15,FALSE) -> -338 | W384: ='114+320'!S385 -> 1 | X384: =+W384+X383 -> 218 | Y384: =S384-S383 -> -1 | Z384: =IF(Y384>0,Y384,0)/1000 -> 0 | AA384: =AA383+Z384 -> 2.369 | AB384: =(M384-$M$13-R384)/1000 -> 1.958
B385: ='114+320'!B386 -> 45415 | C385: =B385-B384 -> 1 | D385: =D384 -> 842 | E385: =VLOOKUP(B385,'114+320'!B386:AB772,3,FALSE) -> 1970 | F385: =D385+E385 -> 2812 | G385: =VLOOKUP(B385,'114+320'!$B$15:$AB$785,20,FALSE) -> 2055 | H385: =VLOOKUP(B385,'114+320'!$B$15:$AB$785,4,FALSE) -> 237 | I385: =F385-H385 -> 2575 | J385: =VLOOKUP(B385,'114+320'!$B$15:$AB$785,13,FALSE) -> -425 | K385: ='114+320'!Q386 -> 3 | L385: =+K385+L384 -> 245 | M385: =VLOOKUP(B385,'114+320'!$B$14:$AB$785,21,FALSE) -> 2034 | N385: =VLOOKUP(B385,'114+320'!$B$15:$AB$785,5,FALSE) -> 258 | O385: =F385-N385 -> 2554 | P385: =VLOOKUP(B385,'114+320'!$B$15:$AB$785,14,FALSE) -> -446 | Q385: ='114+320'!R386 -> 5 | R385: =+Q385+R384 -> 266 | S385: =VLOOKUP(B385,'114+320'!$B$14:$AB$785,22,FALSE) -> 2082 | T385: =VLOOKUP(B385,'114+320'!$B$15:$AB$785,6,FALSE) -> 150 | U385: =F385-T385 -> 2662 | V385: =VLOOKUP(B385,'114+320'!$B$15:$AB$785,15,FALSE) -> -338 | W385: ='114+320'!S386 -> 0 | X385: =+W385+X384 -> 218 | Y385: =S385-S384 -> 0 | Z385: =IF(Y385>0,Y385,0)/1000 -> 0 | AA385: =AA384+Z385 -> 2.369 | AB385: =(M385-$M$13-R385)/1000 -> 1.948
B386: ='114+320'!B387 -> 45416 | C386: =B386-B385 -> 1 | D386: =D385 -> 842 | E386: =VLOOKUP(B386,'114+320'!B387:AB773,3,FALSE) -> 1972 | F386: =D386+E386 -> 2814 | G386: =VLOOKUP(B386,'114+320'!$B$15:$AB$785,20,FALSE) -> 2053 | H386: =VLOOKUP(B386,'114+320'!$B$15:$AB$785,4,FALSE) -> 241 | I386: =F386-H386 -> 2573 | J386: =VLOOKUP(B386,'114+320'!$B$15:$AB$785,13,FALSE) -> -427 | K386: ='114+320'!Q387 -> 2 | L386: =+K386+L385 -> 247 | M386: =VLOOKUP(B386,'114+320'!$B$14:$AB$785,21,FALSE) -> 2029 | N386: =VLOOKUP(B386,'114+320'!$B$15:$AB$785,5,FALSE) -> 265 | O386: =F386-N386 -> 2549 | P386: =VLOOKUP(B386,'114+320'!$B$15:$AB$785,14,FALSE) -> -451 | Q386: ='114+320'!R387 -> 5 | R386: =+Q386+R385 -> 271 | S386: =VLOOKUP(B386,'114+320'!$B$14:$AB$785,22,FALSE) -> 2081 | T386: =VLOOKUP(B386,'114+320'!$B$15:$AB$785,6,FALSE) -> 153 | U386: =F386-T386 -> 2661 | V386: =VLOOKUP(B386,'114+320'!$B$15:$AB$785,15,FALSE) -> -339 | W386: ='114+320'!S387 -> 1 | X386: =+W386+X385 -> 219 | Y386: =S386-S385 -> -1 | Z386: =IF(Y386>0,Y386,0)/1000 -> 0 | AA386: =AA385+Z386 -> 2.369 | AB386: =(M386-$M$13-R386)/1000 -> 1.938
B387: ='114+320'!B388 -> 45417 | C387: =B387-B386 -> 1 | D387: =D386 -> 842 | E387: =VLOOKUP(B387,'114+320'!B388:AB774,3,FALSE) -> 1974 | F387: =D387+E387 -> 2816 | G387: =VLOOKUP(B387,'114+320'!$B$15:$AB$785,20,FALSE) -> 2049 | H387: =VLOOKUP(B387,'114+320'!$B$15:$AB$785,4,FALSE) -> 247 | I387: =F387-H387 -> 2569 | J387: =VLOOKUP(B387,'114+320'!$B$15:$AB$785,13,FALSE) -> -431 | K387: ='114+320'!Q388 -> 4 | L387: =+K387+L386 -> 251 | M387: =VLOOKUP(B387,'114+320'!$B$14:$AB$785,21,FALSE) -> 2025 | N387: =VLOOKUP(B387,'114+320'!$B$15:$AB$785,5,FALSE) -> 271 | O387: =F387-N387 -> 2545 | P387: =VLOOKUP(B387,'114+320'!$B$15:$AB$785,14,FALSE) -> -455 | Q387: ='114+320'!R388 -> 4 | R387: =+Q387+R386 -> 275 | S387: =VLOOKUP(B387,'114+320'!$B$14:$AB$785,22,FALSE) -> 2081 | T387: =VLOOKUP(B387,'114+320'!$B$15:$AB$785,6,FALSE) -> 155 | U387: =F387-T387 -> 2661 | V387: =VLOOKUP(B387,'114+320'!$B$15:$AB$785,15,FALSE) -> -339 | W387: ='114+320'!S388 -> 0 | X387: =+W387+X386 -> 219 | Y387: =S387-S386 -> 0 | Z387: =IF(Y387>0,Y387,0)/1000 -> 0 | AA387: =AA386+Z387 -> 2.369 | AB387: =(M387-$M$13-R387)/1000 -> 1.93
B388: ='114+320'!B389 -> 45418 | C388: =B388-B387 -> 1 | D388: =D387 -> 842 | E388: =VLOOKUP(B388,'114+320'!B389:AB775,3,FALSE) -> 1976 | F388: =D388+E388 -> 2818 | G388: =VLOOKUP(B388,'114+320'!$B$15:$AB$785,20,FALSE) -> 2046 | H388: =VLOOKUP(B388,'114+320'!$B$15:$AB$785,4,FALSE) -> 252 | I388: =F388-H388 -> 2566 | J388: =VLOOKUP(B388,'114+320'!$B$15:$AB$785,13,FALSE) -> -434 | K388: ='114+320'!Q389 -> 3 | L388: =+K388+L387 -> 254 | M388: =VLOOKUP(B388,'114+320'!$B$14:$AB$785,21,FALSE) -> 2022 | N388: =VLOOKUP(B388,'114+320'!$B$15:$AB$785,5,FALSE) -> 276 | O388: =F388-N388 -> 2542 | P388: =VLOOKUP(B388,'114+320'!$B$15:$AB$785,14,FALSE) -> -458 | Q388: ='114+320'!R389 -> 3 | R388: =+Q388+R387 -> 278 | S388: =VLOOKUP(B388,'114+320'!$B$14:$AB$785,22,FALSE) -> 2080 | T388: =VLOOKUP(B388,'114+320'!$B$15:$AB$785,6,FALSE) -> 158 | U388: =F388-T388 -> 2660 | V388: =VLOOKUP(B388,'114+320'!$B$15:$AB$785,15,FALSE) -> -340 | W388: ='114+320'!S389 -> 1 | X388: =+W388+X387 -> 220 | Y388: =S388-S387 -> -1 | Z388: =IF(Y388>0,Y388,0)/1000 -> 0 | AA388: =AA387+Z388 -> 2.369 | AB388: =(M388-$M$13-R388)/1000 -> 1.924
B389: ='114+320'!B390 -> 45419 | C389: =B389-B388 -> 1 | D389: =D388 -> 842 | E389: =VLOOKUP(B389,'114+320'!B390:AB776,3,FALSE) -> 1978 | F389: =D389+E389 -> 2820 | G389: =VLOOKUP(B389,'114+320'!$B$15:$AB$785,20,FALSE) -> 2044 | H389: =VLOOKUP(B389,'114+320'!$B$15:$AB$785,4,FALSE) -> 256 | I389: =F389-H389 -> 2564 | J389: =VLOOKUP(B389,'114+320'!$B$15:$AB$785,13,FALSE) -> -436 | K389: ='114+320'!Q390 -> 2 | L389: =+K389+L388 -> 256 | M389: =VLOOKUP(B389,'114+320'!$B$14:$AB$785,21,FALSE) -> 2020 | N389: =VLOOKUP(B389,'114+320'!$B$15:$AB$785,5,FALSE) -> 280 | O389: =F389-N389 -> 2540 | P389: =VLOOKUP(B389,'114+320'!$B$15:$AB$785,14,FALSE) -> -460 | Q389: ='114+320'!R390 -> 2 | R389: =+Q389+R388 -> 280 | S389: =VLOOKUP(B389,'114+320'!$B$14:$AB$785,22,FALSE) -> 2080 | T389: =VLOOKUP(B389,'114+320'!$B$15:$AB$785,6,FALSE) -> 160 | U389: =F389-T389 -> 2660 | V389: =VLOOKUP(B389,'114+320'!$B$15:$AB$785,15,FALSE) -> -340 | W389: ='114+320'!S390 -> 0 | X389: =+W389+X388 -> 220 | Y389: =S389-S388 -> 0 | Z389: =IF(Y389>0,Y389,0)/1000 -> 0 | AA389: =AA388+Z389 -> 2.369 | AB389: =(M389-$M$13-R389)/1000 -> 1.92
B390: ='114+320'!B391 -> 45420 | C390: =B390-B389 -> 1 | D390: =D389 -> 842 | E390: =VLOOKUP(B390,'114+320'!B391:AB777,3,FALSE) -> 1980 | F390: =D390+E390 -> 2822 | G390: =VLOOKUP(B390,'114+320'!$B$15:$AB$785,20,FALSE) -> 2044 | H390: =VLOOKUP(B390,'114+320'!$B$15:$AB$785,4,FALSE) -> 258 | I390: =F390-H390 -> 2564 | J390: =VLOOKUP(B390,'114+320'!$B$15:$AB$785,13,FALSE) -> -436 | K390: ='114+320'!Q391 -> 0 | L390: =+K390+L389 -> 256 | M390: =VLOOKUP(B390,'114+320'!$B$14:$AB$785,21,FALSE) -> 2020 | N390: =VLOOKUP(B390,'114+320'!$B$15:$AB$785,5,FALSE) -> 282 | O390: =F390-N390 -> 2540 | P390: =VLOOKUP(B390,'114+320'!$B$15:$AB$785,14,FALSE) -> -460 | Q390: ='114+320'!R391 -> 0 | R390: =+Q390+R389 -> 280 | S390: =VLOOKUP(B390,'114+320'!$B$14:$AB$785,22,FALSE) -> 2080 | T390: =VLOOKUP(B390,'114+320'!$B$15:$AB$785,6,FALSE) -> 162 | U390: =F390-T390 -> 2660 | V390: =VLOOKUP(B390,'114+320'!$B$15:$AB$785,15,FALSE) -> -340 | W390: ='114+320'!S391 -> 0 | X390: =+W390+X389 -> 220 | Y390: =S390-S389 -> 0 | Z390: =IF(Y390>0,Y390,0)/1000 -> 0 | AA390: =AA389+Z390 -> 2.369 | AB390: =(M390-$M$13-R390)/1000 -> 1.92
B391: ='114+320'!B392 -> 45421 | C391: =B391-B390 -> 1 | D391: =D390 -> 842 | E391: =VLOOKUP(B391,'114+320'!B392:AB778,3,FALSE) -> 1982 | F391: =D391+E391 -> 2824 | G391: =VLOOKUP(B391,'114+320'!$B$15:$AB$785,20,FALSE) -> 2044 | H391: =VLOOKUP(B391,'114+320'!$B$15:$AB$785,4,FALSE) -> 260 | I391: =F391-H391 -> 2564 | J391: =VLOOKUP(B391,'114+320'!$B$15:$AB$785,13,FALSE) -> -436 | K391: ='114+320'!Q392 -> 0 | L391: =+K391+L390 -> 256 | M391: =VLOOKUP(B391,'114+320'!$B$14:$AB$785,21,FALSE) -> 2020 | N391: =VLOOKUP(B391,'114+320'!$B$15:$AB$785,5,FALSE) -> 284 | O391: =F391-N391 -> 2540 | P391: =VLOOKUP(B391,'114+320'!$B$15:$AB$785,14,FALSE) -> -460 | Q391: ='114+320'!R392 -> 0 | R391: =+Q391+R390 -> 280 | S391: =VLOOKUP(B391,'114+320'!$B$14:$AB$785,22,FALSE) -> 2080 | T391: =VLOOKUP(B391,'114+320'!$B$15:$AB$785,6,FALSE) -> 164 | U391: =F391-T391 -> 2660 | V391: =VLOOKUP(B391,'114+320'!$B$15:$AB$785,15,FALSE) -> -340 | W391: ='114+320'!S392 -> 0 | X391: =+W391+X390 -> 220 | Y391: =S391-S390 -> 0 | Z391: =IF(Y391>0,Y391,0)/1000 -> 0 | AA391: =AA390+Z391 -> 2.369 | AB391: =(M391-$M$13-R391)/1000 -> 1.92
... B781: ='114+320'!B782 -> 0 | C781: =B781-B780 -> 0 | D781: =D780 -> 842 | E781: =VLOOKUP(B781,'114+320'!B782:AB1168,3,FALSE) -> #N/A | F781: =D781+E781 -> #N/A | G781: =VLOOKUP(B781,'114+320'!$B$15:$AB$785,20,FALSE) -> #N/A | H781: =VLOOKUP(B781,'114+320'!$B$15:$AB$785,4,FALSE) -> #N/A | I781: =F781-H781 -> #N/A | J781: =VLOOKUP(B781,'114+320'!$B$15:$AB$785,13,FALSE) -> #N/A | K781: ='114+320'!Q782 -> 0 | L781: =+K781+L780 -> 1361 | M781: =VLOOKUP(B781,'114+320'!$B$14:$AB$785,21,FALSE) -> #N/A | N781: =VLOOKUP(B781,'114+320'!$B$15:$AB$785,5,FALSE) -> #N/A | O781: =F781-N781 -> #N/A | P781: =VLOOKUP(B781,'114+320'!$B$15:$AB$785,14,FALSE) -> #N/A | Q781: ='114+320'!R782 -> 0 | R781: =+Q781+R780 -> 1586 | S781: =VLOOKUP(B781,'114+320'!$B$14:$AB$785,22,FALSE) -> #N/A | T781: =VLOOKUP(B781,'114+320'!$B$15:$AB$785,6,FALSE) -> #N/A | U781: =F781-T781 -> #N/A | V781: =VLOOKUP(B781,'114+320'!$B$15:$AB$785,15,FALSE) -> #N/A | W781: ='114+320'!S782 -> 0 | X781: =+W781+X780 -> 1262 | Y781: =S781-S780 -> #N/A | Z781: =IF(Y781>0,Y781,0)/1000 -> #N/A | AA781: =AA780+Z781 -> #N/A | AB781: =(M781-$M$13-R781)/1000 -> #N/A

Sheet SL.114+320
A1: DỰ ÁN THÀNH PHẦN ĐOẠN HẬU GIANG - CÀ MAU
A2: THUỘC DỰ ÁN XÂY DỰNG CÔNG TRÌNH ĐƯỜNG BỘ CAO TỐC BẮC - NAM PHÍA ĐÔNG GIAI ĐOẠN 2021 - 2025
A3: =UPPER("GÓI THẦU XL03 :Thi Công Xây Dựng Đoạn Tuyến Km114+200 - Km126+223 Bao Gồm Tuyến Nối Nút Giao IC12 Với QL1 (bao gồm khảo sát, thiết kế BVTC)") -> GÓI THẦU XL03 :THI CÔNG XÂY DỰNG ĐOẠN TUYẾN KM114+200 - KM126+223 BAO GỒM TUYẾN NỐI NÚT GIAO IC12 VỚI QL1 (BAO GỒM KHẢO SÁT, THIẾT KẾ BVTC)
A4: CHỦ ĐẦU TƯ | F4: TƯ VẤN GIÁM SÁT | K4: NHÀ THẦU
A5: BAN QUẢN LÝ DỰ ÁN MỸ THUẬN | F5: =UPPER("Liên danh Phân viện KHCN GTVT phía Nam - Công ty Cổ phần Tư vấn kỹ thuật và xây dựng Hồng Hà") -> LIÊN DANH PHÂN VIỆN KHCN GTVT PHÍA NAM - CÔNG TY CỔ PHẦN TƯ VẤN KỸ THUẬT VÀ XÂY DỰNG HỒNG HÀ | K5: LIÊN DANH CC1 - HẢI ĐĂNG - VẠN CƯỜNG - 492 - BẮC TRUNG NAM
A6: BIỂU GHI ĐO QUAN TRẮC LÚN
A7: Người lập: | B7: ='[4]BC.95+020'!C7 -> 0 | K7: Tên mốc: | M7: ='[4]BC.95+020'!N7 -> 0
A8: Thời tiết: | B8: ='[4]BC.95+020'!C8 -> năng | K8: Cao độ mốc: | M8: ='114+320'!M9 -> 842
A9: Lý trình: | B9: ='114+320'!C10 -> Km114+320 | K9: Ngày đặt bàn: | M9: ='114+320'!M10 -> 45043
A11: BÀN QUAN TRẮC: KM114+320
A12: Ngày đo | B12: Số ngày | C12: Cao độ đắp(m) | D12: Chiều cao nền đắp (m) | E12: chiều dày đắp(m) | F12: Trái | H12: Giữa | J12: Phải | L12: Độ lún (trái) (mm) | M12: Độ lún (giữa) (mm) | N12: Độ lún (phải) (mm) | O12: Ghi chú
F13: Cao độ quan trắc | G13: Cao độ bàn đo lún | H13: Cao độ quan trắc | I13: Cao độ bàn đo lún | J13: Cao độ quan trắc | K13: Cao độ bàn đo lún
A14: ='BC.114+320'!B13 -> 45043 | B14: 0 | C14: ='BC.114+320'!M13/1000 -> -0.18 | D14: ='BC.114+320'!AA13 -> 0 | E14: ='BC.114+320'!AB13 -> 0 | F14: =VLOOKUP($A14,'BC.114+320'!$B$13:$X$489,8,0)/1000 -> 1.82 | G14: =VLOOKUP($A14,'BC.114+320'!$B$13:$X$489,9,0)/1000 -> -0.18 | H14: =VLOOKUP($A14,'BC.114+320'!$B$13:$X$489,14,0)/1000 -> 1.82 | I14: =VLOOKUP($A14,'BC.114+320'!$B$13:$X$489,15,0)/1000 -> -0.18 | J14: =VLOOKUP($A14,'BC.114+320'!$B$13:$X$489,20,0)/1000 -> 1.88 | K14: =VLOOKUP($A14,'BC.114+320'!$B$13:$X$489,21,0)/1000 -> -0.12 | L14: =(G14-$G$14)*1000 -> 0 | M14: =(I14-$I$14)*1000 -> 0 | N14: 0
A15: ='BC.114+320'!B14 -> 45044 | B15: 1 | C15: ='BC.114+320'!M14/1000 -> -0.18 | D15: ='BC.114+320'!AA14 -> 0 | E15: ='BC.114+320'!AB14 -> 0 | F15: =VLOOKUP($A15,'BC.114+320'!$B$13:$X$489,8,0)/1000 -> 1.82 | G15: =VLOOKUP($A15,'BC.114+320'!$B$13:$X$489,9,0)/1000 -> -0.18 | H15: =VLOOKUP($A15,'BC.114+320'!$B$13:$X$489,14,0)/1000 -> 1.82 | I15: =VLOOKUP($A15,'BC.114+320'!$B$13:$X$489,15,0)/1000 -> -0.18 | J15: =VLOOKUP($A15,'BC.114+320'!$B$13:$X$489,20,0)/1000 -> 1.88 | K15: =VLOOKUP($A15,'BC.114+320'!$B$13:$X$489,21,0)/1000 -> -0.12 | L15: =(G15-$G$14)*1000 -> 0 | M15: =(I15-$I$14)*1000 -> 0 | N15: =(K15-$K$14)*1000 -> 0
A16: ='BC.114+320'!B15 -> 45045 | B16: =+B15+1 -> 2 | C16: ='BC.114+320'!M15/1000 -> -0.18 | D16: ='BC.114+320'!AA15 -> 0 | E16: ='BC.114+320'!AB15 -> 0 | F16: =VLOOKUP($A16,'BC.114+320'!$B$13:$X$489,8,0)/1000 -> 1.82 | G16: =VLOOKUP($A16,'BC.114+320'!$B$13:$X$489,9,0)/1000 -> -0.18 | H16: =VLOOKUP($A16,'BC.114+320'!$B$13:$X$489,14,0)/1000 -> 1.82 | I16: =VLOOKUP($A16,'BC.114+320'!$B$13:$X$489,15,0)/1000 -> -0.18 | J16: =VLOOKUP($A16,'BC.114+320'!$B$13:$X$489,20,0)/1000 -> 1.88 | K16: =VLOOKUP($A16,'BC.114+320'!$B$13:$X$489,21,0)/1000 -> -0.12 | L16: =(G16-$G$14)*1000 -> 0 | M16: =(I16-$I$14)*1000 -> 0 | N16: =(K16-$K$14)*1000 -> 0
A17: ='BC.114+320'!B16 -> 45046 | B17: =+B16+1 -> 3 | C17: ='BC.114+320'!M16/1000 -> -0.18 | D17: ='BC.114+320'!AA16 -> 0 | E17: ='BC.114+320'!AB16 -> 0 | F17: =VLOOKUP($A17,'BC.114+320'!$B$13:$X$489,8,0)/1000 -> 1.82 | G17: =VLOOKUP($A17,'BC.114+320'!$B$13:$X$489,9,0)/1000 -> -0.18 | H17: =VLOOKUP($A17,'BC.114+320'!$B$13:$X$489,14,0)/1000 -> 1.82 | I17: =VLOOKUP($A17,'BC.114+320'!$B$13:$X$489,15,0)/1000 -> -0.18 | J17: =VLOOKUP($A17,'BC.114+320'!$B$13:$X$489,20,0)/1000 -> 1.88 | K17: =VLOOKUP($A17,'BC.114+320'!$B$13:$X$489,21,0)/1000 -> -0.12 | L17: =(G17-$G$14)*1000 -> 0 | M17: =(I17-$I$14)*1000 -> 0 | N17: =(K17-$K$14)*1000 -> 0
A18: ='BC.114+320'!B17 -> 45047 | B18: =+B17+1 -> 4 | C18: ='BC.114+320'!M17/1000 -> -0.18 | D18: ='BC.114+320'!AA17 -> 0 | E18: ='BC.114+320'!AB17 -> 0 | F18: =VLOOKUP($A18,'BC.114+320'!$B$13:$X$489,8,0)/1000 -> 1.82 | G18: =VLOOKUP($A18,'BC.114+320'!$B$13:$X$489,9,0)/1000 -> -0.18 | H18: =VLOOKUP($A18,'BC.114+320'!$B$13:$X$489,14,0)/1000 -> 1.82 | I18: =VLOOKUP($A18,'BC.114+320'!$B$13:$X$489,15,0)/1000 -> -0.18 | J18: =VLOOKUP($A18,'BC.114+320'!$B$13:$X$489,20,0)/1000 -> 1.88 | K18: =VLOOKUP($A18,'BC.114+320'!$B$13:$X$489,21,0)/1000 -> -0.12 | L18: =(G18-$G$14)*1000 -> 0 | M18: =(I18-$I$14)*1000 -> 0 | N18: =(K18-$K$14)*1000 -> 0
A19: ='BC.114+320'!B18 -> 45048 | B19: =+B18+1 -> 5 | C19: ='BC.114+320'!M18/1000 -> -0.18 | D19: ='BC.114+320'!AA18 -> 0 | E19: ='BC.114+320'!AB18 -> 0 | F19: =VLOOKUP($A19,'BC.114+320'!$B$13:$X$489,8,0)/1000 -> 1.82 | G19: =VLOOKUP($A19,'BC.114+320'!$B$13:$X$489,9,0)/1000 -> -0.18 | H19: =VLOOKUP($A19,'BC.114+320'!$B$13:$X$489,14,0)/1000 -> 1.82 | I19: =VLOOKUP($A19,'BC.114+320'!$B$13:$X$489,15,0)/1000 -> -0.18 | J19: =VLOOKUP($A19,'BC.114+320'!$B$13:$X$489,20,0)/1000 -> 1.88 | K19: =VLOOKUP($A19,'BC.114+320'!$B$13:$X$489,21,0)/1000 -> -0.12 | L19: =(G19-$G$14)*1000 -> 0 | M19: =(I19-$I$14)*1000 -> 0 | N19: =(K19-$K$14)*1000 -> 0
A20: ='BC.114+320'!B19 -> 45049 | B20: =+B19+1 -> 6 | C20: ='BC.114+320'!M19/1000 -> -0.18 | D20: ='BC.114+320'!AA19 -> 0 | E20: ='BC.114+320'!AB19 -> 0 | F20: =VLOOKUP($A20,'BC.114+320'!$B$13:$X$489,8,0)/1000 -> 1.82 | G20: =VLOOKUP($A20,'BC.114+320'!$B$13:$X$489,9,0)/1000 -> -0.18 | H20: =VLOOKUP($A20,'BC.114+320'!$B$13:$X$489,14,0)/1000 -> 1.82 | I20: =VLOOKUP($A20,'BC.114+320'!$B$13:$X$489,15,0)/1000 -> -0.18 | J20: =VLOOKUP($A20,'BC.114+320'!$B$13:$X$489,20,0)/1000 -> 1.88 | K20: =VLOOKUP($A20,'BC.114+320'!$B$13:$X$489,21,0)/1000 -> -0.12 | L20: =(G20-$G$14)*1000 -> 0 | M20: =(I20-$I$14)*1000 -> 0 | N20: =(K20-$K$14)*1000 -> 0
A21: ='BC.114+320'!B20 -> 45050 | B21: =+B20+1 -> 7 | C21: ='BC.114+320'!M20/1000 -> -0.18 | D21: ='BC.114+320'!AA20 -> 0 | E21: ='BC.114+320'!AB20 -> 0 | F21: =VLOOKUP($A21,'BC.114+320'!$B$13:$X$489,8,0)/1000 -> 1.82 | G21: =VLOOKUP($A21,'BC.114+320'!$B$13:$X$489,9,0)/1000 -> -0.18 | H21: =VLOOKUP($A21,'BC.114+320'!$B$13:$X$489,14,0)/1000 -> 1.82 | I21: =VLOOKUP($A21,'BC.114+320'!$B$13:$X$489,15,0)/1000 -> -0.18 | J21: =VLOOKUP($A21,'BC.114+320'!$B$13:$X$489,20,0)/1000 -> 1.88 | K21: =VLOOKUP($A21,'BC.114+320'!$B$13:$X$489,21,0)/1000 -> -0.12 | L21: =(G21-$G$14)*1000 -> 0 | M21: =(I21-$I$14)*1000 -> 0 | N21: =(K21-$K$14)*1000 -> 0
A22: ='BC.114+320'!B21 -> 45051 | B22: =+B21+1 -> 8 | C22: ='BC.114+320'!M21/1000 -> -0.18 | D22: ='BC.114+320'!AA21 -> 0 | E22: ='BC.114+320'!AB21 -> 0 | F22: =VLOOKUP($A22,'BC.114+320'!$B$13:$X$489,8,0)/1000 -> 1.82 | G22: =VLOOKUP($A22,'BC.114+320'!$B$13:$X$489,9,0)/1000 -> -0.18 | H22: =VLOOKUP($A22,'BC.114+320'!$B$13:$X$489,14,0)/1000 -> 1.82 | I22: =VLOOKUP($A22,'BC.114+320'!$B$13:$X$489,15,0)/1000 -> -0.18 | J22: =VLOOKUP($A22,'BC.114+320'!$B$13:$X$489,20,0)/1000 -> 1.88 | K22: =VLOOKUP($A22,'BC.114+320'!$B$13:$X$489,21,0)/1000 -> -0.12 | L22: =(G22-$G$14)*1000 -> 0 | M22: =(I22-$I$14)*1000 -> 0 | N22: =(K22-$K$14)*1000 -> 0
A23: ='BC.114+320'!B22 -> 45052 | B23: =+B22+1 -> 9 | C23: ='BC.114+320'!M22/1000 -> -0.18 | D23: ='BC.114+320'!AA22 -> 0 | E23: ='BC.114+320'!AB22 -> 0 | F23: =VLOOKUP($A23,'BC.114+320'!$B$13:$X$489,8,0)/1000 -> 1.82 | G23: =VLOOKUP($A23,'BC.114+320'!$B$13:$X$489,9,0)/1000 -> -0.18 | H23: =VLOOKUP($A23,'BC.114+320'!$B$13:$X$489,14,0)/1000 -> 1.82 | I23: =VLOOKUP($A23,'BC.114+320'!$B$13:$X$489,15,0)/1000 -> -0.18 | J23: =VLOOKUP($A23,'BC.114+320'!$B$13:$X$489,20,0)/1000 -> 1.88 | K23: =VLOOKUP($A23,'BC.114+320'!$B$13:$X$489,21,0)/1000 -> -0.12 | L23: =(G23-$G$14)*1000 -> 0 | M23: =(I23-$I$14)*1000 -> 0 | N23: =(K23-$K$14)*1000 -> 0
A24: ='BC.114+320'!B23 -> 45053 | B24: =+B23+1 -> 10 | C24: ='BC.114+320'!M23/1000 -> -0.18 | D24: ='BC.114+320'!AA23 -> 0 | E24: ='BC.114+320'!AB23 -> 0 | F24: =VLOOKUP($A24,'BC.114+320'!$B$13:$X$489,8,0)/1000 -> 1.82 | G24: =VLOOKUP($A24,'BC.114+320'!$B$13:$X$489,9,0)/1000 -> -0.18 | H24: =VLOOKUP($A24,'BC.114+320'!$B$13:$X$489,14,0)/1000 -> 1.82 | I24: =VLOOKUP($A24,'BC.114+320'!$B$13:$X$489,15,0)/1000 -> -0.18 | J24: =VLOOKUP($A24,'BC.114+320'!$B$13:$X$489,20,0)/1000 -> 1.88 | K24: =VLOOKUP($A24,'BC.114+320'!$B$13:$X$489,21,0)/1000 -> -0.12 | L24: =(G24-$G$14)*1000 -> 0 | M24: =(I24-$I$14)*1000 -> 0 | N24: =(K24-$K$14)*1000 -> 0
A25: ='BC.114+320'!B24 -> 45054 | B25: =+B24+1 -> 11 | C25: ='BC.114+320'!M24/1000 -> -0.18 | D25: ='BC.114+320'!AA24 -> 0 | E25: ='BC.114+320'!AB24 -> 0 | F25: =VLOOKUP($A25,'BC.114+320'!$B$13:$X$489,8,0)/1000 -> 1.82 | G25: =VLOOKUP($A25,'BC.114+320'!$B$13:$X$489,9,0)/1000 -> -0.18 | H25: =VLOOKUP($A25,'BC.114+320'!$B$13:$X$489,14,0)/1000 -> 1.82 | I25: =VLOOKUP($A25,'BC.114+320'!$B$13:$X$489,15,0)/1000 -> -0.18 | J25: =VLOOKUP($A25,'BC.114+320'!$B$13:$X$489,20,0)/1000 -> 1.88 | K25: =VLOOKUP($A25,'BC.114+320'!$B$13:$X$489,21,0)/1000 -> -0.12 | L25: =(G25-$G$14)*1000 -> 0 | M25: =(I25-$I$14)*1000 -> 0 | N25: =(K25-$K$14)*1000 -> 0
A26: ='BC.114+320'!B25 -> 45055 | B26: =+B25+1 -> 12 | C26: ='BC.114+320'!M25/1000 -> -0.18 | D26: ='BC.114+320'!AA25 -> 0 | E26: ='BC.114+320'!AB25 -> 0 | F26: =VLOOKUP($A26,'BC.114+320'!$B$13:$X$489,8,0)/1000 -> 1.82 | G26: =VLOOKUP($A26,'BC.114+320'!$B$13:$X$489,9,0)/1000 -> -0.18 | H26: =VLOOKUP($A26,'BC.114+320'!$B$13:$X$489,14,0)/1000 -> 1.82 | I26: =VLOOKUP($A26,'BC.114+320'!$B$13:$X$489,15,0)/1000 -> -0.18 | J26: =VLOOKUP($A26,'BC.114+320'!$B$13:$X$489,20,0)/1000 -> 1.88 | K26: =VLOOKUP($A26,'BC.114+320'!$B$13:$X$489,21,0)/1000 -> -0.12 | L26: =(G26-$G$14)*1000 -> 0 | M26: =(I26-$I$14)*1000 -> 0 | N26: =(K26-$K$14)*1000 -> 0
A27: ='BC.114+320'!B26 -> 45056 | B27: =+B26+1 -> 13 | C27: ='BC.114+320'!M26/1000 -> -0.18 | D27: ='BC.114+320'!AA26 -> 0 | E27: ='BC.114+320'!AB26 -> 0 | F27: =VLOOKUP($A27,'BC.114+320'!$B$13:$X$489,8,0)/1000 -> 1.82 | G27: =VLOOKUP($A27,'BC.114+320'!$B$13:$X$489,9,0)/1000 -> -0.18 | H27: =VLOOKUP($A27,'BC.114+320'!$B$13:$X$489,14,0)/1000 -> 1.82 | I27: =VLOOKUP($A27,'BC.114+320'!$B$13:$X$489,15,0)/1000 -> -0.18 | J27: =VLOOKUP($A27,'BC.114+320'!$B$13:$X$489,20,0)/1000 -> 1.88 | K27: =VLOOKUP($A27,'BC.114+320'!$B$13:$X$489,21,0)/1000 -> -0.12 | L27: =(G27-$G$14)*1000 -> 0 | M27: =(I27-$I$14)*1000 -> 0 | N27: =(K27-$K$14)*1000 -> 0
... A91: ='BC.114+320'!B90 -> 45120 | B91: =+B90+1 -> 77 | C91: ='BC.114+320'!M90/1000 -> 0.677 | D91: ='BC.114+320'!AA90 -> 0.899 | E91: ='BC.114+320'!AB90 -> 0.734 | F91: =VLOOKUP($A91,'BC.114+320'!$B$13:$X$489,8,0)/1000 -> 1.714 | G91: =VLOOKUP($A91,'BC.114+320'!$B$13:$X$489,9,0)/1000 -> -0.286 | H91: =VLOOKUP($A91,'BC.114+320'!$B$13:$X$489,14,0)/1000 -> 1.697 | I91: =VLOOKUP($A91,'BC.114+320'!$B$13:$X$489,15,0)/1000 -> -0.303 | J91: =VLOOKUP($A91,'BC.114+320'!$B$13:$X$489,20,0)/1000 -> 1.769 | K91: =VLOOKUP($A91,'BC.114+320'!$B$13:$X$489,21,0)/1000 -> -0.231 | L91: =(G91-$G$14)*1000 -> -106 | M91: =(I91-$I$14)*1000 -> -123 | N91: =(K91-$K$14)*1000 -> -111
A92: ='BC.114+320'!B91 -> 45121 | B92: =+B91+1 -> 78 | C92: ='BC.114+320'!M91/1000 -> 0.677 | D92: ='BC.114+320'!AA91 -> 0.899 | E92: ='BC.114+320'!AB91 -> 0.734 | F92: =VLOOKUP($A92,'BC.114+320'!$B$13:$X$489,8,0)/1000 -> 1.714 | G92: =VLOOKUP($A92,'BC.114+320'!$B$13:$X$489,9,0)/1000 -> -0.286 | H92: =VLOOKUP($A92,'BC.114+320'!$B$13:$X$489,14,0)/1000 -> 1.697 | I92: =VLOOKUP($A92,'BC.114+320'!$B$13:$X$489,15,0)/1000 -> -0.303 | J92: =VLOOKUP($A92,'BC.114+320'!$B$13:$X$489,20,0)/1000 -> 1.769 | K92: =VLOOKUP($A92,'BC.114+320'!$B$13:$X$489,21,0)/1000 -> -0.231 | L92: =(G92-$G$14)*1000 -> -106 | M92: =(I92-$I$14)*1000 -> -123 | N92: =(K92-$K$14)*1000 -> -111 | Y92: =A21-A14 -> 7
A93: ='BC.114+320'!B92 -> 45122 | B93: =+B92+1 -> 79 | C93: ='BC.114+320'!M92/1000 -> 0.677 | D93: ='BC.114+320'!AA92 -> 0.899 | E93: ='BC.114+320'!AB92 -> 0.734 | F93: =VLOOKUP($A93,'BC.114+320'!$B$13:$X$489,8,0)/1000 -> 1.714 | G93: =VLOOKUP($A93,'BC.114+320'!$B$13:$X$489,9,0)/1000 -> -0.286 | H93: =VLOOKUP($A93,'BC.114+320'!$B$13:$X$489,14,0)/1000 -> 1.697 | I93: =VLOOKUP($A93,'BC.114+320'!$B$13:$X$489,15,0)/1000 -> -0.303 | J93: =VLOOKUP($A93,'BC.114+320'!$B$13:$X$489,20,0)/1000 -> 1.769 | K93: =VLOOKUP($A93,'BC.114+320'!$B$13:$X$489,21,0)/1000 -> -0.231 | L93: =(G93-$G$14)*1000 -> -106 | M93: =(I93-$I$14)*1000 -> -123 | N93: =(K93-$K$14)*1000 -> -111
A94: ='BC.114+320'!B93 -> 45123 | B94: =+B93+1 -> 80 | C94: ='BC.114+320'!M93/1000 -> 0.677 | D94: ='BC.114+320'!AA93 -> 0.899 | E94: ='BC.114+320'!AB93 -> 0.734 | F94: =VLOOKUP($A94,'BC.114+320'!$B$13:$X$489,8,0)/1000 -> 1.714 | G94: =VLOOKUP($A94,'BC.114+320'!$B$13:$X$489,9,0)/1000 -> -0.286 | H94: =VLOOKUP($A94,'BC.114+320'!$B$13:$X$489,14,0)/1000 -> 1.697 | I94: =VLOOKUP($A94,'BC.114+320'!$B$13:$X$489,15,0)/1000 -> -0.303 | J94: =VLOOKUP($A94,'BC.114+320'!$B$13:$X$489,20,0)/1000 -> 1.769 | K94: =VLOOKUP($A94,'BC.114+320'!$B$13:$X$489,21,0)/1000 -> -0.231 | L94: =(G94-$G$14)*1000 -> -106 | M94: =(I94-$I$14)*1000 -> -123 | N94: =(K94-$K$14)*1000 -> -111
A95: ='BC.114+320'!B94 -> 45124 | B95: =+B94+1 -> 81 | C95: ='BC.114+320'!M94/1000 -> 0.677 | D95: ='BC.114+320'!AA94 -> 0.899 | E95: ='BC.114+320'!AB94 -> 0.734 | F95: =VLOOKUP($A95,'BC.114+320'!$B$13:$X$489,8,0)/1000 -> 1.714 | G95: =VLOOKUP($A95,'BC.114+320'!$B$13:$X$489,9,0)/1000 -> -0.286 | H95: =VLOOKUP($A95,'BC.114+320'!$B$13:$X$489,14,0)/1000 -> 1.697 | I95: =VLOOKUP($A95,'BC.114+320'!$B$13:$X$489,15,0)/1000 -> -0.303 | J95: =VLOOKUP($A95,'BC.114+320'!$B$13:$X$489,20,0)/1000 -> 1.769 | K95: =VLOOKUP($A95,'BC.114+320'!$B$13:$X$489,21,0)/1000 -> -0.231 | L95: =(G95-$G$14)*1000 -> -106 | M95: =(I95-$I$14)*1000 -> -123 | N95: =(K95-$K$14)*1000 -> -111
A96: ='BC.114+320'!B95 -> 45125 | B96: =+B95+1 -> 82 | C96: ='BC.114+320'!M95/1000 -> 0.677 | D96: ='BC.114+320'!AA95 -> 0.899 | E96: ='BC.114+320'!AB95 -> 0.734 | F96: =VLOOKUP($A96,'BC.114+320'!$B$13:$X$489,8,0)/1000 -> 1.714 | G96: =VLOOKUP($A96,'BC.114+320'!$B$13:$X$489,9,0)/1000 -> -0.286 | H96: =VLOOKUP($A96,'BC.114+320'!$B$13:$X$489,14,0)/1000 -> 1.697 | I96: =VLOOKUP($A96,'BC.114+320'!$B$13:$X$489,15,0)/1000 -> -0.303 | J96: =VLOOKUP($A96,'BC.114+320'!$B$13:$X$489,20,0)/1000 -> 1.769 | K96: =VLOOKUP($A96,'BC.114+320'!$B$13:$X$489,21,0)/1000 -> -0.231 | L96: =(G96-$G$14)*1000 -> -106 | M96: =(I96-$I$14)*1000 -> -123 | N96: =(K96-$K$14)*1000 -> -111
A97: ='BC.114+320'!B96 -> 45126 | B97: =+B96+1 -> 83 | C97: ='BC.114+320'!M96/1000 -> 0.677 | D97: ='BC.114+320'!AA96 -> 0.899 | E97: ='BC.114+320'!AB96 -> 0.734 | F97: =VLOOKUP($A97,'BC.114+320'!$B$13:$X$489,8,0)/1000 -> 1.714 | G97: =VLOOKUP($A97,'BC.114+320'!$B$13:$X$489,9,0)/1000 -> -0.286 | H97: =VLOOKUP($A97,'BC.114+320'!$B$13:$X$489,14,0)/1000 -> 1.697 | I97: =VLOOKUP($A97,'BC.114+320'!$B$13:$X$489,15,0)/1000 -> -0.303 | J97: =VLOOKUP($A97,'BC.114+320'!$B$13:$X$489,20,0)/1000 -> 1.769 | K97: =VLOOKUP($A97,'BC.114+320'!$B$13:$X$489,21,0)/1000 -> -0.231 | L97: =(G97-$G$14)*1000 -> -106 | M97: =(I97-$I$14)*1000 -> -123 | N97: =(K97-$K$14)*1000 -> -111
A98: ='BC.114+320'!B97 -> 45127 | B98: =+B97+1 -> 84 | C98: ='BC.114+320'!M97/1000 -> 0.677 | D98: ='BC.114+320'!AA97 -> 0.899 | E98: ='BC.114+320'!AB97 -> 0.734 | F98: =VLOOKUP($A98,'BC.114+320'!$B$13:$X$489,8,0)/1000 -> 1.714 | G98: =VLOOKUP($A98,'BC.114+320'!$B$13:$X$489,9,0)/1000 -> -0.286 | H98: =VLOOKUP($A98,'BC.114+320'!$B$13:$X$489,14,0)/1000 -> 1.697 | I98: =VLOOKUP($A98,'BC.114+320'!$B$13:$X$489,15,0)/1000 -> -0.303 | J98: =VLOOKUP($A98,'BC.114+320'!$B$13:$X$489,20,0)/1000 -> 1.769 | K98: =VLOOKUP($A98,'BC.114+320'!$B$13:$X$489,21,0)/1000 -> -0.231 | L98: =(G98-$G$14)*1000 -> -106 | M98: =(I98-$I$14)*1000 -> -123 | N98: =(K98-$K$14)*1000 -> -111
A99: ='BC.114+320'!B98 -> 45128 | B99: =+B98+1 -> 85 | C99: ='BC.114+320'!M98/1000 -> 0.677 | D99: ='BC.114+320'!AA98 -> 0.899 | E99: ='BC.114+320'!AB98 -> 0.734 | F99: =VLOOKUP($A99,'BC.114+320'!$B$13:$X$489,8,0)/1000 -> 1.714 | G99: =VLOOKUP($A99,'BC.114+320'!$B$13:$X$489,9,0)/1000 -> -0.286 | H99: =VLOOKUP($A99,'BC.114+320'!$B$13:$X$489,14,0)/1000 -> 1.697 | I99: =VLOOKUP($A99,'BC.114+320'!$B$13:$X$489,15,0)/1000 -> -0.303 | J99: =VLOOKUP($A99,'BC.114+320'!$B$13:$X$489,20,0)/1000 -> 1.769 | K99: =VLOOKUP($A99,'BC.114+320'!$B$13:$X$489,21,0)/1000 -> -0.231 | L99: =(G99-$G$14)*1000 -> -106 | M99: =(I99-$I$14)*1000 -> -123 | N99: =(K99-$K$14)*1000 -> -111
A100: ='BC.114+320'!B99 -> 45129 | B100: =+B99+1 -> 86 | C100: ='BC.114+320'!M99/1000 -> 0.677 | D100: ='BC.114+320'!AA99 -> 0.899 | E100: ='BC.114+320'!AB99 -> 0.734 | F100: =VLOOKUP($A100,'BC.114+320'!$B$13:$X$489,8,0)/1000 -> 1.714 | G100: =VLOOKUP($A100,'BC.114+320'!$B$13:$X$489,9,0)/1000 -> -0.286 | H100: =VLOOKUP($A100,'BC.114+320'!$B$13:$X$489,14,0)/1000 -> 1.697 | I100: =VLOOKUP($A100,'BC.114+320'!$B$13:$X$489,15,0)/1000 -> -0.303 | J100: =VLOOKUP($A100,'BC.114+320'!$B$13:$X$489,20,0)/1000 -> 1.769 | K100: =VLOOKUP($A100,'BC.114+320'!$B$13:$X$489,21,0)/1000 -> -0.231 | L100: =(G100-$G$14)*1000 -> -106 | M100: =(I100-$I$14)*1000 -> -123 | N100: =(K100-$K$14)*1000 -> -111
A101: ='BC.114+320'!B100 -> 45130 | B101: =+B100+1 -> 87 | C101: ='BC.114+320'!M100/1000 -> 0.677 | D101: ='BC.114+320'!AA100 -> 0.899 | E101: ='BC.114+320'!AB100 -> 0.734 | F101: =VLOOKUP($A101,'BC.114+320'!$B$13:$X$489,8,0)/1000 -> 1.714 | G101: =VLOOKUP($A101,'BC.114+320'!$B$13:$X$489,9,0)/1000 -> -0.286 | H101: =VLOOKUP($A101,'BC.114+320'!$B$13:$X$489,14,0)/1000 -> 1.697 | I101: =VLOOKUP($A101,'BC.114+320'!$B$13:$X$489,15,0)/1000 -> -0.303 | J101: =VLOOKUP($A101,'BC.114+320'!$B$13:$X$489,20,0)/1000 -> 1.769 | K101: =VLOOKUP($A101,'BC.114+320'!$B$13:$X$489,21,0)/1000 -> -0.231 | L101: =(G101-$G$14)*1000 -> -106 | M101: =(I101-$I$14)*1000 -> -123 | N101: =(K101-$K$14)*1000 -> -111
A102: ='BC.114+320'!B101 -> 45131 | B102: =+B101+1 -> 88 | C102: ='BC.114+320'!M101/1000 -> 0.677 | D102: ='BC.114+320'!AA101 -> 0.899 | E102: ='BC.114+320'!AB101 -> 0.734 | F102: =VLOOKUP($A102,'BC.114+320'!$B$13:$X$489,8,0)/1000 -> 1.714 | G102: =VLOOKUP($A102,'BC.114+320'!$B$13:$X$489,9,0)/1000 -> -0.286 | H102: =VLOOKUP($A102,'BC.114+320'!$B$13:$X$489,14,0)/1000 -> 1.697 | I102: =VLOOKUP($A102,'BC.114+320'!$B$13:$X$489,15,0)/1000 -> -0.303 | J102: =VLOOKUP($A102,'BC.114+320'!$B$13:$X$489,20,0)/1000 -> 1.769 | K102: =VLOOKUP($A102,'BC.114+320'!$B$13:$X$489,21,0)/1000 -> -0.231 | L102: =(G102-$G$14)*1000 -> -106 | M102: =(I102-$I$14)*1000 -> -123 | N102: =(K102-$K$14)*1000 -> -111
A103: ='BC.114+320'!B102 -> 45132 | B103: =+B102+1 -> 89 | C103: ='BC.114+320'!M102/1000 -> 0.677 | D103: ='BC.114+320'!AA102 -> 0.899 | E103: ='BC.114+320'!AB102 -> 0.734 | F103: =VLOOKUP($A103,'BC.114+320'!$B$13:$X$489,8,0)/1000 -> 1.714 | G103: =VLOOKUP($A103,'BC.114+320'!$B$13:$X$489,9,0)/1000 -> -0.286 | H103: =VLOOKUP($A103,'BC.114+320'!$B$13:$X$489,14,0)/1000 -> 1.697 | I103: =VLOOKUP($A103,'BC.114+320'!$B$13:$X$489,15,0)/1000 -> -0.303 | J103: =VLOOKUP($A103,'BC.114+320'!$B$13:$X$489,20,0)/1000 -> 1.769 | K103: =VLOOKUP($A103,'BC.114+320'!$B$13:$X$489,21,0)/1000 -> -0.231 | L103: =(G103-$G$14)*1000 -> -106 | M103: =(I103-$I$14)*1000 -> -123 | N103: =(K103-$K$14)*1000 -> -111
A104: ='BC.114+320'!B103 -> 45133 | B104: =+B103+1 -> 90 | C104: ='BC.114+320'!M103/1000 -> 0.677 | D104: ='BC.114+320'!AA103 -> 0.899 | E104: ='BC.114+320'!AB103 -> 0.734 | F104: =VLOOKUP($A104,'BC.114+320'!$B$13:$X$489,8,0)/1000 -> 1.714 | G104: =VLOOKUP($A104,'BC.114+320'!$B$13:$X$489,9,0)/1000 -> -0.286 | H104: =VLOOKUP($A104,'BC.114+320'!$B$13:$X$489,14,0)/1000 -> 1.697 | I104: =VLOOKUP($A104,'BC.114+320'!$B$13:$X$489,15,0)/1000 -> -0.303 | J104: =VLOOKUP($A104,'BC.114+320'!$B$13:$X$489,20,0)/1000 -> 1.769 | K104: =VLOOKUP($A104,'BC.114+320'!$B$13:$X$489,21,0)/1000 -> -0.231 | L104: =(G104-$G$14)*1000 -> -106 | M104: =(I104-$I$14)*1000 -> -123 | N104: =(K104-$K$14)*1000 -> -111
... A480: ='BC.114+320'!B479 -> 45509 | B480: =+B479+1 -> 466 | C480: ='BC.114+320'!M479/1000 -> 2.02 | D480: ='BC.114+320'!AA479 -> 2.369 | E480: ='BC.114+320'!AB479 -> 1.92 | F480: =VLOOKUP($A480,'BC.114+320'!$B$13:$X$489,8,0)/1000 -> 2.564 | G480: =VLOOKUP($A480,'BC.114+320'!$B$13:$X$489,9,0)/1000 -> -0.436 | H480: =VLOOKUP($A480,'BC.114+320'!$B$13:$X$489,14,0)/1000 -> 2.54 | I480: =VLOOKUP($A480,'BC.114+320'!$B$13:$X$489,15,0)/1000 -> -0.46 | J480: =VLOOKUP($A480,'BC.114+320'!$B$13:$X$489,20,0)/1000 -> 2.66 | K480: =VLOOKUP($A480,'BC.114+320'!$B$13:$X$489,21,0)/1000 -> -0.34 | L480: =(G480-$G$14)*1000 -> -256 | M480: =(I480-$I$14)*1000 -> -280 | N480: =(K480-$K$14)*1000 -> -220
A481: ='BC.114+320'!B480 -> 45510 | B481: =+B480+1 -> 467 | C481: ='BC.114+320'!M480/1000 -> 2.02 | D481: ='BC.114+320'!AA480 -> 2.369 | E481: ='BC.114+320'!AB480 -> 1.92 | F481: =VLOOKUP($A481,'BC.114+320'!$B$13:$X$4876,8,0)/1000 -> 2.564 | G481: =VLOOKUP($A481,'BC.114+320'!$B$13:$X$4876,9,0)/1000 -> -0.436 | H481: =VLOOKUP($A481,'BC.114+320'!$B$13:$X$4876,14,0)/1000 -> 2.54 | I481: =VLOOKUP($A481,'BC.114+320'!$B$13:$X$4876,15,0)/1000 -> -0.46 | J481: =VLOOKUP($A481,'BC.114+320'!$B$13:$X$4876,20,0)/1000 -> 2.66 | K481: =VLOOKUP($A481,'BC.114+320'!$B$13:$X$4876,21,0)/1000 -> -0.34 | L481: =(G481-$G$14)*1000 -> -256 | M481: =(I481-$I$14)*1000 -> -280 | N481: =(K481-$K$14)*1000 -> -220
A482: ='BC.114+320'!B481 -> 45511 | B482: =+B481+1 -> 468 | C482: ='BC.114+320'!M481/1000 -> 2.02 | D482: ='BC.114+320'!AA481 -> 2.369 | E482: ='BC.114+320'!AB481 -> 1.92 | F482: =VLOOKUP($A482,'BC.114+320'!$B$13:$X$4876,8,0)/1000 -> 2.564 | G482: =VLOOKUP($A482,'BC.114+320'!$B$13:$X$4876,9,0)/1000 -> -0.436 | H482: =VLOOKUP($A482,'BC.114+320'!$B$13:$X$4876,14,0)/1000 -> 2.54 | I482: =VLOOKUP($A482,'BC.114+320'!$B$13:$X$4876,15,0)/1000 -> -0.46 | J482: =VLOOKUP($A482,'BC.114+320'!$B$13:$X$4876,20,0)/1000 -> 2.66 | K482: =VLOOKUP($A482,'BC.114+320'!$B$13:$X$4876,21,0)/1000 -> -0.34 | L482: =(G482-$G$14)*1000 -> -256 | M482: =(I482-$I$14)*1000 -> -280 | N482: =(K482-$K$14)*1000 -> -220
A483: ='BC.114+320'!B482 -> 45512 | B483: =+B482+1 -> 469 | C483: ='BC.114+320'!M482/1000 -> 2.02 | D483: ='BC.114+320'!AA482 -> 2.369 | E483: ='BC.114+320'!AB482 -> 1.92 | F483: =VLOOKUP($A483,'BC.114+320'!$B$13:$X$4876,8,0)/1000 -> 2.564 | G483: =VLOOKUP($A483,'BC.114+320'!$B$13:$X$4876,9,0)/1000 -> -0.436 | H483: =VLOOKUP($A483,'BC.114+320'!$B$13:$X$4876,14,0)/1000 -> 2.54 | I483: =VLOOKUP($A483,'BC.114+320'!$B$13:$X$4876,15,0)/1000 -> -0.46 | J483: =VLOOKUP($A483,'BC.114+320'!$B$13:$X$4876,20,0)/1000 -> 2.66 | K483: =VLOOKUP($A483,'BC.114+320'!$B$13:$X$4876,21,0)/1000 -> -0.34 | L483: =(G483-$G$14)*1000 -> -256 | M483: =(I483-$I$14)*1000 -> -280 | N483: =(K483-$K$14)*1000 -> -220
A484: ='BC.114+320'!B483 -> 45513 | B484: =+B483+1 -> 470 | C484: ='BC.114+320'!M483/1000 -> 2.02 | D484: ='BC.114+320'!AA483 -> 2.369 | E484: ='BC.114+320'!AB483 -> 1.92 | F484: =VLOOKUP($A484,'BC.114+320'!$B$13:$X$4876,8,0)/1000 -> 2.564 | G484: =VLOOKUP($A484,'BC.114+320'!$B$13:$X$4876,9,0)/1000 -> -0.436 | H484: =VLOOKUP($A484,'BC.114+320'!$B$13:$X$4876,14,0)/1000 -> 2.54 | I484: =VLOOKUP($A484,'BC.114+320'!$B$13:$X$4876,15,0)/1000 -> -0.46 | J484: =VLOOKUP($A484,'BC.114+320'!$B$13:$X$4876,20,0)/1000 -> 2.66 | K484: =VLOOKUP($A484,'BC.114+320'!$B$13:$X$4876,21,0)/1000 -> -0.34 | L484: =(G484-$G$14)*1000 -> -256 | M484: =(I484-$I$14)*1000 -> -280 | N484: =(K484-$K$14)*1000 -> -220
A485: ='BC.114+320'!B484 -> 45514 | B485: =+B484+1 -> 471 | C485: ='BC.114+320'!M484/1000 -> 2.02 | D485: ='BC.114+320'!AA484 -> 2.369 | E485: ='BC.114+320'!AB484 -> 1.92 | F485: =VLOOKUP($A485,'BC.114+320'!$B$13:$X$4876,8,0)/1000 -> 2.564 | G485: =VLOOKUP($A485,'BC.114+320'!$B$13:$X$4876,9,0)/1000 -> -0.436 | H485: =VLOOKUP($A485,'BC.114+320'!$B$13:$X$4876,14,0)/1000 -> 2.54 | I485: =VLOOKUP($A485,'BC.114+320'!$B$13:$X$4876,15,0)/1000 -> -0.46 | J485: =VLOOKUP($A485,'BC.114+320'!$B$13:$X$4876,20,0)/1000 -> 2.66 | K485: =VLOOKUP($A485,'BC.114+320'!$B$13:$X$4876,21,0)/1000 -> -0.34 | L485: =(G485-$G$14)*1000 -> -256 | M485: =(I485-$I$14)*1000 -> -280 | N485: =(K485-$K$14)*1000 -> -220
A486: ='BC.114+320'!B485 -> 45515 | B486: =+B485+1 -> 472 | C486: ='BC.114+320'!M485/1000 -> 2.02 | D486: ='BC.114+320'!AA485 -> 2.369 | E486: ='BC.114+320'!AB485 -> 1.92 | F486: =VLOOKUP($A486,'BC.114+320'!$B$13:$X$4876,8,0)/1000 -> 2.564 | G486: =VLOOKUP($A486,'BC.114+320'!$B$13:$X$4876,9,0)/1000 -> -0.436 | H486: =VLOOKUP($A486,'BC.114+320'!$B$13:$X$4876,14,0)/1000 -> 2.54 | I486: =VLOOKUP($A486,'BC.114+320'!$B$13:$X$4876,15,0)/1000 -> -0.46 | J486: =VLOOKUP($A486,'BC.114+320'!$B$13:$X$4876,20,0)/1000 -> 2.66 | K486: =VLOOKUP($A486,'BC.114+320'!$B$13:$X$4876,21,0)/1000 -> -0.34 | L486: =(G486-$G$14)*1000 -> -256 | M486: =(I486-$I$14)*1000 -> -280 | N486: =(K486-$K$14)*1000 -> -220
A487: ='BC.114+320'!B486 -> 45516 | B487: =+B486+1 -> 473 | C487: ='BC.114+320'!M486/1000 -> 2.02 | D487: ='BC.114+320'!AA486 -> 2.369 | E487: ='BC.114+320'!AB486 -> 1.92 | F487: =VLOOKUP($A487,'BC.114+320'!$B$13:$X$4876,8,0)/1000 -> 2.564 | G487: =VLOOKUP($A487,'BC.114+320'!$B$13:$X$4876,9,0)/1000 -> -0.436 | H487: =VLOOKUP($A487,'BC.114+320'!$B$13:$X$4876,14,0)/1000 -> 2.54 | I487: =VLOOKUP($A487,'BC.114+320'!$B$13:$X$4876,15,0)/1000 -> -0.46 | J487: =VLOOKUP($A487,'BC.114+320'!$B$13:$X$4876,20,0)/1000 -> 2.66 | K487: =VLOOKUP($A487,'BC.114+320'!$B$13:$X$4876,21,0)/1000 -> -0.34 | L487: =(G487-$G$14)*1000 -> -256 | M487: =(I487-$I$14)*1000 -> -280 | N487: =(K487-$K$14)*1000 -> -220
A488: ='BC.114+320'!B487 -> 45517 | B488: =+B487+1 -> 474 | C488: ='BC.114+320'!M487/1000 -> 2.02 | D488: ='BC.114+320'!AA487 -> 2.369 | E488: ='BC.114+320'!AB487 -> 1.92 | F488: =VLOOKUP($A488,'BC.114+320'!$B$13:$X$4876,8,0)/1000 -> 2.564 | G488: =VLOOKUP($A488,'BC.114+320'!$B$13:$X$4876,9,0)/1000 -> -0.436 | H488: =VLOOKUP($A488,'BC.114+320'!$B$13:$X$4876,14,0)/1000 -> 2.54 | I488: =VLOOKUP($A488,'BC.114+320'!$B$13:$X$4876,15,0)/1000 -> -0.46 | J488: =VLOOKUP($A488,'BC.114+320'!$B$13:$X$4876,20,0)/1000 -> 2.66 | K488: =VLOOKUP($A488,'BC.114+320'!$B$13:$X$4876,21,0)/1000 -> -0.34 | L488: =(G488-$G$14)*1000 -> -256 | M488: =(I488-$I$14)*1000 -> -280 | N488: =(K488-$K$14)*1000 -> -220
A489: ='BC.114+320'!B488 -> 45518 | B489: =+B488+1 -> 475 | C489: ='BC.114+320'!M488/1000 -> 2.02 | D489: ='BC.114+320'!AA488 -> 2.369 | E489: ='BC.114+320'!AB488 -> 1.92 | F489: =VLOOKUP($A489,'BC.114+320'!$B$13:$X$4876,8,0)/1000 -> 2.564 | G489: =VLOOKUP($A489,'BC.114+320'!$B$13:$X$4876,9,0)/1000 -> -0.436 | H489: =VLOOKUP($A489,'BC.114+320'!$B$13:$X$4876,14,0)/1000 -> 2.54 | I489: =VLOOKUP($A489,'BC.114+320'!$B$13:$X$4876,15,0)/1000 -> -0.46 | J489: =VLOOKUP($A489,'BC.114+320'!$B$13:$X$4876,20,0)/1000 -> 2.66 | K489: =VLOOKUP($A489,'BC.114+320'!$B$13:$X$4876,21,0)/1000 -> -0.34 | L489: =(G489-$G$14)*1000 -> -256 | M489: =(I489-$I$14)*1000 -> -280 | N489: =(K489-$K$14)*1000 -> -220
A490: ='BC.114+320'!B489 -> 45519 | B490: =+B489+1 -> 476 | C490: ='BC.114+320'!M489/1000 -> 2.02 | D490: ='BC.114+320'!AA489 -> 2.369 | E490: ='BC.114+320'!AB489 -> 1.92 | F490: =VLOOKUP($A490,'BC.114+320'!$B$13:$X$4876,8,0)/1000 -> 2.564 | G490: =VLOOKUP($A490,'BC.114+320'!$B$13:$X$4876,9,0)/1000 -> -0.436 | H490: =VLOOKUP($A490,'BC.114+320'!$B$13:$X$4876,14,0)/1000 -> 2.54 | I490: =VLOOKUP($A490,'BC.114+320'!$B$13:$X$4876,15,0)/1000 -> -0.46 | J490: =VLOOKUP($A490,'BC.114+320'!$B$13:$X$4876,20,0)/1000 -> 2.66 | K490: =VLOOKUP($A490,'BC.114+320'!$B$13:$X$4876,21,0)/1000 -> -0.34 | L490: =(G490-$G$14)*1000 -> -256 | M490: =(I490-$I$14)*1000 -> -280 | N490: =(K490-$K$14)*1000 -> -220
A491: ='BC.114+320'!B490 -> 45520 | B491: =+B490+1 -> 477 | C491: ='BC.114+320'!M490/1000 -> 2.02 | D491: ='BC.114+320'!AA490 -> 2.369 | E491: ='BC.114+320'!AB490 -> 1.92 | F491: =VLOOKUP($A491,'BC.114+320'!$B$13:$X$4876,8,0)/1000 -> 2.564 | G491: =VLOOKUP($A491,'BC.114+320'!$B$13:$X$4876,9,0)/1000 -> -0.436 | H491: =VLOOKUP($A491,'BC.114+320'!$B$13:$X$4876,14,0)/1000 -> 2.54 | I491: =VLOOKUP($A491,'BC.114+320'!$B$13:$X$4876,15,0)/1000 -> -0.46 | J491: =VLOOKUP($A491,'BC.114+320'!$B$13:$X$4876,20,0)/1000 -> 2.66 | K491: =VLOOKUP($A491,'BC.114+320'!$B$13:$X$4876,21,0)/1000 -> -0.34 | L491: =(G491-$G$14)*1000 -> -256 | M491: =(I491-$I$14)*1000 -> -280 | N491: =(K491-$K$14)*1000 -> -220
A492: ='BC.114+320'!B491 -> 45521 | B492: =+B491+1 -> 478 | C492: ='BC.114+320'!M491/1000 -> 2.02 | D492: ='BC.114+320'!AA491 -> 2.369 | E492: ='BC.114+320'!AB491 -> 1.92 | F492: =VLOOKUP($A492,'BC.114+320'!$B$13:$X$4876,8,0)/1000 -> 2.564 | G492: =VLOOKUP($A492,'BC.114+320'!$B$13:$X$4876,9,0)/1000 -> -0.436 | H492: =VLOOKUP($A492,'BC.114+320'!$B$13:$X$4876,14,0)/1000 -> 2.54 | I492: =VLOOKUP($A492,'BC.114+320'!$B$13:$X$4876,15,0)/1000 -> -0.46 | J492: =VLOOKUP($A492,'BC.114+320'!$B$13:$X$4876,20,0)/1000 -> 2.66 | K492: =VLOOKUP($A492,'BC.114+320'!$B$13:$X$4876,21,0)/1000 -> -0.34 | L492: =(G492-$G$14)*1000 -> -256 | M492: =(I492-$I$14)*1000 -> -280 | N492: =(K492-$K$14)*1000 -> -220
... A758: ='BC.114+320'!B757 -> 45787 | B758: =+B757+1 -> 744 | C758: ='BC.114+320'!M757/1000 -> 4.482 | D758: ='BC.114+320'!AA757 -> 5.769 | E758: ='BC.114+320'!AB757 -> 3.384 | F758: =VLOOKUP($A758,'BC.114+320'!$B$13:$X$4876,8,0)/1000 -> 1.756 | G758: =VLOOKUP($A758,'BC.114+320'!$B$13:$X$4876,9,0)/1000 -> -1.244 | H758: =VLOOKUP($A758,'BC.114+320'!$B$13:$X$4876,14,0)/1000 -> 1.542 | I758: =VLOOKUP($A758,'BC.114+320'!$B$13:$X$4876,15,0)/1000 -> -1.458 | J758: =VLOOKUP($A758,'BC.114+320'!$B$13:$X$4876,20,0)/1000 -> 1.904 | K758: =VLOOKUP($A758,'BC.114+320'!$B$13:$X$4876,21,0)/1000 -> -1.096 | L758: =(G758-$G$14)*1000 -> -1064 | M758: =(I758-$I$14)*1000 -> -1278 | N758: =(K758-$K$14)*1000 -> -976
A759: ='BC.114+320'!B758 -> 45788 | B759: =+B758+1 -> 745 | C759: ='BC.114+320'!M758/1000 -> 4.774 | D759: ='BC.114+320'!AA758 -> 6.069 | E759: ='BC.114+320'!AB758 -> 3.668 | F759: =VLOOKUP($A759,'BC.114+320'!$B$13:$X$4876,8,0)/1000 -> 1.756 | G759: =VLOOKUP($A759,'BC.114+320'!$B$13:$X$4876,9,0)/1000 -> -1.244 | H759: =VLOOKUP($A759,'BC.114+320'!$B$13:$X$4876,14,0)/1000 -> 1.534 | I759: =VLOOKUP($A759,'BC.114+320'!$B$13:$X$4876,15,0)/1000 -> -1.466 | J759: =VLOOKUP($A759,'BC.114+320'!$B$13:$X$4876,20,0)/1000 -> 1.904 | K759: =VLOOKUP($A759,'BC.114+320'!$B$13:$X$4876,21,0)/1000 -> -1.096 | L759: =(G759-$G$14)*1000 -> -1064 | M759: =(I759-$I$14)*1000 -> -1286 | N759: =(K759-$K$14)*1000 -> -976 | O759: K.Thúc GT | P759: =C759-M759/1000 -> 6.06
A760: ='BC.114+320'!B759 -> 45791 | B760: =+B759+1 -> 746 | C760: ='BC.114+320'!M759/1000 -> 4.754 | D760: ='BC.114+320'!AA759 -> 6.069 | E760: ='BC.114+320'!AB759 -> 3.628 | F760: =VLOOKUP($A760,'BC.114+320'!$B$13:$X$4876,8,0)/1000 -> 1.728 | G760: =VLOOKUP($A760,'BC.114+320'!$B$13:$X$4876,9,0)/1000 -> -1.272 | H760: =VLOOKUP($A760,'BC.114+320'!$B$13:$X$4876,14,0)/1000 -> 1.514 | I760: =VLOOKUP($A760,'BC.114+320'!$B$13:$X$4876,15,0)/1000 -> -1.486 | J760: =VLOOKUP($A760,'BC.114+320'!$B$13:$X$4876,20,0)/1000 -> 1.882 | K760: =VLOOKUP($A760,'BC.114+320'!$B$13:$X$4876,21,0)/1000 -> -1.118 | L760: =(G760-$G$14)*1000 -> -1092 | M760: =(I760-$I$14)*1000 -> -1306 | N760: =(K760-$K$14)*1000 -> -998
A761: ='BC.114+320'!B760 -> 45795 | B761: =+B760+1 -> 747 | C761: ='BC.114+320'!M760/1000 -> 4.729 | D761: ='BC.114+320'!AA760 -> 6.069 | E761: ='BC.114+320'!AB760 -> 3.578 | F761: =VLOOKUP($A761,'BC.114+320'!$B$13:$X$4876,8,0)/1000 -> 1.695 | G761: =VLOOKUP($A761,'BC.114+320'!$B$13:$X$4876,9,0)/1000 -> -1.305 | H761: =VLOOKUP($A761,'BC.114+320'!$B$13:$X$4876,14,0)/1000 -> 1.489 | I761: =VLOOKUP($A761,'BC.114+320'!$B$13:$X$4876,15,0)/1000 -> -1.511 | J761: =VLOOKUP($A761,'BC.114+320'!$B$13:$X$4876,20,0)/1000 -> 1.858 | K761: =VLOOKUP($A761,'BC.114+320'!$B$13:$X$4876,21,0)/1000 -> -1.142 | L761: =(G761-$G$14)*1000 -> -1125 | M761: =(I761-$I$14)*1000 -> -1331 | N761: =(K761-$K$14)*1000 -> -1022
A762: ='BC.114+320'!B761 -> 45798 | B762: =+B761+1 -> 748 | C762: ='BC.114+320'!M761/1000 -> 4.71 | D762: ='BC.114+320'!AA761 -> 6.069 | E762: ='BC.114+320'!AB761 -> 3.54 | F762: =VLOOKUP($A762,'BC.114+320'!$B$13:$X$4876,8,0)/1000 -> 1.675 | G762: =VLOOKUP($A762,'BC.114+320'!$B$13:$X$4876,9,0)/1000 -> -1.325 | H762: =VLOOKUP($A762,'BC.114+320'!$B$13:$X$4876,14,0)/1000 -> 1.47 | I762: =VLOOKUP($A762,'BC.114+320'!$B$13:$X$4876,15,0)/1000 -> -1.53 | J762: =VLOOKUP($A762,'BC.114+320'!$B$13:$X$4876,20,0)/1000 -> 1.838 | K762: =VLOOKUP($A762,'BC.114+320'!$B$13:$X$4876,21,0)/1000 -> -1.162 | L762: =(G762-$G$14)*1000 -> -1145 | M762: =(I762-$I$14)*1000 -> -1350 | N762: =(K762-$K$14)*1000 -> -1042
A763: ='BC.114+320'!B762 -> 45802 | B763: =+B762+1 -> 749 | C763: ='BC.114+320'!M762/1000 -> 4.688 | D763: ='BC.114+320'!AA762 -> 6.069 | E763: ='BC.114+320'!AB762 -> 3.496 | F763: =VLOOKUP($A763,'BC.114+320'!$B$13:$X$4876,8,0)/1000 -> 1.648 | G763: =VLOOKUP($A763,'BC.114+320'!$B$13:$X$4876,9,0)/1000 -> -1.352 | H763: =VLOOKUP($A763,'BC.114+320'!$B$13:$X$4876,14,0)/1000 -> 1.448 | I763: =VLOOKUP($A763,'BC.114+320'!$B$13:$X$4876,15,0)/1000 -> -1.552 | J763: =VLOOKUP($A763,'BC.114+320'!$B$13:$X$4876,20,0)/1000 -> 1.814 | K763: =VLOOKUP($A763,'BC.114+320'!$B$13:$X$4876,21,0)/1000 -> -1.186 | L763: =(G763-$G$14)*1000 -> -1172 | M763: =(I763-$I$14)*1000 -> -1372 | N763: =(K763-$K$14)*1000 -> -1066
A764: ='BC.114+320'!B763 -> 45805 | B764: =+B763+1 -> 750 | C764: ='BC.114+320'!M763/1000 -> 4.672 | D764: ='BC.114+320'!AA763 -> 6.069 | E764: ='BC.114+320'!AB763 -> 3.464 | F764: =VLOOKUP($A764,'BC.114+320'!$B$13:$X$4876,8,0)/1000 -> 1.63 | G764: =VLOOKUP($A764,'BC.114+320'!$B$13:$X$4876,9,0)/1000 -> -1.37 | H764: =VLOOKUP($A764,'BC.114+320'!$B$13:$X$4876,14,0)/1000 -> 1.432 | I764: =VLOOKUP($A764,'BC.114+320'!$B$13:$X$4876,15,0)/1000 -> -1.568 | J764: =VLOOKUP($A764,'BC.114+320'!$B$13:$X$4876,20,0)/1000 -> 1.798 | K764: =VLOOKUP($A764,'BC.114+320'!$B$13:$X$4876,21,0)/1000 -> -1.202 | L764: =(G764-$G$14)*1000 -> -1190 | M764: =(I764-$I$14)*1000 -> -1388 | N764: =(K764-$K$14)*1000 -> -1082
A765: ='BC.114+320'!B764 -> 45809 | B765: =+B764+1 -> 751 | C765: ='BC.114+320'!M764/1000 -> 4.652 | D765: ='BC.114+320'!AA764 -> 6.069 | E765: ='BC.114+320'!AB764 -> 3.424 | F765: =VLOOKUP($A765,'BC.114+320'!$B$13:$X$4876,8,0)/1000 -> 1.604 | G765: =VLOOKUP($A765,'BC.114+320'!$B$13:$X$4876,9,0)/1000 -> -1.396 | H765: =VLOOKUP($A765,'BC.114+320'!$B$13:$X$4876,14,0)/1000 -> 1.412 | I765: =VLOOKUP($A765,'BC.114+320'!$B$13:$X$4876,15,0)/1000 -> -1.588 | J765: =VLOOKUP($A765,'BC.114+320'!$B$13:$X$4876,20,0)/1000 -> 1.774 | K765: =VLOOKUP($A765,'BC.114+320'!$B$13:$X$4876,21,0)/1000 -> -1.226 | L765: =(G765-$G$14)*1000 -> -1216 | M765: =(I765-$I$14)*1000 -> -1408 | N765: =(K765-$K$14)*1000 -> -1106
A766: ='BC.114+320'!B765 -> 45812 | B766: =+B765+1 -> 752 | C766: ='BC.114+320'!M765/1000 -> 4.64 | D766: ='BC.114+320'!AA765 -> 6.069 | E766: ='BC.114+320'!AB765 -> 3.4 | F766: =VLOOKUP($A766,'BC.114+320'!$B$13:$X$4876,8,0)/1000 -> 1.595 | G766: =VLOOKUP($A766,'BC.114+320'!$B$13:$X$4876,9,0)/1000 -> -1.405 | H766: =VLOOKUP($A766,'BC.114+320'!$B$13:$X$4876,14,0)/1000 -> 1.4 | I766: =VLOOKUP($A766,'BC.114+320'!$B$13:$X$4876,15,0)/1000 -> -1.6 | J766: =VLOOKUP($A766,'BC.114+320'!$B$13:$X$4876,20,0)/1000 -> 1.758 | K766: =VLOOKUP($A766,'BC.114+320'!$B$13:$X$4876,21,0)/1000 -> -1.242 | L766: =(G766-$G$14)*1000 -> -1225 | M766: =(I766-$I$14)*1000 -> -1420 | N766: =(K766-$K$14)*1000 -> -1122
A767: ='BC.114+320'!B766 -> 45816 | B767: =+B766+1 -> 753 | C767: ='BC.114+320'!M766/1000 -> 4.621 | D767: ='BC.114+320'!AA766 -> 6.069 | E767: ='BC.114+320'!AB766 -> 3.362 | F767: =VLOOKUP($A767,'BC.114+320'!$B$13:$X$4876,8,0)/1000 -> 1.579 | G767: =VLOOKUP($A767,'BC.114+320'!$B$13:$X$4876,9,0)/1000 -> -1.421 | H767: =VLOOKUP($A767,'BC.114+320'!$B$13:$X$4876,14,0)/1000 -> 1.381 | I767: =VLOOKUP($A767,'BC.114+320'!$B$13:$X$4876,15,0)/1000 -> -1.619 | J767: =VLOOKUP($A767,'BC.114+320'!$B$13:$X$4876,20,0)/1000 -> 1.736 | K767: =VLOOKUP($A767,'BC.114+320'!$B$13:$X$4876,21,0)/1000 -> -1.264 | L767: =(G767-$G$14)*1000 -> -1241 | M767: =(I767-$I$14)*1000 -> -1439 | N767: =(K767-$K$14)*1000 -> -1144
A768: ='BC.114+320'!B767 -> 45823 | B768: =+B767+1 -> 754 | C768: ='BC.114+320'!M767/1000 -> 4.598 | D768: ='BC.114+320'!AA767 -> 6.069 | E768: ='BC.114+320'!AB767 -> 3.316 | F768: =VLOOKUP($A768,'BC.114+320'!$B$13:$X$4876,8,0)/1000 -> 1.549 | G768: =VLOOKUP($A768,'BC.114+320'!$B$13:$X$4876,9,0)/1000 -> -1.451 | H768: =VLOOKUP($A768,'BC.114+320'!$B$13:$X$4876,14,0)/1000 -> 1.358 | I768: =VLOOKUP($A768,'BC.114+320'!$B$13:$X$4876,15,0)/1000 -> -1.642 | J768: =VLOOKUP($A768,'BC.114+320'!$B$13:$X$4876,20,0)/1000 -> 1.71 | K768: =VLOOKUP($A768,'BC.114+320'!$B$13:$X$4876,21,0)/1000 -> -1.29 | L768: =(G768-$G$14)*1000 -> -1271 | M768: =(I768-$I$14)*1000 -> -1462 | N768: =(K768-$K$14)*1000 -> -1170
A769: ='BC.114+320'!B768 -> 45830 | B769: =+B768+1 -> 755 | C769: ='BC.114+320'!M768/1000 -> 4.578 | D769: ='BC.114+320'!AA768 -> 6.069 | E769: ='BC.114+320'!AB768 -> 3.276 | F769: =VLOOKUP($A769,'BC.114+320'!$B$13:$X$4876,8,0)/1000 -> 1.529 | G769: =VLOOKUP($A769,'BC.114+320'!$B$13:$X$4876,9,0)/1000 -> -1.471 | H769: =VLOOKUP($A769,'BC.114+320'!$B$13:$X$4876,14,0)/1000 -> 1.338 | I769: =VLOOKUP($A769,'BC.114+320'!$B$13:$X$4876,15,0)/1000 -> -1.662 | J769: =VLOOKUP($A769,'BC.114+320'!$B$13:$X$4876,20,0)/1000 -> 1.688 | K769: =VLOOKUP($A769,'BC.114+320'!$B$13:$X$4876,21,0)/1000 -> -1.312 | L769: =(G769-$G$14)*1000 -> -1291 | M769: =(I769-$I$14)*1000 -> -1482 | N769: =(K769-$K$14)*1000 -> -1192
A770: ='BC.114+320'!B769 -> 45837 | B770: =+B769+1 -> 756 | C770: ='BC.114+320'!M769/1000 -> 4.559 | D770: ='BC.114+320'!AA769 -> 6.069 | E770: ='BC.114+320'!AB769 -> 3.238 | F770: =VLOOKUP($A770,'BC.114+320'!$B$13:$X$4876,8,0)/1000 -> 1.513 | G770: =VLOOKUP($A770,'BC.114+320'!$B$13:$X$4876,9,0)/1000 -> -1.487 | H770: =VLOOKUP($A770,'BC.114+320'!$B$13:$X$4876,14,0)/1000 -> 1.319 | I770: =VLOOKUP($A770,'BC.114+320'!$B$13:$X$4876,15,0)/1000 -> -1.681 | J770: =VLOOKUP($A770,'BC.114+320'!$B$13:$X$4876,20,0)/1000 -> 1.668 | K770: =VLOOKUP($A770,'BC.114+320'!$B$13:$X$4876,21,0)/1000 -> -1.332 | L770: =(G770-$G$14)*1000 -> -1307 | M770: =(I770-$I$14)*1000 -> -1501 | N770: =(K770-$K$14)*1000 -> -1212
A771: ='BC.114+320'!B770 -> 45844 | B771: =+B770+1 -> 757 | C771: ='BC.114+320'!M770/1000 -> 4.54 | D771: ='BC.114+320'!AA770 -> 6.069 | E771: ='BC.114+320'!AB770 -> 3.2 | F771: =VLOOKUP($A771,'BC.114+320'!$B$13:$X$4876,8,0)/1000 -> 1.499 | G771: =VLOOKUP($A771,'BC.114+320'!$B$13:$X$4876,9,0)/1000 -> -1.501 | H771: =VLOOKUP($A771,'BC.114+320'!$B$13:$X$4876,14,0)/1000 -> 1.3 | I771: =VLOOKUP($A771,'BC.114+320'!$B$13:$X$4876,15,0)/1000 -> -1.7 | J771: =VLOOKUP($A771,'BC.114+320'!$B$13:$X$4876,20,0)/1000 -> 1.653 | K771: =VLOOKUP($A771,'BC.114+320'!$B$13:$X$4876,21,0)/1000 -> -1.347 | L771: =(G771-$G$14)*1000 -> -1321 | M771: =(I771-$I$14)*1000 -> -1520 | N771: =(K771-$K$14)*1000 -> -1227
... A774: ='BC.114+320'!B773 -> 45865 | B774: =+B773+1 -> 760 | C774: ='BC.114+320'!M773/1000 -> 4.474 | D774: ='BC.114+320'!AA773 -> 6.069 | E774: ='BC.114+320'!AB773 -> 3.068 | F774: =VLOOKUP($A774,'BC.114+320'!$B$13:$X$4876,8,0)/1000 -> 1.459 | G774: =VLOOKUP($A774,'BC.114+320'!$B$13:$X$4876,9,0)/1000 -> -1.541 | H774: =VLOOKUP($A774,'BC.114+320'!$B$13:$X$4876,14,0)/1000 -> 1.234 | I774: =VLOOKUP($A774,'BC.114+320'!$B$13:$X$4876,15,0)/1000 -> -1.766 | J774: =VLOOKUP($A774,'BC.114+320'!$B$13:$X$4876,20,0)/1000 -> 1.618 | K774: =VLOOKUP($A774,'BC.114+320'!$B$13:$X$4876,21,0)/1000 -> -1.382 | L774: =(G774-$G$14)*1000 -> -1361 | M774: =(I774-$I$14)*1000 -> -1586 | N774: =(K774-$K$14)*1000 -> -1262

Sheet Sheet1
